{"premise_tokens": ["Phasmoneura", "exigua", ",", "a", "carnivorous", "insect", "@@NULL@@"], "hypothesis_tokens": ["A", "silverfish", "is", "a", "carnivorous", "insect", ".", "@@NULL@@"], "label_logits": [1.025238037109375, -2.853667736053467, 0.04926322400569916], "label_probs": [0.7155643701553345, 0.014793172478675842, 0.2696424424648285], "h2p_attention": [[0.055980101227760315, 0.055980101227760315, 0.1119316816329956, 0.5576192140579224, 0.055980101227760315, 0.1215973049402237, 0.04091152921319008], [0.1942608803510666, 0.1942608803510666, 0.09340935945510864, 0.11502153426408768, 0.1942608803510666, 0.12472609430551529, 0.08406034857034683], [0.0906173512339592, 0.0906173512339592, 0.14137232303619385, 0.27933284640312195, 0.0906173512339592, 0.25709420442581177, 0.05034855380654335], [0.055980101227760315, 0.055980101227760315, 0.1119316816329956, 0.5576192140579224, 0.055980101227760315, 0.1215973049402237, 0.04091152921319008], [0.1942608803510666, 0.1942608803510666, 0.09340935945510864, 0.11502153426408768, 0.1942608803510666, 0.12472609430551529, 0.08406034857034683], [0.005896169692277908, 0.005896169692277908, 0.004827443044632673, 0.011810875497758389, 0.005896169692277908, 0.961699366569519, 0.003973780199885368], [0.1244649738073349, 0.1244649738073349, 0.13043241202831268, 0.19314950704574585, 0.1244649738073349, 0.20523247122764587, 0.0977906882762909], [0.1428571492433548, 0.1428571492433548, 0.1428571492433548, 0.1428571492433548, 0.1428571492433548, 0.1428571492433548, 0.1428571492433548]], "p2h_attention": [[0.10594885796308517, 0.17893795669078827, 0.139358252286911, 0.10594885796308517, 0.17893795669078827, 0.11488793790340424, 0.09855030477046967, 0.07742983102798462], [0.10594885796308517, 0.17893795669078827, 0.139358252286911, 0.10594885796308517, 0.17893795669078827, 0.11488793790340424, 0.09855030477046967, 0.07742983102798462], [0.1947178840637207, 0.07908566296100616, 0.19983701407909393, 0.1947178840637207, 0.07908566296100616, 0.08645935356616974, 0.09492630511522293, 0.07117026299238205], [0.32849642634391785, 0.03297817334532738, 0.1337130069732666, 0.32849642634391785, 0.03297817334532738, 0.07163361459970474, 0.04760304465889931, 0.024101197719573975], [0.10594885796308517, 0.17893795669078827, 0.139358252286911, 0.10594885796308517, 0.17893795669078827, 0.11488793790340424, 0.09855030477046967, 0.07742983102798462], [0.011470007710158825, 0.0057260035537183285, 0.019705647602677345, 0.011470007710158825, 0.0057260035537183285, 0.9339442253112793, 0.00809904932975769, 0.003859094809740782], [0.125, 0.125, 0.125, 0.125, 0.125, 0.125, 0.125, 0.125]], "claim": "A silverfish is a carnivorous insect.", "premise_source_doc_id": "P._exigua", "premise_source_doc_line_num": 19, "premise_source_doc_sentence": "Phasmoneura exigua , a carnivorous insect"}
{"premise_tokens": ["Tytthus", "flavescens", ",", "a", "carnivorous", "insect", "@@NULL@@"], "hypothesis_tokens": ["A", "silverfish", "is", "a", "carnivorous", "insect", ".", "@@NULL@@"], "label_logits": [1.025238037109375, -2.853667736053467, 0.04926322400569916], "label_probs": [0.7155643701553345, 0.014793172478675842, 0.2696424424648285], "h2p_attention": [[0.055980101227760315, 0.055980101227760315, 0.1119316816329956, 0.5576192140579224, 0.055980101227760315, 0.1215973049402237, 0.04091152921319008], [0.1942608803510666, 0.1942608803510666, 0.09340935945510864, 0.11502153426408768, 0.1942608803510666, 0.12472609430551529, 0.08406034857034683], [0.0906173512339592, 0.0906173512339592, 0.14137232303619385, 0.27933284640312195, 0.0906173512339592, 0.25709420442581177, 0.05034855380654335], [0.055980101227760315, 0.055980101227760315, 0.1119316816329956, 0.5576192140579224, 0.055980101227760315, 0.1215973049402237, 0.04091152921319008], [0.1942608803510666, 0.1942608803510666, 0.09340935945510864, 0.11502153426408768, 0.1942608803510666, 0.12472609430551529, 0.08406034857034683], [0.005896169692277908, 0.005896169692277908, 0.004827443044632673, 0.011810875497758389, 0.005896169692277908, 0.961699366569519, 0.003973780199885368], [0.1244649738073349, 0.1244649738073349, 0.13043241202831268, 0.19314950704574585, 0.1244649738073349, 0.20523247122764587, 0.0977906882762909], [0.1428571492433548, 0.1428571492433548, 0.1428571492433548, 0.1428571492433548, 0.1428571492433548, 0.1428571492433548, 0.1428571492433548]], "p2h_attention": [[0.10594885796308517, 0.17893795669078827, 0.139358252286911, 0.10594885796308517, 0.17893795669078827, 0.11488793790340424, 0.09855030477046967, 0.07742983102798462], [0.10594885796308517, 0.17893795669078827, 0.139358252286911, 0.10594885796308517, 0.17893795669078827, 0.11488793790340424, 0.09855030477046967, 0.07742983102798462], [0.1947178840637207, 0.07908566296100616, 0.19983701407909393, 0.1947178840637207, 0.07908566296100616, 0.08645935356616974, 0.09492630511522293, 0.07117026299238205], [0.32849642634391785, 0.03297817334532738, 0.1337130069732666, 0.32849642634391785, 0.03297817334532738, 0.07163361459970474, 0.04760304465889931, 0.024101197719573975], [0.10594885796308517, 0.17893795669078827, 0.139358252286911, 0.10594885796308517, 0.17893795669078827, 0.11488793790340424, 0.09855030477046967, 0.07742983102798462], [0.011470007710158825, 0.0057260035537183285, 0.019705647602677345, 0.011470007710158825, 0.0057260035537183285, 0.9339442253112793, 0.00809904932975769, 0.003859094809740782], [0.125, 0.125, 0.125, 0.125, 0.125, 0.125, 0.125, 0.125]], "claim": "A silverfish is a carnivorous insect.", "premise_source_doc_id": "T._flavescens", "premise_source_doc_line_num": 37, "premise_source_doc_sentence": "Tytthus flavescens , a carnivorous insect"}
{"premise_tokens": ["Macrothemis", "flavescens", ",", "a", "carnivorous", "insect", "@@NULL@@"], "hypothesis_tokens": ["A", "silverfish", "is", "a", "carnivorous", "insect", ".", "@@NULL@@"], "label_logits": [1.025238037109375, -2.853667736053467, 0.04926322400569916], "label_probs": [0.7155643701553345, 0.014793172478675842, 0.2696424424648285], "h2p_attention": [[0.055980101227760315, 0.055980101227760315, 0.1119316816329956, 0.5576192140579224, 0.055980101227760315, 0.1215973049402237, 0.04091152921319008], [0.1942608803510666, 0.1942608803510666, 0.09340935945510864, 0.11502153426408768, 0.1942608803510666, 0.12472609430551529, 0.08406034857034683], [0.0906173512339592, 0.0906173512339592, 0.14137232303619385, 0.27933284640312195, 0.0906173512339592, 0.25709420442581177, 0.05034855380654335], [0.055980101227760315, 0.055980101227760315, 0.1119316816329956, 0.5576192140579224, 0.055980101227760315, 0.1215973049402237, 0.04091152921319008], [0.1942608803510666, 0.1942608803510666, 0.09340935945510864, 0.11502153426408768, 0.1942608803510666, 0.12472609430551529, 0.08406034857034683], [0.005896169692277908, 0.005896169692277908, 0.004827443044632673, 0.011810875497758389, 0.005896169692277908, 0.961699366569519, 0.003973780199885368], [0.1244649738073349, 0.1244649738073349, 0.13043241202831268, 0.19314950704574585, 0.1244649738073349, 0.20523247122764587, 0.0977906882762909], [0.1428571492433548, 0.1428571492433548, 0.1428571492433548, 0.1428571492433548, 0.1428571492433548, 0.1428571492433548, 0.1428571492433548]],