{"premise_tokens": ["Captured", "by", "Denmark", "1677", "and", "renamed", "Amirante", ".", "@@NULL@@"], "hypothesis_tokens": ["The", "Ranch", "only", "formed", "in", "1677", ".", "@@NULL@@"], "label_logits": [-6.082153797149658, 1.6182938814163208, 3.1372668743133545], "label_probs": [8.129056368488818e-05, 0.17959819734096527, 0.8203204870223999], "h2p_attention": [[0.20942789316177368, 0.1451435685157776, 0.08107294142246246, 0.08107294142246246, 0.14965008199214935, 0.08107294142246246, 0.08107293397188187, 0.11519733816385269, 0.05628935992717743], [0.10470660775899887, 0.11318276077508926, 0.13516895473003387, 0.13516895473003387, 0.0854564756155014, 0.13516895473003387, 0.13516899943351746, 0.10732966661453247, 0.048648588359355927], [0.3027184009552002, 0.11604808270931244, 0.02820255421102047, 0.02820255421102047, 0.37892407178878784, 0.02820255421102047, 0.02820255421102047, 0.07268892973661423, 0.01681034453213215], [0.23624549806118011, 0.157480388879776, 0.08958206325769424, 0.08958206325769424, 0.12552212178707123, 0.08958206325769424, 0.08958205580711365, 0.0774475634098053, 0.04497620835900307], [0.22093594074249268, 0.1891619861125946, 0.07882818579673767, 0.07882818579673767, 0.10669750720262527, 0.07882818579673767, 0.07882818579673767, 0.12041591107845306, 0.04747593402862549], [0.09141213446855545, 0.08727661520242691, 0.14845700562000275, 0.14845700562000275, 0.0814802274107933, 0.14845700562000275, 0.14845699071884155, 0.0817628875374794, 0.06424015015363693], [0.1418738216161728, 0.14071409404277802, 0.0822775661945343, 0.0822775661945343, 0.12542718648910522, 0.0822775661945343, 0.0822775736451149, 0.19823016226291656, 0.06464453786611557], [0.1111111119389534, 0.1111111119389534, 0.1111111119389534, 0.1111111119389534, 0.1111111119389534, 0.1111111119389534, 0.1111111119389534, 0.1111111119389534, 0.1111111119389534]], "p2h_attention": [[0.09687771648168564, 0.05604275315999985, 0.4688974618911743, 0.13677175343036652, 0.12117373198270798, 0.03705211356282234, 0.057146042585372925, 0.026038482785224915], [0.10820701718330383, 0.09763240069150925, 0.2896978557109833, 0.14693577587604523, 0.16720308363437653, 0.05701318383216858, 0.09134604036808014, 0.04196467995643616], [0.10191439092159271, 0.19660410284996033, 0.11871286481618881, 0.1409367173910141, 0.11748810112476349, 0.16352343559265137, 0.09006074070930481, 0.07075968384742737], [0.10191439092159271, 0.19660410284996033, 0.11871286481618881, 0.1409367173910141, 0.11748810112476349, 0.16352343559265137, 0.09006074070930481, 0.07075968384742737], [0.07343508303165436, 0.0485207699239254, 0.6226279139518738, 0.07708864659070969, 0.06207743287086487, 0.03503473103046417, 0.05359358713030815, 0.027621865272521973], [0.10191439092159271, 0.19660410284996033, 0.11871286481618881, 0.1409367173910141, 0.11748810112476349, 0.16352343559265137, 0.09006074070930481, 0.07075968384742737], [0.10191438347101212, 0.1966041624546051, 0.11871284991502762, 0.1409366875886917, 0.11748810112476349, 0.16352342069149017, 0.09006074070930481, 0.07075967639684677], [0.11260482668876648, 0.12139208614826202, 0.2379208505153656, 0.09474706649780273, 0.1395568549633026, 0.07003102451562881, 0.16872473061084747, 0.05502256378531456], [0.125, 0.125, 0.125, 0.125, 0.125, 0.125, 0.125, 0.125]], "claim": "The Ranch only formed in 1677.", "premise_source_doc_id": "List_of_capital_ships_of_Sweden", "premise_source_doc_line_num": 147, "premise_source_doc_sentence": "Captured by Denmark 1677 and renamed Amirante ."}
{"premise_tokens": ["Condemned", "1677", ".", "@@NULL@@"], "hypothesis_tokens": ["The", "Ranch", "only", "formed", "in", "1677", ".", "@@NULL@@"], "label_logits": [-7.471115589141846, 1.3930418491363525, 4.336031436920166], "label_probs": [7.077995178406127e-06, 0.05006853863596916, 0.9499244093894958], "h2p_attention": [[0.3432773947715759, 0.21081136167049408, 0.2995438575744629, 0.1463674008846283], [0.43470367789268494, 0.2624463140964508, 0.20839306712150574, 0.09445692598819733], [0.43060266971588135, 0.1364334374666214, 0.3516417145729065, 0.08132217079401016], [0.2641318142414093, 0.3109376132488251, 0.2688189744949341, 0.15611153841018677], [0.48888304829597473, 0.16330425441265106, 0.24945929646492004, 0.09835342317819595], [0.3042415380477905, 0.35077837109565735, 0.19319161772727966, 0.15178841352462769], [0.2939777076244354, 0.16830196976661682, 0.40548738837242126, 0.1322329044342041], [0.25, 0.25, 0.25, 0.25]], "p2h_attention": [[0.09718423336744308, 0.1907016783952713, 0.21941319108009338, 0.07011011242866516, 0.2059730738401413, 0.0830567255616188, 0.0921233743429184, 0.04143763706088066], [0.10191439092159271, 0.19660410284996033, 0.11871286481618881, 0.1409367173910141, 0.11748810112476349, 0.16352343559265137, 0.09006074070930481, 0.07075968384742737], [0.11260481923818588, 0.12139210104942322, 0.23792079091072083, 0.09474708884954453, 0.13955684006214142, 0.07003103941679001, 0.16872473061084747, 0.055022578686475754], [0.125, 0.125, 0.125, 0.125, 0.125, 0.125, 0.125, 0.125]], "claim": "The Ranch only formed in 1677.", "premise_source_doc_id": "List_of_capital_ships_of_Sweden", "premise_source_doc_line_num": 126, "premise_source_doc_sentence": "Condemned 1677 ."}
{"premise_tokens": ["Sunk", "1677", ".", "@@NULL@@"], "hypothesis_tokens": ["The", "Ranch", "only", "formed", "in", "1677", ".", "@@NULL@@"], "label_logits": [-5.5182976722717285, 0.15192212164402008, 2.991663694381714], "label_probs": [0.00019029247050639242, 0.05520351231098175, 0.9446061849594116], "h2p_attention": [[0.460520476102829, 0.17317572236061096, 0.24606703221797943, 0.12023679167032242], [0.5037890672683716, 0.23037253320217133, 0.18292517960071564, 0.08291326463222504], [0.6724534630775452, 0.07848351448774338, 0.2022823691368103, 0.04678068682551384], [0.5308490991592407, 0.19823750853538513, 0.17138485610485077, 0.09952852874994278], [0.5382601618766785, 0.1475280374288559, 0.2253599464893341, 0.08885186165571213], [0.4719964265823364, 0.2662019431591034, 0.1466110497713089, 0.11519060283899307], [0.3238750398159027, 0.16117502748966217, 0.3883165717124939, 0.12663334608078003], [0.25, 0.25, 0.25, 0.25]], "p2h_attention": [[0.08839912712574005, 0.1402365118265152, 0.33176612854003906, 0.12310052663087845, 0.13981766998767853, 0.09457101672887802, 0.059029050171375275, 0.02308003231883049], [0.10191439092159271, 0.19660410284996033, 0.11871286481618881, 0.1409367173910141, 0.11748810112476349, 0.16352343559265137, 0.09006074070930481, 0.07075968384742737], [0.11260481923818588, 0.12139210104942322, 0.23792079091072083, 0.09474708884954453, 0.13955684006214142, 0.07003103941679001, 0.16872473061084747, 0.055022578686475754], [0.125, 0.125, 0.125, 0.125, 0.125, 0.125, 0.125, 0.125]], "claim": "The Ranch only formed in 1677.", "premise_source_doc_id": "List_of_capital_ships_of_Sweden", "premise_source_doc_line_num": 150, "premise_source_doc_sentence": "Sunk 1677 ."}
{"premise_tokens": ["Captured", "by", "Denmark", "1677", ".", "@@NULL@@"], "hypothesis_tokens": ["The", "Ranch", "only", "formed", "in", "1677", ".", "@@NULL@@"], "label_logits": [-5.514498710632324, 1.0647246837615967, 3.1768834590911865], "label_probs": [0.00014987148460932076, 0.10790448635816574, 0.8919456601142883],