{"premise_tokens": ["As", "of", "October", "2012", ",", "the", "government", "only", "recovered", "$", "180", "million", "of", "the", "$", "980", "million", "fraudulent", "loans", ".", "@@NULL@@"], "hypothesis_tokens": ["Paul", "(", "film", ")", "earned", "$", "980", "million", "dollars", ".", "@@NULL@@"], "label_logits": [1.29766047000885, 1.66518235206604, -4.465967655181885], "label_probs": [0.4086150825023651, 0.5901020169258118, 0.001282928278669715], "h2p_attention": [[0.05224190279841423, 0.04573173075914383, 0.0370565764605999, 0.039192166179418564, 0.03548616170883179, 0.04552244022488594, 0.06020466238260269, 0.08854901045560837, 0.030341938138008118, 0.04905601590871811, 0.03758447617292404, 0.06270289421081543, 0.04573173075914383, 0.04552244022488594, 0.04905601590871811, 0.03308021277189255, 0.06270289421081543, 0.03308021277189255, 0.08532796055078506, 0.034878309816122055, 0.026950214058160782], [0.04582681879401207, 0.04235021770000458, 0.06991410255432129, 0.05212504416704178, 0.04370297119021416, 0.04626821354031563, 0.03976627066731453, 0.04308405518531799, 0.04978882893919945, 0.04217863827943802, 0.0491291843354702, 0.05888845771551132, 0.04235021770000458, 0.04626821354031563, 0.04217863827943802, 0.041385114192962646, 0.05888845771551132, 0.041385114192962646, 0.05382998660206795, 0.05219392478466034, 0.038497596979141235], [0.04935440048575401, 0.03170694783329964, 0.08552733808755875, 0.058212507516145706, 0.021363671869039536, 0.040046606212854385, 0.08836447447538376, 0.05785096809267998, 0.08269316703081131, 0.05114065855741501, 0.049964871257543564, 0.04972643032670021, 0.03170694783329964, 0.040046606212854385, 0.05114065855741501, 0.032143790274858475, 0.04972643032670021, 0.032143790274858475, 0.043926630169153214, 0.036376744508743286, 0.016836432740092278], [0.04363364726305008, 0.043835386633872986, 0.06678759306669235, 0.05158568173646927, 0.041708629578351974, 0.04497946426272392, 0.04501299932599068, 0.03975244238972664, 0.0499468594789505, 0.042658738791942596, 0.05033201724290848, 0.06312064826488495, 0.043835386633872986, 0.04497946426272392, 0.042658738791942596, 0.041341815143823624, 0.06312064826488495, 0.041341815143823624, 0.052297443151474, 0.050016868859529495, 0.037053629755973816], [0.023655090481042862, 0.01297028549015522, 0.01549699530005455, 0.043321702629327774, 0.012360804714262486, 0.014725926332175732, 0.014503647573292255, 0.046130839735269547, 0.08077414333820343, 0.09618095308542252, 0.23003672063350677, 0.10636242479085922, 0.01297028549015522, 0.014725926332175732, 0.09618095308542252, 0.013921782374382019, 0.10636242479085922, 0.013921782374382019, 0.019640982151031494, 0.01926981471478939, 0.006486528553068638], [0.002089470624923706, 0.0016489546978846192, 0.0012168698012828827, 0.0026548723690211773, 0.002330286195501685, 0.0016370962839573622, 0.0018881169380620122, 0.003080091904848814, 0.001817119074985385, 0.45403358340263367, 0.004740589298307896, 0.026503516361117363, 0.0016489546978846192, 0.0016370962839573622, 0.45403358340263367, 0.001557155861519277, 0.026503516361117363, 0.001557155861519277, 0.00698775565251708, 0.0014419684885069728, 0.0009921464370563626], [0.043640147894620895, 0.03715202212333679, 0.047766298055648804, 0.05320603772997856, 0.03403088077902794, 0.04410863295197487, 0.06627102196216583, 0.05137902870774269, 0.050887562334537506, 0.04806515574455261, 0.038775667548179626, 0.0455683097243309, 0.03715202212333679, 0.04410863295197487, 0.04806515574455261, 0.07077308744192123, 0.0455683097243309, 0.07077308744192123, 0.05310581251978874, 0.038978368043899536, 0.03062485158443451], [0.0029080668464303017, 0.002946574939414859, 0.003210681490600109, 0.0026837827172130346, 0.0030413533095270395, 0.0025139045901596546, 0.002386334352195263, 0.004024871625006199, 0.003066388191655278, 0.04600609093904495, 0.007590852677822113, 0.4274218678474426, 0.002946574939414859, 0.0025139045901596546, 0.04600609093904495, 0.002562575042247772, 0.4274218678474426, 0.002562575042247772, 0.0038614273071289062, 0.0026020314544439316, 0.0017222159076482058], [0.003582434728741646, 0.004113341681659222, 0.005395201034843922, 0.004992117173969746, 0.004179044160991907, 0.0036750028375536203, 0.0055640391074121, 0.0059884823858737946, 0.006497208494693041, 0.26550084352493286, 0.006939129903912544, 0.19428153336048126, 0.004113341681659222, 0.0036750028375536203, 0.26550084352493286, 0.003955842927098274, 0.19428153336048126, 0.003955842927098274, 0.008181074634194374, 0.0035014855675399303, 0.002126701408997178], [0.053067319095134735, 0.03926583752036095, 0.05431568622589111, 0.0691676065325737, 0.0340544618666172, 0.0522519052028656, 0.0370728000998497, 0.11040215194225311, 0.06264873594045639, 0.03710786998271942, 0.0420462004840374, 0.03857545182108879, 0.03926583752036095, 0.0522519052028656, 0.03710786998271942, 0.032496437430381775, 0.03857545182108879, 0.032496437430381775, 0.03400476649403572, 0.07829318940639496, 0.0255320742726326], [0.0476190485060215, 0.0476190485060215, 0.0476190485060215, 0.0476190485060215, 0.0476190485060215, 0.0476190485060215, 0.0476190485060215, 0.0476190485060215, 0.0476190485060215, 0.0476190485060215, 0.0476190485060215, 0.0476190485060215, 0.0476190485060215, 0.0476190485060215, 0.0476190485060215, 0.0476190485060215, 0.0476190485060215, 0.0476190485060215, 0.0476190485060215, 0.0476190485060215, 0.0476190485060215]],