{"premise_tokens": ["On", "20", "December", "69", ",", "Vitellius", "was", "defeated", ",", "and", "the", "following", "day", "Vespasian", "was", "declared", "Emperor", "by", "the", "Senate", ".", "@@NULL@@"], "hypothesis_tokens": ["Vespasian", "was", "rejected", "as", "Emperor", "by", "the", "Roman", "Senate", ".", "@@NULL@@"], "label_logits": [2.9061405658721924, 0.41020888090133667, -5.111886024475098], "label_probs": [0.9235749840736389, 0.07612071186304092, 0.00030428991885855794], "h2p_attention": [[0.045463427901268005, 0.04008015990257263, 0.05286252126097679, 0.06736087799072266, 0.032390136271715164, 0.06736087799072266, 0.04184023290872574, 0.04223055765032768, 0.032390136271715164, 0.0369708389043808, 0.0419820100069046, 0.05136071518063545, 0.04320771247148514, 0.06736087799072266, 0.04184023290872574, 0.04458276554942131, 0.049566905945539474, 0.03960089012980461, 0.0419820100069046, 0.05331863462924957, 0.03709908947348595, 0.029148323461413383], [0.03391631692647934, 0.030893778428435326, 0.0737321525812149, 0.02208258956670761, 0.025906957685947418, 0.02208258956670761, 0.13955157995224, 0.050517428666353226, 0.025906957685947418, 0.033046312630176544, 0.03609156236052513, 0.04155724123120308, 0.03491441160440445, 0.02208258956670761, 0.13955157995224, 0.031135370954871178, 0.044240061193704605, 0.05646027624607086, 0.03609156236052513, 0.04957487806677818, 0.035279806703329086, 0.015384008176624775], [0.045463427901268005, 0.04008015990257263, 0.05286252126097679, 0.06736087799072266, 0.032390136271715164, 0.06736087799072266, 0.04184023290872574, 0.04223055765032768, 0.032390136271715164, 0.0369708389043808, 0.0419820100069046, 0.05136071518063545, 0.04320771247148514, 0.06736087799072266, 0.04184023290872574, 0.04458276554942131, 0.049566905945539474, 0.03960089012980461, 0.0419820100069046, 0.05331863462924957, 0.03709908947348595, 0.029148323461413383], [0.03828633576631546, 0.06636092066764832, 0.07355393469333649, 0.018425285816192627, 0.052613742649555206, 0.018425285816192627, 0.03455660119652748, 0.023916102945804596, 0.052613742649555206, 0.05811893194913864, 0.04406352341175079, 0.12344467639923096, 0.03437202423810959, 0.018425285816192627, 0.03455660119652748, 0.05269790068268776, 0.061935193836688995, 0.06885389983654022, 0.04406352341175079, 0.040911782532930374, 0.026874665170907974, 0.012930103577673435], [2.032552174568991e-06, 1.1678901046252577e-06, 5.428555141406832e-06, 6.083204766582639e-07, 8.426931685789896e-07, 6.083204766582639e-07, 1.028727865559631e-06, 3.988262960774591e-06, 8.426931685789896e-07, 8.223922236538783e-07, 7.305675353563856e-07, 5.249542482488323e-06, 1.274138526241586e-06, 6.083204766582639e-07, 1.028727865559631e-06, 1.3886786973671406e-06, 0.9999656081199646, 1.2232417248014826e-06, 7.305675353563856e-07, 3.761240122912568e-06, 6.419430746973376e-07, 3.577291352030443e-07], [0.014595208689570427, 0.0061807697638869286, 0.0015907216584309936, 0.0019219450186938047, 0.00508942361921072, 0.0019219450186938047, 0.0051918625831604, 0.00534139946103096, 0.00508942361921072, 0.0027060185093432665, 0.0036477167159318924, 0.041313108056783676, 0.004163588862866163, 0.0019219450186938047, 0.0051918625831604, 0.002515952568501234, 0.004837347660213709, 0.8757689595222473, 0.0036477167159318924, 0.0028691268526017666, 0.0030793228652328253, 0.0014146518660709262], [0.05711758881807327, 0.037975192070007324, 0.0511816032230854, 0.027468476444482803, 0.03995203599333763, 0.027468476444482803, 0.04474258795380592, 0.03666061535477638, 0.03995203599333763, 0.05070323124527931, 0.10138830542564392, 0.05075983703136444, 0.04792829602956772, 0.027468476444482803, 0.04474258795380592, 0.033965036273002625, 0.03894853964447975, 0.04917636886239052, 0.10138830542564392, 0.03291066735982895, 0.03903022035956383, 0.019071504473686218], [0.015656184405088425, 0.00585292000323534, 0.008440914563834667, 0.005630768369883299, 0.005858996417373419, 0.005630768369883299, 0.005608775652945042, 0.01373641099780798, 0.005858996417373419, 0.005868629086762667, 0.005126442760229111, 0.020979341119527817, 0.006092630326747894, 0.005630768369883299, 0.005608775652945042, 0.004514247644692659, 0.8266813158988953, 0.01242518424987793, 0.005126442760229111, 0.0210871584713459, 0.004750256426632404, 0.0038341456092894077], [4.177333175903186e-05, 0.0001533096219645813, 0.00027719014906324446, 1.903371958178468e-05, 1.529125074739568e-05, 1.903371958178468e-05, 3.353129432071e-05, 0.0005006483988836408, 1.529125074739568e-05, 1.547355168440845e-05, 1.7956021110876463e-05, 9.642320219427347e-05, 0.00011341056233504787, 1.903371958178468e-05, 3.353129432071e-05, 6.074084012652747e-05, 0.00010940444190055132, 2.11036967812106e-05, 1.7956021110876463e-05, 0.9983872175216675, 2.2250358597375453e-05, 1.0405387001810595e-05], [0.05549503490328789, 0.0527510792016983, 0.05337696895003319, 0.030247511342167854, 0.03169771283864975, 0.030247511342167854, 0.0545000284910202, 0.05799281224608421, 0.03169771283864975, 0.04611049219965935, 0.04863579943776131, 0.05136948078870773, 0.044244106858968735, 0.030247511342167854, 0.0545000284910202, 0.03641559183597565, 0.04264635965228081, 0.051730383187532425, 0.04863579943776131, 0.05081816762685776, 0.07287487387657166, 0.023765120655298233], [0.04545453563332558, 0.04545453563332558, 0.04545453563332558, 0.04545453563332558, 0.04545453563332558, 0.04545453563332558, 0.04545453563332558, 0.04545453563332558, 0.04545453563332558, 0.04545453563332558, 0.04545453563332558, 0.04545453563332558, 0.04545453563332558, 0.04545453563332558, 0.04545453563332558, 0.04545453563332558, 0.04545453563332558, 0.04545453563332558, 0.04545453563332558, 0.04545453563332558, 0.04545453563332558, 0.04545453563332558]],