{"premise_tokens": ["Furtado", "released", "her", "debut", "album", "Whoa", ",", "Nelly", "!", "@@NULL@@"], "hypothesis_tokens": ["Nelly", "Furtado", "released", "\"", "Whoa", ",", "Nelly", "\"", "in", "2017", ".", "@@NULL@@"], "label_logits": [0.7056397199630737, 0.5169029831886292, -2.4017155170440674], "label_probs": [0.5339816212654114, 0.4421391785144806, 0.023879162967205048], "h2p_attention": [[0.13992924988269806, 0.09615235775709152, 0.10331833362579346, 0.12913140654563904, 0.09763722121715546, 0.08174768090248108, 0.06728427112102509, 0.13992924988269806, 0.08432012796401978, 0.0605500265955925], [0.13992924988269806, 0.09615235775709152, 0.10331833362579346, 0.12913140654563904, 0.09763722121715546, 0.08174768090248108, 0.06728427112102509, 0.13992924988269806, 0.08432012796401978, 0.0605500265955925], [0.0025320660788565874, 0.9150612950325012, 0.0031462402548640966, 0.0054167211055755615, 0.05771215260028839, 0.003114599734544754, 0.00214833184145391, 0.0025320660788565874, 0.006742086261510849, 0.0015945174964144826], [0.04597358778119087, 0.07875039428472519, 0.11101535707712173, 0.1431012898683548, 0.26554033160209656, 0.0963541641831398, 0.06207095459103584, 0.04597358778119087, 0.11472290754318237, 0.036497391760349274], [0.00031278320238925517, 0.00045253842836245894, 0.0013091261498630047, 0.002395457122474909, 0.0009525540517643094, 0.9845898151397705, 0.00035434396704658866, 0.00031278320238925517, 0.009088931605219841, 0.00023167679319158196], [0.055959101766347885, 0.06784903258085251, 0.11148049682378769, 0.07171911001205444, 0.06145370379090309, 0.07702188193798065, 0.39358580112457275, 0.055959101766347885, 0.05461331456899643, 0.0503583587706089], [0.13992924988269806, 0.09615235775709152, 0.10331833362579346, 0.12913140654563904, 0.09763722121715546, 0.08174768090248108, 0.06728427112102509, 0.13992924988269806, 0.08432012796401978, 0.0605500265955925], [0.04597358778119087, 0.07875039428472519, 0.11101535707712173, 0.1431012898683548, 0.26554033160209656, 0.0963541641831398, 0.06207095459103584, 0.04597358778119087, 0.11472290754318237, 0.036497391760349274], [0.055250272154808044, 0.08036218583583832, 0.13442586362361908, 0.2609058618545532, 0.0895439013838768, 0.15078400075435638, 0.07321406155824661, 0.055250272154808044, 0.066988006234169, 0.03327564150094986], [0.13992924988269806, 0.09615235775709152, 0.10331833362579346, 0.12913140654563904, 0.09763722121715546, 0.08174768090248108, 0.06728427112102509, 0.13992924988269806, 0.08432012796401978, 0.0605500265955925], [0.07128698378801346, 0.09557890146970749, 0.18747219443321228, 0.1443396508693695, 0.10171352326869965, 0.09005513042211533, 0.07470480352640152, 0.07128698378801346, 0.10755255818367004, 0.05600936338305473], [0.09999998658895493, 0.09999998658895493, 0.09999998658895493, 0.09999998658895493, 0.09999998658895493, 0.09999998658895493, 0.09999998658895493, 0.09999998658895493, 0.09999998658895493, 0.09999998658895493]], "p2h_attention": [[0.11703721433877945, 0.11703721433877945, 0.08042210340499878, 0.06379349529743195, 0.06837398558855057, 0.056276749819517136, 0.11703721433877945, 0.06379349529743195, 0.08408873528242111, 0.11703721433877945, 0.06445839256048203, 0.05064421147108078], [0.002678018296137452, 0.002678018296137452, 0.9678069353103638, 0.0036388046573847532, 0.0032941303215920925, 0.002272165147587657, 0.002678018296137452, 0.0036388046573847532, 0.00407280120998621, 0.002678018296137452, 0.002877857768908143, 0.0016864280914887786], [0.054807279258966446, 0.054807279258966446, 0.06337789446115494, 0.09770040959119797, 0.1814989596605301, 0.07110539078712463, 0.054807279258966446, 0.09770040959119797, 0.12975724041461945, 0.054807279258966446, 0.10751064121723175, 0.03211997449398041], [0.04965284466743469, 0.04965284466743469, 0.07909220457077026, 0.09128686785697937, 0.24073126912117004, 0.03315812349319458, 0.04965284466743469, 0.09128686785697937, 0.18255090713500977, 0.04965284466743469, 0.060000061988830566, 0.023282339796423912], [0.023701390251517296, 0.023701390251517296, 0.5319988131523132, 0.10694029182195663, 0.06043378263711929, 0.01793697103857994, 0.023701390251517296, 0.10694029182195663, 0.039553262293338776, 0.023701390251517296, 0.0266925897449255, 0.014698488637804985], [0.00031609428697265685, 0.00031609428697265685, 0.0004573289188556373, 0.0006181081407703459, 0.9950125217437744, 0.0003580949851311743, 0.00031609428697265685, 0.0006181081407703459, 0.0010609246091917157, 0.00031609428697265685, 0.00037644675467163324, 0.00023412928567267954], [0.04816141352057457, 0.04816141352057457, 0.058394525200128555, 0.07371003925800323, 0.06628917157649994, 0.33874112367630005, 0.04816141352057457, 0.07371003925800323, 0.0953604131937027, 0.04816141352057457, 0.057808004319667816, 0.04334111511707306], [0.11703721433877945, 0.11703721433877945, 0.08042210340499878, 0.06379349529743195, 0.06837398558855057, 0.056276749819517136, 0.11703721433877945, 0.06379349529743195, 0.08408873528242111, 0.11703721433877945, 0.06445839256048203, 0.05064421147108078], [0.022704631090164185, 0.022704631090164185, 0.06893862038850784, 0.05124904587864876, 0.6396284699440002, 0.01768171787261963, 0.022704631090164185, 0.05124904587864876, 0.03282222896814346, 0.022704631090164185, 0.031308166682720184, 0.016304124146699905], [0.0833333432674408, 0.0833333432674408, 0.0833333432674408, 0.0833333432674408, 0.0833333432674408, 0.0833333432674408, 0.0833333432674408, 0.0833333432674408, 0.0833333432674408, 0.0833333432674408, 0.0833333432674408, 0.0833333432674408]], "claim": "Nelly Furtado released \"Whoa, Nelly\" in 2017.", "premise_source_doc_id": "Nelly_Furtado_discography", "premise_source_doc_line_num": 1, "premise_source_doc_sentence": "Furtado released her debut album Whoa , Nelly !"}
