{"premise_tokens": ["Bethel", "High", "School", "(", "Connecticut", ")", ",", "located", "in", "Bethel", ",", "Connecticut", "@@NULL@@"], "hypothesis_tokens": ["Bethel", "High", "School", "is", "in", "Vermont", ".", "@@NULL@@"], "label_logits": [-0.6189147233963013, 1.6115916967391968, -1.9863605499267578], "label_probs": [0.09470294415950775, 0.8811708092689514, 0.024126218631863594], "h2p_attention": [[0.10172054171562195, 0.09734296053647995, 0.09296490997076035, 0.047317855060100555, 0.10172054171562195, 0.04911038652062416, 0.04891180619597435, 0.09145767241716385, 0.0730840340256691, 0.10172054171562195, 0.04891180619597435, 0.10172054171562195, 0.04401639848947525], [0.00011455195635790005, 0.9977355599403381, 0.0008995617390610278, 6.149044929770753e-05, 0.00011455195635790005, 6.203398515935987e-05, 0.00010960435611195862, 0.00023883581161499023, 0.00027319591026753187, 0.00011455195635790005, 0.00010960435611195862, 0.00011455195635790005, 5.179792788112536e-05], [0.00029639623244293034, 0.0024371754843741655, 0.993162989616394, 0.0002363369712838903, 0.00029639623244293034, 0.0002793627791106701, 0.00024393586500082165, 0.0013749079080298543, 0.0006953043630346656, 0.00029639623244293034, 0.00024393586500082165, 0.00029639623244293034, 0.00014033571642357856], [0.03357935696840286, 0.09707508236169815, 0.14676299691200256, 0.028142733499407768, 0.03357935696840286, 0.026402968913316727, 0.05238722637295723, 0.2513081431388855, 0.19255892932415009, 0.03357935696840286, 0.05238722637295723, 0.03357935696840286, 0.018657267093658447], [0.02126319520175457, 0.06754332035779953, 0.06344935297966003, 0.01886879839003086, 0.02126319520175457, 0.020529231056571007, 0.028176598250865936, 0.16314280033111572, 0.5122542977333069, 0.02126319520175457, 0.028176598250865936, 0.02126319520175457, 0.012806207872927189], [0.03182569518685341, 0.24221226572990417, 0.28674939274787903, 0.022167887538671494, 0.03182569518685341, 0.025201136246323586, 0.03602427989244461, 0.07494556158781052, 0.12893173098564148, 0.03182569518685341, 0.03602427989244461, 0.03182569518685341, 0.02044059708714485], [0.0603262335062027, 0.0803888812661171, 0.12245915830135345, 0.0642603263258934, 0.0603262335062027, 0.06397973001003265, 0.06321856379508972, 0.13355493545532227, 0.12021727859973907, 0.0603262335062027, 0.06321856379508972, 0.0603262335062027, 0.04739762470126152], [0.07692307978868484, 0.07692307978868484, 0.07692307978868484, 0.07692307978868484, 0.07692307978868484, 0.07692307978868484, 0.07692307978868484, 0.07692307978868484, 0.07692307978868484, 0.07692307978868484, 0.07692307978868484, 0.07692307978868484, 0.07692307978868484]], "p2h_attention": [[0.16596457362174988, 0.1588222235441208, 0.1516791135072708, 0.12925447523593903, 0.11924199759960175, 0.1118164137005806, 0.09140519797801971, 0.07181600481271744], [0.00011454671766841784, 0.9976899027824402, 0.0008995205862447619, 0.00026949599850922823, 0.0002731833956204355, 0.0006137550808489323, 8.784804231254384e-05, 5.1795559556921944e-05], [0.0002963466104120016, 0.0024367673322558403, 0.9929967522621155, 0.0011037327349185944, 0.0006951880059204996, 0.00196835957467556, 0.00036251850542612374, 0.00014031221508048475], [0.10368191450834274, 0.11449532210826874, 0.16242608428001404, 0.14548248052597046, 0.14210723340511322, 0.10459793359041214, 0.13076117634773254, 0.09644782543182373], [0.16596457362174988, 0.1588222235441208, 0.1516791135072708, 0.12925447523593903, 0.11924199759960175, 0.1118164137005806, 0.09140519797801971, 0.07181600481271744], [0.10231363028287888, 0.10982266068458557, 0.18254704773426056, 0.12977153062820435, 0.14700321853160858, 0.11305797845125198, 0.12378285080194473, 0.09170112013816833], [0.07897932827472687, 0.15039372444152832, 0.12354402989149094, 0.19956831634044647, 0.15638037025928497, 0.12526100873947144, 0.09479866921901703, 0.07107456773519516], [0.041407667100429535, 0.09188870340585709, 0.19524526596069336, 0.2684316039085388, 0.2538765072822571, 0.0730680376291275, 0.056153714656829834, 0.019928524270653725], [0.023043405264616013, 0.07319822162389755, 0.06876149773597717, 0.14323671162128448, 0.5551415681838989, 0.0875396654009819, 0.035200513899326324, 0.01387837715446949], [0.16596457362174988, 0.1588222235441208, 0.1516791135072708, 0.12925447523593903, 0.11924199759960175, 0.1118164137005806, 0.09140519797801971, 0.07181600481271744], [0.07897932827472687, 0.15039372444152832, 0.12354402989149094, 0.19956831634044647, 0.15638037025928497, 0.12526100873947144, 0.09479866921901703, 0.07107456773519516], [0.16596457362174988, 0.1588222235441208, 0.1516791135072708, 0.12925447523593903, 0.11924199759960175, 0.1118164137005806, 0.09140519797801971, 0.07181600481271744], [0.125, 0.125, 0.125, 0.125, 0.125, 0.125, 0.125, 0.125]], "claim": "Bethel High School is in Vermont.", "premise_source_doc_id": "Bethel_High_School", "premise_source_doc_line_num": 3, "premise_source_doc_sentence": "Bethel High School  (  Connecticut  )  , located in Bethel , Connecticut"}
{"premise_tokens": ["Jesse", "M.", "Bethel", "High", "School", "in", "Vallejo", ",", "California", "@@NULL@@"], "hypothesis_tokens": ["Bethel", "High", "School", "is", "in", "Vermont", ".", "@@NULL@@"], "label_logits": [-2.2909209728240967, 2.9684574604034424, -1.7940077781677246], "label_probs": [0.0051280600018799305, 0.986443281173706, 0.008428680710494518], "h2p_attention": [[0.13050630688667297, 0.06372660398483276, 0.13050630688667297, 0.12488991767168045, 0.11927293241024017, 0.093765988945961, 0.13050630688667297, 0.06275329738855362, 0.08759976178407669, 0.0564725436270237], [0.00011449694284237921, 0.00018468800408300012, 0.00011449694284237921, 0.9972563982009888, 0.000899129721801728, 0.0002730647101998329, 0.00011449694284237921, 0.00010955172183457762, 0.0008818958303891122, 5.1773055020021275e-05], [0.00029564512078650296, 0.00027442784630693495, 0.00029564512078650296, 0.0024309991858899593, 0.9906461834907532, 0.000693542358931154, 0.00029564512078650296, 0.00024331769964192063, 0.004684613551944494, 0.0001399800821673125], [0.04386310651898384, 0.10206364840269089, 0.04386310651898384, 0.12680453062057495, 0.1917094886302948, 0.2515305280685425, 0.04386310651898384, 0.06843093037605286, 0.10350052267313004, 0.02437109686434269], [0.02460867166519165, 0.042485423386096954, 0.02460867166519165, 0.07817034423351288, 0.07343224436044693, 0.5928505659103394, 0.02460867166519165, 0.03260980546474457, 0.09180452674627304, 0.01482109073549509], [0.018390588462352753, 0.04215865582227707, 0.018390588462352753, 0.13996319472789764, 0.16569912433624268, 0.07450365275144577, 0.018390588462352753, 0.020816756412386894, 0.4898751974105835, 0.01181167084723711], [0.07879190891981125, 0.08291687816381454, 0.07879190891981125, 0.10499566048383713, 0.15994353592395782, 0.15701541304588318, 0.07879190891981125, 0.08256956934928894, 0.11427729576826096, 0.06190589442849159], [0.09999998658895493, 0.09999998658895493, 0.09999998658895493, 0.09999998658895493, 0.09999998658895493, 0.09999998658895493, 0.09999998658895493, 0.09999998658895493, 0.09999998658895493, 0.09999998658895493]],