{"premise_tokens": ["Armenia", ",", "from", "then", "on", "corresponding", "to", "much", "of", "Eastern", "Armenia", ",", "regained", "independence", "in", "1918", ",", "with", "the", "establishment", "of", "the", "First", "Republic", "of", "Armenia", ",", "and", "in", "1991", ",", "the", "Republic", "of", "Armenia", ".", "@@NULL@@"], "hypothesis_tokens": ["Eastern", "Armenia", "originated", "from", "the", "west", "of", "Armenia", ".", "@@NULL@@"], "label_logits": [0.8043807744979858, 0.53108811378479, -2.1126697063446045], "label_probs": [0.5509753823280334, 0.4192206859588623, 0.029803914949297905], "h2p_attention": [[0.00099547381978482, 0.000686467275954783, 0.006763559300452471, 0.002699826844036579, 0.0022497139871120453, 0.00099547381978482, 0.0014293371932581067, 0.0020448823925107718, 0.0009240079089067876, 0.9284201264381409, 0.00099547381978482, 0.000686467275954783, 0.00099547381978482, 0.006259005516767502, 0.004426425788551569, 0.005309963598847389, 0.000686467275954783, 0.0032960062380880117, 0.001297524431720376, 0.0030286062974482775, 0.0009240079089067876, 0.001297524431720376, 0.0012100349413231015, 0.0041793533600866795, 0.0009240079089067876, 0.00099547381978482, 0.000686467275954783, 0.0007584089762531221, 0.004426425788551569, 0.00099547381978482, 0.000686467275954783, 0.001297524431720376, 0.0041793533600866795, 0.0009240079089067876, 0.00099547381978482, 0.0008994441595859826, 0.00043034477857872844], [0.03767804801464081, 0.018117297440767288, 0.036632999777793884, 0.024879705160856247, 0.02542978897690773, 0.03767804801464081, 0.027372365817427635, 0.0265368465334177, 0.01977892592549324, 0.03771442174911499, 0.03767804801464081, 0.018117297440767288, 0.03767804801464081, 0.03003460355103016, 0.027070870622992516, 0.02965584769845009, 0.018117297440767288, 0.02341279201209545, 0.02348247542977333, 0.04165450856089592, 0.01977892592549324, 0.02348247542977333, 0.02287934347987175, 0.029012110084295273, 0.01977892592549324, 0.03767804801464081, 0.018117297440767288, 0.020679496228694916, 0.027070870622992516, 0.03767804801464081, 0.018117297440767288, 0.02348247542977333, 0.029012110084295273, 0.01977892592549324, 0.03767804801464081, 0.020751232281327248, 0.016304003074765205], [0.03767804801464081, 0.018117297440767288, 0.036632999777793884, 0.024879705160856247, 0.02542978897690773, 0.03767804801464081, 0.027372365817427635, 0.0265368465334177, 0.01977892592549324, 0.03771442174911499, 0.03767804801464081, 0.018117297440767288, 0.03767804801464081, 0.03003460355103016, 0.027070870622992516, 0.02965584769845009, 0.018117297440767288, 0.02341279201209545, 0.02348247542977333, 0.04165450856089592, 0.01977892592549324, 0.02348247542977333, 0.02287934347987175, 0.029012110084295273, 0.01977892592549324, 0.03767804801464081, 0.018117297440767288, 0.020679496228694916, 0.027070870622992516, 0.03767804801464081, 0.018117297440767288, 0.02348247542977333, 0.029012110084295273, 0.01977892592549324, 0.03767804801464081, 0.020751232281327248, 0.016304003074765205], [0.0032623792067170143, 0.005301106255501509, 0.6395309567451477, 0.03526463359594345, 0.009178190492093563, 0.0032623792067170143, 0.01742352358996868, 0.008765222504734993, 0.007341770920902491, 0.02281995676457882, 0.0032623792067170143, 0.005301106255501509, 0.0032623792067170143, 0.021353738382458687, 0.014658336527645588, 0.024965304881334305, 0.005301106255501509, 0.009005656465888023, 0.005338143091648817, 0.015399714931845665, 0.007341770920902491, 0.005338143091648817, 0.03467399626970291, 0.01337787788361311, 0.007341770920902491, 0.0032623792067170143, 0.005301106255501509, 0.005987386219203472, 0.014658336527645588, 0.0032623792067170143, 0.005301106255501509, 0.005338143091648817, 0.01337787788361311, 0.007341770920902491, 0.0032623792067170143, 0.003383376868441701, 0.0014519650721922517], [0.015024380758404732, 0.021852487698197365, 0.03835137188434601, 0.04320565238595009, 0.03124149888753891, 0.015024380758404732, 0.04109486564993858, 0.041348718106746674, 0.02403765358030796, 0.031451836228370667, 0.015024380758404732, 0.021852487698197365, 0.015024380758404732, 0.01576967164874077, 0.031180528923869133, 0.03406640887260437, 0.021852487698197365, 0.0349322147667408, 0.055456168949604034, 0.020072612911462784, 0.02403765358030796, 0.055456168949604034, 0.042610764503479004, 0.013514125719666481, 0.02403765358030796, 0.015024380758404732, 0.021852487698197365, 0.027733048424124718, 0.031180528923869133, 0.015024380758404732, 0.021852487698197365, 0.055456168949604034, 0.013514125719666481, 0.02403765358030796, 0.015024380758404732, 0.021348286420106888, 0.010431504808366299], [0.01472382340580225, 0.010866541415452957, 0.06151304394006729, 0.0677211582660675, 0.04231162741780281, 0.01472382340580225, 0.023078082129359245, 0.021464623510837555, 0.015210744924843311, 0.11130481958389282, 0.01472382340580225, 0.010866541415452957, 0.01472382340580225, 0.04129832610487938, 0.07340822368860245, 0.02028670348227024, 0.010866541415452957, 0.033391986042261124, 0.020049218088388443, 0.05504205450415611, 0.015210744924843311, 0.020049218088388443, 0.03183995187282562, 0.014255061745643616, 0.015210744924843311, 0.01472382340580225, 0.010866541415452957, 0.010959173552691936, 0.07340822368860245, 0.01472382340580225, 0.010866541415452957, 0.020049218088388443, 0.014255061745643616, 0.015210744924843311, 0.01472382340580225, 0.017919832840561867, 0.00815194845199585], [0.010352912358939648, 0.017544277012348175, 0.04315178841352463, 0.029787015169858932, 0.023803941905498505, 0.010352912358939648, 0.028160572052001953, 0.026262877508997917, 0.0846940353512764, 0.018323704600334167, 0.010352912358939648, 0.017544277012348175, 0.010352912358939648, 0.030475029721856117, 0.020907839760184288, 0.033432625234127045, 0.017544277012348175, 0.021037261933088303, 0.01966523751616478, 0.02688746713101864, 0.0846940353512764, 0.01966523751616478, 0.040459733456373215, 0.018090803176164627, 0.0846940353512764, 0.010352912358939648, 0.017544277012348175, 0.02059861272573471, 0.020907839760184288, 0.010352912358939648, 0.017544277012348175, 0.01966523751616478, 0.018090803176164627, 0.0846940353512764, 0.010352912358939648, 0.013124503195285797, 0.008534029126167297], [0.03767804801464081, 0.018117297440767288, 0.036632999777793884, 0.024879705160856247, 0.02542978897690773, 0.03767804801464081, 0.027372365817427635, 0.0265368465334177, 0.01977892592549324, 0.03771442174911499, 0.03767804801464081, 0.018117297440767288, 0.03767804801464081, 0.03003460355103016, 0.027070870622992516, 0.02965584769845009, 0.018117297440767288, 0.02341279201209545, 0.02348247542977333, 0.04165450856089592, 0.01977892592549324, 0.02348247542977333, 0.02287934347987175, 0.029012110084295273, 0.01977892592549324, 0.03767804801464081, 0.018117297440767288, 0.020679496228694916, 0.027070870622992516, 0.03767804801464081, 0.018117297440767288, 0.02348247542977333, 0.029012110084295273, 0.01977892592549324, 0.03767804801464081, 0.020751232281327248, 0.016304003074765205], [0.018881235271692276, 0.01978648640215397, 0.03456805646419525, 0.0526048019528389, 0.03464135527610779, 0.018881235271692276, 0.03465595468878746, 0.03705456480383873, 0.022814426571130753, 0.031005481258034706, 0.018881235271692276, 0.01978648640215397, 0.018881235271692276, 0.02138332836329937, 0.037626247853040695, 0.03542787581682205, 0.01978648640215397, 0.03489537909626961, 0.030359651893377304, 0.023929979652166367, 0.022814426571130753, 0.030359651893377304, 0.03380201384425163, 0.024116482585668564, 0.022814426571130753, 0.018881235271692276, 0.01978648640215397, 0.028783297166228294, 0.037626247853040695, 0.018881235271692276, 0.01978648640215397, 0.030359651893377304, 0.024116482585668564, 0.022814426571130753, 0.018881235271692276, 0.04549027606844902, 0.014834768138825893], [0.027027033269405365, 0.027027033269405365, 0.027027033269405365, 0.027027033269405365, 0.027027033269405365, 0.027027033269405365, 