{"premise_tokens": ["In", "all", ",", "there", "were", "131", "Colonial", "Marine", "officers", "and", "probably", "no", "more", "than", "2,000", "enlisted", "Colonial", "Marines", ".", "@@NULL@@"], "hypothesis_tokens": ["The", "Continental", "Marines", "included", "Colonial", "Marine", "officers", ".", "@@NULL@@"], "label_logits": [3.131479501724243, 0.091687873005867, -4.413142204284668], "label_probs": [0.9538582563400269, 0.04563721641898155, 0.0005045409197919071], "h2p_attention": [[0.04394705966114998, 0.14614345133304596, 0.030799753963947296, 0.13244077563285828, 0.03831249475479126, 0.02117595262825489, 0.019140953198075294, 0.02777542918920517, 0.03821442648768425, 0.039088040590286255, 0.07665219902992249, 0.17071563005447388, 0.03860616311430931, 0.046417880803346634, 0.02117595262825489, 0.018906284123659134, 0.019140953198075294, 0.026554793119430542, 0.030089111998677254, 0.014702570624649525], [0.05656993016600609, 0.032013021409511566, 0.014472736045718193, 0.056887462735176086, 0.0314020961523056, 0.027850845828652382, 0.14634865522384644, 0.13875699043273926, 0.06955046951770782, 0.01948457956314087, 0.03767525032162666, 0.03612515702843666, 0.018949219956994057, 0.017569368705153465, 0.027850845828652382, 0.03216951712965965, 0.14634865522384644, 0.05960957705974579, 0.019107669591903687, 0.011257906444370747], [0.028513126075267792, 0.02909007854759693, 0.012690777890384197, 0.030786635354161263, 0.022379877045750618, 0.01555323600769043, 0.046702511608600616, 0.18111597001552582, 0.04872041195631027, 0.015190769918262959, 0.026000186800956726, 0.02668382227420807, 0.022614700719714165, 0.020894614979624748, 0.01555323600769043, 0.0571904294192791, 0.046702511608600616, 0.3257627487182617, 0.016057971864938736, 0.011796453036367893], [0.021828515455126762, 0.09908230602741241, 0.05788267403841019, 0.07085203379392624, 0.07340492308139801, 0.008262674324214458, 0.061665426939725876, 0.02445576712489128, 0.11838842183351517, 0.02242405153810978, 0.022768709808588028, 0.2030865103006363, 0.03333128243684769, 0.04168521985411644, 0.008262674324214458, 0.04273909330368042, 0.061665426939725876, 0.010856029577553272, 0.011194944381713867, 0.006163354497402906], [0.0020516894292086363, 0.0022779791615903378, 0.0011676524300128222, 0.0015786648727953434, 0.0010603376431390643, 0.0008855367777869105, 0.4866984486579895, 0.0012990146642550826, 0.0011555047240108252, 0.0012801584089174867, 0.0012218537740409374, 0.0020758006721735, 0.0011099723633378744, 0.0013932652072981, 0.0008855367777869105, 0.0033122929744422436, 0.4866984486579895, 0.0025209570303559303, 0.0006901841261424124, 0.0006367613095790148], [0.0006003460730426013, 0.0005274930153973401, 0.0002468606107868254, 0.0005940091796219349, 0.0009116425644606352, 0.0003808237088378519, 0.00046520447358489037, 0.9803456664085388, 0.006701398175209761, 0.00028565878164954484, 0.00042390506132505834, 0.0006968893576413393, 0.0003554132126737386, 0.0002898920211009681, 0.0003808237088378519, 0.0020728479139506817, 0.00046520447358489037, 0.003501158207654953, 0.0005266196094453335, 0.0002280376065755263], [0.000548499112483114, 0.002710075583308935, 0.0005105180316604674, 0.004030236974358559, 0.002208895282819867, 0.00034176083863712847, 0.00033368257572874427, 0.005403777118772268, 0.967583954334259, 0.0005661729373969138, 0.001000160351395607, 0.008102497085928917, 0.00152686913497746, 0.002025469671934843, 0.00034176083863712847, 0.0009843914303928614, 0.00033368257572874427, 0.0007594479247927666, 0.0005043225828558207, 0.00018388168246019632], [0.05592171847820282, 0.07526295632123947, 0.029407504945993423, 0.10154147446155548, 0.052457548677921295, 0.02806207537651062, 0.02389783039689064, 0.05091675743460655, 0.060470011085271835, 0.04277894273400307, 0.07193423062562943, 0.08936522901058197, 0.05327509343624115, 0.059820666909217834, 0.02806207537651062, 0.03325744345784187, 0.02389783039689064, 0.030013006180524826, 0.06760955601930618, 0.022048046812415123], [0.04999999329447746, 0.04999999329447746, 0.04999999329447746, 0.04999999329447746, 0.04999999329447746, 0.04999999329447746, 0.04999999329447746, 0.04999999329447746, 0.04999999329447746, 0.04999999329447746, 0.04999999329447746, 0.04999999329447746, 0.04999999329447746, 0.04999999329447746, 0.04999999329447746, 0.04999999329447746, 0.04999999329447746, 0.04999999329447746, 0.04999999329447746, 0.04999999329447746]],