{"premise_tokens": ["Reliance", "Industries", "Limited", "(", "RIL", ")", "is", "an", "Indian", "conglomerate", "holding", "company", "headquartered", "in", "Mumbai", ",", "Maharashtra", ",", "India", ".", "@@NULL@@"], "hypothesis_tokens": ["Reliance", "Industries", "has", "companies", "in", "India", ".", "@@NULL@@"], "label_logits": [1.784596562385559, -2.0274555683135986, -1.6900115013122559], "label_probs": [0.9495984315872192, 0.02098875679075718, 0.02941283769905567], "h2p_attention": [[0.06539949029684067, 0.05549098178744316, 0.03512120991945267, 0.030422208830714226, 0.06539949029684067, 0.031574688851833344, 0.05093362182378769, 0.04281531274318695, 0.050418671220541, 0.06539949029684067, 0.047479014843702316, 0.04489442706108093, 0.06539949029684067, 0.04698813334107399, 0.06539949029684067, 0.03144701197743416, 0.06539949029684067, 0.03144701197743416, 0.0442524254322052, 0.03601885214447975, 0.028299592435359955], [0.012048074044287205, 0.7256161570549011, 0.014827675186097622, 0.006179763004183769, 0.012048074044287205, 0.006967197172343731, 0.01428872998803854, 0.01803302951157093, 0.015444424003362656, 0.012048074044287205, 0.03908888250589371, 0.023025993257761, 0.012048074044287205, 0.016544081270694733, 0.012048074044287205, 0.0072588021866977215, 0.012048074044287205, 0.0072588021866977215, 0.01583494246006012, 0.01119884755462408, 0.006144342012703419], [0.019690070301294327, 0.055326659232378006, 0.0556115098297596, 0.014746055006980896, 0.019690070301294327, 0.016076931729912758, 0.20529653131961823, 0.1477201133966446, 0.0404290109872818, 0.019690070301294327, 0.07284020632505417, 0.03418603166937828, 0.019690070301294327, 0.09371248632669449, 0.019690070301294327, 0.020536962896585464, 0.019690070301294327, 0.020536962896585464, 0.06398579478263855, 0.02964864671230316, 0.01120555866509676], [0.012710644863545895, 0.030662095174193382, 0.13758327066898346, 0.008997904136776924, 0.012710644863545895, 0.009393171407282352, 0.031778380274772644, 0.02498941496014595, 0.195427805185318, 0.012710644863545895, 0.02592485584318638, 0.22518600523471832, 0.012710644863545895, 0.02239939570426941, 0.012710644863545895, 0.01961619406938553, 0.012710644863545895, 0.01961619406938553, 0.15234875679016113, 0.011180232279002666, 0.008632519282400608], [0.015375964343547821, 0.0249345600605011, 0.05170014128088951, 0.013644514605402946, 0.015375964343547821, 0.01484521571546793, 0.09557625651359558, 0.1281612068414688, 0.030222192406654358, 0.015375964343547821, 0.030791737139225006, 0.04241957515478134, 0.015375964343547821, 0.3704243004322052, 0.015375964343547821, 0.020375225692987442, 0.015375964343547821, 0.020375225692987442, 0.03152554854750633, 0.02348792739212513, 0.00926049891859293], [6.6124384829890914e-06, 1.089798297471134e-05, 3.5542478144634515e-05, 5.544873147300677e-06, 6.6124384829890914e-06, 6.0319471231196076e-06, 1.3668715837411582e-05, 1.0211409971816465e-05, 0.14356860518455505, 6.6124384829890914e-06, 1.802399492589757e-05, 2.3163935111369938e-05, 6.6124384829890914e-06, 1.439571406081086e-05, 6.6124384829890914e-06, 1.120963952416787e-05, 6.6124384829890914e-06, 1.120963952416787e-05, 0.8562222719192505, 5.299908934830455e-06, 4.228680609230651e-06], [0.03512861579656601, 0.050304803997278214, 0.04312551021575928, 0.037419479340314865, 0.03512861579656601, 0.037256088107824326, 0.1116117388010025, 0.07632291316986084, 0.03337610885500908, 0.03512861579656601, 0.056670863181352615, 0.05268443375825882, 0.03512861579656601, 0.07000381499528885, 0.03512861579656601, 0.03681284934282303, 0.03512861579656601, 0.03681284934282303, 0.03459193930029869, 0.08463487029075623, 0.02760014683008194], [0.0476190485060215, 0.0476190485060215, 0.0476190485060215, 0.0476190485060215, 0.0476190485060215, 0.0476190485060215, 0.0476190485060215, 0.0476190485060215, 0.0476190485060215, 0.0476190485060215, 0.0476190485060215, 0.0476190485060215, 0.0476190485060215, 0.0476190485060215, 0.0476190485060215, 0.0476190485060215, 0.0476190485060215, 0.0476190485060215, 0.0476190485060215, 0.0476190485060215, 0.0476190485060215]], "p2h_attention": [[0.17779068648815155, 0.15085408091545105, 0.13518501818180084, 0.11327781528234482, 0.1277388036251068, 0.12030167877674103, 0.09791843593120575, 0.07693338394165039], [0.014350664801895618, 0.8642937541007996, 0.0361352302134037, 0.025995252653956413, 0.019705938175320625, 0.01886126957833767, 0.01333913765847683, 0.0073186298832297325], [0.030191905796527863, 0.05870823189616203, 0.1207347959280014, 0.3877299129962921, 0.13581840693950653, 0.20447677373886108, 0.038012292236089706, 0.024327710270881653], [0.1122194454073906, 0.10499148070812225, 0.13737253844738007, 0.10880813747644424, 0.1538088470697403, 0.13688142597675323, 0.14152851700782776, 0.10438968241214752], [0.17779068648815155, 0.15085408091545105, 0.13518501818180084, 0.11327781528234482, 0.1277388036251068, 0.12030167877674103, 0.09791843593120575, 0.07693338394165039], [0.10990403592586517, 0.11169597506523132, 0.14132679998874664, 0.10718388855457306, 0.15790905058383942, 0.14051009714603424, 0.13296601176261902, 0.0985042154788971], [0.040241826325654984, 0.05199619382619858, 0.4096391201019287, 0.08230903744697571, 0.2307644635438919, 0.07227301597595215, 0.09041734784841537, 0.022359047085046768], [0.037314802408218384, 0.07238617539405823, 0.3251384496688843, 0.07139714062213898, 0.34133782982826233, 0.05955839902162552, 0.06820335239171982, 0.024663925170898438], [5.241992403171025e-05, 7.395737338811159e-05, 0.00010615596693241969, 0.0006660913350060582, 9.602327190805227e-05, 0.9989403486251831, 3.558028402039781e-05, 2.942286664620042e-05], [0.17779068648815155, 0.15085408091545105, 0.13518501818180084, 0.11327781528234482, 0.1277388036251068, 0.12030167877674103, 0.09791843593120575, 0.07693338394165039], [0.059528328478336334, 0.2257252186536789, 0.23064276576042175, 0.10655675828456879, 0.11797826737165451, 0.15123359858989716, 0.07285352796316147, 0.035481516271829605], [0.03344159945845604, 0.07899831980466843, 0.06431172043085098, 0.5498937368392944, 0.09656213223934174, 0.11547348648309708, 0.0402388758957386, 0.02108020894229412], [0.17779068648815155, 0.15085408091545105, 0.13518501818180084, 0.11327781528234482, 0.1277388036251068, 0.12030167877674103, 0.09791843593120575, 0.07693338394165039], [0.026671994477510452, 0.0432528592646122, 0.13434188067913055, 0.04168177768588066, 0.6425583362579346, 0.054685939103364944, 0.040743451565504074, 0.016063770279288292], [0.17779068648815155, 0.15085408091545105, 0.13518501818180084, 0.11327781528234482, 0.1277388036251068, 0.12030167877674103, 0.09791843593120575, 0.07693338394165039], [0.08181194961071014, 0.08697754144668579, 0.13493363559246063, 0.1672995388507843, 0.1619890034198761, 0.19516608119010925, 0.09819865971803665, 0.07362367957830429], [0.17779068648815155, 0.15085408091545105, 0.13518501818180084, 0.11327781528234482, 0.1277388036251068, 0.12030167877674103, 0.09791843593120575, 0.07693338394165039], [0.08181194961071014, 0.08697754144668579, 0.13493363559246063, 0.1672995388507843, 0.1619890034198761, 0.19516608119010925, 0.09819865971803665, 0.07362367957830429], [7.721541805949528e-06, 1.27258999782498e-05, 2.819664587150328e-05, 8.714623982086778e-05, 1.6810305169201456e-05, 0.999836266040802, 6.188861334521789e-06, 4.937956418871181e-06], [0.08546341210603714, 0.12238515168428421, 0.17766505479812622, 0.08696489036083221, 0.17031031847000122, 0.08415775001049042, 0.20590578019618988, 0.06714761257171631], [0.125, 0.125, 0.125, 0.125, 0.125, 0.125, 0.125, 0.125]], "claim": "Reliance Industries has companies in India.", "premise_source_doc_id": "Reliance_Industries", "premise_source_doc_line_num": 0, "premise_source_doc_sentence": "Reliance Industries Limited  (  RIL  )  is an Indian conglomerate holding company headquartered in Mumbai , Maharashtra , India ."}
