{"premise_tokens": ["Dual", "diagnosis", "(", "also", "called", "co", "-", "occurring", "disorders", ",", "COD", ")", "is", "the", "condition", "of", "suffering", "from", "a", "mental", "illness", "and", "a", "comorbid", "substance", "abuse", "problem", ".", "@@NULL@@"], "hypothesis_tokens": ["In", "2010", ",", "about", "0", "people", "had", "some", "degree", "of", "substance", "abuse", "problem", ".", "@@NULL@@"], "label_logits": [-3.563669204711914, 0.46498000621795654, 1.5587679147720337], "label_probs": [0.00444585457444191, 0.24979017674922943, 0.7457639575004578], "h2p_attention": [[0.0376640260219574, 0.016819706186652184, 0.011335715651512146, 0.02444765344262123, 0.03312141075730324, 0.020764362066984177, 0.01341206207871437, 0.18694111704826355, 0.019521169364452362, 0.01692751795053482, 0.031090861186385155, 0.012333246879279613, 0.07940372824668884, 0.022996501997113228, 0.0213051475584507, 0.01884865202009678, 0.025650275871157646, 0.07767008244991302, 0.03694499656558037, 0.011756864376366138, 0.02923506498336792, 0.01729043759405613, 0.03694499656558037, 0.01277418714016676, 0.07524675875902176, 0.01555867213755846, 0.06678783148527145, 0.019513513892889023, 0.007693523075431585], [0.02473604492843151, 0.05027391389012337, 0.01282279659062624, 0.03228149190545082, 0.015980694442987442, 0.046741560101509094, 0.011461871676146984, 0.029876315966248512, 0.15399354696273804, 0.01690061204135418, 0.020540297031402588, 0.013162761926651001, 0.04349114000797272, 0.0127108721062541, 0.028094010427594185, 0.02622222900390625, 0.01846362091600895, 0.05005320906639099, 0.0236681941896677, 0.04856318607926369, 0.12697628140449524, 0.016292236745357513, 0.0236681941896677, 0.013133746571838856, 0.035532109439373016, 0.05477388948202133, 0.018618978559970856, 0.022509871050715446, 0.008456402458250523], [0.039275653660297394, 0.023862255737185478, 0.018255388364195824, 0.05623932182788849, 0.034407638013362885, 0.020023638382554054, 0.024815157055854797, 0.0345398485660553, 0.02206355892121792, 0.125684455037117, 0.02365984581410885, 0.018101265653967857, 0.04515346884727478, 0.03368741273880005, 0.022636355832219124, 0.03305940702557564, 0.026618724688887596, 0.05871162191033363, 0.043996792286634445, 0.020681528374552727, 0.02143452875316143, 0.05619652196764946, 0.043996792286634445, 0.01786951906979084, 0.029295310378074646, 0.019209029152989388, 0.04899510368704796, 0.021448733285069466, 0.01608102396130562], [0.007839970290660858, 0.020738186314702034, 0.0041423519141972065, 0.02565697580575943, 0.01647760532796383, 0.006798979360610247, 0.0037545787636190653, 0.04068181663751602, 0.03117457404732704, 0.007812358904629946, 0.006432219874113798, 0.0040005226619541645, 0.25081220269203186, 0.01688455604016781, 0.025540228933095932, 0.019008444622159004, 0.015444436110556126, 0.028757156804203987, 0.02061719447374344, 0.025586804375052452, 0.039265021681785583, 0.01191745512187481, 0.02061719447374344, 0.006460824515670538, 0.028920957818627357, 0.027569523081183434, 0.27205511927604675, 0.011564589105546474, 0.0034680936951190233], [0.05727781355381012, 0.02332349680364132, 0.021945128217339516, 0.024714907631278038, 0.04082793369889259, 0.020021621137857437, 0.02259313501417637, 0.03744136542081833, 0.022138506174087524, 0.024382520467042923, 0.10567499697208405, 0.024417586624622345, 0.05113349109888077, 0.025882093235850334, 0.0301603302359581, 0.0224661435931921, 0.033524662256240845, 0.07065097987651825, 0.03491327911615372, 0.03356398269534111, 0.026130057871341705, 0.02222670428454876, 0.03491327911615372, 0.023364758118987083, 0.027959473431110382, 0.050200194120407104, 0.03865949437022209, 0.030802223831415176, 0.018689805641770363], [0.026134470477700233, 0.015297528356313705, 0.009590132161974907, 0.01704983040690422, 0.022792091593146324, 0.01947844959795475, 0.009421754628419876, 0.028537819162011147, 0.11289238929748535, 0.011230751872062683, 0.024507127702236176, 0.010317125357687473, 0.025595957413315773, 0.01740235649049282, 0.057705894112586975, 0.022763848304748535, 0.045707982033491135, 0.02286524325609207, 0.024538172408938408, 0.07065922766923904, 0.17077361047267914, 0.016237398609519005, 0.024538172408938408, 0.01182765606790781, 0.05107395350933075, 0.06871850788593292, 0.03383224457502365, 0.01970623806118965, 0.00880412943661213], [0.13975563645362854, 0.012450633570551872, 0.007636260241270065, 0.02609993703663349, 0.025213472545146942, 0.039109762758016586, 0.01142211351543665, 0.01536107249557972, 0.01807834953069687, 0.01591099239885807, 0.03415919467806816, 0.008737589232623577, 0.054518334567546844, 0.018498798832297325, 0.04450457543134689, 0.014511511661112309, 0.04381413385272026, 0.1645779013633728, 0.026483256369829178, 0.024322226643562317, 0.031134413555264473, 0.01974850334227085, 0.026483256369829178, 0.015265763737261295, 0.05603090673685074, 0.03839266672730446, 0.04187227785587311, 0.018871918320655823, 0.007034550420939922], [0.04957779869437218, 0.015725959092378616, 0.008787217549979687, 0.07842297106981277, 0.03766852617263794, 0.01049510296434164, 0.007877292111515999, 0.02298547700047493, 0.015268855728209019, 0.02507724054157734, 0.011006144806742668, 0.009156987071037292, 0.12570171058177948, 0.03000536561012268, 0.018415994942188263, 0.0317692756652832, 0.024308858439326286, 0.10961577296257019, 0.04328287020325661, 0.02042880281805992, 0.03068828582763672, 0.0317976176738739, 0.04328287020325661, 0.011591201648116112, 0.027855290099978447, 0.022242315113544464, 0.11441132426261902, 0.015863826498389244, 0.006689184810966253], [0.0564865916967392, 0.02198631688952446, 0.015211879275739193, 0.015102892182767391, 0.03208087757229805, 0.021631140261888504, 0.013900968246161938, 0.06698595732450485, 0.018665140494704247, 0.013971101492643356, 0.19634436070919037, 0.015153051353991032, 0.05681287869811058, 0.01904727891087532, 0.037609465420246124, 0.013756644912064075, 0.05134176090359688, 0.06777345389127731, 0.020738285034894943, 0.015699664130806923, 0.023800551891326904, 0.01973748952150345, 0.020738285034894943, 0.01758623495697975, 0.028429066762328148, 0.030125852674245834, 0.0482294075191021, 0.030732525512576103, 0.010320864617824554], [0.03710189834237099, 0.03288457170128822, 0.015707887709140778, 0.026641681790351868, 0.02570854127407074, 0.02401002123951912, 0.01881694234907627, 0.02998417615890503, 0.0374295711517334, 0.02935466542840004, 0.030521662905812263, 0.016892341896891594, 0.049909722059965134, 0.03290340676903725, 0.022374289110302925, 0.14170804619789124, 0.025742225348949432, 0.07220055162906647, 0.03858239948749542, 0.035080522298812866, 0.03210851922631264, 0.034465108066797256, 0.03858239948749542, 0.017322245985269547, 0.03867708146572113, 0.026509197428822517, 0.03254180774092674, 0.021959608420729637, 0.014278934337198734], [8.07466494734399e-05, 4.679416451836005e-05, 1.489235000917688e-05, 2.676969779713545e-05, 9.842534200288355e-05, 0.00043927179649472237, 2.6713261831901036e-05, 0.00027854469954036176, 0.00014538125833496451, 1.6987902199616656e-05, 6.478690193034708e-05, 1.5122240256459918e-05, 0.0001372644619550556, 7.901234494056553e-05, 0.0006608865805901587, 2.5258825189666823e-05, 0.0004877970786765218, 6.274465704336762e-05, 8.917864761315286e-05, 6.618579209316522e-05, 0.00028997677145525813, 5.9109264839207754e-05, 8.917864761315286e-05, 1.720975160424132e-05, 0.9957777261734009, 0.0005934056243859231, 0.0002714984002523124, 2.9809181796736084e-05, 9.325137398263905e-06], [0.0021983201149851084, 0.0012240542564541101, 0.0007835747092030942, 0.0011247190413996577, 0.0022559345234185457, 0.005716892424970865, 0.0013762516900897026, 0.0022670384496450424, 0.020171992480754852, 0.0008201848831959069, 0.0025587049312889576, 0.0008300860645249486, 0.0034100390039384365, 0.0015442618168890476, 0.01094612292945385, 0.0012747374130412936, 0.007654499262571335, 0.002282889327034354, 0.0019031326519325376, 0.025457369163632393, 0.013247259892523289, 