{"premise_tokens": ["Ayodhya", "6", "December", "1992", "is", "a", "book", "written", "by", "P.", "V.", "Narasimha", "Rao", ",", "the", "tenth", "Prime", "Minister", "of", "India", ",", "and", "published", "on", "1", "August", "2006", ".", "@@NULL@@"], "hypothesis_tokens": ["P.", "V.", "Narasimha", "Rao", "died", "in", "the", "21st", "century", ".", "@@NULL@@"], "label_logits": [0.7859998941421509, 0.7130389213562012, -2.240102767944336], "label_probs": [0.5055249929428101, 0.46995481848716736, 0.024520143866539], "h2p_attention": [[0.018644794821739197, 0.019686058163642883, 0.021303946152329445, 0.02366890013217926, 0.032013729214668274, 0.02236107736825943, 0.031595464795827866, 0.0422876812517643, 0.01962711103260517, 0.2121744006872177, 0.10307573527097702, 0.018644794821739197, 0.018644794821739197, 0.01991555094718933, 0.017539743334054947, 0.02673524245619774, 0.04775237292051315, 0.05019489303231239, 0.018962563946843147, 0.05179654061794281, 0.01991555094718933, 0.02054230123758316, 0.02608204074203968, 0.020458390936255455, 0.024414265528321266, 0.01928923837840557, 0.018644794821739197, 0.01804753765463829, 0.015980515629053116], [0.0014275071443989873, 0.0023451875895261765, 0.0020911849569529295, 0.0030742736998945475, 0.0032683447934687138, 0.002173397922888398, 0.002303888788446784, 0.0035947540309280157, 0.002307737013325095, 0.006928732618689537, 0.935936689376831, 0.0014275071443989873, 0.0014275071443989873, 0.0015230040298774838, 0.001143273082561791, 0.002030826872214675, 0.0031176875345408916, 0.004055209457874298, 0.001679820939898491, 0.0031793268863111734, 0.0015230040298774838, 0.0012159465113654733, 0.002244839910417795, 0.002766476944088936, 0.0018305509584024549, 0.001499742385931313, 0.0014275071443989873, 0.001381630077958107, 0.0010742074809968472], [0.05026266723871231, 0.026550529524683952, 0.03944442793726921, 0.0526445209980011, 0.03914495185017586, 0.029760437086224556, 0.029252508655190468, 0.03327016159892082, 0.029548995196819305, 0.025375710800290108, 0.028902912512421608, 0.05026266723871231, 0.05026266723871231, 0.024168547242879868, 0.03132571652531624, 0.03408224135637283, 0.03711869195103645, 0.03197238966822624, 0.026385165750980377, 0.03401012718677521, 0.024168547242879868, 0.02758653089404106, 0.027367807924747467, 0.033923447132110596, 0.04677135869860649, 0.036741748452186584, 0.05026266723871231, 0.02768222615122795, 0.021749604493379593], [0.05026266723871231, 0.026550529524683952, 0.03944442793726921, 0.0526445209980011, 0.03914495185017586, 0.029760437086224556, 0.029252508655190468, 0.03327016159892082, 0.029548995196819305, 0.025375710800290108, 0.028902912512421608, 0.05026266723871231, 0.05026266723871231, 0.024168547242879868, 0.03132571652531624, 0.03408224135637283, 0.03711869195103645, 0.03197238966822624, 0.026385165750980377, 0.03401012718677521, 0.024168547242879868, 0.02758653089404106, 0.027367807924747467, 0.033923447132110596, 0.04677135869860649, 0.036741748452186584, 0.05026266723871231, 0.02768222615122795, 0.021749604493379593], [0.00017650218796916306, 0.0007664412842132151, 0.6666229367256165, 0.005692853592336178, 0.0004476751491893083, 0.0005296734743751585, 0.0005036559305153787, 0.0003798280959017575, 0.00012070854427292943, 0.0002592769160401076, 0.00015328590234275907, 0.00017650218796916306, 0.00017650218796916306, 0.00018958434520754963, 0.00023465952835977077, 0.0010131043381989002, 0.0003522792540024966, 0.00019444184727035463, 0.0003998844767920673, 0.000655309995636344, 0.00018958434520754963, 0.0003035595000255853, 0.0003244547115173191, 0.0003373147046659142, 0.000692893227096647, 0.3185098469257355, 0.00017650218796916306, 0.0003170267154928297, 0.00010377225407864898], [0.016353348270058632, 0.02366696670651436, 0.06596005707979202, 0.06255563348531723, 0.1016516238451004, 0.04729650169610977, 0.04675797000527382, 0.042294591665267944, 0.039242714643478394, 0.022930854931473732, 0.04425555840134621, 0.016353348270058632, 0.016353348270058632, 0.021670391783118248, 0.02943982370197773, 0.039750706404447556, 0.025746924802660942, 0.0191018208861351, 0.024129800498485565, 0.03352948650717735, 0.021670391783118248, 0.022134996950626373, 0.02360682748258114, 0.06627583503723145, 0.022054878994822502, 0.05403202399611473, 0.016353348270058632, 0.024980943650007248, 0.00984914880245924], [0.02352849580347538, 0.020572088658809662, 0.04384029284119606, 0.026039227843284607, 0.09454263746738434, 0.050112705677747726, 0.02357209287583828, 0.030771050602197647, 0.04212268069386482, 0.017929863184690475, 0.017386265099048615, 0.02352849580347538, 0.02352849580347538, 0.034221455454826355, 0.0868455171585083, 0.03238203004002571, 0.026788370683789253, 0.021653547883033752, 0.037643466144800186, 0.034427862614393234, 0.034221455454826355, 0.04343053326010704, 0.018645673990249634, 0.04892483726143837, 0.029782848432660103, 0.040261708199977875, 0.02352849580347538, 0.03343186154961586, 0.016335953027009964], [0.011457106098532677, 0.020155690610408783, 0.18330058455467224, 0.04471452534198761, 0.04778965562582016, 0.023397749289870262, 0.03739318251609802, 0.028138332068920135, 0.01715943031013012, 0.016120916232466698, 0.015431802719831467, 0.011457106098532677, 0.011457106098532677, 0.014002890326082706, 0.01760738156735897, 0.1293276846408844, 0.024215877056121826, 0.01753930002450943, 0.018644705414772034, 0.043264709413051605, 0.014002890326082706, 0.018075985834002495, 0.017694761976599693, 0.022487839683890343, 0.017277315258979797, 0.1399158090353012, 0.011457106098532677, 0.018005402758717537, 0.00850722286850214], [0.004917966201901436, 0.01090589351952076, 0.4501623213291168, 0.0424339585006237, 0.010667100548744202, 0.008395660668611526, 0.008663210086524487, 0.01271465327590704, 0.0074285706505179405, 0.004771973472088575, 0.011912024579942226, 0.004917966201901436, 0.004917966201901436, 0.006347288843244314, 0.0062056961469352245, 0.02942214347422123, 0.01618814840912819, 0.007195672485977411, 0.008085186593234539, 0.015181475318968296, 0.006347288843244314, 0.005973235238343477, 0.005414816550910473, 0.011102543212473392, 0.009598824195563793, 0.27464085817337036, 0.004917966201901436, 0.007237033452838659, 0.0033324072137475014], [0.02500435896217823, 0.03448262810707092, 0.04412452131509781, 0.04356543719768524, 0.07944462448358536, 0.03880271315574646, 0.03173214942216873, 0.029942767694592476, 0.0427633598446846, 0.022186730057001114, 0.025267936289310455, 0.02500435896217823, 0.02500435896217823, 0.026203181594610214, 0.04020519182085991, 0.03859544172883034, 0.03047686628997326, 0.02528507076203823, 0.030213071033358574, 0.024622352793812752, 0.026203181594610214, 0.038117628544569016, 0.024510564282536507, 0.045875437557697296, 0.03788522630929947, 0.03958817943930626, 0.02500435896217823, 0.060242630541324615, 0.019645636901259422], [0.03448275476694107, 0.03448275476694107, 0.03448275476694107, 0.03448275476694107, 0.03448275476694107, 0.03448275476694107, 0.03448275476694107, 0.03448275476694107, 0.03448275476694107, 0.03448275476694107, 0.03448275476694107, 0.03448275476694107, 0.03448275476694107, 0.03448275476694107, 0.03448275476694107, 0.03448275476694107, 0.03448275476694107, 0.03448275476694107, 0.03448275476694107, 0.03448275476694107, 0.03448275476694107, 0.03448275476694107, 0.03448275476694107, 0.03448275476694107, 0.03448275476694107, 0.03448275476694107, 0.03448275476694107, 0.03448275476694107, 0.03448275476694107]],