{"premise_tokens": ["It", "is", "also", "the", "ninth", "-", "most", "-", "massive", "known", "body", "directly", "orbiting", "the", "Sun", ",", "Eris", "is", "more", "massive", "than", "Pluto", "even", "though", "Pluto", "has", "a", "larger", "diameter", ".", "@@NULL@@"], "hypothesis_tokens": ["Eris", "has", "a", "larger", "diameter", "than", "Pluto", ".", "@@NULL@@"], "label_logits": [2.7809998989105225, 2.0104780197143555, -6.045483112335205], "label_probs": [0.6835651993751526, 0.31633448600769043, 0.0001003430224955082], "h2p_attention": [[0.03687623515725136, 0.034360188990831375, 0.023000841960310936, 0.027496716007590294, 0.02305796556174755, 0.022641988471150398, 0.03866790980100632, 0.022641988471150398, 0.03962621092796326, 0.031079085543751717, 0.04644232988357544, 0.04736366868019104, 0.025043945759534836, 0.027496716007590294, 0.04052497074007988, 0.021214380860328674, 0.044118963181972504, 0.034360188990831375, 0.027037613093852997, 0.03962621092796326, 0.02656649798154831, 0.04344865307211876, 0.03393378481268883, 0.03821319714188576, 0.04344865307211876, 0.0335463210940361, 0.026122763752937317, 0.029251044616103172, 0.029401373118162155, 0.02429857663810253, 0.019091110676527023], [0.0724761039018631, 0.0672127977013588, 0.016079258173704147, 0.012532730586826801, 0.020382719114422798, 0.00522738927975297, 0.027734549716114998, 0.00522738927975297, 0.01857728697359562, 0.013741319067776203, 0.016800925135612488, 0.1843860000371933, 0.006933584343641996, 0.012532730586826801, 0.010734758339822292, 0.006723673082888126, 0.006446405313909054, 0.0672127977013588, 0.02179178036749363, 0.01857728697359562, 0.020346852019429207, 0.022095806896686554, 0.02771153673529625, 0.05324181914329529, 0.022095806896686554, 0.18735593557357788, 0.010713986121118069, 0.0203156229108572, 0.011415734887123108, 0.009706780314445496, 0.0036686297971755266], [0.05683280527591705, 0.041970063000917435, 0.03910046070814133, 0.023206409066915512, 0.02375986985862255, 0.012109184637665749, 0.0627160593867302, 0.012109184637665749, 0.02112293243408203, 0.04418966919183731, 0.01905083656311035, 0.038025785237550735, 0.026160085573792458, 0.023206409066915512, 0.01763533428311348, 0.02069721557199955, 0.010351244360208511, 0.041970063000917435, 0.032346490770578384, 0.02112293243408203, 0.04320826008915901, 0.03099886327981949, 0.06765814870595932, 0.05492433160543442, 0.03099886327981949, 0.022092852741479874, 0.10310900956392288, 0.017300916835665703, 0.019519083201885223, 0.014941721223294735, 0.007564924657344818], [0.0103327427059412, 0.010461313650012016, 0.005036338698118925, 0.004573741462081671, 0.006374849006533623, 0.007748134434223175, 0.02773674577474594, 0.007748134434223175, 0.012436363846063614, 0.005249517038464546, 0.006201440002769232, 0.01730097271502018, 0.005279887933284044, 0.004573741462081671, 0.003204721724614501, 0.004151864442974329, 0.0037195549812167883, 0.010461313650012016, 0.01569010131061077, 0.012436363846063614, 0.025475570932030678, 0.01212101150304079, 0.011004944331943989, 0.008335087448358536, 0.01212101150304079, 0.013443334959447384, 0.0055519468151032925, 0.7131615877151489, 0.01077790092676878, 0.004862217232584953, 0.002427620580419898], [0.002476201858371496, 0.0026587070897221565, 0.0019418939482420683, 0.0013047590618953109, 0.0019816141575574875, 0.0021768484730273485, 0.0027435454539954662, 0.0021768484730273485, 0.004928692243993282, 0.00228189118206501, 0.0051694163121283054, 0.009816356003284454, 0.03146485239267349, 0.0013047590618953109, 0.0016321319853886962, 0.0011468466836959124, 0.0011874223127961159, 0.0026587070897221565, 0.0022523023653775454, 0.004928692243993282, 0.002435089787468314, 0.007951486855745316, 0.0021865067537873983, 0.002475862856954336, 0.007951486855745316, 0.002399212447926402, 0.0019894069992005825, 0.003423120593652129, 0.8806447982788086, 0.0015395341906696558, 0.000771025603171438], [0.006921135354787111, 0.007429440971463919, 0.002836117520928383, 0.00264832004904747, 0.02175894007086754, 0.001322883297689259, 0.1652272343635559, 0.001322883297689259, 0.001866413396783173, 0.004656210076063871, 0.001982112182304263, 0.002711278386414051, 0.0014817632036283612, 0.00264832004904747, 0.0014524577418342233, 0.003675119485706091, 0.0011672974796965718, 0.007429440971463919, 0.08927534520626068, 0.001866413396783173, 0.5970672369003296, 0.002170319203287363, 0.03179306164383888, 0.01310966070741415, 0.002170319203287363, 0.004652343690395355, 0.0047911591827869415, 0.008802816271781921, 0.0026492599863559008, 0.0022759318817406893, 0.000838838575873524], [0.00022492528660222888, 0.00022844142222311348, 8.742188947508112e-05, 7.243217260111123e-05, 6.33039599051699e-05, 4.445277954800986e-05, 0.00026368830003775656, 4.445277954800986e-05, 0.0002847534778993577, 0.0003370704944245517, 7.403143536066636e-05, 0.0004639708495233208, 0.0009225393296219409, 7.243217260111123e-05, 0.0001590725441928953, 4.0578179323347285e-05, 5.8881159930024296e-05, 0.00022844142222311348, 9.183658403344452e-05, 0.0002847534778993577, 6.693855539197102e-05, 0.4973621368408203, 0.00018585144425742328, 0.00022865326900500804, 0.4973621368408203, 0.00015582497871946543, 0.00010601621033856645, 0.00012917826825287193, 0.00026681527378968894, 6.319056410575286e-05, 2.5872070182231255e-05], [0.06211458891630173, 0.0536588691174984, 0.024383367970585823, 0.02715557999908924, 0.03032764606177807, 0.014315614476799965, 0.04585196077823639, 0.014315614476799965, 0.01706278882920742, 0.03475329652428627, 0.027265802025794983, 0.06553186476230621, 0.02170717902481556, 0.02715557999908924, 0.03242466226220131, 0.017698274925351143, 0.016888557001948357, 0.0536588691174984, 0.03206247463822365, 0.01706278882920742, 0.0360017828643322, 0.03240886703133583, 0.04355725646018982, 0.05188102275133133, 0.03240886703133583, 0.035108666867017746, 0.026208311319351196, 0.026576437056064606, 0.026494961231946945, 0.04068935289978981, 0.013269144110381603], [0.03225807845592499, 0.03225807845592499, 0.03225807845592499, 0.03225807845592499, 0.03225807845592499, 0.03225807845592499, 0.03225807845592499, 0.03225807845592499, 0.03225807845592499, 0.03225807845592499, 0.03225807845592499, 0.03225807845592499, 0.03225807845592499, 0.03225807845592499, 0.03225807845592499, 0.03225807845592499, 0.03225807845592499, 0.03225807845592499, 0.03225807845592499, 0.03225807845592499, 0.03225807845592499, 0.03225807845592499, 0.03225807845592499, 0.03225807845592499, 0.03225807845592499, 0.03225807845592499, 0.03225807845592499, 0.03225807845592499, 0.03225807845592499, 0.03225807845592499, 0.03225807845592499]],