{"premise_tokens": ["He", "was", "one", "of", "four", "subjects", "in", "the", "documentary", "My", "Big", "Break", "(", "2009", ")", ",", "which", "covered", "his", "fame", "after", "American", "Beauty", "and", "struggles", "with", "substance", "abuse", ".", "@@NULL@@"], "hypothesis_tokens": ["Wes", "Bentley", "was", "one", "of", "six", "subjects", "in", "a", "documentary", ".", "@@NULL@@"], "label_logits": [0.010539717972278595, 0.4111380875110626, -1.3562953472137451], "label_probs": [0.3639500141143799, 0.5432745814323425, 0.0927753895521164], "h2p_attention": [[0.04284311458468437, 0.030504988506436348, 0.028448471799492836, 0.025780944153666496, 0.023184381425380707, 0.024083029478788376, 0.035285670310258865, 0.03060835599899292, 0.04283629730343819, 0.03619632124900818, 0.043245892971754074, 0.0640164464712143, 0.022845514118671417, 0.03299722820520401, 0.023710962384939194, 0.02361508645117283, 0.03506266698241234, 0.03165774419903755, 0.03436074033379555, 0.0339176170527935, 0.035891931504011154, 0.04441411793231964, 0.035522278398275375, 0.02695479802787304, 0.03632992133498192, 0.03051752783358097, 0.03922019898891449, 0.037647996097803116, 0.027048300951719284, 0.021251536905765533], [0.04284311458468437, 0.030504988506436348, 0.028448471799492836, 0.025780944153666496, 0.023184381425380707, 0.024083029478788376, 0.035285670310258865, 0.03060835599899292, 0.04283629730343819, 0.03619632124900818, 0.043245892971754074, 0.0640164464712143, 0.022845514118671417, 0.03299722820520401, 0.023710962384939194, 0.02361508645117283, 0.03506266698241234, 0.03165774419903755, 0.03436074033379555, 0.0339176170527935, 0.035891931504011154, 0.04441411793231964, 0.035522278398275375, 0.02695479802787304, 0.03632992133498192, 0.03051752783358097, 0.03922019898891449, 0.037647996097803116, 0.027048300951719284, 0.021251536905765533], [0.11864197999238968, 0.10194005072116852, 0.03821384906768799, 0.016334395855665207, 0.015121587552130222, 0.02278847247362137, 0.02662639506161213, 0.026364268735051155, 0.025616483762860298, 0.03661324083805084, 0.01874474436044693, 0.029376933351159096, 0.01315351389348507, 0.027157776057720184, 0.013423350639641285, 0.018924590200185776, 0.033216916024684906, 0.02452297881245613, 0.053811077028512955, 0.026606932282447815, 0.04441118240356445, 0.02007902041077614, 0.028751550242304802, 0.02413976565003395, 0.022662866860628128, 0.02843073382973671, 0.07319221645593643, 0.034124165773391724, 0.02577129751443863, 0.011237755417823792], [0.13688257336616516, 0.011292177252471447, 0.35670310258865356, 0.013619964942336082, 0.07801489531993866, 0.021652592346072197, 0.013909518718719482, 0.016950707882642746, 0.013868341222405434, 0.015323160216212273, 0.014888047240674496, 0.012358867563307285, 0.003881142009049654, 0.010073603130877018, 0.0037877208087593317, 0.023745384067296982, 0.023644832894206047, 0.008174539543688297, 0.051329951733350754, 0.0068433210253715515, 0.04400010034441948, 0.007666544523090124, 0.005189424846321344, 0.027072396129369736, 0.007956848479807377, 0.017212562263011932, 0.03158395737409592, 0.009498629719018936, 0.009554380550980568, 0.0033207519445568323], [0.05971739813685417, 0.017968101426959038, 0.050701189786195755, 0.12268102169036865, 0.04877467453479767, 0.02149989828467369, 0.0302854273468256, 0.02848549373447895, 0.02398318611085415, 0.01982533186674118, 0.03205461800098419, 0.02929818257689476, 0.013598802499473095, 0.043526675552129745, 0.014624221250414848, 0.025413237512111664, 0.04875284805893898, 0.018090710043907166, 0.04730391502380371, 0.032553113996982574, 0.0634298250079155, 0.02228209190070629, 0.019347649067640305, 0.029837505891919136, 0.017685487866401672, 0.030472900718450546, 0.033483944833278656, 0.022949829697608948, 0.019011110067367554, 0.01236171368509531], [0.00475743692368269, 0.0010658445535227656, 0.01059721689671278, 0.002355929696932435, 0.9340094923973083, 0.002193243009969592, 0.0016023791395127773, 0.0012658840278163552, 0.000885200104676187, 0.001529131317511201, 0.0018653946463018656, 0.002725390251725912, 0.0010715780081227422, 0.0018543180776759982, 0.000990714062936604, 0.0030293958261609077, 0.003210516646504402, 0.000982671044766903, 0.003197780577465892, 0.0009994145948439837, 0.00483345752581954, 0.0018830352928489447, 0.0011027256259694695, 0.0033786213025450706, 0.0018648842815309763, 0.0023502488620579243, 0.0012062803143635392, 0.0010749793145805597, 0.001330714556388557, 0.0007861136109568179], [0.07900383323431015, 0.014343979768455029, 0.04612193629145622, 0.012302454560995102, 0.023913895711302757, 0.32829323410987854, 0.025713644921779633, 0.016875477507710457, 0.014237692579627037, 0.013084493577480316, 0.02369215525686741, 0.014255484566092491, 0.00903936754912138, 0.02742753177881241, 0.008089059963822365, 0.020823514088988304, 0.022175289690494537, 0.028010211884975433, 0.0395507887005806, 0.01770765520632267, 0.03374059870839119, 0.024692166596651077, 0.020097369328141212, 0.022344976663589478, 0.03569812327623367, 0.02931085415184498, 0.016543107107281685, 0.010151926428079605, 0.015685714781284332, 0.0070734950713813305], [0.08895643800497055, 0.012943831272423267, 0.0228826142847538, 0.013383973389863968, 0.01504554133862257, 0.019859107211232185, 0.21852196753025055, 0.016329260542988777, 0.09053420275449753, 0.017108285799622536, 0.023629242554306984, 0.023401085287332535, 0.00804921891540289, 0.026600714772939682, 0.008757540956139565, 0.012019822373986244, 0.03274442255496979, 0.03337514027953148, 0.024627063423395157, 0.05280754342675209, 0.022256242111325264, 0.026577292010188103, 0.039659641683101654, 0.01227752398699522, 0.017881780862808228, 0.03597269207239151, 0.053430911153554916, 0.01104783546179533, 0.01385607197880745, 0.00546298548579216], [0.08396166563034058, 0.022747576236724854, 0.06048160418868065, 0.023242834955453873, 0.02670959196984768, 0.02269071154296398, 0.04130721837282181, 0.026387540623545647, 0.038984451442956924, 0.022477883845567703, 0.03158741444349289, 0.04424905404448509, 0.009181222878396511, 0.026278408244252205, 0.010136457160115242, 0.023534385487437248, 0.04608999192714691, 0.022344965487718582, 0.043141357600688934, 0.03680942952632904, 0.05022589862346649, 0.04022758826613426, 0.022799355909228325, 0.025452079251408577, 0.03432349115610123, 0.032931361347436905, 0.08226238936185837, 0.023842107504606247, 0.01698993146419525, 0.00860192347317934], [0.0003296994837000966, 6.336504884529859e-05, 0.00011609090870479122, 5.393099127104506e-05, 3.661658047349192e-05, 5.5952001275727525e-05, 0.00046067306539043784, 6.32363444310613e-05, 0.9952138066291809, 7.136299245757982e-05, 0.00017784256488084793, 0.00018583395285531878, 4.429731779964641e-05, 0.0005225887871347368, 5.2375500672496855e-05, 4.7473306040046737e-05, 0.0001590849133208394, 0.00021939483121968806, 0.00011040285608032718, 0.0006842485745437443, 0.00014596724940929562, 0.00010288361954735592, 0.000136940972879529, 3.883918543579057e-05, 0.00012628822878468782, 9.494801633991301e-05, 0.0005154114915058017, 9.215956379193813e-05, 5.048473394708708e-05, 2.779777605610434e-05], [0.09659208357334137, 0.03320491313934326, 0.04165927320718765, 0.022267650812864304, 0.028810082003474236, 0.03210819885134697, 0.03672449290752411, 0.029632044956088066, 0.026296362280845642, 0.033667393028736115, 0.02023003064095974, 0.04165325686335564, 0.01963052712380886, 0.04179329425096512, 0.0195448100566864, 0.019312279298901558, 0.03959565609693527, 0.022461596876382828, 0.05310668796300888, 0.024856245145201683, 0.037731871008872986, 0.02045999839901924, 0.026294022798538208, 0.02809346839785576, 0.02940511330962181, 0.0340590700507164, 0.0462849996984005, 0.035645294934511185, 0.04440004751086235, 0.014479233883321285], [0.033333323895931244, 0.033333323895931244, 0.033333323895931244, 0.033333323895931244, 0.033333323895931244, 0.033333323895931244, 0.033333323895931244, 0.033333323895931244, 0.033333323895931244, 0.033333323895931244, 