{"premise_tokens": ["South", "Africa", "is", "the", "25th", "-", "largest", "country", "in", "the", "world", "by", "land", "area", ",", "and", "with", "close", "to", "56", "million", "people", ",", "is", "the", "world", "'s", "24th", "-", "most", "populous", "nation", ".", "@@NULL@@"], "hypothesis_tokens": ["South", "Africa", "has", "close", "to", "56", "trillion", "people", ".", "@@NULL@@"], "label_logits": [1.8913308382034302, -1.1022121906280518, -2.8888704776763916], "label_probs": [0.9447296261787415, 0.04734000191092491, 0.007930350489914417], "h2p_attention": [[0.7971187829971313, 0.12673647701740265, 0.0030423335265368223, 0.0014923294074833393, 0.001535600982606411, 0.0005958573892712593, 0.002975975861772895, 0.007738037034869194, 0.004267847631126642, 0.0014923294074833393, 0.0013272257056087255, 0.0016806937055662274, 0.002151841064915061, 0.002785668009892106, 0.0013921334175392985, 0.0013247433817014098, 0.0028624965343624353, 0.002989169443026185, 0.002470932435244322, 0.0026932600885629654, 0.001769319293089211, 0.0021033009979873896, 0.0013921334175392985, 0.0030423335265368223, 0.0014923294074833393, 0.0013272257056087255, 0.0030767791904509068, 0.001496662269346416, 0.0005958573892712593, 0.0013077297480776906, 0.0010631796903908253, 0.01090458407998085, 0.001170037197880447, 0.0005846474086865783], [0.0007508523995056748, 0.9981673359870911, 9.09631035028724e-06, 6.381410457834136e-06, 7.659028597117867e-06, 3.719720780281932e-06, 2.0016015696455725e-05, 0.0001624221622478217, 4.029968840768561e-05, 6.381410457834136e-06, 3.785751323448494e-05, 9.575447620591149e-06, 1.3647823834617157e-05, 9.303182196163107e-06, 6.17919704382075e-06, 8.065027941484004e-06, 2.7377573132980615e-05, 1.9888035240001045e-05, 1.0285690223099664e-05, 1.3724073141929694e-05, 2.35302413784666e-05, 2.3267397409654222e-05, 6.17919704382075e-06, 9.09631035028724e-06, 6.381410457834136e-06, 3.785751323448494e-05, 1.0688450856832787e-05, 8.245488061220385e-06, 3.719720780281932e-06, 1.4147115507512353e-05, 6.316834515018854e-06, 0.0005106279859319329, 6.521070190501632e-06, 3.463753500909661e-06], [0.04407500848174095, 0.035535942763090134, 0.10393522679805756, 0.01938011683523655, 0.014004768803715706, 0.00808342918753624, 0.030599744990468025, 0.019755851477384567, 0.047443706542253494, 0.01938011683523655, 0.010282308794558048, 0.06974665820598602, 0.021158168092370033, 0.05511045455932617, 0.010397221893072128, 0.010718220844864845, 0.039457209408283234, 0.05505511164665222, 0.046303410083055496, 0.018268544226884842, 0.021129079163074493, 0.01421583816409111, 0.010397221893072128, 0.10393522679805756, 0.01938011683523655, 0.010282308794558048, 0.01880420371890068, 0.021623972803354263, 0.00808342918753624, 0.0428876131772995, 0.009968467056751251, 0.01991821452975273, 0.015010183677077293, 0.005673023872077465], [0.004664288833737373, 0.005238100420683622, 0.012535973452031612, 0.0031413647811859846, 0.0024052043445408344, 0.0010589112062007189, 0.002363401697948575, 0.002181163290515542, 0.005374413914978504, 0.0031413647811859846, 0.0016627252334728837, 0.0026207806076854467, 0.0033967045601457357, 0.004233534913510084, 0.001855463138781488, 0.0032724689226597548, 0.005322613753378391, 0.8469185829162598, 0.013798517175018787, 0.005567185580730438, 0.0018911126535385847, 0.0041694799438118935, 0.001855463138781488, 0.012535973452031612, 0.0031413647811859846, 0.0016627252334728837, 0.004286568611860275, 0.002087996108457446, 0.0010589112062007189, 0.028778105974197388, 0.002343327272683382, 0.0016437723534181714, 0.0028799911960959435, 0.0009122815099544823], [0.02472737617790699, 0.01737392321228981, 0.08700374513864517, 0.023048987612128258, 0.0199713334441185, 0.0076610916294157505, 0.011233768425881863, 0.016455266624689102, 0.025302527472376823, 0.023048987612128258, 0.008822068572044373, 0.022647099569439888, 0.016464130952954292, 0.02128894440829754, 0.012782914564013481, 0.020560694858431816, 0.03648940846323967, 0.0884941816329956, 0.18874455988407135, 0.01358449924737215, 0.011222324334084988, 0.014579899609088898, 0.012782914564013481, 0.08700374513864517, 0.023048987612128258, 0.008822068572044373, 0.030308419838547707, 0.03103102743625641, 0.0076610916294157505, 0.03476180136203766, 0.009822667576372623, 0.023730674758553505, 0.013668108731508255, 0.005850746762007475], [0.03475039079785347, 0.02988901548087597, 0.02067297324538231, 0.010529977269470692, 0.0153181292116642, 0.00765215652063489, 0.013411000370979309, 0.0223738644272089, 0.016217201948165894, 0.010529977269470692, 0.013879911974072456, 0.01101728156208992, 0.013575619086623192, 0.012968053109943867, 0.011418184265494347, 0.013918070122599602, 0.01624971255660057, 0.04603436589241028, 0.017514899373054504, 0.399879515171051, 0.024016274139285088, 0.04507557675242424, 0.011418184265494347, 0.02067297324538231, 0.010529977269470692, 0.013879911974072456, 0.013997567817568779, 0.011979121714830399, 0.00765215652063489, 0.03162767365574837, 0.010389607399702072, 0.040504734963178635, 0.012912399135529995, 0.007543542422354221], [0.03431147336959839, 0.034409552812576294, 0.03395869582891464, 0.027175422757864, 0.02332570217549801, 0.02237742394208908, 0.04506244882941246, 0.033310580998659134, 0.031328145414590836, 0.027175422757864, 0.022983714938163757, 0.025634095072746277, 0.038411252200603485, 0.029238136485219002, 0.02096649631857872, 0.023931635543704033, 0.027094781398773193, 0.048465266823768616, 0.03167705610394478, 0.025986656546592712, 0.028074730187654495, 0.025347722694277763, 0.02096649631857872, 0.03395869582891464, 0.027175422757864, 0.022983714938163757, 0.02983756735920906, 0.024260761216282845, 0.02237742394208908, 0.038216084241867065, 0.04360345005989075, 0.033491168171167374, 0.024014651775360107, 0.018868036568164825], [0.021548651158809662, 0.04023586958646774, 0.01741396263241768, 0.011839525774121284, 0.008045057766139507, 0.006410000380128622, 0.01903510093688965, 0.03169424086809158, 0.01617707684636116, 0.011839525774121284, 0.020772788673639297, 0.008242004550993443, 0.00971360132098198, 0.009597299620509148, 0.007640734314918518, 0.011046958155930042, 0.011251958087086678, 0.027375729754567146, 0.014926427975296974, 0.03579139709472656, 0.012014273554086685, 0.4535745084285736, 0.007640734314918518, 0.01741396263241768, 0.011839525774121284, 0.020772788673639297, 0.014696788042783737, 0.008136002346873283, 0.006410000380128622, 0.04109581932425499, 0.008046830072999, 0.03836420923471451, 0.013406949117779732, 0.0059898048639297485], [0.02857651188969612, 0.026882866397500038, 0.05774335563182831, 0.029222652316093445, 0.02350512333214283, 0.015405318699777126, 0.026790456846356392, 0.025055455043911934, 0.036217108368873596, 0.029222652316093445, 0.02349785529077053, 0.031082024797797203, 0.02472812309861183, 0.038468003273010254, 0.01904546283185482, 0.02770533412694931, 0.03358851745724678, 0.04507811740040779, 0.03335805609822273, 0.024441910907626152, 0.02157389186322689, 0.03196103498339653, 0.01904546283185482, 0.05774335563182831, 0.029222652316093445, 0.02349785529077053, 0.0282862838357687, 0.025177031755447388, 0.015405318699777126, 0.04934220016002655, 0.01817411370575428, 0.022890057414770126, 0.04378662258386612, 0.014279191382229328], [0.02941174991428852, 0.02941174991428852, 0.02941174991428852, 0.02941174991428852, 0.02941174991428852, 0.02941174991428852, 0.02941174991428852, 0.02941174991428852, 0.02941174991428852, 0.02941174991428852, 0.02941174991428852, 0.02941174991428852, 0.02941174991428852, 0.02941174991428852, 0.02941174991428852, 0.02941174991428852, 0.02941174991428852, 0.02941174991428852, 0.02941174991428852, 0.02941174991428852, 0.02941174991428852, 0.02941174991428852, 0.02941174991428852, 0.02941174991428852, 0.02941174991428852, 0.02941174991428852, 0.02941174991428852, 0.02941174991428852, 0.02941174991428852, 0.02941174991428852, 0.02941174991428852, 0.02941174991428852, 0.02941174991428852, 