{"premise_tokens": ["Although", "marketed", "as", "a", "family", "film", ",", "it", "was", "notably", "darker", "than", "the", "creators", "'", "previous", "material", ",", "and", "incorporated", "several", "nods", "to", "the", "new", "age", "movement", ".", "@@NULL@@"], "hypothesis_tokens": ["The", "Dark", "Crystal", "included", "multiple", "nods", "to", "the", "new", "age", "movement", ".", "@@NULL@@"], "label_logits": [1.4022427797317505, -0.8370559215545654, -1.8078696727752686], "label_probs": [0.8719268441200256, 0.09288913756608963, 0.03518405184149742], "h2p_attention": [[0.053225819021463394, 0.018521778285503387, 0.04382381960749626, 0.03944903239607811, 0.04711756482720375, 0.030587827786803246, 0.02693933993577957, 0.11946555972099304, 0.030169570818543434, 0.018521778285503387, 0.026965834200382233, 0.04059990122914314, 0.06836532801389694, 0.018521778285503387, 0.01663966104388237, 0.035561732947826385, 0.019142331555485725, 0.02693933993577957, 0.034188780933618546, 0.017841169610619545, 0.025970298796892166, 0.021952446550130844, 0.05066097900271416, 0.06836532801389694, 0.024291589856147766, 0.014708008617162704, 0.02228591777384281, 0.026317769661545753, 0.012859764508903027], [0.03603122755885124, 0.019002756103873253, 0.02273663319647312, 0.025537507608532906, 0.047652170062065125, 0.02731025218963623, 0.017433125525712967, 0.045693233609199524, 0.01858915388584137, 0.019002756103873253, 0.3038729429244995, 0.022172288969159126, 0.02366144396364689, 0.019002756103873253, 0.018882889300584793, 0.034116413444280624, 0.02030365727841854, 0.017433125525712967, 0.01975737139582634, 0.02162603847682476, 0.02078169956803322, 0.02389729768037796, 0.024637997150421143, 0.02366144396364689, 0.0303023774176836, 0.022180940955877304, 0.04537401720881462, 0.018474167212843895, 0.010872340761125088], [0.019204875454306602, 0.014177277684211731, 0.012668171897530556, 0.023020993918180466, 0.13461223244667053, 0.03261714056134224, 0.01129495445638895, 0.04391147196292877, 0.018462419509887695, 0.014177277684211731, 0.016434449702501297, 0.016108017414808273, 0.01787339150905609, 0.014177277684211731, 0.03731974586844444, 0.022646034136414528, 0.1735806167125702, 0.01129495445638895, 0.01068837009370327, 0.07299726456403732, 0.02545054629445076, 0.017612922936677933, 0.016960076987743378, 0.01787339150905609, 0.033551011234521866, 0.11741723120212555, 0.026717975735664368, 0.018843520432710648, 0.008306282572448254], [0.07728925347328186, 0.009034069254994392, 0.06510084122419357, 0.03349560871720314, 0.03611680865287781, 0.008852670900523663, 0.06328654289245605, 0.04596244543790817, 0.027375951409339905, 0.009034069254994392, 0.02731410600244999, 0.04557691514492035, 0.017651431262493134, 0.009034069254994392, 0.012800311669707298, 0.027404040098190308, 0.022606758400797844, 0.06328654289245605, 0.024517538025975227, 0.05822032317519188, 0.07280491292476654, 0.008867504075169563, 0.018380366265773773, 0.017651431262493134, 0.04504263028502464, 0.09554369747638702, 0.03877032548189163, 0.012240094132721424, 0.0067387595772743225], [0.03602302819490433, 0.012530322186648846, 0.03645516559481621, 0.03818508982658386, 0.08839752525091171, 0.03550659865140915, 0.02618667483329773, 0.03396578133106232, 0.015176026150584221, 0.012530322186648846, 0.03438038378953934, 0.10377563536167145, 0.016328787431120872, 0.012530322186648846, 0.015501286834478378, 0.055837322026491165, 0.02689787559211254, 0.02618667483329773, 0.02605106122791767, 0.06743520498275757, 0.0786215215921402, 0.025789614766836166, 0.028152717277407646, 0.016328787431120872, 0.04365885630249977, 0.03773030638694763, 0.020243778824806213, 0.019188232719898224, 0.010405217297375202], [0.004460581112653017, 0.002666881075128913, 0.002608778653666377, 0.0029971811454743147, 0.00880607683211565, 0.010637671686708927, 0.0024108695797622204, 0.007892470806837082, 0.0031856349669396877, 0.002666881075128913, 0.007708501536399126, 0.0054931845515966415, 0.0030728839337825775, 0.002666881075128913, 0.0026533680502325296, 0.0064964331686496735, 0.0024362937547266483, 0.0024108695797622204, 0.002844545291736722, 0.002778423484414816, 0.003069711849093437, 0.8795388340950012, 0.007949230261147022, 0.0030728839337825775, 0.005648889113217592, 0.004239089787006378, 0.004475730005651712, 0.0033111730590462685, 0.0018000983400270343], [0.055562011897563934, 0.01118447259068489, 0.03873901814222336, 0.03193759173154831, 0.027890155091881752, 0.025024572387337685, 0.014555126428604126, 0.16627661883831024, 0.01960916444659233, 0.01118447259068489, 0.019591359421610832, 0.03825635835528374, 0.026244478300213814, 0.01118447259068489, 0.009587936103343964, 0.043266378343105316, 0.016669386997818947, 0.014555126428604126, 0.023411208763718605, 0.016206474974751472, 0.02043653465807438, 0.02941889315843582, 0.21491193771362305, 0.026244478300213814, 0.038596585392951965, 0.01092597097158432, 0.016304370015859604, 0.015563043765723705, 0.0066618891432881355], [0.053225819021463394, 0.018521778285503387, 0.04382381960749626, 0.03944903239607811, 0.04711756482720375, 0.030587827786803246, 0.02693933993577957, 0.11946555972099304, 0.030169570818543434, 0.018521778285503387, 0.026965834200382233, 0.04059990122914314, 0.06836532801389694, 0.018521778285503387, 0.01663966104388237, 0.035561732947826385, 0.019142331555485725, 0.02693933993577957, 0.034188780933618546, 0.017841169610619545, 0.025970298796892166, 0.021952446550130844, 0.05066097900271416, 0.06836532801389694, 0.024291589856147766, 0.014708008617162704, 0.02228591777384281, 0.026317769661545753, 0.012859764508903027], [0.002930637449026108, 0.001649118959903717, 0.0023403249215334654, 0.002761996816843748, 0.002650103997439146, 0.0021284648682922125, 0.0020589870400726795, 0.00478888675570488, 0.002238878048956394, 0.001649118959903717, 0.0030343381222337484, 0.001685270806774497, 0.001859330222941935, 0.001649118959903717, 0.001687500742264092, 0.005786948837339878, 0.0014724349603056908, 0.0020589870400726795, 0.0014873682521283627, 0.004700244404375553, 0.0034698848612606525, 0.0030888752080500126, 0.005702758673578501, 0.001859330222941935, 0.9216482639312744, 0.008272011764347553, 0.0023052513133734465, 0.0020511504262685776, 0.000984313664957881], [0.0047218650579452515, 0.002617885125800967, 0.0029456643387675285, 0.003546925261616707, 0.00741958012804389, 0.004824006464332342, 0.0036211716942489147, 0.004351805429905653, 0.003991027362644672, 0.002617885125800967, 0.007416445761919022, 0.006560003850609064, 0.002292416989803314, 0.002617885125800967, 0.019575688987970352, 0.009744984097778797, 0.008148737251758575, 0.0036211716942489147, 0.0029204590246081352, 0.0077842408791184425, 0.0052568563260138035, 0.004720077849924564, 0.003287270199507475, 0.002292416989803314, 0.01684419810771942, 0.8422424793243408, 0.008686807006597519, 0.0033257766626775265, 0.0020043463446199894], [0.010324450209736824, 0.005695602856576443, 0.005855637602508068, 0.0071746716275811195, 0.02100808545947075, 0.01365726999938488, 0.00398229481652379, 0.01479070819914341, 0.004882793873548508, 0.005695602856576443, 0.033449314534664154, 0.008621294051408768, 0.005605656653642654, 0.005695602856576443, 0.0067889015190303326, 0.014337271451950073, 0.00841405987739563, 0.00398229481652379, 0.005198698025196791, 0.011579571291804314, 0.007032567169517279, 0.008042600005865097, 0.007916540838778019, 0.005605656653642654, 0.007575539406388998, 0.014018974266946316, 0.7433161735534668, 0.006517553701996803, 0.003234661417081952], [0.04694486781954765, 0.021321017295122147, 0.034817639738321304, 0.033086761832237244, 0.05740823224186897, 0.0361936055123806, 0.022343242540955544, 0.07841673493385315, 0.03841625154018402, 0.021321017295122147, 0.03213666006922722, 0.04545055702328682, 0.03428264707326889, 0.021321017295122147, 0.02495504356920719, 0.04744234308600426, 0.027245156466960907, 0.022343242540955544, 0.03250259906053543, 0.025296621024608612, 0.027947742491960526, 