{"premise_tokens": ["Organs", "exist", "in", "all", "higher", "biological", "organisms", ",", "in", "particular", "they", "are", "not", "restricted", "to", "animals", ",", "but", "can", "also", "be", "identified", "in", "plants", ".", "@@NULL@@"], "hypothesis_tokens": ["Organs", "exist", "in", "all", "higher", "biological", "organisms", ".", "@@NULL@@"], "label_logits": [3.688706398010254, 1.541254997253418, -8.759735107421875], "label_probs": [0.8954272270202637, 0.10456924885511398, 3.513507408570149e-06], "h2p_attention": [[0.9640353322029114, 0.0008507779566571116, 0.0008819570648483932, 0.001291267923079431, 0.0016028427053242922, 0.001489857560954988, 0.000788456411100924, 0.0006141175399534404, 0.0008819570648483932, 0.0008645054767839611, 0.0018455047393217683, 0.0009692206513136625, 0.004983385559171438, 0.0012340422254055738, 0.0006761645199730992, 0.009120863862335682, 0.0006141175399534404, 0.0008303234935738146, 0.0007589655579067767, 0.0006023899186402559, 0.001668246346525848, 0.0005713343271054327, 0.0008819570648483932, 0.0009265043772757053, 0.0006958225858397782, 0.0003201114886905998], [0.011983693577349186, 0.5632596015930176, 0.03164743259549141, 0.02067410573363304, 0.006422092206776142, 0.020938431844115257, 0.017171870917081833, 0.007541930302977562, 0.03164743259549141, 0.012760307639837265, 0.013569436967372894, 0.018725402653217316, 0.040563877671957016, 0.027084071189165115, 0.011408617720007896, 0.01652630604803562, 0.007541930302977562, 0.021626299247145653, 0.016991958022117615, 0.008265947923064232, 0.01113656535744667, 0.010825245641171932, 0.03164743259549141, 0.027347449213266373, 0.008183596655726433, 0.004508954472839832], [0.011590754613280296, 0.029527589678764343, 0.168279230594635, 0.029880139976739883, 0.01726623810827732, 0.01124483160674572, 0.013953665271401405, 0.009256215766072273, 0.168279230594635, 0.020995276048779488, 0.02200591005384922, 0.0264133270829916, 0.06846305727958679, 0.018403250724077225, 0.018193574622273445, 0.021853407844901085, 0.009256215766072273, 0.037844281643629074, 0.03240774944424629, 0.013368334621191025, 0.03684850037097931, 0.010114539414644241, 0.168279230594635, 0.021398240700364113, 0.01067027822136879, 0.004206931684166193], [0.002082273131236434, 0.0023668648209422827, 0.003666400210931897, 0.6870699524879456, 0.0036248189862817526, 0.004468244966119528, 0.0012595771113410592, 0.005274530965834856, 0.003666400210931897, 0.005560258403420448, 0.012578713707625866, 0.00571012357249856, 0.14874489605426788, 0.0027616959996521473, 0.006867397576570511, 0.007547260727733374, 0.005274530965834856, 0.056669216603040695, 0.004092865157872438, 0.0036963580641895533, 0.013668891042470932, 0.003557946067303419, 0.003666400210931897, 0.0038460753858089447, 0.0017621131846681237, 0.0005162054440006614], [0.006894125137478113, 0.0019610561430454254, 0.005650950595736504, 0.009668365120887756, 0.8167566657066345, 0.0020549928303807974, 0.004289032891392708, 0.003532630857080221, 0.005650950595736504, 0.00621930742636323, 0.006331662181764841, 0.0070691234432160854, 0.013256117701530457, 0.004903917200863361, 0.008903968147933483, 0.02079045958817005, 0.003532630857080221, 0.019060730934143066, 0.010349821299314499, 0.004650351591408253, 0.021357830613851547, 0.0026761218905448914, 0.005650950595736504, 0.004643985070288181, 0.002767368918284774, 0.0013768586795777082], [0.0014918730594217777, 0.0014885269338265061, 0.0008567931945435703, 0.0027746150735765696, 0.00047842005733400583, 0.9747737646102905, 0.002689426066353917, 0.0004992552567273378, 0.0008567931945435703, 0.0007698734989389777, 0.001377177075482905, 0.0004806898650713265, 0.0013465398224070668, 0.000785657437518239, 0.0008015658822841942, 0.0007901078788563609, 0.0004992552567273378, 0.0013260252308100462, 0.00044359517050907016, 0.0003975149884354323, 0.00040839624125510454, 0.00062105234246701, 0.0008567931945435703, 0.0022729721385985613, 0.0005927880993112922, 0.00032054452458396554], [0.002894583623856306, 0.004475601948797703, 0.0038979179225862026, 0.002867557108402252, 0.003660831367596984, 0.009860096499323845, 0.9046657681465149, 0.001459091785363853, 0.0038979179225862026, 0.0037495275028049946, 0.0028837278950959444, 0.002450870582833886, 0.004439330659806728, 0.005509538576006889, 0.003931174986064434, 0.003386842552572489, 0.001459091785363853, 0.003017440903931856, 0.008352981880307198, 0.003458295948803425, 0.004950568545609713, 0.0026627692859619856, 0.0038979179225862026, 0.004693952854722738, 0.002301383065059781, 0.0011751949787139893], [0.03215784952044487, 0.026850851252675056, 0.037523217499256134, 0.050501104444265366, 0.029734961688518524, 0.027359042316675186, 0.028971362859010696, 0.01973230205476284, 0.037523217499256134, 0.036777082830667496, 0.05487507954239845, 0.04459330812096596, 0.09697485715150833, 0.031063538044691086, 0.03456105664372444, 0.04257649555802345, 0.01973230205476284, 0.06461026519536972, 0.043905146420001984, 0.027185698971152306, 0.05670382082462311, 0.031419284641742706, 0.037523217499256134, 0.026985175907611847, 0.045365702360868454, 0.014794141054153442], [0.03846152499318123, 0.03846152499318123, 0.03846152499318123, 0.03846152499318123, 0.03846152499318123, 0.03846152499318123, 0.03846152499318123, 0.03846152499318123, 0.03846152499318123, 0.03846152499318123, 0.03846152499318123, 0.03846152499318123, 0.03846152499318123, 0.03846152499318123, 0.03846152499318123, 0.03846152499318123, 0.03846152499318123, 0.03846152499318123, 0.03846152499318123, 0.03846152499318123, 0.03846152499318123, 0.03846152499318123, 0.03846152499318123, 0.03846152499318123, 0.03846152499318123, 0.03846152499318123]],