{"premise_tokens": ["A", "Mediterranean", "diet", "lowers", "the", "risk", "of", "cancer", "as", "does", "the", "stopping", "of", "smoking", ".", "@@NULL@@"], "hypothesis_tokens": ["A", "Mediterranean", "diet", "lowers", "the", "risk", "of", "cancer", ".", "@@NULL@@"], "label_logits": [2.6463820934295654, -0.9564972519874573, -4.671363830566406], "label_probs": [0.9728489518165588, 0.026505427435040474, 0.0006456373375840485], "h2p_attention": [[0.18568265438079834, 0.05024828761816025, 0.12623851001262665, 0.0345078781247139, 0.04179099202156067, 0.09615735709667206, 0.03681058809161186, 0.033119477331638336, 0.07894523441791534, 0.07553698867559433, 0.04179099202156067, 0.06208585202693939, 0.03681058809161186, 0.05974368751049042, 0.026907622814178467, 0.01362320501357317], [3.2530271710129455e-05, 0.999556839466095, 6.646796828135848e-05, 5.867735671927221e-05, 2.1584341084235348e-05, 3.910518353222869e-05, 1.9563662135624327e-05, 1.457628150092205e-05, 1.369433812214993e-05, 3.4158932976424694e-05, 2.1584341084235348e-05, 4.7202614950947464e-05, 1.9563662135624327e-05, 2.6076088033732958e-05, 1.9610286472016014e-05, 8.819538379611913e-06], [4.4504406105261296e-05, 3.619570270529948e-05, 0.9995346069335938, 1.6419056919403374e-05, 1.3317051525518764e-05, 4.436786548467353e-05, 1.1659330994007178e-05, 3.526617001625709e-05, 2.517323082429357e-05, 5.913569111726247e-05, 1.3317051525518764e-05, 9.169427357846871e-05, 1.1659330994007178e-05, 4.8971662181429565e-05, 8.961636922322214e-06, 4.8027554839791264e-06], [0.003290730994194746, 0.008643276058137417, 0.0044413115829229355, 0.9435348510742188, 0.002235693857073784, 0.00488994549959898, 0.0023960242979228497, 0.004949316382408142, 0.0025199060328304768, 0.004084777552634478, 0.002235693857073784, 0.005669131875038147, 0.0023960242979228497, 0.005603197030723095, 0.0018109846860170364, 0.0012991327093914151], [0.0617520846426487, 0.049265310168266296, 0.05581692233681679, 0.03464232757687569, 0.10701660811901093, 0.05301950126886368, 0.04638669267296791, 0.02723461389541626, 0.06860021501779556, 0.14232897758483887, 0.10701660811901093, 0.08586625754833221, 0.04638669267296791, 0.05334010347723961, 0.04119688272476196, 0.020130209624767303], [0.04051252081990242, 0.025449238717556, 0.05302301421761513, 0.02160411700606346, 0.015117273665964603, 0.6244591474533081, 0.01215817965567112, 0.02393832430243492, 0.04209696874022484, 0.022409014403820038, 0.015117273665964603, 0.03714953362941742, 0.01215817965567112, 0.03930108994245529, 0.009766465052962303, 0.005739659070968628], [0.05231591686606407, 0.04294818267226219, 0.047002796083688736, 0.035709042102098465, 0.04461546987295151, 0.04101311415433884, 0.19214943051338196, 0.040252793580293655, 0.05388656258583069, 0.059822823852300644, 0.04461546987295151, 0.0569247342646122, 0.19214943051338196, 0.047456465661525726, 0.0297761932015419, 0.01936156116425991], [0.001982535934075713, 0.0013477759202942252, 0.005988039076328278, 0.0031067654490470886, 0.0011032900074496865, 0.0034011397510766983, 0.0016954010352492332, 0.9701752662658691, 0.0018527174834161997, 0.001137787476181984, 0.0011032900074496865, 0.0012108669616281986, 0.0016954010352492332, 0.002120580757036805, 0.0012636496685445309, 0.0008154865354299545], [0.06228770688176155, 0.07012040168046951, 0.05884414538741112, 0.04396099969744682, 0.06453903019428253, 0.05366085097193718, 0.04849926009774208, 0.048867061734199524, 0.0655461773276329, 0.0937875285744667, 0.06453903019428253, 0.0994984358549118, 0.04849926009774208, 0.04911008104681969, 0.09670393913984299, 0.031535983085632324], [0.0625, 0.0625, 0.0625, 0.0625, 0.0625, 0.0625, 0.0625, 0.0625, 0.0625, 0.0625, 0.0625, 0.0625, 0.0625, 0.0625, 0.0625, 0.0625]], "p2h_attention": [[0.28784146904945374, 0.07789387553930283, 0.19569237530231476, 0.05349341034889221, 0.06478354334831238, 0.1490611881017685, 0.0570630244910717, 0.051341138780117035, 0.04171165078878403, 0.021118415519595146], [3.253554677939974e-05, 0.9997190237045288, 6.64787512505427e-05, 5.868687730981037e-05, 2.1587842638837174e-05, 3.9111524529289454e-05, 1.9566836272133514e-05, 1.4578647096641362e-05, 1.9613466065493412e-05, 8.820969014777802e-06], [4.451553104445338e-05, 3.620475035859272e-05, 0.9997844696044922, 1.6423160559497774e-05, 1.3320380276127253e-05, 4.4378954044077545e-05, 1.166224592452636e-05, 3.5274984838906676e-05, 8.963876098277979e-06, 4.803956016985467e-06], [0.0033665066584944725, 0.008842305280268192, 0.004543581511825323, 0.9652616381645203, 0.0022871752735227346, 0.00500254612416029, 0.002451197477057576, 0.005063284188508987, 0.00185268628410995, 0.0013290478382259607], [0.12438453733921051, 0.09923295676708221, 0.11242959648370743, 0.06977852433919907, 0.21555888652801514, 0.10679486393928528, 0.09343469142913818, 0.054857488721609116, 0.08298107981681824, 0.04054740443825722], [0.04870652034878731, 0.03059656172990799, 0.06374736875295639, 0.0259737316519022, 0.018174869939684868, 0.7507612705230713, 0.014617273584008217, 0.028780052438378334, 0.011741815134882927, 0.0069005535915493965], [0.09596706181764603, 0.07878311723470688, 0.08622080087661743, 0.0655038058757782, 0.08184155076742172, 0.07523346692323685, 0.35247430205345154, 0.07383876293897629, 0.05462073162198067, 0.03551638498902321], [0.002000784268602729, 0.0013601817190647125, 0.006043156608939171, 0.0031353619415313005, 0.0011134453816339374, 0.003432445926591754, 0.0017110066255554557, 0.9791053533554077, 0.0012752810725942254, 0.0008229927625507116], [0.17347687482833862, 0.04648258164525032, 0.15690739452838898, 0.05806652083992958, 0.10201691836118698, 0.21956327557563782, 0.08331727981567383, 0.06801227480173111, 0.06222086027264595, 0.029936082661151886], [0.12513898313045502, 0.08741191774606705, 0.27788910269737244, 0.07096221297979355, 0.15957222878932953, 0.08811482042074203, 0.06973307579755783, 0.03148883953690529, 0.06711985915899277, 0.022568996995687485], [0.12438453733921051, 0.09923295676708221, 0.11242959648370743, 0.06977852433919907, 0.21555888652801514, 0.10679486393928528, 0.09343469142913818, 0.054857488721609116, 0.08298107981681824, 0.04054740443825722], [0.08650502562522888, 0.1015893891453743, 0.36239299178123474, 0.08283062279224396, 0.08096591383218765, 0.12285568565130234, 0.05580699443817139, 0.028184328228235245, 0.05988774076104164, 0.018981389701366425], [0.09596706181764603, 0.07878311723470688, 0.08622080087661743, 0.0655038058757782, 0.08184155076742172, 0.07523346692323685, 0.35247430205345154, 0.07383876293897629, 0.05462073162198067, 0.03551638498902321], [0.11256994307041168, 0.07589378952980042, 0.26173627376556396, 0.11071134358644485, 0.0680166631937027, 0.175763338804245, 0.06291652470827103, 0.0667494609951973, 0.039973676204681396, 0.025669045746326447], [0.10757448524236679, 0.12110200524330139, 0.10162724554538727, 0.07592319697141647, 0.11146263778209686, 0.09267539530992508, 0.08376104384660721, 0.08439625799655914, 0.16701331734657288, 0.054464470595121384], [0.09999998658895493, 0.09999998658895493, 0.09999998658895493, 0.09999998658895493, 0.09999998658895493, 0.09999998658895493, 0.09999998658895493, 0.09999998658895493, 0.09999998658895493, 0.09999998658895493]], "claim": "A Mediterranean diet lowers the risk of cancer.", "premise_source_doc_id": "Stomach_cancer", "premise_source_doc_line_num": 19, "premise_source_doc_sentence": "A Mediterranean diet lowers the risk of cancer as does the stopping of smoking ."}
{"premise_tokens": ["There", "is", "tentative", "evidence", "that", "the", "Mediterranean", "diet", "lowers", "the", "risk", "of", "heart", "disease", "and", "early", "death", ".", "@@NULL@@"], "hypothesis_tokens": ["A", "Mediterranean", "diet", "lowers", "the", "risk", "of", "cancer", ".", "@@NULL@@"], "label_logits": [1.9725526571273804, -0.4408051669597626, -4.234246253967285], "label_probs": [0.9161453247070312, 0.08200804144144058, 0.0018466552719473839],