{"premise_tokens": ["Parke", "-", "Davis", "developed", "pregabalin", "as", "a", "successor", "to", "gabapentin", "and", "was", "brought", "to", "market", "by", "Pfizer", "after", "the", "company", "acquired", "Warner", "-", "Lambert", ".", "@@NULL@@"], "hypothesis_tokens": ["Pregabalin", "was", "a", "successor", "to", "gabapentin", ",", "being", "released", "in", "1998", ".", "@@NULL@@"], "label_logits": [-1.1535438299179077, -1.0533844232559204, 0.489723801612854], "label_probs": [0.1374119073152542, 0.15188786387443542, 0.7107002139091492], "h2p_attention": [[0.053389374166727066, 0.027399592101573944, 0.04054340720176697, 0.03234301507472992, 0.053389374166727066, 0.03292099013924599, 0.03161175921559334, 0.053389374166727066, 0.03878633677959442, 0.053389374166727066, 0.02930261567234993, 0.033162035048007965, 0.046648260205984116, 0.03878633677959442, 0.04408664628863335, 0.03138716146349907, 0.053389374166727066, 0.039018191397190094, 0.03327440470457077, 0.0366499088704586, 0.03551064804196358, 0.02832597680389881, 0.027399592101573944, 0.053389374166727066, 0.02940426580607891, 0.023102588951587677], [0.021816477179527283, 0.02182469144463539, 0.03321532905101776, 0.036815542727708817, 0.021816477179527283, 0.040619365870952606, 0.0401923730969429, 0.021816477179527283, 0.044736895710229874, 0.021816477179527283, 0.032648079097270966, 0.13786987960338593, 0.04449480399489403, 0.044736895710229874, 0.046182356774806976, 0.05577988922595978, 0.021816477179527283, 0.060064371675252914, 0.035656630992889404, 0.053900182247161865, 0.047628726810216904, 0.020857147872447968, 0.02182469144463539, 0.021816477179527283, 0.03485465422272682, 0.015198619104921818], [0.015103203244507313, 0.017668163403868675, 0.03460938483476639, 0.03276171162724495, 0.015103203244507313, 0.06396283954381943, 0.1504434049129486, 0.015103203244507313, 0.05291585996747017, 0.015103203244507313, 0.03265944495797157, 0.0291890949010849, 0.05152062326669693, 0.05291585996747017, 0.05931539833545685, 0.04079793021082878, 0.015103203244507313, 0.06444856524467468, 0.03385980799794197, 0.07528449594974518, 0.03759000077843666, 0.028931012377142906, 0.017668163403868675, 0.015103203244507313, 0.021801041439175606, 0.011037764139473438], [0.053389374166727066, 0.027399592101573944, 0.04054340720176697, 0.03234301507472992, 0.053389374166727066, 0.03292099013924599, 0.03161175921559334, 0.053389374166727066, 0.03878633677959442, 0.053389374166727066, 0.02930261567234993, 0.033162035048007965, 0.046648260205984116, 0.03878633677959442, 0.04408664628863335, 0.03138716146349907, 0.053389374166727066, 0.039018191397190094, 0.03327440470457077, 0.0366499088704586, 0.03551064804196358, 0.02832597680389881, 0.027399592101573944, 0.053389374166727066, 0.02940426580607891, 0.023102588951587677], [0.01197518315166235, 0.009339924901723862, 0.028805648908019066, 0.021954219788312912, 0.01197518315166235, 0.041477758437395096, 0.03419548645615578, 0.01197518315166235, 0.23010557889938354, 0.01197518315166235, 0.02506631426513195, 0.020995475351810455, 0.0432286262512207, 0.23010557889938354, 0.02324170619249344, 0.0276099294424057, 0.01197518315166235, 0.06951496750116348, 0.02809988707304001, 0.023241151124238968, 0.02426043339073658, 0.013770165853202343, 0.009339924901723862, 0.01197518315166235, 0.016663309186697006, 0.007132865022867918], [0.053389374166727066, 0.027399592101573944, 0.04054340720176697, 0.03234301507472992, 0.053389374166727066, 0.03292099013924599, 0.03161175921559334, 0.053389374166727066, 0.03878633677959442, 0.053389374166727066, 0.02930261567234993, 0.033162035048007965, 0.046648260205984116, 0.03878633677959442, 0.04408664628863335, 0.03138716146349907, 0.053389374166727066, 0.039018191397190094, 0.03327440470457077, 0.0366499088704586, 0.03551064804196358, 0.02832597680389881, 0.027399592101573944, 0.053389374166727066, 0.02940426580607891, 0.023102588951587677], [0.021858733147382736, 0.030354918912053108, 0.043774012476205826, 0.02280544675886631, 0.021858733147382736, 0.08004292845726013, 0.05381868779659271, 0.021858733147382736, 0.04297781363129616, 0.021858733147382736, 0.06874190270900726, 0.033126283437013626, 0.04533969238400459, 0.04297781363129616, 0.03125782310962677, 0.0707692801952362, 0.021858733147382736, 0.08311484009027481, 0.041207827627658844, 0.043119627982378006, 0.03498565033078194, 0.024170296266674995, 0.030354918912053108, 0.021858733147382736, 0.02623697929084301, 0.019670970737934113], [0.013692855834960938, 0.01110642496496439, 0.042566001415252686, 0.023633768782019615, 0.013692855834960938, 0.04633677750825882, 0.03198800981044769, 0.013692855834960938, 0.05888593941926956, 0.013692855834960938, 0.018330775201320648, 0.043325845152139664, 0.045029088854789734, 0.05888593941926956, 0.05689125135540962, 0.1938372403383255, 0.013692855834960938, 0.12547758221626282, 0.02794204093515873, 0.03139818459749222, 0.04359322413802147, 0.015014084987342358, 0.01110642496496439, 0.013692855834960938, 0.024376725777983665, 0.008117441087961197], [0.0285597275942564, 0.019212137907743454, 0.047610145062208176, 0.05523565411567688, 0.0285597275942564, 0.034956514835357666, 0.04714733734726906, 0.0285597275942564, 0.03445650264620781, 0.0285597275942564, 0.030085057020187378, 0.03785219416022301, 0.06425941735506058, 0.03445650264620781, 0.08219361305236816, 0.025493822991847992, 0.0285597275942564, 0.048516515642404556, 0.027008138597011566, 0.05870867520570755, 0.06301037222146988, 0.05055108666419983, 0.019212137907743454, 0.0285597275942564, 0.030690912157297134, 0.017984917387366295], [0.02014339342713356, 0.021149247884750366, 0.07180305570363998, 0.0532093420624733, 0.02014339342713356, 0.050938595086336136, 0.05825791880488396, 0.02014339342713356, 0.052465908229351044, 0.02014339342713356, 0.027264991775155067, 0.02874467708170414, 0.10070421546697617, 0.052465908229351044, 0.04761455953121185, 0.04833758994936943, 0.02014339342713356, 0.04942496120929718, 0.03626278415322304, 0.05557207018136978, 0.03701506182551384, 0.023857176303863525, 0.021149247884750366, 0.02014339342713356, 0.030770527198910713, 0.012131782248616219], [0.053389374166727066, 0.027399592101573944, 0.04054340720176697, 0.03234301507472992, 0.053389374166727066, 0.03292099013924599, 0.03161175921559334, 0.053389374166727066, 0.03878633677959442, 0.053389374166727066, 0.02930261567234993, 0.033162035048007965, 0.046648260205984116, 0.03878633677959442, 0.04408664628863335, 0.03138716146349907, 0.053389374166727066, 0.039018191397190094, 0.03327440470457077, 0.0366499088704586, 0.03551064804196358, 0.02832597680389881, 0.027399592101573944, 0.053389374166727066, 0.02940426580607891, 0.023102588951587677], [0.026731574907898903, 0.0226590633392334, 0.03344452753663063, 0.04433703050017357, 0.026731574907898903, 0.04365318641066551, 0.0414830707013607, 0.026731574907898903, 0.04906501993536949, 0.026731574907898903, 0.040750663727521896, 0.04816500470042229, 0.04877903312444687, 0.04906501993536949, 0.04810319468379021, 0.045717302709817886, 0.026731574907898903, 0.05473153293132782, 0.04298242926597595, 0.0400908999145031, 0.04674375429749489, 0.03177402913570404, 0.0226590633392334, 0.026731574907898903, 0.06440398097038269, 0.021002689376473427], [0.03846152499318123, 0.03846152499318123, 0.03846152499318123, 0.03846152499318123, 0.03846152499318123, 0.03846152499318123, 0.03846152499318123, 0.03846152499318123, 0.03846152499318123, 0.03846152499318123, 0.03846152499318123, 0.03846152499318123, 0.03846152499318123, 0.03846152499318123, 0.03846152499318123, 0.03846152499318123, 0.03846152499318123, 0.03846152499318123, 0.03846152499318123, 0.03846152499318123, 0.03846152499318123, 0.03846152499318123, 0.03846152499318123, 0.03846152499318123, 0.03846152499318123, 0.03846152499318123]],