{"premise_tokens": ["She", "starred", "in", "dramatic", "films", "such", "as", "Menace", "II", "Society", "(", "1993", ")", "and", "Set", "It", "Off", "(", "1996", ")", ".", "@@NULL@@"], "hypothesis_tokens": ["Jada", "Pinkett", "Smith", "only", "starred", "in", "comedic", "films", ".", "@@NULL@@"], "label_logits": [-1.8587079048156738, 2.245177745819092, -1.1077746152877808], "label_probs": [0.015700019896030426, 0.9510319828987122, 0.03326797112822533], "h2p_attention": [[0.06383161246776581, 0.03454182669520378, 0.04630923271179199, 0.08066626638174057, 0.05116475746035576, 0.03419456630945206, 0.039744019508361816, 0.0644545778632164, 0.03389602154493332, 0.04566250741481781, 0.029982659965753555, 0.0644545778632164, 0.0311184860765934, 0.035375721752643585, 0.03636135905981064, 0.05387348309159279, 0.06101229786872864, 0.029982659965753555, 0.06886589527130127, 0.0311184860765934, 0.03549844026565552, 0.02789071388542652], [0.06383161246776581, 0.03454182669520378, 0.04630923271179199, 0.08066626638174057, 0.05116475746035576, 0.03419456630945206, 0.039744019508361816, 0.0644545778632164, 0.03389602154493332, 0.04566250741481781, 0.029982659965753555, 0.0644545778632164, 0.0311184860765934, 0.035375721752643585, 0.03636135905981064, 0.05387348309159279, 0.06101229786872864, 0.029982659965753555, 0.06886589527130127, 0.0311184860765934, 0.03549844026565552, 0.02789071388542652], [0.12206194549798965, 0.11710478365421295, 0.07261481881141663, 0.03472954407334328, 0.02620352804660797, 0.06943110376596451, 0.05442027375102043, 0.022781401872634888, 0.03635479137301445, 0.06608229130506516, 0.018246624618768692, 0.022781401872634888, 0.01753847487270832, 0.03315524756908417, 0.033597782254219055, 0.08011975884437561, 0.0648118108510971, 0.018246624618768692, 0.0261243786662817, 0.01753847487270832, 0.030085839331150055, 0.015968983992934227], [0.12249277532100677, 0.013026854954659939, 0.03537086024880409, 0.020473549142479897, 0.009647022932767868, 0.08555878698825836, 0.08503007888793945, 0.005532687995582819, 0.03254048526287079, 0.008000657893717289, 0.0036906886380165815, 0.005532687995582819, 0.0035379959736019373, 0.07433612644672394, 0.008949662558734417, 0.28734904527664185, 0.13471809029579163, 0.0036906886380165815, 0.03942561522126198, 0.0035379959736019373, 0.014259878545999527, 0.003297800198197365], [0.0009125533397309482, 0.9869219660758972, 0.0013157936045899987, 0.0005965046584606171, 0.00039316873881034553, 0.004039464518427849, 0.000980609213002026, 0.00010445954831084237, 0.00025777987320907414, 0.000329965609125793, 0.0001358539011562243, 0.00010445954831084237, 0.00013923576625529677, 0.00015745223208796233, 0.001973533071577549, 0.00035029349965043366, 0.0003142506175208837, 0.0001358539011562243, 0.00046570698032155633, 0.00013923576625529677, 0.00014749700494576246, 8.434565097559243e-05], [0.08387307077646255, 0.09620775282382965, 0.24668917059898376, 0.14151395857334137, 0.037125930190086365, 0.03802359476685524, 0.025894489139318466, 0.010239836759865284, 0.015291671268641949, 0.02085024118423462, 0.009086753241717815, 0.010239836759865284, 0.009886376559734344, 0.013860081322491169, 0.05354377254843712, 0.052071839570999146, 0.02484855242073536, 0.009086753241717815, 0.06997054070234299, 0.009886376559734344, 0.01564210280776024, 0.006167157087475061], [0.03902914747595787, 0.05312821641564369, 0.02916059084236622, 0.49621403217315674, 0.08092698454856873, 0.010922173038125038, 0.02030506543815136, 0.010991254821419716, 0.013549774885177612, 0.026879942044615746, 0.014600523747503757, 0.010991254821419716, 0.014838169328868389, 0.007325322832912207, 0.018434420228004456, 0.030387401580810547, 0.01682264171540737, 0.014600523747503757, 0.058862898498773575, 0.014838169328868389, 0.0122538972645998, 0.004937650170177221], [0.0014312217244878411, 0.0023222449235618114, 0.0029990526381880045, 0.008029770106077194, 0.965573251247406, 0.000672378926537931, 0.0011824296088889241, 0.0009139091125689447, 0.0006968193338252604, 0.000996793038211763, 0.0006393982912413776, 0.0009139091125689447, 0.0007787512731738389, 0.000754537177272141, 0.0009386843303218484, 0.002140370663255453, 0.0022115525789558887, 0.0006393982912413776, 0.0038863627705723047, 0.0007787512731738389, 0.00100224488414824, 0.0004981862148270011], [0.12378960847854614, 0.03481900691986084, 0.050501685589551926, 0.060627683997154236, 0.04005694016814232, 0.039568062871694565, 0.04138440638780594, 0.02534225955605507, 0.037818506360054016, 0.050852786749601364, 0.026994917541742325, 0.02534225955605507, 0.02687704563140869, 0.03863273561000824, 0.03418201208114624, 0.0932064950466156, 0.05744827911257744, 0.026994917541742325, 0.057715483009815216, 0.02687704563140869, 0.061056725680828094, 0.01991111971437931], [0.04545453563332558, 0.04545453563332558, 0.04545453563332558, 0.04545453563332558, 0.04545453563332558, 0.04545453563332558, 0.04545453563332558, 0.04545453563332558, 0.04545453563332558, 0.04545453563332558, 0.04545453563332558, 0.04545453563332558, 0.04545453563332558, 0.04545453563332558, 0.04545453563332558, 0.04545453563332558, 0.04545453563332558, 0.04545453563332558, 0.04545453563332558, 0.04545453563332558, 0.04545453563332558, 0.04545453563332558]],