{"premise_tokens": ["A", "proletarian", "revolution", "is", "a", "social", "revolution", "in", "which", "the", "working", "class", "attempts", "to", "overthrow", "the", "bourgeoisie", ".", "@@NULL@@"], "hypothesis_tokens": ["World", "revolution", "ignores", "the", "working", "class", ".", "@@NULL@@"], "label_logits": [-1.6816781759262085, 2.1652369499206543, -1.1875888109207153], "label_probs": [0.02020719274878502, 0.9466730952262878, 0.033119697123765945], "h2p_attention": [[0.05787349119782448, 0.025063950568437576, 0.11531996726989746, 0.0324508436024189, 0.05787349119782448, 0.09744604676961899, 0.11531996726989746, 0.07710681855678558, 0.050370752811431885, 0.033467646688222885, 0.06252989172935486, 0.036281295120716095, 0.03177681937813759, 0.03102523647248745, 0.06312701106071472, 0.033467646688222885, 0.025063950568437576, 0.033859506249427795, 0.020575763657689095], [1.6095476894406602e-05, 1.0544452379690483e-05, 0.49956876039505005, 9.67710275290301e-06, 1.6095476894406602e-05, 6.205309182405472e-05, 0.49956876039505005, 3.0267621696111746e-05, 1.3589238733402453e-05, 6.085208951844834e-06, 1.6228368622250855e-05, 5.9775634326797444e-06, 1.88762933248654e-05, 8.027689545997418e-06, 0.000622560444753617, 6.085208951844834e-06, 1.0544452379690483e-05, 6.110377398726996e-06, 3.670454134407919e-06], [0.046464703977108, 0.010478357784450054, 0.04509633034467697, 0.0852460116147995, 0.046464703977108, 0.06616634875535965, 0.04509633034467697, 0.03125671669840813, 0.08245325833559036, 0.034496091306209564, 0.029672788456082344, 0.011663173325359821, 0.175505593419075, 0.03434361144900322, 0.1852814108133316, 0.034496091306209564, 0.010478357784450054, 0.01849036104977131, 0.00684973644092679], [0.0556933730840683, 0.026148684322834015, 0.03009926714003086, 0.10507112741470337, 0.0556933730840683, 0.04484789818525314, 0.03009926714003086, 0.05426711216568947, 0.08100424706935883, 0.09651684015989304, 0.06266245990991592, 0.02708151936531067, 0.05598687753081322, 0.07152219116687775, 0.025330262258648872, 0.09651684015989304, 0.026148684322834015, 0.0371549129486084, 0.018155165016651154], [0.02647111564874649, 0.008431910537183285, 0.021687500178813934, 0.04884706810116768, 0.02647111564874649, 0.11305137723684311, 0.021687500178813934, 0.02794504165649414, 0.02529689110815525, 0.016930192708969116, 0.5238229632377625, 0.008453081361949444, 0.03738141432404518, 0.028282323852181435, 0.0228834580630064, 0.016930192708969116, 0.008431910537183285, 0.012089655734598637, 0.004905176814645529], [0.012149791233241558, 0.009384965524077415, 0.011705783195793629, 0.03207070007920265, 0.012149791233241558, 0.014054302126169205, 0.011705783195793629, 0.025177396833896637, 0.02126873843371868, 0.010721836239099503, 0.012386730872094631, 0.7506572604179382, 0.009546221233904362, 0.016823571175336838, 0.010658531449735165, 0.010721836239099503, 0.009384965524077415, 0.012243827804923058, 0.007187805138528347], [0.04928440600633621, 0.03175872936844826, 0.04153953120112419, 0.10090482234954834, 0.04928440600633621, 0.05965124070644379, 0.04153953120112419, 0.06328834593296051, 0.06823628395795822, 0.051065728068351746, 0.061499662697315216, 0.0425044447183609, 0.06368710100650787, 0.05829223245382309, 0.0331706665456295, 0.051065728068351746, 0.03175872936844826, 0.07651583105325699, 0.024952465668320656], [0.05263159051537514, 0.05263159051537514, 0.05263159051537514, 0.05263159051537514, 0.05263159051537514, 0.05263159051537514, 0.05263159051537514, 0.05263159051537514, 0.05263159051537514, 0.05263159051537514, 0.05263159051537514, 0.05263159051537514, 0.05263159051537514, 0.05263159051537514, 0.05263159051537514, 0.05263159051537514, 0.05263159051537514, 0.05263159051537514, 0.05263159051537514]], "p2h_attention": [[0.10374784469604492, 0.16174820065498352, 0.2502099871635437, 0.11315107345581055, 0.19905495643615723, 0.062348779290914536, 0.07285366952419281, 0.036885473877191544], [0.09856703877449036, 0.23245692253112793, 0.12378200143575668, 0.11654344201087952, 0.13909436762332916, 0.10565123707056046, 0.10298828780651093, 0.08091670274734497], [4.117191565455869e-05, 0.9998342990875244, 4.8363763198722154e-05, 1.2178905308246613e-05, 3.2479372748639435e-05, 1.1963464203290641e-05, 1.2229277672304306e-05, 7.346027814492118e-06], [0.03763143718242645, 0.06290807574987411, 0.2969484329223633, 0.1380905956029892, 0.23760999739170074, 0.10646161437034607, 0.09648934006690979, 0.023860571905970573], [0.10374784469604492, 0.16174820065498352, 0.2502099871635437, 0.11315107345581055, 0.19905495643615723, 0.062348779290914536, 0.07285366952419281, 0.036885473877191544], [0.07618341594934464, 0.27195414900779724, 0.155387282371521, 0.03973691165447235, 0.37074339389801025, 0.03145322576165199, 0.038455475121736526, 0.0160861536860466], [4.117191565455869e-05, 0.9998342990875244, 4.8363763198722154e-05, 1.2178905308246613e-05, 3.2479372748639435e-05, 1.1963464203290641e-05, 1.2229277672304306e-05, 7.346027814492118e-06], [0.1160842701792717, 0.2554436922073364, 0.14135333895683289, 0.09259192645549774, 0.17647641897201538, 0.10850533843040466, 0.0785682201385498, 0.030976802110671997], [0.07095742970705032, 0.10731258988380432, 0.3489067256450653, 0.12932515144348145, 0.1494816392660141, 0.08576712012290955, 0.07926423847675323, 0.02898513898253441], [0.07521136850118637, 0.07666022330522537, 0.23286829888820648, 0.24582001566886902, 0.15959583222866058, 0.06897427886724472, 0.09463035315275192, 0.04623962938785553], [0.023887505754828453, 0.03475313261151314, 0.03405050188302994, 0.02712978422641754, 0.839400053024292, 0.01354563981294632, 0.01937306672334671, 0.00786030013114214], [0.01527358591556549, 0.01410647388547659, 0.014748815447092056, 0.012920733541250229, 0.014927076175808907, 0.9046065211296082, 0.014754864387214184, 0.008661922998726368], [0.032245516777038574, 0.10737713426351547, 0.5349730849266052, 0.06438741087913513, 0.15911677479743958, 0.027730006724596024, 0.053290873765945435, 0.020879248157143593], [0.0625903382897377, 0.09078599512577057, 0.2081230878829956, 0.1635267287492752, 0.23933637142181396, 0.09715612232685089, 0.0969717875123024, 0.041509564965963364], [0.014637256041169167, 0.8092115521430969, 0.1290500909090042, 0.006656405050307512, 0.022257037460803986, 0.0070745921693742275, 0.006342216394841671, 0.004770900122821331], [0.07521136850118637, 0.07666022330522537, 0.23286829888820648, 0.24582001566886902, 0.15959583222866058, 0.06897427886724472, 0.09463035315275192, 0.04623962938785553], [0.09856703877449036, 0.23245692253112793, 0.12378200143575668, 0.11654344201087952, 0.13909436762332916, 0.10565123707056046, 0.10298828780651093, 0.08091670274734497], [0.10101384669542313, 0.1021890789270401, 0.16570203006267548, 0.1256239116191864, 0.1512918472290039, 0.10456281900405884, 0.18823228776454926, 0.061384156346321106], [0.125, 0.125, 0.125, 0.125, 0.125, 0.125, 0.125, 0.125]], "claim": "World revolution ignores the working class.", "premise_source_doc_id": "Proletarian_revolution", "premise_source_doc_line_num": 0, "premise_source_doc_sentence": "A proletarian revolution is a social revolution in which the working class attempts to overthrow the bourgeoisie ."}
