{"premise_tokens": ["Scott", "Free", "Productions", "has", "offices", "in", "London", "and", "Los", "Angeles", ".", "@@NULL@@"], "hypothesis_tokens": ["Scott", "Free", "Productions", "has", "an", "office", "in", "London", ".", "@@NULL@@"], "label_logits": [2.294265031814575, 0.4704878628253937, -4.839674949645996], "label_probs": [0.8604278564453125, 0.13888588547706604, 0.0006862522568553686], "h2p_attention": [[0.9869363307952881, 0.0020465196575969458, 0.00032472831662744284, 0.0007295086979866028, 0.00024126534117385745, 0.0009898984571918845, 0.0012702362146228552, 0.000372995127690956, 0.004079209640622139, 0.0022398903965950012, 0.0005360470386222005, 0.0002333734300918877], [0.016962260007858276, 0.9172331094741821, 0.003476160578429699, 0.010924583300948143, 0.0030160045716911554, 0.007743820548057556, 0.011683941818773746, 0.012497815303504467, 0.005582049489021301, 0.003872342174872756, 0.005073612555861473, 0.0019342793384566903], [0.0705803632736206, 0.0911581963300705, 0.11722201108932495, 0.08913099765777588, 0.1255009025335312, 0.08422151207923889, 0.07116944342851639, 0.06433699280023575, 0.08800940960645676, 0.08338585495948792, 0.064560167491436, 0.050724178552627563], [0.034837815910577774, 0.06294447183609009, 0.019583282992243767, 0.5691612958908081, 0.028092036023736, 0.09320425242185593, 0.025472491979599, 0.021056191995739937, 0.04973548278212547, 0.05528014898300171, 0.02948784828186035, 0.011144787073135376], [0.0805891901254654, 0.11419501900672913, 0.022865798324346542, 0.1992386281490326, 0.035573117434978485, 0.2091653048992157, 0.0792553499341011, 0.04040150344371796, 0.06985187530517578, 0.09195691347122192, 0.04179369658231735, 0.015113581903278828], [0.014830880798399448, 0.03939703106880188, 0.03273212909698486, 0.041114725172519684, 0.6707702875137329, 0.052143875509500504, 0.032058779150247574, 0.029293972998857498, 0.025587638840079308, 0.02827637828886509, 0.023067621514201164, 0.010726741515100002], [0.04165402054786682, 0.03931459039449692, 0.01630517840385437, 0.08212616294622421, 0.03462747111916542, 0.3928101062774658, 0.2259354442358017, 0.022069796919822693, 0.0520625077188015, 0.058367203921079636, 0.02490735985338688, 0.009820138104259968], [0.0005822220700792968, 0.0006461386219598353, 0.00015008394257165492, 0.0002444867859594524, 0.0007300698780454695, 0.002461060881614685, 0.9932023286819458, 0.00024916199618019164, 0.0006757505470886827, 0.0007654295768588781, 0.00018631744023878127, 0.00010696841491153464], [0.09422791749238968, 0.10760343819856644, 0.05221289396286011, 0.10854241997003555, 0.060293860733509064, 0.10404908657073975, 0.07145390659570694, 0.07959537953138351, 0.07179897278547287, 0.08340328186750412, 0.12579573690891266, 0.04102306440472603], [0.0833333432674408, 0.0833333432674408, 0.0833333432674408, 0.0833333432674408, 0.0833333432674408, 0.0833333432674408, 0.0833333432674408, 0.0833333432674408, 0.0833333432674408, 0.0833333432674408, 0.0833333432674408, 0.0833333432674408]], "p2h_attention": [[0.9922611713409424, 0.002057561418041587, 0.00032648033811710775, 0.0007334446418099105, 0.001251116394996643, 0.0003244049148634076, 0.0009952393593266606, 0.0012770895846188068, 0.0005389392608776689, 0.00023463254910893738], [0.017017550766468048, 0.9202229380607605, 0.003487491514533758, 0.01096019335091114, 0.014662646688520908, 0.007127351127564907, 0.0077690621837973595, 0.011722026392817497, 0.0050901505164802074, 0.001940584392286837], [0.08109969645738602, 0.10474444180727005, 0.13469283282756805, 0.10241512209177017, 0.0881798267364502, 0.17785118520259857, 0.0967739149928093, 0.08177656680345535, 0.07418224215507507, 0.05828413367271423], [0.03364437818527222, 0.06078818067908287, 0.0189124196767807, 0.5496635437011719, 0.14188596606254578, 0.04125369340181351, 0.0900113582611084, 0.02459987998008728, 0.028477683663368225, 0.010762999765574932], [0.012120462022721767, 0.01828051544725895, 0.029007310047745705, 0.029552018269896507, 0.02759498544037342, 0.7331311106681824, 0.04134080931544304, 0.08001741766929626, 0.017231402918696404, 0.011723995208740234], [0.04097723588347435, 0.03867581486701965, 0.0160402562469244, 0.08079179376363754, 0.13369819521903992, 0.046961165964603424, 0.3864278197288513, 0.22226449847221375, 0.024502670392394066, 0.00966058298945427], [0.0005831199232488871, 0.0006471350789070129, 0.0001503153907833621, 0.0002448638260830194, 0.0005618055001832545, 0.00032018727506510913, 0.002464856021106243, 0.994733989238739, 0.00018660476780496538, 0.0001071333754225634], [0.06621330976486206, 0.26767539978027344, 0.052545949816703796, 0.07827113568782806, 0.11074487119913101, 0.11313681304454803, 0.0931052714586258, 0.09649833291769028, 0.08038098365068436, 0.04142795875668526], [0.3646143078804016, 0.06019819900393486, 0.036192886531353, 0.09309015423059464, 0.09640949219465256, 0.049758974462747574, 0.11059020459651947, 0.1317770928144455, 0.036508940160274506, 0.020859749987721443], [0.22291241586208344, 0.04649576172232628, 0.038180023431777954, 0.11520100384950638, 0.1413109451532364, 0.06122301518917084, 0.1380416303873062, 0.16619136929512024, 0.0472186803817749, 0.02322516404092312], [0.10393904149532318, 0.1186930388212204, 0.057593949139118195, 0.11972879618406296, 0.12513263523578644, 0.09731105715036392, 0.11477237939834595, 0.0788179412484169, 0.13876023888587952, 0.04525090008974075], [0.09999998658895493, 0.09999998658895493, 0.09999998658895493, 0.09999998658895493, 0.09999998658895493, 0.09999998658895493, 0.09999998658895493, 0.09999998658895493, 0.09999998658895493, 0.09999998658895493]], "claim": "Scott Free Productions has an office in London.", "premise_source_doc_id": "Scott_Free_Productions", "premise_source_doc_line_num": 7, "premise_source_doc_sentence": "Scott Free Productions has offices in London and Los Angeles ."}
{"premise_tokens": ["With", "Ridley", "Scott", "as", "producer", "and", "Tony", "Scott", "as", "executive", "producer", ",", "Fox", "Searchlight", "contracted", "Scott", "Free", "Productions", ",", "headquartered", "in", "London", ",", "to", "produce", "the", "film", ".", "@@NULL@@"], "hypothesis_tokens": ["Scott", "Free", "Productions", "has", "an", "office", "in", "London", ".", "@@NULL@@"], "label_logits": [2.194348096847534, -0.4016723334789276, -3.6327431201934814], "label_probs": [0.9280601143836975, 0.06920520216226578, 0.002734655048698187],