{"premise_tokens": ["He", "was", "one", "of", "four", "subjects", "in", "the", "documentary", "My", "Big", "Break", "(", "2009", ")", ",", "which", "covered", "his", "fame", "after", "American", "Beauty", "and", "struggles", "with", "substance", "abuse", ".", "@@NULL@@"], "hypothesis_tokens": ["Wes", "Bentley", "was", "one", "of", "four", "subjects", "in", "an", "alcoholism", "documentary", ".", "@@NULL@@"], "label_logits": [1.0797568559646606, -1.2840125560760498, -1.566144585609436], "label_probs": [0.8583644032478333, 0.08074202388525009, 0.060893550515174866], "h2p_attention": [[0.04284311458468437, 0.030504988506436348, 0.028448471799492836, 0.025780944153666496, 0.023184381425380707, 0.024083029478788376, 0.035285670310258865, 0.03060835599899292, 0.04283629730343819, 0.03619632124900818, 0.043245892971754074, 0.0640164464712143, 0.022845514118671417, 0.03299722820520401, 0.023710962384939194, 0.02361508645117283, 0.03506266698241234, 0.03165774419903755, 0.03436074033379555, 0.0339176170527935, 0.035891931504011154, 0.04441411793231964, 0.035522278398275375, 0.02695479802787304, 0.03632992133498192, 0.03051752783358097, 0.03922019898891449, 0.037647996097803116, 0.027048300951719284, 0.021251536905765533], [0.04284311458468437, 0.030504988506436348, 0.028448471799492836, 0.025780944153666496, 0.023184381425380707, 0.024083029478788376, 0.035285670310258865, 0.03060835599899292, 0.04283629730343819, 0.03619632124900818, 0.043245892971754074, 0.0640164464712143, 0.022845514118671417, 0.03299722820520401, 0.023710962384939194, 0.02361508645117283, 0.03506266698241234, 0.03165774419903755, 0.03436074033379555, 0.0339176170527935, 0.035891931504011154, 0.04441411793231964, 0.035522278398275375, 0.02695479802787304, 0.03632992133498192, 0.03051752783358097, 0.03922019898891449, 0.037647996097803116, 0.027048300951719284, 0.021251536905765533], [0.11864197999238968, 0.10194005072116852, 0.03821384906768799, 0.016334395855665207, 0.015121587552130222, 0.02278847247362137, 0.02662639506161213, 0.026364268735051155, 0.025616483762860298, 0.03661324083805084, 0.01874474436044693, 0.029376933351159096, 0.01315351389348507, 0.027157776057720184, 0.013423350639641285, 0.018924590200185776, 0.033216916024684906, 0.02452297881245613, 0.053811077028512955, 0.026606932282447815, 0.04441118240356445, 0.02007902041077614, 0.028751550242304802, 0.02413976565003395, 0.022662866860628128, 0.02843073382973671, 0.07319221645593643, 0.034124165773391724, 0.02577129751443863, 0.011237755417823792], [0.13688257336616516, 0.011292177252471447, 0.35670310258865356, 0.013619964942336082, 0.07801489531993866, 0.021652592346072197, 0.013909518718719482, 0.016950707882642746, 0.013868341222405434, 0.015323160216212273, 0.014888047240674496, 0.012358867563307285, 0.003881142009049654, 0.010073603130877018, 0.0037877208087593317, 0.023745384067296982, 0.023644832894206047, 0.008174539543688297, 0.051329951733350754, 0.0068433210253715515, 0.04400010034441948, 0.007666544523090124, 0.005189424846321344, 0.027072396129369736, 0.007956848479807377, 0.017212562263011932, 0.03158395737409592, 0.009498629719018936, 0.009554380550980568, 0.0033207519445568323], [0.05971739813685417, 0.017968101426959038, 0.050701189786195755, 0.12268102169036865, 0.04877467453479767, 0.02149989828467369, 0.0302854273468256, 0.02848549373447895, 0.02398318611085415, 0.01982533186674118, 0.03205461800098419, 0.02929818257689476, 0.013598802499473095, 0.043526675552129745, 0.014624221250414848, 0.025413237512111664, 0.04875284805893898, 0.018090710043907166, 0.04730391502380371, 0.032553113996982574, 0.0634298250079155, 0.02228209190070629, 0.019347649067640305, 0.029837505891919136, 0.017685487866401672, 0.030472900718450546, 0.033483944833278656, 0.022949829697608948, 0.019011110067367554, 0.01236171368509531], [0.0021261493675410748, 0.0003659606445580721, 0.006389366928488016, 0.001073080813512206, 0.9699883460998535, 0.0009194605518132448, 0.0007490218267776072, 0.0005242386250756681, 0.00035824853694066405, 0.0005980813293717802, 0.0010707821929827332, 0.0011519636027514935, 0.00039503193693235517, 0.0005980152054689825, 0.00034517570747993886, 0.001365716103464365, 0.0016155289486050606, 0.0004557530046440661, 0.0012086501810699701, 0.000448702834546566, 0.0014335517771542072, 0.0007629424799233675, 0.0003518649027682841, 0.0016907653771340847, 0.0007749618962407112, 0.0012279025977477431, 0.0007241661660373211, 0.00047345776692964137, 0.0005411473102867603, 0.00027196729206480086], [0.07900383323431015, 0.014343979768455029, 0.04612193629145622, 0.012302454560995102, 0.023913895711302757, 0.32829323410987854, 0.025713644921779633, 0.016875477507710457, 0.014237692579627037, 0.013084493577480316, 0.02369215525686741, 0.014255484566092491, 0.00903936754912138, 0.02742753177881241, 0.008089059963822365, 0.020823514088988304, 0.022175289690494537, 0.028010211884975433, 0.0395507887005806, 0.01770765520632267, 0.03374059870839119, 0.024692166596651077, 0.020097369328141212, 0.022344976663589478, 0.03569812327623367, 0.02931085415184498, 0.016543107107281685, 0.010151926428079605, 0.015685714781284332, 0.0070734950713813305], [0.08895643800497055, 0.012943831272423267, 0.0228826142847538, 0.013383973389863968, 0.01504554133862257, 0.019859107211232185, 0.21852196753025055, 0.016329260542988777, 0.09053420275449753, 0.017108285799622536, 0.023629242554306984, 0.023401085287332535, 0.00804921891540289, 0.026600714772939682, 0.008757540956139565, 0.012019822373986244, 0.03274442255496979, 0.03337514027953148, 0.024627063423395157, 0.05280754342675209, 0.022256242111325264, 0.026577292010188103, 0.039659641683101654, 0.01227752398699522, 0.017881780862808228, 0.03597269207239151, 0.053430911153554916, 0.01104783546179533, 0.01385607197880745, 0.00546298548579216], [0.188949316740036, 0.01791408658027649, 0.04203225299715996, 0.017869222909212112, 0.026795465499162674, 0.027354950085282326, 0.08049621433019638, 0.021566005423665047, 0.04228149354457855, 0.02362043224275112, 0.023307889699935913, 0.039099302142858505, 0.007134139072149992, 0.014556762762367725, 0.008017187938094139, 0.015385588631033897, 0.0538751557469368, 0.030313704162836075, 0.03697351738810539, 0.026756461709737778, 0.04550858587026596, 0.014458985067903996, 0.032491520047187805, 0.015548313036561012, 0.023933155462145805, 0.04690026491880417, 0.04215635731816292, 0.012803188525140285, 0.01608409732580185, 0.005816386081278324], [0.04284311458468437, 0.030504988506436348, 0.028448471799492836, 0.025780944153666496, 0.023184381425380707, 0.024083029478788376, 0.035285670310258865, 0.03060835599899292, 0.04283629730343819, 0.03619632124900818, 0.043245892971754074, 0.0640164464712143, 0.022845514118671417, 0.03299722820520401, 0.023710962384939194, 0.02361508645117283, 0.03506266698241234, 0.03165774419903755, 0.03436074033379555, 0.0339176170527935, 0.035891931504011154, 0.04441411793231964, 0.035522278398275375, 0.02695479802787304, 0.03632992133498192, 0.03051752783358097, 0.03922019898891449, 0.037647996097803116, 0.027048300951719284, 0.021251536905765533], [0.0003296994837000966, 6.336504884529859e-05, 0.00011609090870479122, 5.393099127104506e-05, 3.661658047349192e-05, 5.5952001275727525e-05, 0.00046067306539043784, 6.32363444310613e-05, 0.9952138066291809, 7.136299245757982e-05, 0.00017784256488084793, 0.00018583395285531878, 4.429731779964641e-05, 0.0005225887871347368, 5.2375500672496855e-05, 4.7473306040046737e-05, 0.0001590849133208394, 0.00021939483121968806, 0.00011040285608032718, 0.0006842485745437443, 0.00014596724940929562, 0.00010288361954735592, 0.000136940972879529, 3.883918543579057e-05, 0.00012628822878468782, 9.494801633991301e-05, 0.0005154114915058017, 9.215956379193813e-05, 5.048473394708708e-05, 2.779777605610434e-05], [0.09659208357334137, 0.03320491313934326, 0.04165927320718765, 0.022267650812864304, 0.028810082003474236, 0.03210819885134697, 0.03672449290752411, 0.029632044956088066, 0.026296362280845642,