{"premise_tokens": ["The", "Book", "of", "Mormon", "is", "a", "musical", "comedy", "about", "two", "young", "Mormon", "missionaries", "who", "travel", "to", "Africa", "to", "preach", "the", "Mormon", "religion", ".", "@@NULL@@"], "hypothesis_tokens": ["Matt", "Stone", "co", "-", "wrote", "a", "musical", "comedy", "about", "the", "dangers", "of", "global", "warming", ".", "@@NULL@@"], "label_logits": [-2.434187412261963, -1.9154410362243652, 1.832319974899292], "label_probs": [0.013522252440452576, 0.022716302424669266, 0.9637614488601685], "h2p_attention": [[0.015381823293864727, 0.05288427323102951, 0.011921539902687073, 0.033039651811122894, 0.027630332857370377, 0.01753825880587101, 0.03374781459569931, 0.01823274791240692, 0.02826276235282421, 0.0391867570579052, 0.057818926870822906, 0.033039651811122894, 0.03637610748410225, 0.06642500311136246, 0.013719134964048862, 0.019328750669956207, 0.35433343052864075, 0.019328750669956207, 0.024461200460791588, 0.015381823293864727, 0.033039651811122894, 0.023224173113703728, 0.016523169353604317, 0.009174175560474396], [0.017630521208047867, 0.04066937789320946, 0.016195306554436684, 0.05813458934426308, 0.029653364792466164, 0.027400007471442223, 0.10923681408166885, 0.0516718365252018, 0.017641203477978706, 0.04195048660039902, 0.11244229972362518, 0.05813458934426308, 0.017311280593276024, 0.03242187947034836, 0.061305202543735504, 0.02432245947420597, 0.05041411146521568, 0.02432245947420597, 0.014599760994315147, 0.017630521208047867, 0.05813458934426308, 0.09066601097583771, 0.017521873116493225, 0.010589455254375935], [0.023433087393641472, 0.020871251821517944, 0.023403353989124298, 0.020341357216238976, 0.03046116605401039, 0.04168350622057915, 0.02117162011563778, 0.03470839932560921, 0.02728564850986004, 0.036820344626903534, 0.03572128713130951, 0.020341357216238976, 0.16027680039405823, 0.035031724721193314, 0.03130717948079109, 0.039714597165584564, 0.09786796569824219, 0.039714597165584564, 0.07353104650974274, 0.023433087393641472, 0.020341357216238976, 0.1032363697886467, 0.025384768843650818, 0.013918145559728146], [0.03287377208471298, 0.03991619870066643, 0.03597869351506233, 0.03809671103954315, 0.04177239164710045, 0.04370211064815521, 0.04245665296912193, 0.04403023421764374, 0.02955714799463749, 0.044544704258441925, 0.08583927154541016, 0.03809671103954315, 0.03526829183101654, 0.041525378823280334, 0.0945037379860878, 0.03574962541460991, 0.029319433495402336, 0.03574962541460991, 0.03020818904042244, 0.03287377208471298, 0.03809671103954315, 0.05308382958173752, 0.02945501171052456, 0.0273018516600132], [0.005697744432836771, 0.48757243156433105, 0.005098307505249977, 0.03201524168252945, 0.02069169096648693, 0.012966896407306194, 0.038281168788671494, 0.012385111302137375, 0.0379769429564476, 0.019033242017030716, 0.03429894521832466, 0.03201524168252945, 0.010485803708434105, 0.056499507278203964, 0.006714912597090006, 0.015563888475298882, 0.035904064774513245, 0.015563888475298882, 0.04734465107321739, 0.005697744432836771, 0.03201524168252945, 0.02752665989100933, 0.005160505883395672, 0.003489915281534195], [0.032274410128593445, 0.036882419139146805, 0.02842813730239868, 0.02131986804306507, 0.058370038866996765, 0.14339928328990936, 0.039630480110645294, 0.05265127494931221, 0.06254515051841736, 0.05900312960147858, 0.021488426253199577, 0.02131986804306507, 0.026993360370397568, 0.03530067577958107, 0.04442710056900978, 0.05043821409344673, 0.055035606026649475, 0.05043821409344673, 0.03895198553800583, 0.032274410128593445, 0.02131986804306507, 0.036206912249326706, 0.020780259743332863, 0.010520949959754944], [0.009521480649709702, 0.03215626999735832, 0.00943579338490963, 0.03133080154657364, 0.016909340396523476, 0.017163394019007683, 0.5081687569618225, 0.05370036140084267, 0.012043637223541737, 0.011438372544944286, 0.016807641834020615, 0.03133080154657364, 0.021017083898186684, 0.01676824875175953, 0.0338408388197422, 0.013197981752455235, 0.040754564106464386, 0.013197981752455235, 0.01093436311930418, 0.009521480649709702, 0.03133080154657364, 0.0461684949696064, 0.008705037645995617, 0.004556472413241863], [0.0006479598814621568, 0.0018748517613857985, 0.0004885540693067014, 0.0010378933511674404, 0.0012671197764575481, 0.0012635630555450916, 0.002975716022774577, 0.9768561720848083, 0.0011893587652593851, 0.00032880224171094596, 0.0007214875076897442, 0.0010378933511674404, 0.000629848858807236, 0.0005686439690180123, 0.001205369713716209, 0.0008153598173521459, 0.0015185177326202393, 0.0008153598173521459, 0.0008426701533608139, 0.0006479598814621568, 0.0010378933511674404, 0.0013742503942921758, 0.0006023414898663759, 0.0002524892915971577], [0.001235028961673379, 0.0008227302459999919, 0.0013903819490224123, 0.001761815627105534, 0.018345780670642853, 0.0015080546727403998, 0.0006705131381750107, 0.0011949461186304688, 0.9388678073883057, 0.0008754715672694147, 0.00151050032582134, 0.001761815627105534, 0.0012994487769901752, 0.003992471378296614, 0.0006272712489590049, 0.005611396860331297, 0.0005623566103167832, 0.005611396860331297, 0.007272249087691307, 0.001235028961673379, 0.001761815627105534, 0.0009821731364354491, 0.0008458977099508047, 0.0002536754182074219], [0.07902620732784271, 0.021449733525514603, 0.03425416350364685, 0.022988468408584595, 0.08603030443191528, 0.045600708574056625, 0.03106304444372654, 0.038148146122694016, 0.07237142324447632, 0.047006163746118546, 0.022453248500823975, 0.022988468408584595, 0.030390463769435883, 0.04081013426184654, 0.026018964126706123, 0.0585610494017601, 0.027386603876948357, 0.0585610494017601, 0.06076190248131752, 0.07902620732784271, 0.022988468408584595, 0.02682841382920742, 0.03042175993323326, 0.014865114353597164], [0.026171326637268066, 0.08331754803657532, 0.01590428128838539, 0.016560597345232964, 0.045867469161748886, 0.047351256012916565, 0.02071649767458439, 0.04242013022303581, 0.046130962669849396, 0.05107282102108002, 0.024571822956204414, 0.016560597345232964, 0.0644654780626297, 0.04553430527448654, 0.016967352479696274, 0.0442798025906086, 0.13539837300777435, 0.0442798025906086, 0.11457829922437668, 0.026171326637268066, 0.016560597345232964, 0.032245784997940063, 0.014747019857168198, 0.008126582950353622], [0.03777088224887848, 0.02498544752597809, 0.16267122328281403, 0.023657020181417465, 0.05729297548532486, 0.044289980083703995, 0.03394389525055885, 0.0317162461578846, 0.08983957767486572, 0.0607241690158844, 0.030473677441477776, 0.023657020181417465, 0.029099326580762863, 0.032867807894945145, 0.028390079736709595, 0.054087813943624496, 0.02870282530784607, 0.054087813943624496, 0.026321668177843094, 0.03777088224887848, 0.023657020181417465, 0.022393343970179558, 0.025208141654729843, 0.016391247510910034], [0.02317400462925434, 0.07382078468799591, 0.020203225314617157, 0.03859008476138115, 0.04778560250997543, 0.0388958640396595, 0.06549718230962753, 0.019296757876873016, 0.05222766473889351, 0.0329771488904953, 0.04139728844165802, 0.03859008476138115, 0.017893299460411072, 0.05543815717101097, 0.03894644230604172, 0.032950013875961304, 0.11498737335205078, 0.032950013875961304, 0.024756068363785744, 0.02317400462925434, 0.03859008476138115, 0.08495566248893738, 0.03060026653110981, 0.012302922084927559], [0.02555684745311737, 0.027697725221514702, 0.021128186956048012, 0.07457446306943893, 0.0868631899356842, 0.03227999433875084, 0.035293444991111755, 0.03297426551580429, 0.05127424746751785, 0.0207783542573452, 0.03298754245042801, 0.07457446306943893, 0.029776547104120255, 0.037377338856458664, 0.04268888384103775, 0.03828570619225502, 0.04844921454787254, 0.03828570619225502, 0.05018754303455353, 0.02555684745311737, 0.07457446306943893, 0.057847652584314346, 0.027473824098706245, 0.01351343933492899], [0.04017743468284607, 0.03171024098992348, 0.030192213132977486, 0.030548008158802986, 0.0793897807598114, 0.03877592831850052, 0.03750664368271828, 