{"premise_tokens": ["A", "second", "wave", "of", "bubblegum", "started", "two", "years", "later", "and", "ran", "until", "1977", "when", "disco", "took", "over", "and", "punk", "rock", "emerged", ".", "@@NULL@@"], "hypothesis_tokens": ["A", "second", "wave", "of", "bubblegum", "ran", "until", "1977", ".", "@@NULL@@"], "label_logits": [2.9710710048675537, 1.20170259475708, -6.596546649932861], "label_probs": [0.8543280363082886, 0.1456121802330017, 5.976696775178425e-05], "h2p_attention": [[0.13234050571918488, 0.08698131144046783, 0.03264410048723221, 0.02623579278588295, 0.044832367449998856, 0.04452824592590332, 0.05445287749171257, 0.02657204307615757, 0.0368366613984108, 0.028729524463415146, 0.041848324239254, 0.026873338967561722, 0.013285830616950989, 0.05671171844005585, 0.04640387371182442, 0.036235660314559937, 0.04054011031985283, 0.028729524463415146, 0.04743087664246559, 0.07056916505098343, 0.048330895602703094, 0.019177712500095367, 0.009709587320685387], [0.0016895552398636937, 0.9233764410018921, 0.00041269705980084836, 0.00099294469691813, 0.0006199190393090248, 0.002696903422474861, 0.028717685490846634, 0.0031683528795838356, 0.002784415613859892, 0.0020555672235786915, 0.001105565344914794, 0.0009624372469261289, 0.00025070307310670614, 0.01864350587129593, 0.00035439140629023314, 0.004936085548251867, 0.001307699247263372, 0.0020555672235786915, 0.0007376088760793209, 0.0005073845386505127, 0.0019453228451311588, 0.0004903982044197619, 0.00018860245472751558], [0.008679111488163471, 0.00564879085868597, 0.7623057961463928, 0.0045844027772545815, 0.006548826117068529, 0.014983908273279667, 0.0035365582443773746, 0.005369053687900305, 0.0047794063575565815, 0.0032012085430324078, 0.022564521059393883, 0.005634146276861429, 0.006768100894987583, 0.008413785137236118, 0.027220601215958595, 0.009736171923577785, 0.007936135865747929, 0.0032012085430324078, 0.03570476174354553, 0.02802751399576664, 0.017510181292891502, 0.005064374301582575, 0.002581496024504304], [0.032338015735149384, 0.06300827860832214, 0.021253539249300957, 0.11877323687076569, 0.019339263439178467, 0.11012871563434601, 0.04433732107281685, 0.05954911932349205, 0.03447452187538147, 0.028887085616588593, 0.04675154760479927, 0.02585306577384472, 0.014518719166517258, 0.056103967130184174, 0.03625771403312683, 0.0691470131278038, 0.053634487092494965, 0.028887085616588593, 0.03907238319516182, 0.03101535513997078, 0.03629612177610397, 0.018405545502901077, 0.01196795329451561], [0.01644711010158062, 0.011708097532391548, 0.009036300703883171, 0.005755971185863018, 0.6199377775192261, 0.013790649361908436, 0.006320500746369362, 0.00543574895709753, 0.014925841242074966, 0.006223857868462801, 0.010682397522032261, 0.008569230325520039, 0.006040486972779036, 0.00849678460508585, 0.08646766096353531, 0.008473863825201988, 0.004686607513576746, 0.006223857868462801, 0.053268592804670334, 0.07265044748783112, 0.013186994008719921, 0.008109173737466335, 0.0035620389971882105], [0.0015457120025530457, 0.0021022683940827847, 0.0031347719486802816, 0.0014009657315909863, 0.0010755271650850773, 0.019206862896680832, 0.0006711271125823259, 0.003843706799671054, 0.0020242321770638227, 0.0006294940831139684, 0.907799482345581, 0.001735472702421248, 0.0005908264429308474, 0.004971569869667292, 0.02206113561987877, 0.005608933977782726, 0.003207041183486581, 0.0006294940831139684, 0.005320842377841473, 0.002503288211300969, 0.00888737477362156, 0.000691430876031518, 0.00035863384255208075], [0.0028987929690629244, 0.0053446730598807335, 0.002285877475515008, 0.002262499649077654, 0.002519645495340228, 0.01072740275412798, 0.0027056816034018993, 0.0035795331932604313, 0.0052633220329880714, 0.005157323554158211, 0.0050683049485087395, 0.9000057578086853, 0.002098160097375512, 0.013883533887565136, 0.01062146108597517, 0.0034635677002370358, 0.0019073572475463152, 0.005157323554158211, 0.0037224791012704372, 0.0019586998969316483, 0.005416066385805607, 0.002905050292611122, 0.0010473605943843722], [0.035539716482162476, 0.03452537581324577, 0.06809595972299576, 0.03150898963212967, 0.04404526948928833, 0.05382731556892395, 0.03058752790093422, 0.03505033999681473, 0.038552623242139816, 0.03294365108013153, 0.042789243161678314, 0.0520317479968071, 0.060023337602615356, 0.03873832896351814, 0.07215370982885361, 0.04195156693458557, 0.03442074730992317, 0.03294365108013153, 0.057878728955984116, 0.057209938764572144, 0.04615113511681557, 0.03305792808532715, 0.025973234325647354], [0.038695987313985825, 0.05094147473573685, 0.03843476250767708, 0.030129970982670784, 0.04460132494568825, 0.049835193902254105, 0.0443451888859272, 0.04865466430783272, 0.047203969210386276, 0.0380127876996994, 0.037771787494421005, 0.054340966045856476, 0.024935586377978325, 0.07916228473186493, 0.03989517316222191, 0.04316636547446251, 0.038771580904722214, 0.0380127876996994, 0.04818978160619736, 0.03625141829252243, 0.04897840693593025, 0.06007693335413933, 0.019591601565480232], [0.04347826912999153, 0.04347826912999153, 0.04347826912999153, 0.04347826912999153, 0.04347826912999153, 0.04347826912999153, 0.04347826912999153, 0.04347826912999153, 0.04347826912999153, 0.04347826912999153, 0.04347826912999153, 0.04347826912999153, 0.04347826912999153, 0.04347826912999153, 0.04347826912999153, 0.04347826912999153, 0.04347826912999153, 0.04347826912999153, 0.04347826912999153, 0.04347826912999153, 0.04347826912999153, 0.04347826912999153, 0.04347826912999153]],