{"premise_tokens": ["She", "is", "also", "producer", "and", "host", "of", "the", "Doubtful", "News", "podcast", "called", "15", "Credibility", "Street", ".", "@@NULL@@"], "hypothesis_tokens": ["Sharon", "A.", "Hill", "is", "best", "known", "for", "15", "Credibility", "Street", ".", "@@NULL@@"], "label_logits": [-1.4471521377563477, -2.835442066192627, 2.3192660808563232], "label_probs": [0.022484811022877693, 0.0056099980138242245, 0.9719051718711853], "h2p_attention": [[0.3686892092227936, 0.10194557905197144, 0.04190327227115631, 0.03214745223522186, 0.01568329706788063, 0.027264326810836792, 0.01963192969560623, 0.02966592274606228, 0.021814566105604172, 0.0427505299448967, 0.022836066782474518, 0.15025334060192108, 0.028082406148314476, 0.021814566105604172, 0.031118934974074364, 0.03127751126885414, 0.013120998628437519], [0.10904612392187119, 0.0769469290971756, 0.06382809579372406, 0.0663423165678978, 0.026635000482201576, 0.16239944100379944, 0.03195330500602722, 0.02577163837850094, 0.024633605033159256, 0.03526526317000389, 0.15360309183597565, 0.06353884935379028, 0.049746979027986526, 0.024633605033159256, 0.03407594561576843, 0.029021846130490303, 0.022558055818080902], [0.2597132921218872, 0.07452224940061569, 0.04551384598016739, 0.06041640415787697, 0.022701242938637733, 0.06395937502384186, 0.03132804483175278, 0.03267717733979225, 0.024420954287052155, 0.06487228721380234, 0.02960527129471302, 0.07046502083539963, 0.050639938563108444, 0.024420954287052155, 0.10064753144979477, 0.027724487707018852, 0.016371963545680046], [0.2102423459291458, 0.46518319845199585, 0.03488615155220032, 0.021210813894867897, 0.011855452321469784, 0.015570231713354588, 0.013184532523155212, 0.02183024398982525, 0.006788906641304493, 0.021311257034540176, 0.02703460492193699, 0.031642474234104156, 0.035199422389268875, 0.006788906641304493, 0.05824565142393112, 0.015253649093210697, 0.0037720322143286467], [0.1202695220708847, 0.13622641563415527, 0.08599834144115448, 0.06407274305820465, 0.022146107628941536, 0.09614696353673935, 0.021486693993210793, 0.045314397662878036, 0.020428910851478577, 0.051525458693504333, 0.13436424732208252, 0.07525110244750977, 0.02420838735997677, 0.020428910851478577, 0.049079619348049164, 0.022994868457317352, 0.010057415813207626], [0.11501695215702057, 0.09156724065542221, 0.04807799682021141, 0.0980241522192955, 0.02862258441746235, 0.0672721192240715, 0.019946884363889694, 0.03360864520072937, 0.016779469326138496, 0.0497087687253952, 0.15491250157356262, 0.15351395308971405, 0.03369773551821709, 0.016779469326138496, 0.035168733447790146, 0.02699568308889866, 0.010307211428880692], [0.1051090732216835, 0.09869682043790817, 0.13907231390476227, 0.04023871570825577, 0.04406687244772911, 0.0975690707564354, 0.04871939495205879, 0.04647107422351837, 0.023945298045873642, 0.057984814047813416, 0.05610254406929016, 0.056051045656204224, 0.05443655326962471, 0.023945298045873642, 0.05675636976957321, 0.03285756707191467, 0.017977001145482063], [0.026377854868769646, 0.057624150067567825, 0.02156863361597061, 0.022859549149870872, 0.02271270751953125, 0.017059795558452606, 0.026216501370072365, 0.013683351688086987, 0.008505770936608315, 0.010115283541381359, 0.010320551693439484, 0.014526666142046452, 0.6964260339736938, 0.008505770936608315, 0.024146176874637604, 0.013176069594919682, 0.006175104528665543], [0.0829741507768631, 0.06525156646966934, 0.043679650872945786, 0.07180614769458771, 0.04598458483815193, 0.05742324888706207, 0.04398200660943985, 0.0522175170481205, 0.08378393203020096, 0.06130622327327728, 0.0617297887802124, 0.05847429484128952, 0.04993855208158493, 0.08378393203020096, 0.05526536703109741, 0.04614410549402237, 0.0362548902630806], [0.03794365003705025, 0.04966010898351669, 0.011762876063585281, 0.030045030638575554, 0.0055559175089001656, 0.02294996753334999, 0.009430460631847382, 0.0085794348269701, 0.004902368877083063, 0.03822319954633713, 0.022555802017450333, 0.008721129968762398, 0.012575452215969563, 0.004902368877083063, 0.7208002805709839, 0.008175997994840145, 0.00321602588519454], [0.15346018970012665, 0.09981725364923477, 0.04535841569304466, 0.05554560199379921, 0.04789244383573532, 0.04889393225312233, 0.03796085715293884, 0.05051534250378609, 0.03141643479466438, 0.0644587054848671, 0.053780388087034225, 0.06368908286094666, 0.05266822874546051, 0.03141643479466438, 0.06275211274623871, 0.07569114118814468, 0.024683527648448944], [0.05882352963089943, 0.05882352963089943, 0.05882352963089943, 0.05882352963089943, 0.05882352963089943, 0.05882352963089943, 0.05882352963089943, 0.05882352963089943, 0.05882352963089943, 0.05882352963089943, 0.05882352963089943, 0.05882352963089943, 0.05882352963089943, 0.05882352963089943, 0.05882352963089943, 0.05882352963089943, 0.05882352963089943]],