{"premise_tokens": ["On", "20", "December", "69", ",", "Vitellius", "was", "defeated", ",", "and", "the", "following", "day", "Vespasian", "was", "declared", "Emperor", "by", "the", "Senate", ".", "@@NULL@@"], "hypothesis_tokens": ["Vespasian", "was", "preceded", "by", "the", "Senate", ".", "@@NULL@@"], "label_logits": [0.9827882051467896, -0.37574663758277893, -1.8666613101959229], "label_probs": [0.7605064511299133, 0.1954783797264099, 0.044015198945999146], "h2p_attention": [[0.045463427901268005, 0.04008015990257263, 0.05286252126097679, 0.06736087799072266, 0.032390136271715164, 0.06736087799072266, 0.04184023290872574, 0.04223055765032768, 0.032390136271715164, 0.0369708389043808, 0.0419820100069046, 0.05136071518063545, 0.04320771247148514, 0.06736087799072266, 0.04184023290872574, 0.04458276554942131, 0.049566905945539474, 0.03960089012980461, 0.0419820100069046, 0.05331863462924957, 0.03709908947348595, 0.029148323461413383], [0.03391631692647934, 0.030893778428435326, 0.0737321525812149, 0.02208258956670761, 0.025906957685947418, 0.02208258956670761, 0.13955157995224, 0.050517428666353226, 0.025906957685947418, 0.033046312630176544, 0.03609156236052513, 0.04155724123120308, 0.03491441160440445, 0.02208258956670761, 0.13955157995224, 0.031135370954871178, 0.044240061193704605, 0.05646027624607086, 0.03609156236052513, 0.04957487806677818, 0.035279806703329086, 0.015384008176624775], [0.045463427901268005, 0.04008015990257263, 0.05286252126097679, 0.06736087799072266, 0.032390136271715164, 0.06736087799072266, 0.04184023290872574, 0.04223055765032768, 0.032390136271715164, 0.0369708389043808, 0.0419820100069046, 0.05136071518063545, 0.04320771247148514, 0.06736087799072266, 0.04184023290872574, 0.04458276554942131, 0.049566905945539474, 0.03960089012980461, 0.0419820100069046, 0.05331863462924957, 0.03709908947348595, 0.029148323461413383], [0.014595208689570427, 0.0061807697638869286, 0.0015907216584309936, 0.0019219450186938047, 0.00508942361921072, 0.0019219450186938047, 0.0051918625831604, 0.00534139946103096, 0.00508942361921072, 0.0027060185093432665, 0.0036477167159318924, 0.041313108056783676, 0.004163588862866163, 0.0019219450186938047, 0.0051918625831604, 0.002515952568501234, 0.004837347660213709, 0.8757689595222473, 0.0036477167159318924, 0.0028691268526017666, 0.0030793228652328253, 0.0014146518660709262], [0.05711758881807327, 0.037975192070007324, 0.0511816032230854, 0.027468476444482803, 0.03995203599333763, 0.027468476444482803, 0.04474258795380592, 0.03666061535477638, 0.03995203599333763, 0.05070323124527931, 0.10138830542564392, 0.05075983703136444, 0.04792829602956772, 0.027468476444482803, 0.04474258795380592, 0.033965036273002625, 0.03894853964447975, 0.04917636886239052, 0.10138830542564392, 0.03291066735982895, 0.03903022035956383, 0.019071504473686218], [4.177333175903186e-05, 0.0001533096219645813, 0.00027719014906324446, 1.903371958178468e-05, 1.529125074739568e-05, 1.903371958178468e-05, 3.353129432071e-05, 0.0005006483988836408, 1.529125074739568e-05, 1.547355168440845e-05, 1.7956021110876463e-05, 9.642320219427347e-05, 0.00011341056233504787, 1.903371958178468e-05, 3.353129432071e-05, 6.074084012652747e-05, 0.00010940444190055132, 2.11036967812106e-05, 1.7956021110876463e-05, 0.9983872175216675, 2.2250358597375453e-05, 1.0405387001810595e-05], [0.055495038628578186, 0.0527510866522789, 0.05337696895003319, 0.030247509479522705, 0.03169771656394005, 0.030247509479522705, 0.05450001731514931, 0.057992804795503616, 0.03169771656394005, 0.046110495924949646, 0.048635803163051605, 0.05136948078870773, 0.04424411803483963, 0.030247509479522705, 0.05450001731514931, 0.03641559183597565, 0.0426463708281517, 0.05173038691282272, 0.048635803163051605, 0.050818175077438354, 0.07287486642599106, 0.023765118792653084], [0.04545453563332558, 0.04545453563332558, 0.04545453563332558, 0.04545453563332558, 0.04545453563332558, 0.04545453563332558, 0.04545453563332558, 0.04545453563332558, 0.04545453563332558, 0.04545453563332558, 0.04545453563332558, 0.04545453563332558, 0.04545453563332558, 0.04545453563332558, 0.04545453563332558, 0.04545453563332558, 0.04545453563332558, 0.04545453563332558, 0.04545453563332558, 0.04545453563332558, 0.04545453563332558, 0.04545453563332558]], "p2h_attention": [[0.060021981596946716, 0.0848400667309761, 0.060021981596946716, 0.3970292806625366, 0.11525153368711472, 0.15449076890945435, 0.08986198157072067, 0.03848236799240112], [0.04729791358113289, 0.06907607614994049, 0.04729791358113289, 0.15028618276119232, 0.06849218904972076, 0.5068007111549377, 0.07635150104761124, 0.034397438168525696], [0.043064188212156296, 0.11380711197853088, 0.043064188212156296, 0.02670094557106495, 0.06372515857219696, 0.6325599551200867, 0.053332991898059845, 0.023745538666844368], [0.17833976447582245, 0.11077315360307693, 0.17833976447582245, 0.10484443604946136, 0.11114851385354996, 0.14116254448890686, 0.09822085499763489, 0.07717098295688629], [0.08291244506835938, 0.12565144896507263, 0.08291244506835938, 0.2684352397918701, 0.15630558133125305, 0.1096491813659668, 0.09951960295438766, 0.0746140405535698], [0.17833976447582245, 0.11077315360307693, 0.17833976447582245, 0.10484443604946136, 0.11114851385354996, 0.14116254448890686, 0.09822085499763489, 0.07717098295688629], [0.0586511604487896, 0.37064775824546814, 0.0586511604487896, 0.14995799958705902, 0.0958588644862175, 0.13167044520378113, 0.09370284527540207, 0.04085978865623474], [0.022839725017547607, 0.051766570657491684, 0.022839725017547607, 0.05952277407050133, 0.030303478240966797, 0.7584942579269409, 0.03846907988190651, 0.01576440967619419], [0.08291244506835938, 0.12565144896507263, 0.08291244506835938, 0.2684352397918701, 0.15630558133125305, 0.1096491813659668, 0.09951960295438766, 0.0746140405535698], [0.09269265830516815, 0.1569831669330597, 0.09269265830516815, 0.13979150354862213, 0.1942899078130722, 0.10867540538311005, 0.14179453253746033, 0.07308017462491989], [0.08049214631319046, 0.1311112642288208, 0.08049214631319046, 0.1441037952899933, 0.29710283875465393, 0.09643964469432831, 0.11437208205461502, 0.05588611215353012], [0.03487895429134369, 0.053471602499485016, 0.03487895429134369, 0.5780751705169678, 0.052684299647808075, 0.1834295243024826, 0.042786940932273865, 0.019794566556811333], [0.060623861849308014, 0.09281778335571289, 0.060623861849308014, 0.12036888301372528, 0.10277865827083588, 0.44574975967407227, 0.07613975554704666, 0.0408974215388298], [0.17833976447582245, 0.11077315360307693, 0.17833976447582245, 0.10484443604946136, 0.11114851385354996, 0.14116254448890686, 0.09822085499763489, 0.07717098295688629], [0.0586511604487896, 0.37064775824546814, 0.0586511604487896, 0.14995799958705902, 0.0958588644862175, 0.13167044520378113, 0.09370284527540207, 0.04085978865623474], [0.08990747481584549, 0.11896713078022003, 0.08990747481584549, 0.10454308241605759, 0.10468623042106628, 0.3431348502635956, 0.09007200598716736, 0.05878173187375069], [0.06789223849773407, 0.1148122251033783, 0.06789223849773407, 0.13652107119560242, 0.08153576403856277, 0.4197770059108734, 0.07164470106363297, 0.03992472216486931], [0.0021454698871821165, 0.005795683246105909, 0.0021454698871821165, 0.9776220321655273, 0.004071950912475586, 0.003202809952199459, 0.0034374522510915995, 0.0015791777987033129], [0.08049214631319046, 0.1311112642288208, 0.08049214631319046, 0.1441037952899933, 0.29710283875465393, 0.09643964469432831, 0.11437208205461502, 0.05588611215353012], [1.9061730199609883e-05, 3.3580639865249395e-05, 1.9061730199609883e-05, 2.1134754206286743e-05, 1.7982445569941774e-05, 0.9998564720153809, 2.2283124053501524e-05, 1.0420699254609644e-05], [0.0833679586648941, 0.15021255612373352, 0.0833679586648941, 0.1425788849592209, 0.13404960930347443, 0.14006464183330536, 0.20085716247558594, 0.06550123542547226], [0.125, 0.125, 0.125, 0.125, 0.125, 0.125, 0.125, 0.125]], "claim": "Vespasian was preceded by the Senate.",