{"premise_tokens": ["The", "player", "assumes", "the", "role", "of", "a", "wagon", "leader", "guiding", "a", "party", "of", "settlers", "from", "Independence", ",", "Missouri", ",", "to", "Oregon", "'s", "Willamette", "Valley", "on", "the", "Oregon", "Trail", "via", "a", "covered", "wagon", "in", "1848", ".", "@@NULL@@"], "hypothesis_tokens": ["Missouri", "is", "the", "terminus", "of", "the", "Oregon", "Trail", ".", "@@NULL@@"], "label_logits": [2.1248772144317627, 0.02583116665482521, -4.015459060668945], "label_probs": [0.8891042470932007, 0.1089804470539093, 0.0019153080647811294], "h2p_attention": [[0.0006554978899657726, 0.0053018624894320965, 0.0007394820568151772, 0.0006554978899657726, 0.005846318323165178, 0.0010580798843875527, 0.0013381832977756858, 0.007756127044558525, 0.0013091835426166654, 0.005597114097326994, 0.0013381832977756858, 0.0015030805952847004, 0.0010580798843875527, 0.008131848648190498, 0.0028248217422515154, 0.0057150814682245255, 0.000642463332042098, 0.8251513838768005, 0.000642463332042098, 0.0013544164830818772, 0.03794729709625244, 0.0018391415942460299, 0.0006185218808241189, 0.005704343318939209, 0.0011460670502856374, 0.0006554978899657726, 0.03794729709625244, 0.018339788541197777, 0.0018765791319310665, 0.0013381832977756858, 0.001940379268489778, 0.007756127044558525, 0.002456804970279336, 0.0006185218808241189, 0.0007053660810925066, 0.0004909637500531971], [0.021821703761816025, 0.07251866161823273, 0.025074617937207222, 0.021821703761816025, 0.05923517420887947, 0.013179373927414417, 0.02091897837817669, 0.022957520559430122, 0.03898639231920242, 0.054205119609832764, 0.02091897837817669, 0.02827342413365841, 0.013179373927414417, 0.03497612848877907, 0.05768216773867607, 0.01312982477247715, 0.010587242431938648, 0.011583575047552586, 0.010587242431938648, 0.05607019364833832, 0.022929612547159195, 0.024051373824477196, 0.00678624864667654, 0.04339427873492241, 0.03247201070189476, 0.021821703761816025, 0.022929612547159195, 0.02704365737736225, 0.06731850653886795, 0.02091897837817669, 0.014949438162147999, 0.022957520559430122, 0.03891535848379135, 0.00678624864667654, 0.01524768304079771, 0.0037705563008785248], [0.055712029337882996, 0.03415058180689812, 0.02640061266720295, 0.055712029337882996, 0.022528983652591705, 0.02414855733513832, 0.032147664576768875, 0.015682457014918327, 0.0325925312936306, 0.024121908470988274, 0.032147664576768875, 0.026250863447785378, 0.02414855733513832, 0.023469869047403336, 0.03852831572294235, 0.01584242843091488, 0.021953310817480087, 0.013991616666316986, 0.021953310817480087, 0.0412844680249691, 0.01903890073299408, 0.041815489530563354, 0.015093699097633362, 0.04565063863992691, 0.031385637819767, 0.055712029337882996, 0.01903890073299408, 0.01720377616584301, 0.027573112398386, 0.032147664576768875, 0.018545424565672874, 0.015682457014918327, 0.03132438659667969, 0.015093699097633362, 0.02144678123295307, 0.010479633696377277], [0.025164781138300896, 0.023403041064739227, 0.021432295441627502, 0.025164781138300896, 0.0278516486287117, 0.021195905283093452, 0.02390735223889351, 0.028041962534189224, 0.022745346650481224, 0.0381261482834816, 0.02390735223889351, 0.03844688832759857, 0.021195905283093452, 0.03375452384352684, 0.03925741836428642, 0.03218630701303482, 0.01941523887217045, 0.02201148122549057, 0.01941523887217045, 0.02933334745466709, 0.028298091143369675, 0.02762996032834053, 0.040377337485551834, 0.041922155767679214, 0.027251604944467545, 0.025164781138300896, 0.028298091143369675, 0.025788452476263046, 0.032238248735666275, 0.02390735223889351, 0.026027539744973183, 0.028041962534189224, 0.02901025302708149, 0.040377337485551834, 0.02223786897957325, 0.0174720361828804], [0.021143129095435143, 0.02580450288951397, 0.023079223930835724, 0.021143129095435143, 0.03986389562487602, 0.09105899930000305, 0.024792345240712166, 0.015334831550717354, 0.044000349938869476, 0.05780879780650139, 0.024792345240712166, 0.021413473412394524, 0.09105899930000305, 0.02378779835999012, 0.04639475420117378, 0.03276530280709267, 0.0188627727329731, 0.01977393962442875, 0.0188627727329731, 0.030276909470558167, 0.019740551710128784, 0.024612050503492355, 0.011130958795547485, 0.029562169685959816, 0.0255928672850132, 0.021143129095435143, 0.019740551710128784, 0.021693168208003044, 0.024314910173416138, 0.024792345240712166, 0.01342768408358097, 0.015334831550717354, 0.022479115054011345, 0.011130958795547485, 0.014110841788351536, 0.009175382554531097], [0.055712029337882996, 0.03415058180689812, 0.02640061266720295, 0.055712029337882996, 0.022528983652591705, 0.02414855733513832, 0.032147664576768875, 0.015682457014918327, 0.0325925312936306, 0.024121908470988274, 0.032147664576768875, 0.026250863447785378, 0.02414855733513832, 0.023469869047403336, 0.03852831572294235, 0.01584242843091488, 0.021953310817480087, 0.013991616666316986, 0.021953310817480087, 0.0412844680249691, 0.01903890073299408, 0.041815489530563354, 0.015093699097633362, 0.04565063863992691, 0.031385637819767, 0.055712029337882996, 0.01903890073299408, 0.01720377616584301, 0.027573112398386, 0.032147664576768875, 0.018545424565672874, 0.015682457014918327, 0.03132438659667969, 0.015093699097633362, 0.02144678123295307, 0.010479633696377277], [0.00011962747521465644, 0.001227493747137487, 0.00012729385343845934, 0.00011962747521465644, 0.0008334552403539419, 0.00014166758046485484, 0.00012798013631254435, 0.0034983220975846052, 0.00027267716359347105, 0.00047938001807779074, 0.00012798013631254435, 0.0002676919393707067, 0.00014166758046485484, 0.0005922879208810627, 0.0009302725084125996, 0.0007062886143103242, 0.00012292503379285336, 0.005089399870485067, 0.00012292503379285336, 0.00029097686638124287, 0.48591169714927673, 0.000308790011331439, 0.00010664706496754661, 0.0016017851885408163, 0.00012991733092349023, 0.00011962747521465644, 0.48591169714927673, 0.005808558780699968, 0.00024403897987212986, 0.00012798013631254435, 0.00021621998166665435, 0.0034983220975846052, 0.00038267727359198034, 0.00010664706496754661, 0.00011971352796535939, 6.584687071153894e-05], [0.00022355373948812485, 0.0028759276028722525, 0.0003533566778060049, 0.00022355373948812485, 0.0018245021346956491, 0.00032196083338931203, 0.0004240886773914099, 0.0085026565939188, 0.0011392409214749932, 0.003949224483221769, 0.0004240886773914099, 0.005153513513505459, 0.00032196083338931203, 0.006599897984415293, 0.0023179887793958187, 0.006792382337152958, 0.0002380084915785119, 0.005086851771920919, 0.0002380084915785119, 0.0010150502203032374, 0.012012614868581295, 0.00033856197842396796, 0.00020099537505302578, 0.003936304245144129, 0.0004016690654680133, 0.00022355373948812485, 0.012012614868581295, 0.9110344052314758, 0.0007443687645718455, 0.0004240886773914099, 0.000821431225631386, 0.0085026565939188, 0.0007555877091363072, 0.00020099537505302578, 0.00022815501142758876, 0.00013617717195302248], [0.028521914035081863, 0.02705949917435646, 0.028223589062690735, 0.028521914035081863, 0.026082992553710938, 0.02143341675400734, 0.027526982128620148, 0.01981183886528015, 0.046325527131557465, 0.04370535910129547, 0.027526982128620148, 0.03887047991156578, 0.02143341675400734, 0.037005819380283356, 0.03247557580471039, 0.02008894644677639, 0.01858876645565033, 0.020022932440042496, 0.01858876645565033, 0.032558150589466095, 0.025337912142276764, 0.0276079960167408, 0.017738310620188713, 0.03992442786693573, 0.03254443779587746, 0.028521914035081863, 0.025337912142276764, 0.0233500674366951, 0.03654496371746063, 0.027526982128620148, 0.021620098501443863, 0.01981183886528015, 0.035348646342754364, 0.017738310620188713, 0.04273664578795433, 0.0139367850497365], [0.027777768671512604, 0.027777768671512604, 0.027777768671512604, 0.027777768671512604, 0.027777768671512604, 0.027777768671512604, 0.027777768671512604, 0.027777768671512604, 0.027777768671512604, 0.027777768671512604, 0.027777768671512604, 0.027777768671512604, 