{"premise_tokens": ["William", "(", "given", "name", ")", ",", "a", "masculine", "given", "name", "@@NULL@@"], "hypothesis_tokens": ["Prince", "William", "ended", "his", "military", "service", "in", "September", "2013", ".", "@@NULL@@"], "label_logits": [-8.85412311553955, -2.191053628921509, 5.467556953430176], "label_probs": [6.025154561939416e-07, 0.0004717398842331022, 0.999527633190155], "h2p_attention": [[0.13865399360656738, 0.029587585479021072, 0.06556614488363266, 0.15122123062610626, 0.03836188092827797, 0.039887554943561554, 0.06825246661901474, 0.23033037781715393, 0.06556614488363266, 0.15122123062610626, 0.02135148085653782], [0.9125738739967346, 0.003985466435551643, 0.010200579650700092, 0.01451022271066904, 0.004415981471538544, 0.013198699802160263, 0.007548206485807896, 0.005826158449053764, 0.010200579650700092, 0.01451022271066904, 0.0030300780199468136], [0.05841997265815735, 0.049481239169836044, 0.07872845977544785, 0.08366280049085617, 0.052972957491874695, 0.0632612332701683, 0.15010324120521545, 0.2745550572872162, 0.07872845977544785, 0.08366280049085617, 0.02642383985221386], [0.11300411075353622, 0.02958584949374199, 0.09803856164216995, 0.1162397488951683, 0.03150584176182747, 0.07620272785425186, 0.11806801706552505, 0.17953532934188843, 0.09803856164216995, 0.1162397488951683, 0.023541495203971863], [0.09616778045892715, 0.04752423241734505, 0.08233826607465744, 0.15373432636260986, 0.04931364580988884, 0.0676276832818985, 0.15875263512134552, 0.07583372294902802, 0.08233826607465744, 0.15373432636260986, 0.03263511881232262], [0.09940595179796219, 0.027100570499897003, 0.11605123430490494, 0.20960155129432678, 0.027262311428785324, 0.037071049213409424, 0.06352687627077103, 0.07283931970596313, 0.11605123430490494, 0.20960155129432678, 0.021488362923264503], [0.053441811352968216, 0.030974430963397026, 0.11132698506116867, 0.2109828144311905, 0.03370014950633049, 0.04625383019447327, 0.10095085203647614, 0.06903693079948425, 0.11132698506116867, 0.2109828144311905, 0.021022271364927292], [0.18994392454624176, 0.03998817130923271, 0.07630642503499985, 0.18320178985595703, 0.03869255632162094, 0.06144274026155472, 0.07797019928693771, 0.04930576682090759, 0.07630642503499985, 0.18320178985595703, 0.023640237748622894], [0.175603449344635, 0.04973066225647926, 0.06836076080799103, 0.14901581406593323, 0.049451012164354324, 0.05880102887749672, 0.10876008868217468, 0.08896137773990631, 0.06836076080799103, 0.14901581406593323, 0.03393931686878204], [0.07095769047737122, 0.06978769600391388, 0.10707130283117294, 0.10405704379081726, 0.0694829672574997, 0.0686563029885292, 0.10166898369789124, 0.1457151174545288, 0.10707130283117294, 0.10405704379081726, 0.051474541425704956], [0.09090908616781235, 0.09090908616781235, 0.09090908616781235, 0.09090908616781235, 0.09090908616781235, 0.09090908616781235, 0.09090908616781235, 0.09090908616781235, 0.09090908616781235, 0.09090908616781235, 0.09090908616781235]], "p2h_attention": [[0.019078388810157776, 0.8848130106925964, 0.006495351903140545, 0.01410254742950201, 0.008657285943627357, 0.013590842485427856, 0.007468593306839466, 0.02360537089407444, 0.015200830064713955, 0.004049899056553841, 0.0029379017651081085], [0.08920806646347046, 0.08467356860637665, 0.1205499991774559, 0.08090448379516602, 0.09374595433473587, 0.08118908852338791, 0.09485196322202682, 0.10889358073472977, 0.09432867169380188, 0.0872788280248642, 0.06437578797340393], [0.08743084967136383, 0.09584823995828629, 0.0848298892378807, 0.11857029795646667, 0.07183392345905304, 0.1537657231092453, 0.15077657997608185, 0.09190145134925842, 0.05734781175851822, 0.059223443269729614, 0.028471676632761955], [0.11875800043344498, 0.08029680699110031, 0.05309022217988968, 0.08279396593570709, 0.07898847758769989, 0.1635570526123047, 0.1682850569486618, 0.12994390726089478, 0.0736219584941864, 0.03389667347073555, 0.016767878085374832], [0.10939674079418182, 0.08873725682497025, 0.12206489592790604, 0.08148721605539322, 0.09200563281774521, 0.07724882662296295, 0.09760783612728119, 0.09965705871582031, 0.0887165367603302, 0.0821898803114891, 0.06088811159133911], [0.07619425654411316, 0.17766022682189941, 0.09764602780342102, 0.1320229321718216, 0.08451858162879944, 0.07036301493644714, 0.08973893523216248, 0.10600627213716507, 0.0706634372472763, 0.0544002428650856, 0.04078616574406624], [0.08306261152029037, 0.06472994387149811, 0.14760783314704895, 0.1303207129240036, 0.1264011412858963, 0.07681914418935776, 0.12478017807006836, 0.08570221066474915, 0.08326868712902069, 0.05132290720939636, 0.02598455175757408], [0.22352002561092377, 0.039840217679739, 0.21529142558574677, 0.15801891684532166, 0.04814713075757027, 0.07023534923791885, 0.06804481148719788, 0.04321545362472534, 0.05431148409843445, 0.058655038475990295, 0.020720163360238075], [0.08743084967136383, 0.09584823995828629, 0.0848298892378807, 0.11857029795646667, 0.07183392345905304, 0.1537657231092453, 0.15077657997608185, 0.09190145134925842, 0.05734781175851822, 0.059223443269729614, 0.028471676632761955], [0.11875800043344498, 0.08029680699110031, 0.05309022217988968, 0.08279396593570709, 0.07898847758769989, 0.1635570526123047, 0.1682850569486618, 0.12994390726089478, 0.0736219584941864, 0.03389667347073555, 0.016767878085374832], [0.09090908616781235, 0.09090908616781235, 0.09090908616781235, 0.09090908616781235, 0.09090908616781235, 0.09090908616781235, 0.09090908616781235, 0.09090908616781235, 0.09090908616781235, 0.09090908616781235, 0.09090908616781235]], "claim": "Prince William ended his military service in September 2013.", "premise_source_doc_id": "William", "premise_source_doc_line_num": 3, "premise_source_doc_sentence": "William  (  given name  )  , a masculine given name"}
