{"premise_tokens": ["The", "Republican", "National", "Committee", "(", "RNC", ")", "is", "a", "U.S.", "political", "committee", "that", "provides", "national", "leadership", "for", "the", "Republican", "Party", "of", "the", "United", "States", ".", "@@NULL@@"], "hypothesis_tokens": ["The", "Republican", "National", "Committee", "is", "a", "front", ".", "@@NULL@@"], "label_logits": [1.4205906391143799, 0.8905551433563232, -3.9098732471466064], "label_probs": [0.627578616142273, 0.3693827688694, 0.0030386250000447035], "h2p_attention": [[0.08287432044744492, 0.025645414367318153, 0.026108385995030403, 0.02833373099565506, 0.01873553916811943, 0.02245260588824749, 0.018923461437225342, 0.09021947532892227, 0.04782119765877724, 0.028844499960541725, 0.023415381088852882, 0.02833373099565506, 0.06563746929168701, 0.04114637151360512, 0.026108385995030403, 0.02245260588824749, 0.040297914296388626, 0.08287432044744492, 0.025645414367318153, 0.0390494205057621, 0.03592213988304138, 0.08287432044744492, 0.025825975462794304, 0.022965827956795692, 0.03190312162041664, 0.015588957816362381], [0.0033877072855830193, 0.363272100687027, 0.015030911192297935, 0.03206724300980568, 0.0028140994254499674, 0.003289485350251198, 0.003171602264046669, 0.00983837153762579, 0.004763813689351082, 0.013502666726708412, 0.040168434381484985, 0.03206724300980568, 0.004649117588996887, 0.009308474138379097, 0.015030911192297935, 0.003289485350251198, 0.008183305151760578, 0.0033877072855830193, 0.363272100687027, 0.04215531051158905, 0.002976201009005308, 0.0033877072855830193, 0.005520460661500692, 0.010277306661009789, 0.0031289574690163136, 0.0020592701621353626], [0.0008441100362688303, 0.0036788166034966707, 0.43889230489730835, 0.0027235723100602627, 0.0006597207975573838, 0.0007214171346276999, 0.0008288526441901922, 0.0012800308177247643, 0.002366340486332774, 0.004546660929918289, 0.010560436174273491, 0.0027235723100602627, 0.001303678029216826, 0.0015776437940075994, 0.43889230489730835, 0.0007214171346276999, 0.0010476335883140564, 0.0008441100362688303, 0.0036788166034966707, 0.07527224719524384, 0.0008898093947209418, 0.0008441100362688303, 0.0013710480416193604, 0.0023727661464363337, 0.0008546162280254066, 0.0005040065152570605], [0.0004320720618125051, 0.0037018407601863146, 0.001284612575545907, 0.48515141010284424, 0.0002573204692453146, 0.0003590841079130769, 0.00031312406645156443, 0.0012905410258099437, 0.0005900244577787817, 0.0006039833533577621, 0.001820333069190383, 0.48515141010284424, 0.0006770045729354024, 0.0066045424900949, 0.001284612575545907, 0.0003590841079130769, 0.002141297794878483, 0.0004320720618125051, 0.0037018407601863146, 0.001537330448627472, 0.000606343790423125, 0.0004320720618125051, 0.00035070491139777005, 0.00032900573569349945, 0.000350636662915349, 0.00023772202257532626], [0.025372805073857307, 0.02094571478664875, 0.01113447267562151, 0.023800581693649292, 0.0066130743362009525, 0.007890595123171806, 0.006204261444509029, 0.5406720638275146, 0.024323176592588425, 0.010072275064885616, 0.021061481907963753, 0.023800581693649292, 0.03776831552386284, 0.036943212151527405, 0.01113447267562151, 0.007890595123171806, 0.024069730192422867, 0.025372805073857307, 0.02094571478664875, 0.03287443146109581, 0.01532408781349659, 0.025372805073857307, 0.00980035774409771, 0.008499352261424065, 0.017728980630636215, 0.004384148865938187], [0.033373504877090454, 0.02516748383641243, 0.05107865855097771, 0.027002200484275818, 0.011611904948949814, 0.014886288903653622, 0.012820029631257057, 0.06035781279206276, 0.1482827067375183, 0.05250682309269905, 0.034748341888189316, 0.027002200484275818, 0.04782377928495407, 0.06283827871084213, 0.05107865855097771, 0.014886288903653622, 0.05163770169019699, 0.033373504877090454, 0.02516748383641243, 0.05716445669531822, 0.02939624898135662, 0.033373504877090454, 0.029468782246112823, 0.03258605673909187, 0.021487930789589882, 0.010879239067435265], [0.034324999898672104, 0.043781477957963943, 0.028527557849884033, 0.07513439655303955, 0.017935900017619133, 0.020392924547195435, 0.019117431715130806, 0.07405272126197815, 0.035361334681510925, 0.028185656294226646, 0.05511380732059479, 0.07513439655303955, 0.0594443678855896, 0.048733532428741455, 0.028527557849884033, 0.020392924547195435, 0.04847166687250137, 0.034324999898672104, 0.043781477957963943, 0.05364735797047615, 0.03326744586229324, 0.034324999898672104, 0.02816837839782238, 0.02253616973757744, 0.025222627446055412, 0.012093941681087017], [0.043271392583847046, 0.03212706372141838, 0.035852525383234024, 0.031186925247311592, 0.028666261583566666, 0.026911281049251556, 0.028541086241602898, 0.08550338447093964, 0.04176195710897446, 0.025519615039229393, 0.043501805514097214, 0.031186925247311592, 0.05059424787759781, 0.04326135292649269, 0.035852525383234024, 0.026911281049251556, 0.03864586353302002, 0.043271392583847046, 0.03212706372141838, 0.058971479535102844, 0.03251723200082779, 0.043271392583847046, 0.02770218253135681, 0.026862800121307373, 0.06483696401119232, 0.021143881604075432], [0.03846152499318123, 0.03846152499318123, 0.03846152499318123, 0.03846152499318123, 0.03846152499318123, 0.03846152499318123, 0.03846152499318123, 0.03846152499318123, 0.03846152499318123, 0.03846152499318123, 0.03846152499318123, 0.03846152499318123, 0.03846152499318123, 0.03846152499318123, 0.03846152499318123, 0.03846152499318123, 0.03846152499318123, 0.03846152499318123, 0.03846152499318123, 0.03846152499318123, 0.03846152499318123, 0.03846152499318123, 0.03846152499318123, 0.03846152499318123, 0.03846152499318123, 0.03846152499318123]],