{"premise_tokens": ["Murdoc", "Niccals", "is", "a", "fictional", "English", "bassist", "for", "the", "British", "virtual", "band", "Gorillaz", ".", "@@NULL@@"], "hypothesis_tokens": ["Murdoc", "Niccals", "is", "European", ".", "@@NULL@@"], "label_logits": [-0.37990447878837585, -1.5778688192367554, 0.5433611869812012], "label_probs": [0.26182764768600464, 0.07902166247367859, 0.6591506600379944], "h2p_attention": [[0.09247182309627533, 0.09247182309627533, 0.07201775908470154, 0.0547524094581604, 0.05496891960501671, 0.06398957967758179, 0.07130154222249985, 0.05329890549182892, 0.05763215944170952, 0.07558505237102509, 0.07214709371328354, 0.055947817862033844, 0.09247181564569473, 0.05092897266149521, 0.04001430422067642], [0.09247182309627533, 0.09247182309627533, 0.07201775908470154, 0.0547524094581604, 0.05496891960501671, 0.06398957967758179, 0.07130154222249985, 0.05329890549182892, 0.05763215944170952, 0.07558505237102509, 0.07214709371328354, 0.055947817862033844, 0.09247181564569473, 0.05092897266149521, 0.04001430422067642], [0.00992972869426012, 0.00992972869426012, 0.6803956627845764, 0.03060891292989254, 0.02318713255226612, 0.06078771501779556, 0.02267378941178322, 0.030289968475699425, 0.03192979469895363, 0.023471426218748093, 0.012569521553814411, 0.02646920084953308, 0.00992972869426012, 0.022310610860586166, 0.005517126061022282], [0.0017263288609683514, 0.0017263288609683514, 0.0028382486198097467, 0.004829596262425184, 0.004358635284006596, 0.15087012946605682, 0.005854278802871704, 0.0030909855850040913, 0.0017337336903437972, 0.7979112267494202, 0.003197773126885295, 0.017491914331912994, 0.0017263288609683514, 0.0015646227402612567, 0.001079842448234558], [0.043358705937862396, 0.043358705937862396, 0.13776062428951263, 0.0672856867313385, 0.05502194166183472, 0.05738106369972229, 0.06809927523136139, 0.062265124171972275, 0.0697176456451416, 0.041574519127607346, 0.06108035519719124, 0.11120770871639252, 0.04335871338844299, 0.10446349531412125, 0.03406643494963646], [0.06666667014360428, 0.06666667014360428, 0.06666667014360428, 0.06666667014360428, 0.06666667014360428, 0.06666667014360428, 0.06666667014360428, 0.06666667014360428, 0.06666667014360428, 0.06666667014360428, 0.06666667014360428, 0.06666667014360428, 0.06666667014360428, 0.06666667014360428, 0.06666667014360428]], "p2h_attention": [[0.22451429069042206, 0.22451429069042206, 0.17485344409942627, 0.15531489253044128, 0.12365152686834335, 0.09715157002210617], [0.22451429069042206, 0.22451429069042206, 0.17485344409942627, 0.15531489253044128, 0.12365152686834335, 0.09715157002210617], [0.01337185874581337, 0.01337185874581337, 0.9162541031837463, 0.019527984783053398, 0.030044546350836754, 0.007429631892591715], [0.08697550743818283, 0.08697550743818283, 0.35265013575553894, 0.28428858518600464, 0.1255466192960739, 0.06356368213891983], [0.1009969413280487, 0.1009969413280487, 0.3089871406555176, 0.296753853559494, 0.11874503642320633, 0.07352012395858765], [0.010210778564214706, 0.010210778564214706, 0.07035058736801147, 0.8920879364013672, 0.010754909366369247, 0.006385057233273983], [0.1107187569141388, 0.1107187569141388, 0.2553575336933136, 0.3368607759475708, 0.12420907616615295, 0.06213517487049103], [0.09621218591928482, 0.09621218591928482, 0.39656373858451843, 0.20675863325595856, 0.1320216804742813, 0.07223156839609146], [0.10812950879335403, 0.10812950879335403, 0.4344879686832428, 0.12053591758012772, 0.15364223718643188, 0.07507485896348953], [0.0025214015040546656, 0.0025214015040546656, 0.005678688641637564, 0.9863147139549255, 0.0016290029743686318, 0.0013348158681765199], [0.15491768717765808, 0.15491768717765808, 0.19575068354606628, 0.2544395625591278, 0.15405374765396118, 0.08592061698436737], [0.04983401671051979, 0.04983401671051979, 0.17099599540233612, 0.5773443579673767, 0.1163499504327774, 0.03564166650176048], [0.22451427578926086, 0.22451427578926086, 0.17485345900058746, 0.1553148478269577, 0.12365154922008514, 0.09715157747268677], [0.1051456406712532, 0.1051456406712532, 0.334072083234787, 0.11969909071922302, 0.25332584977149963, 0.08261170983314514], [0.1666666716337204, 0.1666666716337204, 0.1666666716337204, 0.1666666716337204, 0.1666666716337204, 0.1666666716337204]], "claim": "Murdoc Niccals is European.", "premise_source_doc_id": "Murdoc_Niccals", "premise_source_doc_line_num": 0, "premise_source_doc_sentence": "Murdoc Niccals is a fictional English bassist for the British virtual band Gorillaz ."}
