{"premise_tokens": ["He", "played", "the", "leading", "role", "in", "the", "horror", "Khamoshiyan", "(", "2015", ")", "followed", "by", "his", "first", "American", "film", "Furious", "7", "(", "2015", ")", ".", "@@NULL@@"], "hypothesis_tokens": ["3", "Idiots", "is", "an", "American", "film", ".", "@@NULL@@"], "label_logits": [1.3345867395401, -4.531982421875, 0.9735121130943298], "label_probs": [0.5883184671401978, 0.001666456344537437, 0.4100150167942047], "h2p_attention": [[0.044351380318403244, 0.02897646650671959, 0.022572146728634834, 0.030770542100071907, 0.04861391335725784, 0.031213348731398582, 0.022572146728634834, 0.03051191382110119, 0.021328935399651527, 0.030588073655962944, 0.04540608078241348, 0.028819754719734192, 0.06255645304918289, 0.027352504432201385, 0.03842319920659065, 0.05174606293439865, 0.029055751860141754, 0.029814185574650764, 0.03165179863572121, 0.19454313814640045, 0.030588073655962944, 0.04540608078241348, 0.028819754719734192, 0.027092400938272476, 0.017225801944732666], [0.05252895876765251, 0.03586810827255249, 0.037528201937675476, 0.03502831235527992, 0.04153512418270111, 0.04326295107603073, 0.037528201937675476, 0.050828490406274796, 0.06021466478705406, 0.028010359033942223, 0.045003775507211685, 0.029071468859910965, 0.03480272740125656, 0.03539969399571419, 0.04212891310453415, 0.036564312875270844, 0.05445513129234314, 0.04974565654993057, 0.05707245692610741, 0.03211762383580208, 0.028010359033942223, 0.045003775507211685, 0.029071468859910965, 0.03316330537199974, 0.026056021451950073], [0.4150729775428772, 0.038060951977968216, 0.020780066028237343, 0.014303619973361492, 0.05640764534473419, 0.0370577834546566, 0.020780066028237343, 0.01085149310529232, 0.006462313234806061, 0.00541603984311223, 0.011133306659758091, 0.005081226117908955, 0.07137318700551987, 0.07159885764122009, 0.05144985392689705, 0.06041279435157776, 0.010427026078104973, 0.013846066780388355, 0.025619184598326683, 0.014124344103038311, 0.00541603984311223, 0.011133306659758091, 0.005081226117908955, 0.014519848860800266, 0.0035905728582292795], [0.2458949238061905, 0.05724921077489853, 0.028065575286746025, 0.031205927953124046, 0.054341476410627365, 0.1047561913728714, 0.028065575286746025, 0.018527520820498466, 0.011451871134340763, 0.009284229017794132, 0.014442624524235725, 0.010433410294353962, 0.06917306035757065, 0.07522328197956085, 0.04811660945415497, 0.03453877940773964, 0.018816638737916946, 0.03181556612253189, 0.02633453533053398, 0.019601760432124138, 0.009284229017794132, 0.014442624524235725, 0.010433410294353962, 0.020931527018547058, 0.007569330744445324], [9.989777754526585e-05, 0.00025966676184907556, 4.4216511014383286e-05, 0.00035705050686374307, 0.0005892999470233917, 9.272903844248503e-05, 4.4216511014383286e-05, 0.00010152446338906884, 3.983508941018954e-05, 2.334699638595339e-05, 0.00010203599958913401, 2.2584788894164376e-05, 0.00010654151992639527, 0.00010632328485371545, 4.15544054703787e-05, 6.861925794510171e-05, 0.9975108504295349, 5.1283441280247644e-05, 0.00011405061377445236, 3.0426970624830574e-05, 2.334699638595339e-05, 0.00010203599958913401, 2.2584788894164376e-05, 2.693364876904525e-05, 1.906053330458235e-05], [0.002733956091105938, 0.002091315807774663, 0.001142283552326262, 0.0017184590687975287, 0.0036280201748013496, 0.004295313730835915, 0.001142283552326262, 0.03566800057888031, 0.0009168646647594869, 0.0006455493858084083, 0.0022147968411445618, 0.0007882590871304274, 0.002553817117586732, 0.0011056603398174047, 0.002121511846780777, 0.001946754870004952, 0.0012921125162392855, 0.9260835647583008, 0.001650409190915525, 0.0010946455877274275, 0.0006455493858084083, 0.0022147968411445618, 0.0007882590871304274, 0.0010376045247539878, 0.0004802398616448045], [0.1235928013920784, 0.03762522339820862, 0.0379151925444603, 0.026728706434369087, 0.0346730537712574, 0.04699021577835083, 0.0379151925444603, 0.039898861199617386, 0.023580161854624748, 0.025117909535765648, 0.043693240731954575, 0.025008229538798332, 0.04279171675443649, 0.04032764583826065, 0.06795177608728409, 0.04221425577998161, 0.026179248467087746, 0.0400286428630352, 0.036315422505140305, 0.032295115292072296, 0.025117909535765648, 0.043693240731954575, 0.025008229538798332, 0.05681133270263672, 0.018526660278439522], [0.03999999538064003, 0.03999999538064003, 0.03999999538064003, 0.03999999538064003, 0.03999999538064003, 0.03999999538064003, 0.03999999538064003, 0.03999999538064003, 0.03999999538064003, 0.03999999538064003, 0.03999999538064003, 0.03999999538064003, 0.03999999538064003, 0.03999999538064003, 0.03999999538064003, 0.03999999538064003, 0.03999999538064003, 0.03999999538064003, 0.03999999538064003, 0.03999999538064003, 0.03999999538064003, 0.03999999538064003, 0.03999999538064003, 0.03999999538064003, 0.03999999538064003]],