{"premise_tokens": ["Cola", "de", "mono", "or", "Colemono", "(", "literally", ",", "monkey", "'s", "tail", ")", "is", "a", "traditional", "Chilean", "drink", "served", "around", "Christmas", "time", ".", "@@NULL@@"], "hypothesis_tokens": ["Once", "Upon", "a", "Time", "is", "a", "Chilean", "drink", ".", "@@NULL@@"], "label_logits": [2.040731906890869, -3.0298070907592773, -1.1224937438964844], "label_probs": [0.953681468963623, 0.0059881992638111115, 0.04033034294843674], "h2p_attention": [[0.047510385513305664, 0.019000427797436714, 0.016841555014252663, 0.04138907790184021, 0.017176181077957153, 0.01226363517343998, 0.054566510021686554, 0.023822549730539322, 0.05314048379659653, 0.07214416563510895, 0.09085636585950851, 0.013798028230667114, 0.1079297736287117, 0.060715947300195694, 0.03898705542087555, 0.020651930943131447, 0.07679042965173721, 0.04461575672030449, 0.04654570668935776, 0.03795433044433594, 0.06721880286931992, 0.026017803698778152, 0.010063228197395802], [0.03310051187872887, 0.012720420025289059, 0.011862090788781643, 0.03514447063207626, 0.012698129750788212, 0.010217927396297455, 0.06394151598215103, 0.015755359083414078, 0.05554671958088875, 0.03955971822142601, 0.06100727245211601, 0.011146173812448978, 0.18801560997962952, 0.04644564166665077, 0.034254275262355804, 0.014446071349084377, 0.06704483181238174, 0.013241197913885117, 0.08735553175210953, 0.07434900850057602, 0.07630779594182968, 0.028589662164449692, 0.00725007988512516], [0.03389459475874901, 0.022904058918356895, 0.02322309836745262, 0.04386216402053833, 0.015601130202412605, 0.012169509194791317, 0.05174330994486809, 0.031194312497973442, 0.046597812324762344, 0.047772474586963654, 0.04046908766031265, 0.013435649685561657, 0.06325620412826538, 0.1554032564163208, 0.056040506809949875, 0.04073776304721832, 0.06227823346853256, 0.02952285297214985, 0.040467798709869385, 0.08209861814975739, 0.053406164050102234, 0.022519778460264206, 0.011401660740375519], [0.02335750311613083, 0.009519672952592373, 0.010861250571906567, 0.059181492775678635, 0.010729856789112091, 0.009660191833972931, 0.031052112579345703, 0.031971365213394165, 0.019397547468543053, 0.04225417599081993, 0.037913087755441666, 0.009805998764932156, 0.14685864746570587, 0.03471514955163002, 0.01964324712753296, 0.012552222236990929, 0.026051387190818787, 0.011354060843586922, 0.06767775118350983, 0.028096633031964302, 0.32898077368736267, 0.020954554900527, 0.007411322556436062], [0.01491229236125946, 0.011750021018087864, 0.011002390645444393, 0.03711844980716705, 0.007790097966790199, 0.0065288483165204525, 0.02629920467734337, 0.012153344228863716, 0.01859280839562416, 0.027609143406152725, 0.031607434153556824, 0.00612524151802063, 0.533785879611969, 0.02401338890194893, 0.01530829444527626, 0.010185934603214264, 0.03030281513929367, 0.00906411837786436, 0.041371170431375504, 0.016880132257938385, 0.08576740324497223, 0.017503174021840096, 0.004328310955315828], [0.03389459475874901, 0.022904058918356895, 0.02322309836745262, 0.04386216402053833, 0.015601130202412605, 0.012169509194791317, 0.05174330994486809, 0.031194312497973442, 0.046597812324762344, 0.047772474586963654, 0.04046908766031265, 0.013435649685561657, 0.06325620412826538, 0.1554032564163208, 0.056040506809949875, 0.04073776304721832, 0.06227823346853256, 0.02952285297214985, 0.040467798709869385, 0.08209861814975739, 0.053406164050102234, 0.022519778460264206, 0.011401660740375519], [0.006639168597757816, 0.008048593997955322, 0.01903693750500679, 0.007962316274642944, 0.004038759041577578, 0.005159273277968168, 0.015813805162906647, 0.0035374690778553486, 0.0379769466817379, 0.005125794094055891, 0.014563223347067833, 0.004851912148296833, 0.006061218213289976, 0.009202513843774796, 0.05642321705818176, 0.7081533670425415, 0.03433467447757721, 0.0052988966926932335, 0.005543523468077183, 0.03182126581668854, 0.004362167324870825, 0.0034694152418524027, 0.002575594000518322], [0.0066180904395878315, 0.0005507611786015332, 0.0012802338460460305, 0.0011333631118759513, 0.0005935949739068747, 0.00044733990216627717, 0.0016844075871631503, 0.0003562741621863097, 0.007493860088288784, 0.0008139015990309417, 0.0012710217852145433, 0.0004904161905869842, 0.0020036036148667336, 0.00156320387031883, 0.005147434771060944, 0.0038150730542838573, 0.958286464214325, 0.0013398125302046537, 0.000918567122425884, 0.0021885570604354143, 0.001005964120849967, 0.0007119132205843925, 0.0002861853572539985], [0.04033806174993515, 0.02942749671638012, 0.033671796321868896, 0.047734446823596954, 0.028397586196660995, 0.030249496921896935, 0.046332087367773056, 0.02975909784436226, 0.043242912739515305, 0.04419815167784691, 0.04689557105302811, 0.03011741116642952, 0.0902256965637207, 0.04406845569610596, 0.03341904282569885, 0.03005458600819111, 0.05550236254930496, 0.02844156138598919, 0.05482979863882065, 0.05928155779838562, 0.06308332830667496, 0.06841789186000824, 0.022311657667160034], [0.04347826912999153, 0.04347826912999153, 0.04347826912999153, 0.04347826912999153, 0.04347826912999153, 0.04347826912999153, 0.04347826912999153, 0.04347826912999153, 0.04347826912999153, 0.04347826912999153, 0.04347826912999153, 0.04347826912999153, 0.04347826912999153, 0.04347826912999153, 0.04347826912999153, 0.04347826912999153, 0.04347826912999153, 0.04347826912999153, 0.04347826912999153, 0.04347826912999153, 0.04347826912999153, 0.04347826912999153, 0.04347826912999153]],