{"premise_tokens": ["Coleslaw", "is", "frequently", "served", "as", "a", "side", "dish", "in", "traditional", "meals", "in", "many", "countries", ",", "and", "can", "be", "seen", "in", "major", "fast", "food", "chains", "as", "well", ".", "@@NULL@@"], "hypothesis_tokens": ["Coleslaw", "is", "frequently", "served", "as", "an", "insult", "in", "many", "countries", ".", "@@NULL@@"], "label_logits": [2.1847829818725586, 0.5159565210342407, -5.1454315185546875], "label_probs": [0.8409554958343506, 0.1584932953119278, 0.0005511899944394827], "h2p_attention": [[0.04855647310614586, 0.03781615197658539, 0.031493254005908966, 0.030216453596949577, 0.029940921813249588, 0.028750203549861908, 0.04723545163869858, 0.03759898617863655, 0.034886788576841354, 0.04895158112049103, 0.05558948963880539, 0.034886788576841354, 0.027943197637796402, 0.043091174215078354, 0.023348134011030197, 0.026650089770555496, 0.030027911067008972, 0.039159201085567474, 0.03460530564188957, 0.034886788576841354, 0.028738494962453842, 0.047938890755176544, 0.042552873492240906, 0.0427623987197876, 0.029940921813249588, 0.03467830643057823, 0.026742538437247276, 0.02101130224764347], [0.004714717622846365, 0.32305750250816345, 0.028598416596651077, 0.005485779605805874, 0.03255555033683777, 0.01453336700797081, 0.0750444233417511, 0.010494573041796684, 0.02703627571463585, 0.009264875203371048, 0.01759914867579937, 0.02703627571463585, 0.01360100507736206, 0.008514045737683773, 0.00735543854534626, 0.008233300410211086, 0.041736945509910583, 0.12446822226047516, 0.04428640753030777, 0.02703627571463585, 0.015004160813987255, 0.0212587621062994, 0.014483517035841942, 0.007098326925188303, 0.03255555033683777, 0.04573407396674156, 0.01059325784444809, 0.0026195771060884], [0.0059860520996153355, 0.04360003396868706, 0.4333187937736511, 0.011473058722913265, 0.017776397988200188, 0.02034565806388855, 0.030165424570441246, 0.01375477947294712, 0.017951281741261482, 0.022207627072930336, 0.04964333400130272, 0.017951281741261482, 0.028769228607416153, 0.013409349136054516, 0.006607977673411369, 0.009819691069424152, 0.021519916132092476, 0.023070430383086205, 0.023785395547747612, 0.017951281741261482, 0.010582240298390388, 0.06611397117376328, 0.024041900411248207, 0.008062017150223255, 0.017776397988200188, 0.03103068843483925, 0.00929227378219366, 0.003993705380707979], [0.013220063410699368, 0.019250862300395966, 0.02640865184366703, 0.2498801350593567, 0.0217757448554039, 0.02380308322608471, 0.016711588948965073, 0.0269129890948534, 0.020902452990412712, 0.038701094686985016, 0.12708556652069092, 0.020902452990412712, 0.021841073408722878, 0.05354088917374611, 0.01182598527520895, 0.014512449502944946, 0.015968522056937218, 0.018729696050286293, 0.022519033402204514, 0.020902452990412712, 0.012155326083302498, 0.041567664593458176, 0.06604908406734467, 0.027301758527755737, 0.0217757448554039, 0.024844687432050705, 0.01171830203384161, 0.009192699566483498], [0.007587440311908722, 0.06617239862680435, 0.023700127378106117, 0.0126128438860178, 0.19383275508880615, 0.030855288729071617, 0.022334489971399307, 0.01087939739227295, 0.022356582805514336, 0.01213157083839178, 0.018021639436483383, 0.022356582805514336, 0.027217166498303413, 0.010073423385620117, 0.02166607789695263, 0.023933082818984985, 0.027806425467133522, 0.042973581701517105, 0.030951296910643578, 0.022356582805514336, 0.014859429560601711, 0.030538178980350494, 0.014422619715332985, 0.021397022530436516, 0.19383275508880615, 0.058739908039569855, 0.011066851206123829, 0.005324551369994879], [0.007505324669182301, 0.09317809343338013, 0.031031496822834015, 0.011299730278551579, 0.024564286693930626, 0.026959484443068504, 0.10504494607448578, 0.01992524042725563, 0.0686550959944725, 0.0232448261231184, 0.03977669030427933, 0.0686550959944725, 0.020933058112859726, 0.014531916938722134, 0.013122343458235264, 0.013261131942272186, 0.03780631721019745, 0.09232766181230545, 0.051006171852350235, 0.0686550959944725, 0.017650056630373, 0.02408299781382084, 0.02160128764808178, 0.017685962840914726, 0.024564286693930626, 0.04425259679555893, 0.013718100264668465, 0.004960786551237106], [0.014076308347284794, 0.041275426745414734, 0.13138380646705627, 0.016392463818192482, 0.02216644585132599, 0.04603711888194084, 0.12951414287090302, 0.025785520672798157, 0.02287932112812996, 0.13965894281864166, 0.029158756136894226, 0.02287932112812996, 0.020726872608065605, 0.0327657088637352, 0.010601816698908806, 0.016451572999358177, 0.020927418023347855, 0.02234503999352455, 0.029126765206456184, 0.02287932112812996, 0.02041255310177803, 0.049622803926467896, 0.021101443096995354, 0.009872090071439743, 0.02216644585132599, 0.03684171661734581, 0.016824152320623398, 0.006126801948994398], [0.006594531703740358, 0.04099129140377045, 0.01785234734416008, 0.009030879475176334, 0.016676247119903564, 0.01907244510948658, 0.04318314418196678, 0.021446112543344498, 0.1588696837425232, 0.03327525407075882, 0.01675407774746418, 0.1588696837425232, 0.01671837456524372, 0.018055571243166924, 0.008738642558455467, 0.008925996720790863, 0.030595630407333374, 0.034788068383932114, 0.044091977179050446, 0.1588696837425232, 0.01226064283400774, 0.024509970098733902, 0.019320080056786537, 0.023942481726408005, 0.016676247119903564, 0.025845790281891823, 0.010073632001876831, 0.003971695899963379], [0.006794477812945843, 0.026526059955358505, 0.03680317476391792, 0.012138468213379383, 0.026115166023373604, 0.015116713009774685, 0.015842318534851074, 0.01721123233437538, 0.021505579352378845, 0.13243259489536285, 0.04169882833957672, 0.021505579352378845, 0.2641121447086334, 0.04295693710446358, 0.011057509109377861, 0.012079192325472832, 0.04718990623950958, 0.02472546696662903, 0.016143854707479477, 0.021505579352378845, 0.01602485589683056, 0.03310093656182289, 0.014316090382635593, 0.04856417700648308, 0.026115166023373604, 0.03367345780134201, 0.00963550340384245, 0.005108966026455164], [0.0006902183522470295, 0.0010938451159745455, 0.0011300111655145884, 0.001960169058293104, 0.0006367149180732667, 0.001189881470054388, 0.0013416636502370238, 0.0032502280082553625, 0.001529982197098434, 0.0063929748721420765, 0.008320718072354794, 0.001529982197098434, 0.0028297724202275276, 0.9412222504615784, 0.0006254683248698711, 0.0008767279796302319, 0.0025019734166562557, 0.0019876393489539623, 0.0013473464641720057, 0.001529982197098434, 0.0009828242473304272, 0.003464237553998828, 0.004811244085431099, 0.005571379326283932, 0.0006367149180732667, 0.0016033640131354332, 0.0006061544409021735, 0.00033655116567388177], [0.02115396037697792, 0.06721101701259613, 0.03867124021053314, 0.021186716854572296, 0.03454483300447464, 0.03282751888036728, 0.05236531421542168, 0.027170410379767418, 0.04215530306100845, 0.02489454671740532, 0.026936547830700874, 0.04215530306100845, 0.031346093863248825, 0.029934654012322426, 0.022168176248669624, 0.03224793076515198, 0.04932505637407303, 0.06370366364717484, 0.04479169100522995, 0.04215530306100845, 0.02868623659014702, 0.02361619472503662, 0.028984081000089645, 0.02423003502190113, 0.03454483300447464, 0.04540702700614929, 0.05096592381596565, 0.016620421782135963], [0.035714294761419296, 0.035714294761419296, 0.035714294761419296, 0.035714294761419296, 0.035714294761419296, 0.035714294761419296, 0.035714294761419296, 0.035714294761419296, 0.035714294761419296, 0.035714294761419296, 0.035714294761419296, 0.035714294761419296, 0.035714294761419296, 0.035714294761419296, 0.035714294761419296, 0.035714294761419296, 0.035714294761419296, 0.035714294761419296, 0.035714294761419296, 0.035714294761419296, 0.035714294761419296, 0.035714294761419296, 0.035714294761419296, 0.035714294761419296, 0.035714294761419296, 0.035714294761419296, 0.035714294761419296, 0.035714294761419296]],