{"premise_tokens": ["Rum", "is", "a", "distilled", "alcoholic", "beverage", "made", "from", "sugarcane", "byproducts", ",", "such", "as", "molasses", ",", "or", "directly", "from", "sugarcane", "juice", ",", "by", "a", "process", "of", "fermentation", "and", "distillation", ".", "@@NULL@@"], "hypothesis_tokens": ["Rum", "lacks", "any", "sugarcane", "byproducts", ".", "@@NULL@@"], "label_logits": [0.5081745982170105, 4.248256206512451, -5.526250839233398], "label_probs": [0.02319980040192604, 0.9767446517944336, 5.556052929023281e-05], "h2p_attention": [[0.9674279689788818, 0.00022323137091007084, 0.0001628658501431346, 7.850714609958231e-05, 0.0040375650860369205, 0.012323371134698391, 0.000767986464779824, 0.00046650529839098454, 0.002259135013446212, 7.850714609958231e-05, 5.28949785802979e-05, 0.0003151166602037847, 0.00010031033161794767, 0.0007224589353427291, 5.28949785802979e-05, 0.00011871025344589725, 0.0010449416004121304, 0.00046650529839098454, 0.002259135013446212, 0.004984600469470024, 5.28949785802979e-05, 0.00024122431932482868, 0.0001628658501431346, 0.00012744315608870238, 6.331019540084526e-05, 0.0011358819901943207, 5.9302816225681454e-05, 7.850714609958231e-05, 0.00010015795851359144, 3.530157482600771e-05], [0.040211815387010574, 0.0982971265912056, 0.022478468716144562, 0.012441543862223625, 0.054031241685152054, 0.01966467872262001, 0.019117608666419983, 0.043028488755226135, 0.02499033510684967, 0.012441543862223625, 0.020101698115468025, 0.04972860589623451, 0.02769550122320652, 0.020968811586499214, 0.020101698115468025, 0.026273852214217186, 0.08145405352115631, 0.043028488755226135, 0.02499033510684967, 0.0465070903301239, 0.020101698115468025, 0.05768706649541855, 0.022478468716144562, 0.0858047753572464, 0.015003754757344723, 0.03586243465542793, 0.018420923501253128, 0.012441543862223625, 0.01579633355140686, 0.00885009951889515], [0.016252880915999413, 0.1040123775601387, 0.019545238465070724, 0.005370348691940308, 0.05103736370801926, 0.011961149051785469, 0.026038095355033875, 0.0984894335269928, 0.0071694208309054375, 0.005370348691940308, 0.014325283467769623, 0.04776410758495331, 0.029581021517515182, 0.007095938548445702, 0.014325283467769623, 0.03300919756293297, 0.15210586786270142, 0.0984894335269928, 0.0071694208309054375, 0.026475610211491585, 0.014325283467769623, 0.05523483082652092, 0.019545238465070724, 0.0828380435705185, 0.012636063620448112, 0.009906339459121227, 0.012834036722779274, 0.005370348691940308, 0.009082382544875145, 0.002639608923345804], [0.05124968662858009, 0.0021795921493321657, 0.0019764741882681847, 0.001052906853146851, 0.015745410695672035, 0.015474400483071804, 0.005563708487898111, 0.0018324534175917506, 0.38976919651031494, 0.001052906853146851, 0.0011874920455738902, 0.0028525223024189472, 0.001604150515049696, 0.00482736574485898, 0.0011874920455738902, 0.0016894446453079581, 0.0025212352629750967, 0.0018324534175917506, 0.38976919651031494, 0.07028991729021072, 0.0011874920455738902, 0.001760518061928451, 0.0019764741882681847, 0.0013025462394580245, 0.0009484068141318858, 0.024520376697182655, 0.0013348233187571168, 0.001052906853146851, 0.0014575038803741336, 0.0008008351433090866], [0.044478639960289, 0.03599654138088226, 0.027366820722818375, 0.04622006416320801, 0.05235709622502327, 0.041644513607025146, 0.03042261116206646, 0.044938091188669205, 0.026295609772205353, 0.04622006416320801, 0.022224683314561844, 0.024520758539438248, 0.02850024402141571, 0.031993310898542404, 0.022224683314561844, 0.034086331725120544, 0.049619290977716446, 0.044938091188669205, 0.026295609772205353, 0.03711133450269699, 0.022224683314561844, 0.027172382920980453, 0.027366820722818375, 0.029454676434397697, 0.02426302060484886, 0.03502025082707405, 0.02536776103079319, 0.04622006416320801, 0.025455757975578308, 0.020000295713543892], [0.044210731983184814, 0.06301365792751312, 0.030777422711253166, 0.01983288675546646, 0.05879361182451248, 0.039312250912189484, 0.030498234555125237, 0.036310356110334396, 0.028359778225421906, 0.01983288675546646, 0.020783765241503716, 0.03096602112054825, 0.032387491315603256, 0.021854117512702942, 0.020783765241503716, 0.033337756991386414, 0.07695658504962921, 0.036310356110334396, 0.028359778225421906, 0.03594941645860672, 0.020783765241503716, 0.033918917179107666, 0.030777422711253166, 0.035145826637744904, 0.02396431751549244, 0.03334634751081467, 0.03023403137922287, 0.01983288675546646, 0.04778307303786278, 0.015582469291985035], [0.033333323895931244, 0.033333323895931244, 0.033333323895931244, 0.033333323895931244, 0.033333323895931244, 0.033333323895931244, 0.033333323895931244, 0.033333323895931244, 0.033333323895931244, 0.033333323895931244, 0.033333323895931244, 0.033333323895931244, 0.033333323895931244, 0.033333323895931244, 0.033333323895931244, 0.033333323895931244, 0.033333323895931244, 0.033333323895931244, 0.033333323895931244, 0.033333323895931244, 0.033333323895931244, 0.033333323895931244, 0.033333323895931244, 0.033333323895931244, 0.033333323895931244, 0.033333323895931244, 0.033333323895931244, 0.033333323895931244, 0.033333323895931244, 0.033333323895931244]],