{"premise_tokens": ["John", "Dall", "(", "May", "26", ",", "1920", "--", "January", "15", ",", "1971", ")", "was", "an", "American", "actor", ".", "@@NULL@@"], "hypothesis_tokens": ["John", "Dall", "was", "an", "American", "from", "Kansas", ".", "@@NULL@@"], "label_logits": [-2.739664316177368, -0.11641113460063934, 1.8958011865615845], "label_probs": [0.00848490372300148, 0.11692605912685394, 0.8745890259742737], "h2p_attention": [[0.8244312405586243, 0.002725269878283143, 0.003531489986926317, 0.06872013211250305, 0.005083946976810694, 0.006823208648711443, 0.004615460056811571, 0.005978077184408903, 0.025954166427254677, 0.008067208342254162, 0.006823208648711443, 0.002725269878283143, 0.0036995974369347095, 0.0042042843997478485, 0.006917656399309635, 0.005610231310129166, 0.00736084021627903, 0.004368796478956938, 0.0023600647691637278], [0.04171200469136238, 0.08347751945257187, 0.03883165866136551, 0.04699079319834709, 0.04574174806475639, 0.04013974219560623, 0.06865683943033218, 0.046302419155836105, 0.06392959505319595, 0.04975591599941254, 0.04013974219560623, 0.08347751945257187, 0.04030270874500275, 0.05185084789991379, 0.05465052276849747, 0.07549289613962173, 0.046449873596429825, 0.045975349843502045, 0.03612229973077774], [0.03693997487425804, 0.029765218496322632, 0.024271175265312195, 0.08362928777933121, 0.0485076904296875, 0.0349201001226902, 0.07657552510499954, 0.025300364941358566, 0.09233967214822769, 0.04488470032811165, 0.0349201001226902, 0.029765218496322632, 0.02476908452808857, 0.18810218572616577, 0.0638660416007042, 0.0370502844452858, 0.056103408336639404, 0.04755380377173424, 0.020736170932650566], [0.036339931190013885, 0.018757199868559837, 0.015206784941256046, 0.055587999522686005, 0.033710967749357224, 0.03279516473412514, 0.03309062868356705, 0.01879456639289856, 0.03696117550134659, 0.0794680044054985, 0.03279516473412514, 0.018757199868559837, 0.01708904840052128, 0.038184795528650284, 0.390493780374527, 0.030820071697235107, 0.06446560472249985, 0.0342840701341629, 0.012397927232086658], [4.537574204732664e-05, 3.9893086068332195e-05, 2.3380986021948047e-05, 8.321841596625745e-05, 3.731581091415137e-05, 4.645445369533263e-05, 0.000233984857914038, 2.894974750233814e-05, 0.00010534491593716666, 5.0446611567167565e-05, 4.645445369533263e-05, 3.9893086068332195e-05, 2.2617670765612274e-05, 3.410593490116298e-05, 4.745166370412335e-05, 0.9989631175994873, 0.00010591478348942474, 2.697286254260689e-05, 1.9088283806922846e-05], [0.049091629683971405, 0.021967081353068352, 0.013240925967693329, 0.08285951614379883, 0.058034174144268036, 0.035694755613803864, 0.12219580262899399, 0.03168793395161629, 0.12488862872123718, 0.11121795326471329, 0.035694755613803864, 0.021967081353068352, 0.016127655282616615, 0.03659337759017944, 0.11513421684503555, 0.05442050099372864, 0.036625467240810394, 0.022781815379858017, 0.00977674126625061], [0.04985739290714264, 0.028541330248117447, 0.020584523677825928, 0.034743499010801315, 0.05026761442422867, 0.017540546134114265, 0.07051928341388702, 0.020384423434734344, 0.03173818439245224, 0.06266677379608154, 0.017540546134114265, 0.028541330248117447, 0.02264060638844967, 0.05481042340397835, 0.09310875087976456, 0.2822944223880768, 0.06349754333496094, 0.0374327227473259, 0.013290030881762505], [0.05586254969239235, 0.03840895742177963, 0.040913742035627365, 0.0726897194981575, 0.05284283682703972, 0.04025046527385712, 0.05033344030380249, 0.03163852170109749, 0.06519675999879837, 0.06439090520143509, 0.04025046527385712, 0.03840895742177963, 0.04073508828878403, 0.06920532882213593, 0.08345001935958862, 0.04264252632856369, 0.050064150243997574, 0.09253813326358795, 0.03017747402191162], [0.05263159051537514, 0.05263159051537514, 0.05263159051537514, 0.05263159051537514, 0.05263159051537514, 0.05263159051537514, 0.05263159051537514, 0.05263159051537514, 0.05263159051537514, 0.05263159051537514, 0.05263159051537514, 0.05263159051537514, 0.05263159051537514, 0.05263159051537514, 0.05263159051537514, 0.05263159051537514, 0.05263159051537514, 0.05263159051537514, 0.05263159051537514]], "p2h_attention": [[0.9461845755577087, 0.0031277420930564404, 0.00482517946511507, 0.007939266972243786, 0.006438759155571461, 0.01360061764717102, 0.010161291807889938, 0.005013987421989441, 0.002708602696657181], [0.07611417025327682, 0.15232598781585693, 0.09461507201194763, 0.09972379356622696, 0.13775600492954254, 0.14810103178024292, 0.14155592024326324, 0.08389373123645782, 0.0659143328666687], [0.13066019117832184, 0.09386847913265228, 0.10220484435558319, 0.10710199922323227, 0.10695603489875793, 0.11825882643461227, 0.1352458894252777, 0.1183847039937973, 0.08731909841299057], [0.5038286447525024, 0.02250920981168747, 0.06978347152471542, 0.07758089154958725, 0.07543543726205826, 0.14664630591869354, 0.0452345572412014, 0.041678570210933685, 0.01730305515229702], [0.09405522793531418, 0.055289577692747116, 0.10213814675807953, 0.1187211349606514, 0.08535559475421906, 0.25917649269104004, 0.16514603793621063, 0.07645557075738907, 0.04366222769021988], [0.15999650955200195, 0.06149574741721153, 0.09319504350423813, 0.14638842642307281, 0.13468104600906372, 0.20204879343509674, 0.07304038107395172, 0.07381318509578705, 0.055340856313705444], [0.04553425684571266, 0.04425431042909622, 0.08598220348358154, 0.06214456260204315, 0.2854093909263611, 0.2910109758377075, 0.12354610115289688, 0.038834791630506516, 0.023283440619707108], [0.17010492086410522, 0.08608102798461914, 0.08193649351596832, 0.10180341452360153, 0.10184910893440247, 0.21766015887260437, 0.10300339013338089, 0.07040645182132721, 0.06715512275695801], [0.2496941089630127, 0.04018386825919151, 0.10110785812139511, 0.06768957525491714, 0.12530602514743805, 0.2900373637676239, 0.0542227178812027, 0.049053311347961426, 0.022705189883708954], [0.09700468182563782, 0.039089739322662354, 0.06142754107713699, 0.18190166354179382, 0.07499952614307404, 0.3228302299976349, 0.1338149756193161, 0.06055291369557381, 0.02837875857949257], [0.15999650955200195, 0.06149574741721153, 0.09319504350423813, 0.14638842642307281, 0.13468104600906372, 0.20204879343509674, 0.07304038107395172, 0.07381318509578705, 0.055340856313705444], [0.07611417025327682, 0.15232598781585693, 0.09461507201194763, 0.09972379356622696, 0.13775600492954254, 0.14810103178024292, 0.14155592024326324, 0.08389373123645782, 0.0659143328666687], [0.1290818452835083, 0.09187418222427368, 0.09835943579673767, 0.11350200325250626, 0.09756983816623688, 0.13583502173423767, 0.1402803212404251, 0.11115280538797379, 0.08234451711177826], [0.0629143938422203, 0.05069468542933464, 0.32036659121513367, 0.10877356678247452, 0.06310226023197174, 0.13218750059604645, 0.1456528902053833, 0.08099134266376495, 0.03531685099005699], [0.04576018452644348, 0.023619554936885834, 0.048083290457725525, 0.49171990156173706, 0.038809433579444885, 0.1838497370481491, 0.10937479883432388, 0.043171413242816925, 0.015611791983246803], [4.538991197478026e-05, 3.9905546145746484e-05, 3.4116586903110147e-05, 4.746648119180463e-05, 0.9992750883102417, 0.00010628475138219073, 0.00040558207547292113, 2.6981284463545308e-05, 1.9094244635198265e-05], [0.10739400237798691, 0.04427776858210564, 0.09316165000200272, 0.1790422648191452, 0.19105835258960724, 0.12899284064769745, 0.16451574862003326, 0.05712425336241722, 0.03443313390016556], [0.09841839969158173, 0.06766875088214874, 0.12192569673061371, 0.1470218449831009, 0.07512743026018143, 0.12388898432254791, 0.1497490108013153, 0.16303332149982452, 0.053166553378105164], [0.1111111119389534, 0.1111111119389534, 0.1111111119389534, 0.1111111119389534, 0.1111111119389534, 0.1111111119389534, 0.1111111119389534, 0.1111111119389534, 0.1111111119389534]], "claim": "John Dall was an American from Kansas.", "premise_source_doc_id": "John_Dall", "premise_source_doc_line_num": 0,