{"premise_tokens": ["The", "East", "is", "a", "2013", "English", "-", "language", "thriller", "film", "directed", "by", "Zal", "Batmanglij", "and", "starring", "Brit", "Marling", ",", "Alexander", "Skarsgård", ",", "and", "Ellen", "Page", ".", "@@NULL@@"], "hypothesis_tokens": ["Zal", "Batmanglij", "is", "a", "vegetarian", ".", "@@NULL@@"], "label_logits": [-4.399885654449463, 4.0639824867248535, 0.39560264348983765], "label_probs": [0.0002056630328297615, 0.9749166369438171, 0.02487770840525627], "h2p_attention": [[0.032046280801296234, 0.044181838631629944, 0.04004537686705589, 0.030444998294115067, 0.042951274663209915, 0.0355813130736351, 0.026388296857476234, 0.027946101501584053, 0.05765105038881302, 0.04247907176613808, 0.03506837785243988, 0.030228689312934875, 0.05141882225871086, 0.05141882225871086, 0.02822108566761017, 0.02756723389029503, 0.05141882225871086, 0.05141882225871086, 0.024724479764699936, 0.05141882225871086, 0.05141882225871086, 0.024724479764699936, 0.02822108566761017, 0.03142597898840904, 0.03102102316915989, 0.0283189807087183, 0.022249896079301834], [0.032046280801296234, 0.044181838631629944, 0.04004537686705589, 0.030444998294115067, 0.042951274663209915, 0.0355813130736351, 0.026388296857476234, 0.027946101501584053, 0.05765105038881302, 0.04247907176613808, 0.03506837785243988, 0.030228689312934875, 0.05141882225871086, 0.05141882225871086, 0.02822108566761017, 0.02756723389029503, 0.05141882225871086, 0.05141882225871086, 0.024724479764699936, 0.05141882225871086, 0.05141882225871086, 0.024724479764699936, 0.02822108566761017, 0.03142597898840904, 0.03102102316915989, 0.0283189807087183, 0.022249896079301834], [0.02232273668050766, 0.02765224315226078, 0.4756777882575989, 0.02139928564429283, 0.02484164386987686, 0.042497869580984116, 0.005901486612856388, 0.01758459396660328, 0.0157241802662611, 0.014873970299959183, 0.08706644922494888, 0.07691420614719391, 0.006942065432667732, 0.006942065432667732, 0.012122913263738155, 0.03449016436934471, 0.006942065432667732, 0.006942065432667732, 0.010830327868461609, 0.006942065432667732, 0.006942065432667732, 0.010830327868461609, 0.012122913263738155, 0.012186736799776554, 0.013852592557668686, 0.015597780235111713, 0.003857129719108343], [0.03594744950532913, 0.025582965463399887, 0.06501293182373047, 0.1597190648317337, 0.03755183890461922, 0.04290628805756569, 0.018757503479719162, 0.03261912241578102, 0.05306525155901909, 0.054498832672834396, 0.030457133427262306, 0.04331335052847862, 0.016034400090575218, 0.016034400090575218, 0.03467307984828949, 0.07044470310211182, 0.016034400090575218, 0.016034400090575218, 0.03206063061952591, 0.016034400090575218, 0.016034400090575218, 0.03206063061952591, 0.03467307984828949, 0.023663626983761787, 0.04192253202199936, 0.023145195096731186, 0.01171830389648676], [0.019345853477716446, 0.039739932864904404, 0.05205049365758896, 0.035071637481451035, 0.0404953770339489, 0.09302209317684174, 0.014606667682528496, 0.031013336032629013, 0.03795064613223076, 0.020467005670070648, 0.07242488861083984, 0.0484611950814724, 0.01898513175547123, 0.01898513175547123, 0.016977470368146896, 0.040784869343042374, 0.01898513175547123, 0.01898513175547123, 0.01596228778362274, 0.01898513175547123, 0.01898513175547123, 0.01596228778362274, 0.016977470368146896, 0.05689730867743492, 0.18576787412166595, 0.021248983219265938, 0.01086127944290638], [0.041871070861816406, 0.038154881447553635, 0.08273636549711227, 0.04041048139333725, 0.060755543410778046, 0.034461960196495056, 0.02207319065928459, 0.032464656978845596, 0.04498313367366791, 0.04420502111315727, 0.04353391379117966, 0.044535234570503235, 0.026040401309728622, 0.026040401309728622, 0.039697010070085526, 0.032851945608854294, 0.026040401309728622, 0.026040401309728622, 0.027288896963000298, 0.026040401309728622, 0.026040401309728622, 0.027288896963000298, 0.039697010070085526, 0.03637975826859474, 0.02716998942196369, 0.06273875385522842, 0.02045964077115059], [0.037037044763565063, 0.037037044763565063, 0.037037044763565063, 0.037037044763565063, 0.037037044763565063, 0.037037044763565063, 0.037037044763565063, 0.037037044763565063, 0.037037044763565063, 0.037037044763565063, 0.037037044763565063, 0.037037044763565063, 0.037037044763565063, 0.037037044763565063, 0.037037044763565063, 0.037037044763565063, 0.037037044763565063, 0.037037044763565063, 0.037037044763565063, 0.037037044763565063, 0.037037044763565063, 0.037037044763565063, 0.037037044763565063, 0.037037044763565063, 0.037037044763565063, 0.037037044763565063, 0.037037044763565063]],