{"premise_tokens": ["Thunder", "Road", "Pictures", "is", "a", "film", "and", "television", "financing", "and", "production", "company", "founded", "by", "Basil", "Iwanyk", ".", "@@NULL@@"], "hypothesis_tokens": ["Thunder", "Road", "Pictures", "is", "a", "smartphone", "company", ".", "@@NULL@@"], "label_logits": [-2.417041301727295, 1.2819651365280151, 0.5661911368370056], "label_probs": [0.01635090261697769, 0.6606932282447815, 0.322955846786499], "h2p_attention": [[0.9421445727348328, 0.003437342820689082, 0.0026692997198551893, 0.002717073541134596, 0.004402585327625275, 0.0029384009540081024, 0.00221893098205328, 0.00384565070271492, 0.0013420635368674994, 0.00221893098205328, 0.004435552284121513, 0.009320588782429695, 0.010360540822148323, 0.0011796077014878392, 0.0027285146061331034, 0.0013420635368674994, 0.001858532428741455, 0.000839845510199666], [0.01566922292113304, 0.7643811702728271, 0.006799470633268356, 0.03245411813259125, 0.009882642887532711, 0.012158558703958988, 0.0060543459840118885, 0.013977689668536186, 0.005494937766343355, 0.0060543459840118885, 0.011706909164786339, 0.00982753001153469, 0.033185023814439774, 0.049443986266851425, 0.0061389910988509655, 0.005494937766343355, 0.00744763296097517, 0.0038284589536488056], [0.0032279144506901503, 0.0018037441186606884, 0.9026926159858704, 0.002390238456428051, 0.0024095976259559393, 0.03020358830690384, 0.001844811369664967, 0.0319843553006649, 0.0014179160352796316, 0.001844811369664967, 0.003123405622318387, 0.004202682990580797, 0.00404008524492383, 0.0026929047890007496, 0.002008069772273302, 0.0014179160352796316, 0.0016797862481325865, 0.001015602727420628], [0.01631365343928337, 0.04274594783782959, 0.011867698282003403, 0.6218674778938293, 0.027975911274552345, 0.019445175305008888, 0.015848638489842415, 0.014470313675701618, 0.00907556526362896, 0.015848638489842415, 0.02643151953816414, 0.022790715098381042, 0.010799353010952473, 0.10055218636989594, 0.009457654319703579, 0.00907556526362896, 0.020391425117850304, 0.00504253851249814], [0.07798110693693161, 0.03839989751577377, 0.0352940671145916, 0.08253078907728195, 0.2027556598186493, 0.06918364763259888, 0.04401580989360809, 0.043909210711717606, 0.020354898646473885, 0.04401580989360809, 0.03611151874065399, 0.1014624610543251, 0.0479750894010067, 0.054984211921691895, 0.036413293331861496, 0.020354898646473885, 0.029381705448031425, 0.014875822700560093], [0.03164903074502945, 0.03247833624482155, 0.08232568204402924, 0.05576174333691597, 0.051235660910606384, 0.07506208121776581, 0.019911883398890495, 0.11617282778024673, 0.028571652248501778, 0.019911883398890495, 0.06532934308052063, 0.1767473667860031, 0.09132882207632065, 0.05382314324378967, 0.02357197366654873, 0.028571652248501778, 0.03150007873773575, 0.01604679971933365], [0.023325929418206215, 0.005395298358052969, 0.008697569370269775, 0.009499566629529, 0.014335724525153637, 0.008038192987442017, 0.0050918287597596645, 0.015001398511230946, 0.003334321081638336, 0.0050918287597596645, 0.02648049220442772, 0.8306390047073364, 0.020284896716475487, 0.009226271882653236, 0.006109480746090412, 0.003334321081638336, 0.004012046381831169, 0.002101818099617958], [0.06329108029603958, 0.05563734844326973, 0.047304462641477585, 0.11565662175416946, 0.05648954212665558, 0.06179390847682953, 0.05549218878149986, 0.04519018530845642, 0.036401692777872086, 0.05549218878149986, 0.05162177234888077, 0.05459374561905861, 0.04842624440789223, 0.06225549429655075, 0.037649430334568024, 0.036401692777872086, 0.08770206570625305, 0.028600389137864113], [0.055555541068315506, 0.055555541068315506, 0.055555541068315506, 0.055555541068315506, 0.055555541068315506, 0.055555541068315506, 0.055555541068315506, 0.055555541068315506, 0.055555541068315506, 0.055555541068315506, 0.055555541068315506, 0.055555541068315506, 0.055555541068315506, 0.055555541068315506, 0.055555541068315506, 0.055555541068315506, 0.055555541068315506, 0.055555541068315506]], "p2h_attention": [[0.972239077091217, 0.0035471401643007994, 0.002754563931375742, 0.0028038639575242996, 0.004543215502053499, 0.001709333504550159, 0.009618308395147324, 0.0019178977236151695, 0.0008666723733767867], [0.01826166920363903, 0.8908467292785645, 0.007924431934952736, 0.037823595106601715, 0.011517709121108055, 0.009030720219016075, 0.01145347859710455, 0.008679836057126522, 0.0044618709944188595], [0.003491023788228631, 0.0019507684046402574, 0.9762716889381409, 0.0025850683450698853, 0.002606005407869816, 0.0056350999511778355, 0.004545246250927448, 0.001816706731915474, 0.0010983851971104741], [0.020741617307066917, 0.05434834957122803, 0.015088912099599838, 0.7906590700149536, 0.03556932881474495, 0.02227863110601902, 0.02897672913968563, 0.025926219299435616, 0.006411219015717506], [0.12374450266361237, 0.06093496456742287, 0.05600646883249283, 0.13096418976783752, 0.32174330949783325, 0.07537049055099487, 0.16100597381591797, 0.04662443697452545, 0.02360573410987854], [0.061832889914512634, 0.05612624064087868, 0.5255844593048096, 0.06815072894096375, 0.08219213783740997, 0.0826684832572937, 0.06758823990821838, 0.038184016942977905, 0.01767290011048317], [0.14094406366348267, 0.08436179161071777, 0.09690152853727341, 0.16766610741615295, 0.15784475207328796, 0.06619518250226974, 0.12923529744148254, 0.10350525379180908, 0.053346071392297745], [0.07326239347457886, 0.05841466039419174, 0.5038766860961914, 0.04591338708996773, 0.0472264364361763, 0.11583149433135986, 0.11419501155614853, 0.02528032660484314, 0.015999654307961464], [0.12071940302848816, 0.10842815041542053, 0.105470210313797, 0.13596516847610474, 0.10336922854185104, 0.1345086544752121, 0.11984378099441528, 0.09615081548690796, 0.0755445808172226], [0.14094406366348267, 0.08436179161071777, 0.09690152853727341, 0.16766610741615295, 0.15784475207328796, 0.06619518250226974, 0.12923529744148254, 0.10350525379180908, 0.053346071392297745], [0.13696953654289246, 0.07930376380681992, 0.07975909858942032, 0.13594040274620056, 0.06295648217201233, 0.10558335483074188, 0.3267432153224945, 0.046809785068035126, 0.0259343683719635], [0.02532242052257061, 0.005857083946466446, 0.009442001581192017, 0.010312641970813274, 0.015562730841338634, 0.02513192594051361, 0.9017340540885925, 0.004355442710220814, 0.002281714463606477], [0.25496190786361694, 0.17914734780788422, 0.08221649378538132, 0.04426300525665283, 0.06665413826704025, 0.11762826144695282, 0.19946648180484772, 0.03499460592865944, 0.020667705684900284], [0.02725781500339508, 0.2506352663040161, 0.05145765468478203, 0.3869858384132385, 0.07173147797584534, 0.06509285420179367, 0.08518906682729721, 0.042243365198373795, 0.019406747072935104], [0.18205760419368744, 0.08985761553049088, 0.11079923808574677, 0.10510323196649551, 0.13717053830623627, 0.08231696486473083, 0.1628887802362442, 0.07376807183027267, 0.05603790283203125], [0.12071940302848816, 0.10842815041542053, 0.105470210313797, 0.13596516847610474, 0.10336922854185104, 0.1345086544752121, 0.11984378099441528, 0.09615081548690796, 0.0755445808172226], [0.1119367927312851, 0.09840033948421478, 0.08366278558969498, 0.20455054938793182, 0.0999075323343277, 0.09929454326629639, 0.09655462205410004, 0.15511010587215424, 0.050582725554704666], [0.1111111119389534, 0.1111111119389534, 0.1111111119389534, 0.1111111119389534, 0.1111111119389534, 0.1111111119389534, 0.1111111119389534, 0.1111111119389534, 0.1111111119389534]], "claim": "Thunder Road Pictures is a smartphone company.", "premise_source_doc_id": "Thunder_Road_Pictures", "premise_source_doc_line_num": 0, "premise_source_doc_sentence": "Thunder Road Pictures is a film and television financing and production company founded by Basil Iwanyk ."}
