{"premise_tokens": ["Created", "by", "Roy", "Thomas", "and", "Gil", "Kane", ",", "Iron", "Fist", "first", "appeared", "in", "Marvel", "Premiere", "#", "15", "(", "May", "1974", ")", ".", "@@NULL@@"], "hypothesis_tokens": ["1974", "is", "the", "first", "year", "Iron", "Fist", "appeared", ".", "@@NULL@@"], "label_logits": [0.9898546934127808, 0.473881334066391, -2.5554027557373047], "label_probs": [0.6150891780853271, 0.36715859174728394, 0.017752204090356827], "h2p_attention": [[0.036747295409440994, 0.03696972504258156, 0.06288528442382812, 0.04157831519842148, 0.034514423459768295, 0.06288528442382812, 0.06288528442382812, 0.030238071456551552, 0.05278667062520981, 0.06864050030708313, 0.038186002522706985, 0.03836096078157425, 0.04518173262476921, 0.04003235697746277, 0.03996357321739197, 0.05091870576143265, 0.0374821275472641, 0.029252665117383003, 0.03539910912513733, 0.06288528442382812, 0.030360836535692215, 0.03463415056467056, 0.02721164934337139], [0.026319578289985657, 0.1601773202419281, 0.014457161538302898, 0.048556987196207047, 0.02524651773273945, 0.014457161538302898, 0.014457161538302898, 0.02255464904010296, 0.022499410435557365, 0.019705960527062416, 0.1351524144411087, 0.06835369020700455, 0.08290378004312515, 0.035585515201091766, 0.03627070412039757, 0.01941768079996109, 0.07495814561843872, 0.012116491794586182, 0.10046924650669098, 0.014457161538302898, 0.011367459781467915, 0.032483071088790894, 0.008032646961510181], [0.03300894796848297, 0.05497182905673981, 0.030705654993653297, 0.04991051182150841, 0.05667863413691521, 0.030705654993653297, 0.030705654993653297, 0.044660404324531555, 0.029001915827393532, 0.03674686327576637, 0.08708454668521881, 0.055150486528873444, 0.0637243241071701, 0.05492889881134033, 0.045903339982032776, 0.03194200247526169, 0.047240763902664185, 0.025622282177209854, 0.06977333873510361, 0.030705654993653297, 0.025879280641674995, 0.043629955500364304, 0.02131909318268299], [0.0024283803068101406, 0.012148197740316391, 0.001492166775278747, 0.005361894145607948, 0.005718063563108444, 0.001492166775278747, 0.001492166775278747, 0.00628627510741353, 0.0033587331417948008, 0.002225648146122694, 0.8805006742477417, 0.010515153408050537, 0.0043906038627028465, 0.00469408230856061, 0.004471702501177788, 0.0016499030170962214, 0.010038276202976704, 0.0015923436731100082, 0.033454664051532745, 0.001492166775278747, 0.0017105345614254475, 0.00242286897264421, 0.0010633299825713038], [0.019415615126490593, 0.021112149581313133, 0.011651799082756042, 0.049636539071798325, 0.02867397665977478, 0.011651799082756042, 0.011651799082756042, 0.025530392304062843, 0.02877349592745304, 0.023953156545758247, 0.10191300511360168, 0.056053973734378815, 0.04428810998797417, 0.012731974944472313, 0.06282808631658554, 0.014466304332017899, 0.3369907736778259, 0.01912492886185646, 0.05621368810534477, 0.011651799082756042, 0.0205902811139822, 0.022062046453356743, 0.009034264832735062], [0.0037595820613205433, 0.014553396962583065, 0.0026336677838116884, 0.005256514064967632, 0.0020389503333717585, 0.0026336677838116884, 0.0026336677838116884, 0.0038753484841436148, 0.899601399898529, 0.014305013231933117, 0.0042884377762675285, 0.006285466253757477, 0.006545519456267357, 0.004614268429577351, 0.008298758417367935, 0.00280253984965384, 0.003875975264236331, 0.002180429408326745, 0.0018011202337220311, 0.0026336677838116884, 0.002268520649522543, 0.001756287645548582, 0.0013576620258390903], [0.005320215132087469, 0.0058039454743266106, 0.008718688040971756, 0.012535051442682743, 0.004554710816591978, 0.008718688040971756, 0.008718688040971756, 0.00591691629961133, 0.03641850873827934, 0.806310772895813, 0.0072345915250480175, 0.01547271478921175, 0.012082705274224281, 0.004866709467023611, 0.009668243117630482, 0.00532502681016922, 0.009215271100401878, 0.0045198192819952965, 0.006899859756231308, 0.008718688040971756, 0.004854180850088596, 0.004669584333896637, 0.003456412348896265], [0.00899179745465517, 0.011157182045280933, 0.00225149467587471, 0.0037511351983994246, 0.00406718859449029, 0.00225149467587471, 0.00225149467587471, 0.007267622742801905, 0.007394045125693083, 0.007149525452405214, 0.015793699771165848, 0.8612768054008484, 0.016019582748413086, 0.016400150954723358, 0.008163305930793285, 0.0024773860350251198, 0.006938495673239231, 0.002542438916862011, 0.004319364670664072, 0.00225149467587471, 0.002859792672097683, 0.0028272338677197695, 0.0015971151879057288], [0.04037998616695404, 0.053547970950603485, 0.03131028264760971, 0.048803407698869705, 0.04773062467575073, 0.03131028264760971, 0.03131028264760971, 0.03281143680214882, 0.031823012977838516, 0.03323456272482872, 0.0560530349612236, 0.04354745149612427, 0.06239467114210129, 0.04942075163125992, 0.05616195127367973, 0.040510259568691254, 0.05249027907848358, 0.03335213661193848, 0.05925533175468445, 0.03131028264760971, 0.033206503838300705, 0.07543539255857468, 0.02460012584924698], [0.04347826912999153, 0.04347826912999153, 0.04347826912999153, 0.04347826912999153, 0.04347826912999153, 0.04347826912999153, 0.04347826912999153, 0.04347826912999153, 0.04347826912999153, 0.04347826912999153, 0.04347826912999153, 0.04347826912999153, 0.04347826912999153, 0.04347826912999153, 0.04347826912999153, 0.04347826912999153, 0.04347826912999153, 0.04347826912999153, 0.04347826912999153, 0.04347826912999153, 0.04347826912999153, 0.04347826912999153, 0.04347826912999153]],