{"premise_tokens": ["Carlin", "on", "Campus", "is", "the", "10th", "album", "and", "fourth", "HBO", "special", "by", "American", "comedian", "George", "Carlin", "recorded", "April", "18", "--", "19", ",", "1984", ".", "@@NULL@@"], "hypothesis_tokens": ["George", "Carlin", "is", "a", "singer", ".", "@@NULL@@"], "label_logits": [1.3611271381378174, -0.8699907064437866, -0.34600579738616943], "label_probs": [0.7759195566177368, 0.08334020525217056, 0.14074023067951202], "h2p_attention": [[0.010323864407837391, 0.012687009759247303, 0.005687672179192305, 0.010995728895068169, 0.005633099470287561, 0.016615422442555428, 0.006446461193263531, 0.0052662803791463375, 0.014185137115418911, 0.004870023112744093, 0.011009464040398598, 0.02697521075606346, 0.01322517916560173, 0.005605327431112528, 0.7675327062606812, 0.010323864407837391, 0.013817103579640388, 0.01028344314545393, 0.009310868568718433, 0.010812364518642426, 0.00776132894679904, 0.007759282365441322, 0.006835035514086485, 0.0034076145384460688, 0.0026305222418159246], [0.08829186856746674, 0.02939447946846485, 0.027315296232700348, 0.03297270089387894, 0.02346627600491047, 0.05669692903757095, 0.02802114561200142, 0.024297615513205528, 0.05043867975473404, 0.03198227658867836, 0.027733048424124718, 0.03147473931312561, 0.02610727585852146, 0.03698793053627014, 0.07325205206871033, 0.08829186856746674, 0.03624768182635307, 0.07108905166387558, 0.03502398356795311, 0.03553695231676102, 0.04191051796078682, 0.02390172705054283, 0.03727845475077629, 0.023622827604413033, 0.018664631992578506], [0.007078581489622593, 0.034507621079683304, 0.016316436231136322, 0.49415120482444763, 0.023189662024378777, 0.029307058081030846, 0.013377010822296143, 0.012593718245625496, 0.037598032504320145, 0.031131651252508163, 0.02198503352701664, 0.07990124821662903, 0.011636114679276943, 0.016055310145020485, 0.016749169677495956, 0.007078581489622593, 0.024470536038279533, 0.025442013517022133, 0.025924742221832275, 0.004293626174330711, 0.022895846515893936, 0.011250934563577175, 0.012855463661253452, 0.01620352827012539, 0.004006925504654646], [0.02206246554851532, 0.044249795377254486, 0.019300876185297966, 0.073604054749012, 0.04069771617650986, 0.026970360428094864, 0.05009780451655388, 0.039254944771528244, 0.07600008696317673, 0.03545881807804108, 0.02487122267484665, 0.04903697967529297, 0.06204333156347275, 0.06838654726743698, 0.03569766879081726, 0.02206246554851532, 0.06042980030179024, 0.053493425250053406, 0.029285170137882233, 0.020419370383024216, 0.03260163590312004, 0.0362972728908062, 0.03820756450295448, 0.026203704997897148, 0.013266815803945065], [0.014988785609602928, 0.030838917940855026, 0.019575828686356544, 0.04295213893055916, 0.01987471990287304, 0.01728283427655697, 0.24682794511318207, 0.015074661001563072, 0.04480883851647377, 0.034764330834150314, 0.05964040756225586, 0.03801199421286583, 0.03321681544184685, 0.12078214436769485, 0.04413864389061928, 0.014988785609602928, 0.07729404419660568, 0.01870119757950306, 0.013453404419124126, 0.018412966281175613, 0.013747552409768105, 0.014683051034808159, 0.02025524340569973, 0.016834400594234467, 0.008850336074829102], [0.025867240503430367, 0.04772564396262169, 0.04193858802318573, 0.08264870941638947, 0.04182671010494232, 0.03806136175990105, 0.03711553290486336, 0.03965495154261589, 0.05463595315814018, 0.03404826298356056, 0.033590782433748245, 0.044488050043582916, 0.028880031779408455, 0.03757920116186142, 0.026475615799427032, 0.025867240503430367, 0.06083521619439125, 0.04427756741642952, 0.03972824290394783, 0.021427474915981293, 0.04486943036317825, 0.027259983122348785, 0.03808809071779251, 0.06267227977514267, 0.02043796516954899], [0.03999999538064003, 0.03999999538064003, 0.03999999538064003, 0.03999999538064003, 0.03999999538064003, 0.03999999538064003, 0.03999999538064003, 0.03999999538064003, 0.03999999538064003, 0.03999999538064003, 0.03999999538064003, 0.03999999538064003, 0.03999999538064003, 0.03999999538064003, 0.03999999538064003, 0.03999999538064003, 0.03999999538064003, 0.03999999538064003, 0.03999999538064003, 0.03999999538064003, 0.03999999538064003, 0.03999999538064003, 0.03999999538064003, 0.03999999538064003, 0.03999999538064003]], "p2h_attention": [[0.24461939930915833, 0.2948436737060547, 0.11010970920324326, 0.10365204513072968, 0.10555948317050934, 0.07888655364513397, 0.06232905760407448], [0.1916559636592865, 0.06258228421211243, 0.34222275018692017, 0.13254082202911377, 0.13846641778945923, 0.09279385954141617, 0.03973791375756264], [0.14998067915439606, 0.10151476413011551, 0.28245994448661804, 0.10091438889503479, 0.15342749655246735, 0.142337366938591, 0.06936538219451904], [0.02888455055654049, 0.01220727153122425, 0.8521817326545715, 0.038337044417858124, 0.033535800874233246, 0.027943573892116547, 0.0069100880064070225], [0.12204782664775848, 0.07165545970201492, 0.3298434019088745, 0.17483481764793396, 0.12798698246479034, 0.11663815379142761, 0.056993402540683746], [0.26859816908836365, 0.12917357683181763, 0.3110245168209076, 0.08644773811101913, 0.0830402821302414, 0.07919181883335114, 0.04252395033836365], [0.05866747349500656, 0.035940516740083694, 0.07992188632488251, 0.09040030837059021, 0.6676555275917053, 0.04347463324666023, 0.023939654231071472], [0.14249847829341888, 0.09266000986099243, 0.22371289134025574, 0.21060848236083984, 0.12123721092939377, 0.13810454308986664, 0.0711783915758133], [0.1688171923160553, 0.08459979295730591, 0.29375073313713074, 0.17933805286884308, 0.15849989652633667, 0.08368852734565735, 0.03130581974983215], [0.08986695110797882, 0.08317653089761734, 0.3771393299102783, 0.12973837554454803, 0.1906711608171463, 0.08086641132831573, 0.04854123666882515], [0.1867184042930603, 0.06628893315792084, 0.24478165805339813, 0.08363603055477142, 0.3006379306316376, 0.07332386821508408, 0.044613152742385864], [0.23820577561855316, 0.039171673357486725, 0.46320343017578125, 0.08585912734270096, 0.0997677817940712, 0.0505632646381855, 0.023228943347930908], [0.24922168254852295, 0.06933751702308655, 0.14395374059677124, 0.23182198405265808, 0.18604779243469238, 0.07004646956920624, 0.04957083612680435], [0.0716019943356514, 0.06658964604139328, 0.13463984429836273, 0.17320886254310608, 0.45857366919517517, 0.06178399547934532, 0.03360207751393318], [0.9416568279266357, 0.012665958143770695, 0.013490243814885616, 0.008683822117745876, 0.016095222905278206, 0.004180673509836197, 0.0032272881362587214], [0.24461939930915833, 0.2948436737060547, 0.11010970920324326, 0.10365204513072968, 0.10555948317050934, 0.07888655364513397, 0.06232905760407448], [0.1718408167362213, 0.06353484094142914, 0.1997944563627243, 0.14901694655418396, 0.2857179045677185, 0.09737974405288696, 0.0327153205871582], [0.16721217334270477, 0.1629125326871872, 0.271588534116745, 0.17246656119823456, 0.09038176387548447, 0.09266532957553864, 0.04277314618229866], [0.19073554873466492, 0.10111828148365021, 0.3486476540565491, 0.11895004659891129, 0.08191359788179398, 0.10474789142608643, 0.05388694629073143], [0.32228168845176697, 0.14928552508354187, 0.08401751518249512, 0.12067925184965134, 0.163125142455101, 0.08220348507165909, 0.07840737700462341], [0.16286540031433105, 0.12394765019416809, 0.3154134452342987, 0.13564613461494446, 0.08574333041906357, 0.12118464708328247, 0.05519944801926613], [0.21426041424274445, 0.09301910549402237, 0.20395749807357788, 0.19873282313346863, 0.1205088421702385, 0.09688358753919601, 0.07263773679733276], [0.16407793760299683, 0.12612168490886688, 0.2025945633649826, 0.18185864388942719, 0.1445203572511673, 0.11768005043268204, 0.06314679980278015], [0.08904007822275162, 0.08699404448270798, 0.27795565128326416, 0.13576039671897888, 0.13074196875095367, 0.21077297627925873, 0.06873486936092377], [0.1428571492433548, 0.1428571492433548, 0.1428571492433548, 0.1428571492433548, 0.1428571492433548, 0.1428571492433548, 0.1428571492433548]],