{"premise_tokens": ["Kate", "Elizabeth", "Winslet", ",", "CBE", "(", "born", "5", "October", "1975", ")", ",", "is", "an", "English", "actress", "and", "singer", ".", "@@NULL@@"], "hypothesis_tokens": ["Kate", "Winslet", "is", "a", "performer", ".", "@@NULL@@"], "label_logits": [3.6383469104766846, -2.377988338470459, -1.6654541492462158], "label_probs": [0.9926432967185974, 0.0024206493981182575, 0.004936074372380972], "h2p_attention": [[0.7618764638900757, 0.028852812945842743, 0.07447975128889084, 0.003961823880672455, 0.0030365525744855404, 0.002926693530753255, 0.011574557982385159, 0.005939421243965626, 0.003175340360030532, 0.0030365525744855404, 0.003392548067495227, 0.003961823880672455, 0.01418918278068304, 0.009681429713964462, 0.015264282934367657, 0.03765152394771576, 0.004801095463335514, 0.004384743515402079, 0.005396910011768341, 0.0024165045469999313], [0.1326046586036682, 0.018209919333457947, 0.5623911619186401, 0.007424235809594393, 0.0054612779058516026, 0.004785239230841398, 0.014853541739284992, 0.00674966536462307, 0.005548307206481695, 0.0054612779058516026, 0.005764736793935299, 0.007424235809594393, 0.0141960009932518, 0.013576393947005272, 0.01358732022345066, 0.16071169078350067, 0.005474627483636141, 0.005475982092320919, 0.005997342523187399, 0.0043023740872740746], [0.026430392637848854, 0.021667513996362686, 0.014852231368422508, 0.012638956308364868, 0.008101367391645908, 0.006789722014218569, 0.06348133832216263, 0.01831778883934021, 0.026430215686559677, 0.008101367391645908, 0.0063699884340167046, 0.012638956308364868, 0.5551143884658813, 0.08454678952693939, 0.04959487169981003, 0.026227599009871483, 0.014147398993372917, 0.021845344454050064, 0.01820255257189274, 0.004501257557421923], [0.0337330624461174, 0.05156067758798599, 0.030247194692492485, 0.046551767736673355, 0.02328181266784668, 0.018160751089453697, 0.08698093146085739, 0.03220200166106224, 0.06256448477506638, 0.02328181266784668, 0.020050233229994774, 0.046551767736673355, 0.09439823776483536, 0.09246766567230225, 0.062299568206071854, 0.06607373803853989, 0.05034501850605011, 0.1086277961730957, 0.0336066298186779, 0.0170148778706789], [0.019968368113040924, 0.028976229950785637, 0.023654453456401825, 0.0094118881970644, 0.004461043048650026, 0.004421196412295103, 0.04597071185708046, 0.008376117795705795, 0.021151665598154068, 0.004461043048650026, 0.00494398595765233, 0.0094118881970644, 0.05484440177679062, 0.050963182002305984, 0.06014079973101616, 0.555864691734314, 0.008496605791151524, 0.07460271567106247, 0.00736108236014843, 0.002517995424568653], [0.05859716609120369, 0.05746052786707878, 0.036573782563209534, 0.03499508649110794, 0.03339402377605438, 0.03557177260518074, 0.05460015684366226, 0.04477793723344803, 0.05581595376133919, 0.03339402377605438, 0.03541644662618637, 0.03499508649110794, 0.10610053688287735, 0.07255419343709946, 0.04419377073645592, 0.0540529265999794, 0.05090716853737831, 0.049906495958566666, 0.0804557278752327, 0.026237301528453827], [0.04999999329447746, 0.04999999329447746, 0.04999999329447746, 0.04999999329447746, 0.04999999329447746, 0.04999999329447746, 0.04999999329447746, 0.04999999329447746, 0.04999999329447746, 0.04999999329447746, 0.04999999329447746, 0.04999999329447746, 0.04999999329447746, 0.04999999329447746, 0.04999999329447746, 0.04999999329447746, 0.04999999329447746, 0.04999999329447746, 0.04999999329447746, 0.04999999329447746]], "p2h_attention": [[0.863498866558075, 0.08441419154405594, 0.0160817988216877, 0.005429897923022509, 0.021719632670283318, 0.006116773467510939, 0.0027388285379856825], [0.3084120750427246, 0.10932782292366028, 0.12433862686157227, 0.07827456295490265, 0.2972472012042999, 0.05656936392188072, 0.025830382481217384], [0.1727619618177414, 0.7327027320861816, 0.018495041877031326, 0.00996446143835783, 0.05265691876411438, 0.007813545875251293, 0.005605282261967659], [0.10944090783596039, 0.11519019305706024, 0.18743444979190826, 0.18263302743434906, 0.2495134025812149, 0.08903483301401138, 0.06675318628549576], [0.12903301417827606, 0.13034480810165405, 0.1848127543926239, 0.14050622284412384, 0.18192361295223236, 0.13069447875022888, 0.10268513858318329], [0.13440954685211182, 0.12343429774045944, 0.1674012541770935, 0.11845283210277557, 0.19486120343208313, 0.15046200156211853, 0.11097891628742218], [0.0981612578034401, 0.07075303047895432, 0.28902506828308105, 0.10476554185152054, 0.3741533160209656, 0.04264793172478676, 0.02049383707344532], [0.1534060835838318, 0.09791747480630875, 0.2539951205253601, 0.11812453716993332, 0.20762227475643158, 0.10651997476816177, 0.062414590269327164], [0.05549091845750809, 0.05445922911167145, 0.24796253442764282, 0.1552809476852417, 0.35473892092704773, 0.08983764052391052, 0.04222981259226799], [0.12903301417827606, 0.13034480810165405, 0.1848127543926239, 0.14050622284412384, 0.18192361295223236, 0.13069447875022888, 0.10268513858318329], [0.14547255635261536, 0.13883984088897705, 0.14663830399513245, 0.1221049427986145, 0.20345337688922882, 0.1398712694644928, 0.103619784116745], [0.10944090783596039, 0.11519019305706024, 0.18743444979190826, 0.18263302743434906, 0.2495134025812149, 0.08903483301401138, 0.06675318628549576], [0.03561493009328842, 0.020013369619846344, 0.7480161786079407, 0.033650953322649, 0.13211123645305634, 0.02452792041003704, 0.006065440829843283], [0.07233782112598419, 0.05697571858763695, 0.33913829922676086, 0.09812385588884354, 0.365439236164093, 0.04992946609854698, 0.018055668100714684], [0.12453270703554153, 0.06226160377264023, 0.21721889078617096, 0.07218565046787262, 0.47087860107421875, 0.03320753574371338, 0.019714904949069023], [0.05439107120037079, 0.13039831817150116, 0.02034030109643936, 0.013556036166846752, 0.7706316709518433, 0.007191719952970743, 0.0034908622037619352], [0.12674318253993988, 0.08117423206567764, 0.20050014555454254, 0.18875546753406525, 0.21525952219963074, 0.12377463281154633, 0.06379283219575882], [0.038726091384887695, 0.027164453640580177, 0.10357910394668579, 0.1362571269273758, 0.6323344111442566, 0.040596168488264084, 0.02134259045124054], [0.13424678146839142, 0.08379093557596207, 0.24307753145694733, 0.11872506886720657, 0.17572477459907532, 0.1843249648809433, 0.0601099468767643], [0.1428571492433548, 0.1428571492433548, 0.1428571492433548, 0.1428571492433548, 0.1428571492433548, 0.1428571492433548, 0.1428571492433548]], "claim": "Kate Winslet is a performer.", "premise_source_doc_id": "Kate_Winslet", "premise_source_doc_line_num": 0, "premise_source_doc_sentence": "Kate Elizabeth Winslet , CBE  (  born 5 October 1975  )  , is an English actress and singer ."}
