{"premise_tokens": ["The", "play", "has", "since", "seen", "revivals", "on", "London", "'s", "fringe", "theatre", "circuit", ",", "including", "productions", "at", "the", "Cock", "Tavern", "Theatre", "directed", "by", "Robyn", "Winfield", "-", "Smith", ",", "and", "at", "the", "Rosemary", "Branch", "Theatre", "directed", "by", "Teunkie", "Van", "Der", "Sluijs", ".", "@@NULL@@"], "hypothesis_tokens": ["Stoicism", "has", "not", "seen", "revivals", ".", "@@NULL@@"], "label_logits": [-3.4117746353149414, 1.5397475957870483, 0.5400282740592957], "label_probs": [0.00514352647587657, 0.7272434234619141, 0.267613023519516], "h2p_attention": [[0.021225126460194588, 0.020678073167800903, 0.025894908234477043, 0.03083028271794319, 0.024271151050925255, 0.03405609354376793, 0.022985247895121574, 0.02067660354077816, 0.023304373025894165, 0.026754677295684814, 0.023897483944892883, 0.02281840518116951, 0.016375700011849403, 0.017971333116292953, 0.03405609354376793, 0.027527883648872375, 0.021225126460194588, 0.02186080999672413, 0.03787367045879364, 0.023897483944892883, 0.023226743564009666, 0.020021285861730576, 0.03405609354376793, 0.03405609354376793, 0.017477691173553467, 0.02102343924343586, 0.016375700011849403, 0.018691595643758774, 0.027527883648872375, 0.021225126460194588, 0.017916273325681686, 0.028360286727547646, 0.023897483944892883, 0.023226743564009666, 0.020021285861730576, 0.03405609354376793, 0.019054096192121506, 0.03405609354376793, 0.03405609354376793, 0.018756436184048653, 0.014736713841557503], [0.012244350276887417, 0.02019558846950531, 0.18304485082626343, 0.020205644890666008, 0.03526345640420914, 0.006298072636127472, 0.02652593143284321, 0.00819206889718771, 0.011880489997565746, 0.024373726919293404, 0.039714183658361435, 0.03871241956949234, 0.006568960379809141, 0.02114422619342804, 0.006298072636127472, 0.028659790754318237, 0.012244350276887417, 0.010867866687476635, 0.04245968535542488, 0.039714183658361435, 0.05016140639781952, 0.04406590759754181, 0.006298072636127472, 0.006298072636127472, 0.005107106175273657, 0.01160195842385292, 0.006568960379809141, 0.006771767046302557, 0.028659790754318237, 0.012244350276887417, 0.006041631102561951, 0.035550687462091446, 0.039714183658361435, 0.05016140639781952, 0.04406590759754181, 0.006298072636127472, 0.020119039341807365, 0.006298072636127472, 0.006298072636127472, 0.009483425877988338, 0.0035842140205204487], [0.04154657572507858, 0.033303119242191315, 0.03905157744884491, 0.03831772133708, 0.046657197177410126, 0.004546791315078735, 0.02782994508743286, 0.010978130623698235, 0.093056321144104, 0.010731418617069721, 0.02027508057653904, 0.015742089599370956, 0.010931506752967834, 0.0333414226770401, 0.004546791315078735, 0.05265234410762787, 0.04154657572507858, 0.007239132188260555, 0.021269740536808968, 0.02027508057653904, 0.050796594470739365, 0.04659346491098404, 0.004546791315078735, 0.004546791315078735, 0.004079526290297508, 0.013410537503659725, 0.010931506752967834, 0.022222230210900307, 0.05265234410762787, 0.04154657572507858, 0.004618102218955755, 0.016928035765886307, 0.02027508057653904, 0.050796594470739365, 0.04659346491098404, 0.004546791315078735, 0.008601418696343899, 0.004546791315078735, 0.004546791315078735, 0.01161059457808733, 0.0017712716944515705], [0.0114554762840271, 0.02426827698945999, 0.03531239181756973, 0.031122755259275436, 0.13907623291015625, 0.0059113395400345325, 0.02575887180864811, 0.03242117539048195, 0.014975602738559246, 0.03184102103114128, 0.03249442204833031, 0.055560413748025894, 0.009101592935621738, 0.016404790803790092, 0.0059113395400345325, 0.021735085174441338, 0.0114554762840271, 0.006951185874640942, 0.014199596829712391, 0.03249442204833031, 0.07817719131708145, 0.03102829121053219, 0.0059113395400345325, 0.0059113395400345325, 0.005577372387051582, 0.015095638111233711, 0.009101592935621738, 0.008677705191075802, 0.021735085174441338, 0.0114554762840271, 0.005372925661504269, 0.05141811817884445, 0.03249442204833031, 0.07817719131708145, 0.03102829121053219, 0.0059113395400345325, 0.019390499219298363, 0.0059113395400345325, 0.0059113395400345325, 0.009672785177826881, 0.0035891872830688953], [0.021225126460194588, 0.020678073167800903, 0.025894908234477043, 0.03083028271794319, 0.024271151050925255, 0.03405609354376793, 0.022985247895121574, 0.02067660354077816, 0.023304373025894165, 0.026754677295684814, 0.023897483944892883, 0.02281840518116951, 0.016375700011849403, 0.017971333116292953, 0.03405609354376793, 0.027527883648872375, 0.021225126460194588, 0.02186080999672413, 0.03787367045879364, 0.023897483944892883, 0.023226743564009666, 0.020021285861730576, 0.03405609354376793, 0.03405609354376793, 0.017477691173553467, 0.02102343924343586, 0.016375700011849403, 0.018691595643758774, 0.027527883648872375, 0.021225126460194588, 0.017916273325681686, 0.028360286727547646, 0.023897483944892883, 0.023226743564009666, 0.020021285861730576, 0.03405609354376793, 0.019054096192121506, 0.03405609354376793, 0.03405609354376793, 0.018756436184048653, 0.014736713841557503], [0.02436189353466034, 0.025349728763103485, 0.0314968004822731, 0.039160262793302536, 0.03208118677139282, 0.015151116997003555, 0.027797715738415718, 0.02073446661233902, 0.02358127385377884, 0.02639973908662796, 0.032746344804763794, 0.03450954705476761, 0.015877529978752136, 0.021646158769726753, 0.015151116997003555, 0.036237362772226334, 0.02436189353466034, 0.01827363669872284, 0.024449622258543968, 0.032746344804763794, 0.025329384952783585, 0.025911984965205193, 0.015151116997003555, 0.015151116997003555, 0.012842868454754353, 0.022427447140216827, 0.015877529978752136, 0.0230969600379467, 0.036237362772226334, 0.02436189353466034, 0.017098670825362206, 0.043686285614967346, 0.032746344804763794, 0.025329384952783585, 0.025911984965205193, 0.015151116997003555, 0.022865014150738716, 0.015151116997003555, 0.015151116997003555, 0.03650335967540741, 0.011904057115316391], [0.02439025230705738, 0.02439025230705738, 0.02439025230705738, 0.02439025230705738, 0.02439025230705738, 0.02439025230705738, 0.02439025230705738, 0.02439025230705738, 0.02439025230705738, 0.02439025230705738, 0.02439025230705738, 0.02439025230705738, 0.02439025230705738, 0.02439025230705738, 0.02439025230705738, 0.02439025230705738, 0.02439025230705738, 0.02439025230705738, 0.02439025230705738, 0.02439025230705738, 0.02439025230705738, 0.02439025230705738, 0.02439025230705738, 0.02439025230705738, 0.02439025230705738, 0.02439025230705738, 0.02439025230705738, 0.02439025230705738, 0.02439025230705738, 0.02439025230705738, 0.02439025230705738, 0.02439025230705738, 0.02439025230705738, 0.02439025230705738, 0.02439025230705738, 0.02439025230705738, 0.02439025230705738, 0.02439025230705738, 0.02439025230705738, 0.02439025230705738, 0.02439025230705738]],