{"premise_tokens": ["A", "machine", "language", "consists", "of", "groups", "of", "binary", "values", "signifying", "processor", "instructions", "that", "change", "the", "state", "of", "the", "computer", "from", "its", "preceding", "state", ".", "@@NULL@@"], "hypothesis_tokens": ["A", "programming", "language", "consists", "of", "instructions", ".", "@@NULL@@"], "label_logits": [0.6124348640441895, -0.7249177098274231, -0.29617708921432495], "label_probs": [0.6003758907318115, 0.1576225906610489, 0.2420015037059784], "h2p_attention": [[0.15491317212581635, 0.026906194165349007, 0.03163762390613556, 0.021776078268885612, 0.030710704624652863, 0.03756626322865486, 0.030710704624652863, 0.015551930293440819, 0.034315451979637146, 0.023115985095500946, 0.05138690397143364, 0.06135174632072449, 0.049962226301431656, 0.039136968553066254, 0.03486580401659012, 0.044359683990478516, 0.030710704624652863, 0.03486580401659012, 0.030854376032948494, 0.07020185887813568, 0.03338747099041939, 0.03353821113705635, 0.044359683990478516, 0.022448759526014328, 0.011365704238414764], [0.025163237005472183, 0.07005379348993301, 0.05949213728308678, 0.03180881217122078, 0.021352726966142654, 0.019856492057442665, 0.021352726966142654, 0.0075042275711894035, 0.017903722822666168, 0.014895560219883919, 0.10355506092309952, 0.10840470343828201, 0.015254351310431957, 0.024322059005498886, 0.00973981712013483, 0.02555970847606659, 0.021352726966142654, 0.00973981712013483, 0.2685159146785736, 0.03559783473610878, 0.016399512067437172, 0.030295398086309433, 0.02555970847606659, 0.009885977022349834, 0.006434048991650343], [0.007090709172189236, 0.0074484217911958694, 0.7552622556686401, 0.005905178841203451, 0.006428311578929424, 0.009899900294840336, 0.006428311578929424, 0.0031994518358260393, 0.005466104950755835, 0.006923607084900141, 0.018860967829823494, 0.04052272439002991, 0.006368494592607021, 0.01451925840228796, 0.005053684115409851, 0.008349169977009296, 0.006428311578929424, 0.005053684115409851, 0.01685863919556141, 0.03267326578497887, 0.00533195910975337, 0.010989115573465824, 0.008349169977009296, 0.004041987005621195, 0.0025473125278949738], [0.0047728195786476135, 0.006626030895859003, 0.005774875171482563, 0.7817259430885315, 0.00409356877207756, 0.0323251336812973, 0.00409356877207756, 0.003073570318520069, 0.006960404105484486, 0.003172356402501464, 0.03360842913389206, 0.015523616224527359, 0.004235825501382351, 0.02056628279387951, 0.00317686446942389, 0.01451483927667141, 0.00409356877207756, 0.00317686446942389, 0.012115716002881527, 0.007282620295882225, 0.0036017545498907566, 0.005270232446491718, 0.01451483927667141, 0.0032091683242470026, 0.002491103718057275], [0.03329038992524147, 0.02555347979068756, 0.031091392040252686, 0.020245838910341263, 0.12227119505405426, 0.02782083861529827, 0.12227119505405426, 0.014946306124329567, 0.02635015919804573, 0.015957925468683243, 0.027475614100694656, 0.0351916141808033, 0.03999113664031029, 0.036040548235177994, 0.02839033678174019, 0.025306744500994682, 0.12227119505405426, 0.02839033678174019, 0.033804625272750854, 0.062297433614730835, 0.030980415642261505, 0.03348642587661743, 0.025306744500994682, 0.018947601318359375, 0.012320417910814285], [0.00031814994872547686, 0.00017471909814048558, 0.0009376003872603178, 0.0003672844613902271, 0.000168350845342502, 0.00020241017045918852, 0.000168350845342502, 7.27102960809134e-05, 0.0002470883191563189, 0.00020710942044388503, 0.002958328928798437, 0.9909453988075256, 0.00020748841052409261, 0.0006631035357713699, 0.00013239047257229686, 0.00030912470538169146, 0.000168350845342502, 0.00013239047257229686, 0.00034402834717184305, 0.0003496742283459753, 0.00016541345394216478, 0.00028636050410568714, 0.00030912470538169146, 0.00010618351370794699, 5.893882553209551e-05], [0.04104738309979439, 0.044973455369472504, 0.03297632187604904, 0.026772575452923775, 0.03196084499359131, 0.045929234474897385, 0.03196084499359131, 0.026450814679265022, 0.03723189979791641, 0.03578845411539078, 0.04453253373503685, 0.03744080662727356, 0.049728550016880035, 0.05444223806262016, 0.04253099113702774, 0.041633524000644684, 0.03196084499359131, 0.04253099113702774, 0.03966036066412926, 0.04842656850814819, 0.037593331187963486, 0.048284247517585754, 0.041633524000644684, 0.06372755020856857, 0.020782098174095154], [0.03999999538064003, 0.03999999538064003, 0.03999999538064003, 0.03999999538064003, 0.03999999538064003, 0.03999999538064003, 0.03999999538064003, 0.03999999538064003, 0.03999999538064003, 0.03999999538064003, 0.03999999538064003, 0.03999999538064003, 0.03999999538064003, 0.03999999538064003, 0.03999999538064003, 0.03999999538064003, 0.03999999538064003, 0.03999999538064003, 0.03999999538064003, 0.03999999538064003, 0.03999999538064003, 0.03999999538064003, 0.03999999538064003, 0.03999999538064003, 0.03999999538064003]],