{"premise_tokens": ["Ediberto", "Roman", ",", "Professor", "of", "Law", ",", "Florida", "International", "University", "College", "of", "Law", "and", "Florida", "International", "University", "@@NULL@@"], "hypothesis_tokens": ["Rutgers", "University", "originated", "in", "Florida", ".", "@@NULL@@"], "label_logits": [0.02465299516916275, 0.12483838200569153, -1.305983066558838], "label_probs": [0.4219970405101776, 0.4664653241634369, 0.11153765767812729], "h2p_attention": [[0.08593826740980148, 0.0546124242246151, 0.0413229800760746, 0.04967687278985977, 0.045112915337085724, 0.08588903397321701, 0.0413229800760746, 0.046290311962366104, 0.057289861142635345, 0.06253965944051743, 0.04852883890271187, 0.045112915337085724, 0.08588903397321701, 0.047166988253593445, 0.046290311962366104, 0.057289861142635345, 0.06253965944051743, 0.037187110632658005], [0.0016890008701011539, 0.003277108073234558, 0.0012830806663259864, 0.011055043898522854, 0.001633825246244669, 0.012600059621036053, 0.0012830806663259864, 0.0077773951925337315, 0.005294919013977051, 0.4497278928756714, 0.024841787293553352, 0.001633825246244669, 0.012600059621036053, 0.0014984497101977468, 0.0077773951925337315, 0.005294919013977051, 0.4497278928756714, 0.0010043076472356915], [0.08593826740980148, 0.0546124242246151, 0.0413229800760746, 0.04967687278985977, 0.045112915337085724, 0.08588903397321701, 0.0413229800760746, 0.046290311962366104, 0.057289861142635345, 0.06253965944051743, 0.04852883890271187, 0.045112915337085724, 0.08588903397321701, 0.047166988253593445, 0.046290311962366104, 0.057289861142635345, 0.06253965944051743, 0.037187110632658005], [0.022274190559983253, 0.07669124752283096, 0.029516302049160004, 0.0455295704305172, 0.032866161316633224, 0.053228527307510376, 0.029516302049160004, 0.0452425591647625, 0.061524853110313416, 0.0831267386674881, 0.2009304165840149, 0.032866161316633224, 0.053228527307510376, 0.030149120837450027, 0.0452425591647625, 0.061524853110313416, 0.0831267386674881, 0.013415099121630192], [0.006326780188828707, 0.008711963891983032, 0.007036023307591677, 0.011786765418946743, 0.006314456462860107, 0.026200490072369576, 0.007036023307591677, 0.3694812059402466, 0.014535442925989628, 0.03935977444052696, 0.03500670567154884, 0.006314456462860107, 0.026200490072369576, 0.0072303949855268, 0.3694812059402466, 0.014535442925989628, 0.03935977444052696, 0.005082590971142054], [0.04412055015563965, 0.04294769465923309, 0.04623589292168617, 0.057522308081388474, 0.05331139266490936, 0.06423499435186386, 0.04623589292168617, 0.05620769038796425, 0.06137584149837494, 0.06353491544723511, 0.06368377804756165, 0.05331139266490936, 0.06423499435186386, 0.06725910305976868, 0.05620769038796425, 0.06137584149837494, 0.06353491544723511, 0.03466500714421272], [0.055555541068315506, 0.055555541068315506, 0.055555541068315506, 0.055555541068315506, 0.055555541068315506, 0.055555541068315506, 0.055555541068315506, 0.055555541068315506, 0.055555541068315506, 0.055555541068315506, 0.055555541068315506, 0.055555541068315506, 0.055555541068315506, 0.055555541068315506, 0.055555541068315506, 0.055555541068315506, 0.055555541068315506, 0.055555541068315506]], "p2h_attention": [[0.20127518475055695, 0.14647352695465088, 0.20127518475055695, 0.1446119248867035, 0.10841609537601471, 0.11085256189107895, 0.08709557354450226], [0.09253828972578049, 0.20561109483242035, 0.09253828972578049, 0.3602254390716553, 0.10800735652446747, 0.07806763797998428, 0.06301188468933105], [0.11798405647277832, 0.13564737141132355, 0.11798405647277832, 0.23361040651798248, 0.14698271453380585, 0.14161592721939087, 0.10617545992136002], [0.06057872623205185, 0.4991741180419922, 0.06057872623205185, 0.15390685200691223, 0.10516418516635895, 0.07524945586919785, 0.045348018407821655], [0.1179712638258934, 0.15820005536079407, 0.1179712638258934, 0.2382444590330124, 0.12081436067819595, 0.14955349266529083, 0.09724511206150055], [0.07925735414028168, 0.4305267632007599, 0.07925735414028168, 0.1361585408449173, 0.17689621448516846, 0.06358793377876282, 0.0343158133327961], [0.11798405647277832, 0.13564737141132355, 0.11798405647277832, 0.23361040651798248, 0.14698271453380585, 0.14161592721939087, 0.10617545992136002], [0.01399855874478817, 0.08708696812391281, 0.01399855874478817, 0.037926167249679565, 0.8175097107887268, 0.01823434606194496, 0.011245680041611195], [0.08296086639165878, 0.2839099168777466, 0.08296086639165878, 0.2469702661037445, 0.15400366485118866, 0.0953441634774208, 0.05385028198361397], [0.0035939896479249, 0.9569665789604187, 0.0035939896479249, 0.013242213055491447, 0.016549356281757355, 0.0039168307557702065, 0.002137045143172145], [0.025072911754250526, 0.47524040937423706, 0.025072911754250526, 0.28777235746383667, 0.13233155012130737, 0.03529675677418709, 0.01921309344470501], [0.1179712638258934, 0.15820005536079407, 0.1179712638258934, 0.2382444590330124, 0.12081436067819595, 0.14955349266529083, 0.09724511206150055], [0.07925735414028168, 0.4305267632007599, 0.07925735414028168, 0.1361585408449173, 0.17689621448516846, 0.06358793377876282, 0.0343158133327961], [0.11921881139278412, 0.1402408480644226, 0.11921881139278412, 0.21124178171157837, 0.1337137222290039, 0.1823722869157791, 0.09399376809597015], [0.01399855874478817, 0.08708696812391281, 0.01399855874478817, 0.037926167249679565, 0.8175097107887268, 0.01823434606194496, 0.011245680041611195], [0.08296086639165878, 0.2839099168777466, 0.08296086639165878, 0.2469702661037445, 0.15400366485118866, 0.0953441634774208, 0.05385028198361397], [0.0035939896479249, 0.9569665789604187, 0.0035939896479249, 0.013242213055491447, 0.016549356281757355, 0.0039168307557702065, 0.002137045143172145], [0.1428571492433548, 0.1428571492433548, 0.1428571492433548, 0.1428571492433548, 0.1428571492433548, 0.1428571492433548, 0.1428571492433548]], "claim": "Rutgers University originated in Florida.", "premise_source_doc_id": "List_of_University_of_Wisconsin–Madison_people_in_academics", "premise_source_doc_line_num": 743, "premise_source_doc_sentence": "Ediberto Roman , Professor of Law , Florida International University College of Law and Florida International University"}
