{"premise_tokens": ["As", "a", "film", "director", "he", "directed", "the", "films", "Above", "the", "Rim", "(", "1994", ")", ",", "Booty", "Call", "(", "1997", ")", "and", "Lost", "&", "Found", "(", "1999", ")", ".", "@@NULL@@"], "hypothesis_tokens": ["Jeff", "Pollack", "directed", "the", "film", "Booty", "Call", ".", "@@NULL@@"], "label_logits": [2.3097541332244873, 1.5197288990020752, -5.910004138946533], "label_probs": [0.687709391117096, 0.3121054470539093, 0.00018518653814680874], "h2p_attention": [[0.0317937470972538, 0.03591002896428108, 0.0199984572827816, 0.12257195264101028, 0.07610233873128891, 0.16058412194252014, 0.025219734758138657, 0.018830489367246628, 0.04879443719983101, 0.025219734758138657, 0.03443785756826401, 0.01796434447169304, 0.019359873607754707, 0.01873478852212429, 0.026089763268828392, 0.02564247138798237, 0.03606399521231651, 0.01796434447169304, 0.019359873607754707, 0.01873478852212429, 0.023333292454481125, 0.036024175584316254, 0.021148376166820526, 0.0260698851197958, 0.01796434447169304, 0.019359873607754707, 0.01873478852212429, 0.022580139338970184, 0.015407883562147617], [0.031269464641809464, 0.030025912448763847, 0.0418943352997303, 0.03107503615319729, 0.04423835128545761, 0.03458564728498459, 0.031605154275894165, 0.040254976600408554, 0.036229029297828674, 0.031605154275894165, 0.036821603775024414, 0.02358950302004814, 0.05071102827787399, 0.02448313869535923, 0.024384140968322754, 0.048652444034814835, 0.05232774838805199, 0.02358950302004814, 0.05071102827787399, 0.02448313869535923, 0.02783261425793171, 0.05006659775972366, 0.030922342091798782, 0.029985684901475906, 0.02358950302004814, 0.05071102827787399, 0.02448313869535923, 0.027929162606596947, 0.02194361947476864], [9.876715921564028e-06, 1.554843947815243e-05, 3.0264167435234413e-05, 0.07095922529697418, 0.0003591695858631283, 0.9282118678092957, 1.621907540538814e-05, 3.0464554583886638e-05, 5.438155130832456e-05, 1.621907540538814e-05, 5.2581486670533195e-05, 6.454634331021225e-06, 9.428662451682612e-06, 6.431905148929218e-06, 2.0310226318542846e-05, 9.27284054341726e-06, 7.116453343769535e-05, 6.454634331021225e-06, 9.428662451682612e-06, 6.431905148929218e-06, 9.837947800406255e-06, 1.22718010970857e-05, 1.3623772247228771e-05, 2.21349600906251e-05, 6.454634331021225e-06, 9.428662451682612e-06, 6.431905148929218e-06, 1.2728931324090809e-05, 5.982218681310769e-06], [0.04274706915020943, 0.0384797677397728, 0.02983628399670124, 0.034681517630815506, 0.12193100154399872, 0.034008923918008804, 0.06668559461832047, 0.02647537551820278, 0.024450460448861122, 0.06668559461832047, 0.03635777533054352, 0.015075725503265858, 0.01806669682264328, 0.015226940624415874, 0.026277439668774605, 0.03739067167043686, 0.04955099895596504, 0.015075725503265858, 0.01806669682264328, 0.015226940624415874, 0.03334876522421837, 0.0970483049750328, 0.017393406480550766, 0.03332800045609474, 0.015075725503265858, 0.01806669682264328, 0.015226940624415874, 0.02567114122211933, 0.012543800286948681], [0.0008556852117180824, 0.0013575651682913303, 0.562898576259613, 0.0017227978678420186, 0.0016617721412330866, 0.001476741163060069, 0.0006943107000552118, 0.4167412519454956, 0.0011713188141584396, 0.0006943107000552118, 0.0007076146430335939, 0.00039238229510374367, 0.0005572950467467308, 0.0004791250976268202, 0.00037039403105154634, 0.0010114317992702127, 0.0005454642232507467, 0.00039238229510374367, 0.0005572950467467308, 0.0004791250976268202, 0.00045138533459976315, 0.0010934756137430668, 0.00051055260701105, 0.0008265061769634485, 0.00039238229510374367, 0.0005572950467467308, 0.0004791250976268202, 0.0006306840223260224, 0.00029190274653956294], [0.005183509085327387, 0.005578223150223494, 0.007950297556817532, 0.0036003761924803257, 0.016905711963772774, 0.0035566037986427546, 0.006839413195848465, 0.007329943589866161, 0.0033978542778640985, 0.006839413195848465, 0.0077747441828250885, 0.0033452820498496294, 0.005087227560579777, 0.0034563529770821333, 0.003394767642021179, 0.8395506739616394, 0.013184954412281513, 0.0033452820498496294, 0.005087227560579777, 0.0034563529770821333, 0.004486395511776209, 0.013065360486507416, 0.003332369029521942, 0.0060403612442314625, 0.0033452820498496294, 0.005087227560579777, 0.0034563529770821333, 0.004027844872325659, 0.0022944826632738113], [0.0013430471299216151, 0.0013020834885537624, 0.0004864518705289811, 0.0012072321260347962, 0.016978176310658455, 0.0030967965722084045, 0.0010283362353220582, 0.0005191658856347203, 0.0004889285191893578, 0.0010283362353220582, 0.001024073688313365, 0.00045615286217071116, 0.0006207767874002457, 0.0004875477170571685, 0.00058557785814628, 0.001495911623351276, 0.9515101909637451, 0.00045615286217071116, 0.0006207767874002457, 0.0004875477170571685, 0.000657822412904352, 0.009605041705071926, 0.0008605733164586127, 0.0008551797945983708, 0.00045615286217071116, 0.0006207767874002457, 0.0004875477170571685, 0.0009732893668115139, 0.00026032255846075714], [0.03475264087319374, 0.033024996519088745, 0.036126043647527695, 0.030744323506951332, 0.11154310405254364, 0.03557758405804634, 0.034218646585941315, 0.03363789618015289, 0.03173533082008362, 0.034218646585941315, 0.036172255873680115, 0.022669032216072083, 0.021281208842992783, 0.022570043802261353, 0.022301530465483665, 0.029351791366934776, 0.06251392513513565, 0.022669032216072083, 0.021281208842992783, 0.022570043802261353, 0.03244192153215408, 0.06971901655197144, 0.028020305559039116, 0.03634631261229515, 0.022669032216072083, 0.021281208842992783, 0.022570043802261353, 0.05127250403165817, 0.016720399260520935], [0.03448275476694107, 0.03448275476694107, 0.03448275476694107, 0.03448275476694107, 0.03448275476694107, 0.03448275476694107, 0.03448275476694107, 0.03448275476694107, 0.03448275476694107, 0.03448275476694107, 0.03448275476694107, 0.03448275476694107, 0.03448275476694107, 0.03448275476694107, 0.03448275476694107, 0.03448275476694107, 0.03448275476694107, 0.03448275476694107, 0.03448275476694107, 0.03448275476694107, 0.03448275476694107, 0.03448275476694107, 0.03448275476694107, 0.03448275476694107, 0.03448275476694107, 0.03448275476694107, 0.03448275476694107, 0.03448275476694107, 0.03448275476694107]],