{"premise_tokens": ["Sasha", "Williams", "is", "a", "fictional", "character", "(", "portrayed", "by", "Sonequa", "Martin", "-", "Green", ")", "from", "The", "Walking", "Dead", ",", "an", "AMC", "television", "horror", "drama", "series", ".", "@@NULL@@"], "hypothesis_tokens": ["Sonequa", "Martin", "-", "Green", "had", "a", "role", "in", "a", "television", "comedy", "drama", ".", "@@NULL@@"], "label_logits": [0.06487216800451279, 1.02776038646698, -1.5139020681381226], "label_probs": [0.26140519976615906, 0.6846857666969299, 0.05390900373458862], "h2p_attention": [[0.05675983801484108, 0.03543943911790848, 0.04420499503612518, 0.03360740467905998, 0.03374030068516731, 0.03347330540418625, 0.026403259485960007, 0.03710378706455231, 0.03336862847208977, 0.05675983801484108, 0.03350449725985527, 0.029129324480891228, 0.03799485042691231, 0.027403488755226135, 0.055185530334711075, 0.035375017672777176, 0.03527183458209038, 0.040701720863580704, 0.027292679995298386, 0.037159163504838943, 0.03979884460568428, 0.031999800354242325, 0.047912199050188065, 0.04362340644001961, 0.03096531145274639, 0.03126055374741554, 0.02456105314195156], [0.0032805236987769604, 0.024057837203145027, 0.008719127625226974, 0.004274033475667238, 0.002802036004140973, 0.0030609192326664925, 0.0025752403307706118, 0.007494844496250153, 0.006765653844922781, 0.0032805236987769604, 0.834884524345398, 0.0024048443883657455, 0.01159607619047165, 0.0027798141818493605, 0.009609168395400047, 0.00445584999397397, 0.008894624188542366, 0.010583717375993729, 0.003926880657672882, 0.008632167242467403, 0.00361260655336082, 0.005754297599196434, 0.0031215983908623457, 0.00971872080117464, 0.007806072942912579, 0.003503452055156231, 0.0024048443883657455], [0.0210968479514122, 0.043393574655056, 0.02721644751727581, 0.028473740443587303, 0.04698260501027107, 0.034820690751075745, 0.02234724722802639, 0.04151007905602455, 0.03272503986954689, 0.0210968479514122, 0.017788290977478027, 0.27628058195114136, 0.020337343215942383, 0.02228972502052784, 0.02831418626010418, 0.021418623626232147, 0.02969018742442131, 0.01883312128484249, 0.027449699118733406, 0.029006127268075943, 0.0359109491109848, 0.02884037420153618, 0.030972188338637352, 0.028167102485895157, 0.028059015050530434, 0.019191164523363113, 0.017788290977478027], [0.001779673621058464, 0.00281957583501935, 0.005763610824942589, 0.0027534030377864838, 0.0028394076507538557, 0.0049017868004739285, 0.0021378141827881336, 0.0033328491263091564, 0.0034387828782200813, 0.001779673621058464, 0.00554736377671361, 0.001315293600782752, 0.9122136831283569, 0.0022854863200336695, 0.004885163623839617, 0.0028461990877985954, 0.002460334450006485, 0.0037843589670956135, 0.002671461319550872, 0.0057280701585114, 0.003116252599284053, 0.0025994577445089817, 0.004027161747217178, 0.007150363642722368, 0.004634138662368059, 0.0020381829235702753, 0.0011504368158057332], [0.017591314390301704, 0.06536257266998291, 0.06282352656126022, 0.03051765263080597, 0.014616449363529682, 0.029959768056869507, 0.008799550123512745, 0.048231251537799835, 0.11614611744880676, 0.017591314390301704, 0.033308256417512894, 0.013162130489945412, 0.039436791092157364, 0.010068652220070362, 0.189649298787117, 0.021316861733794212, 0.05173710733652115, 0.02054332196712494, 0.018334833905100822, 0.06065703555941582, 0.01413141842931509, 0.017653197050094604, 0.014509161002933979, 0.031130291521549225, 0.022868983447551727, 0.021746821701526642, 0.008106176741421223], [0.01329158153384924, 0.018331989645957947, 0.05389193445444107, 0.13239778578281403, 0.05383731797337532, 0.03458055481314659, 0.010367968119680882, 0.14478351175785065, 0.03590423986315727, 0.01329158153384924, 0.017263926565647125, 0.015548876486718655, 0.023248545825481415, 0.011446673423051834, 0.059998586773872375, 0.029798338189721107, 0.04238198697566986, 0.027364647015929222, 0.026576392352581024, 0.05278977006673813, 0.018813293427228928, 0.0286723542958498, 0.04790418595075607, 0.02710818685591221, 0.03150595352053642, 0.01918601617217064, 0.009713789448142052], [0.00028318888507783413, 0.0006227687699720263, 0.0027908922638744116, 0.0010878135217353702, 0.004433910828083754, 0.002643532119691372, 0.00037428984069265425, 0.9684100151062012, 0.002271892735734582, 0.00028318888507783413, 0.0005263559287413955, 0.0003479883016552776, 0.0006045045447535813, 0.00038313117693178356, 0.00116475869435817, 0.00038191291969269514, 0.003911168314516544, 0.0007168763549998403, 0.00054046546574682, 0.0012753895716741681, 0.001040136907249689, 0.0014285395154729486, 0.00031331420177593827, 0.0012807941529899836, 0.0023730616085231304, 0.00033247863757424057, 0.00017765149823389947], [0.010684091597795486, 0.010704157873988152, 0.06641180068254471, 0.030900107696652412, 0.03865012526512146, 0.023221854120492935, 0.009480982087552547, 0.17012789845466614, 0.025638345628976822, 0.010684091597795486, 0.017114268615841866, 0.011217598803341389, 0.03497551381587982, 0.010315298102796078, 0.06496181339025497, 0.01923384517431259, 0.05997055768966675, 0.0337039940059185, 0.014157862402498722, 0.089053675532341, 0.019048551097512245, 0.029212679713964462, 0.06233615055680275, 0.08408966660499573, 0.03134959191083908, 0.016320744529366493, 0.006434719543904066], [0.01329158153384924, 0.018331989645957947, 0.05389193445444107, 0.13239778578281403, 0.05383731797337532, 0.03458055481314659, 0.010367968119680882, 0.14478351175785065, 0.03590423986315727, 0.01329158153384924, 0.017263926565647125, 0.015548876486718655, 0.023248545825481415, 0.011446673423051834, 0.059998586773872375, 0.029798338189721107, 0.04238198697566986, 0.027364647015929222, 0.026576392352581024, 0.05278977006673813, 0.018813293427228928, 0.0286723542958498, 0.04790418595075607, 0.02710818685591221, 0.03150595352053642, 0.01918601617217064, 0.009713789448142052], [0.00200980925001204, 0.002591296099126339, 0.004426734056323767, 0.004553332459181547, 0.011525958776473999, 0.004053171258419752, 0.002132408320903778, 0.013338252902030945, 0.004993932321667671, 0.00200980925001204, 0.003691135672852397, 0.0025010439567267895, 0.003485577180981636, 0.002436134498566389, 0.0066191102378070354, 0.002389264991506934, 0.023678939789533615, 0.005949685350060463, 0.001983853755518794, 0.005143256857991219, 0.008751758374273777, 0.8169427514076233, 0.016027281060814857, 0.006438458804041147, 0.03834708407521248, 0.002437399933114648, 0.001542604761198163], [0.007574362680315971, 0.0054530431516468525, 0.017189661040902138, 0.01714140921831131, 0.04260176420211792, 0.026172049343585968, 0.007908442057669163, 0.0741456151008606, 0.004285650793462992, 0.007574362680315971, 0.008709323592483997, 0.005523971281945705, 0.009674128144979477, 0.008181947283446789, 0.013625473715364933, 0.008790180087089539, 0.016632596030831337, 0.14073720574378967, 0.004376863595098257, 0.010233748704195023, 0.018230706453323364, 0.024220800027251244, 0.12923097610473633, 0.36000919342041016, 0.02017996273934841, 0.00817132368683815, 0.003425252391025424], [0.0008302321657538414, 0.001151708303950727, 0.0029406242538243532, 0.0013044842053204775, 0.002251765690743923, 0.0022113199811428785, 0.0012741016689687967, 0.004736840259283781, 0.0010598900262266397, 0.0008302321657538414, 0.0018890744540840387, 0.0007401757757179439, 0.0029053092002868652, 0.0014309559483081102, 0.002673208015039563, 0.001287080580368638, 0.003690184559673071, 0.02574220299720764, 0.0006778138340450823, 0.0029154550284147263, 0.001759332139045, 0.0019509862177073956, 0.00771106593310833, 0.9182697534561157, 0.005529594607651234, 0.0017691588727757335, 0.0004674411320593208], [0.023549707606434822, 0.03507382422685623, 0.07482286542654037, 0.03654533624649048, 0.02988443709909916, 0.034968819469213486, 0.025085467845201492, 0.03850676491856575, 0.040275562554597855, 0.023549707606434822, 0.02695535123348236, 0.019961947575211525, 0.03278054669499397, 0.024975933134555817, 0.043115172535181046, 0.037866219878196716, 