{"premise_tokens": ["In", "modified", "form", ",", "Darwin", "'s", "scientific", "discovery", "is", "the", "unifying", "theory", "of", "the", "life", "sciences", ",", "explaining", "the", "diversity", "of", "life", ".", "@@NULL@@"], "hypothesis_tokens": ["Charles", "Darwin", "discovered", "the", "unifying", "theory", "of", "social", "sciences", ".", "@@NULL@@"], "label_logits": [0.1248072013258934, 0.662858784198761, -1.3758941888809204], "label_probs": [0.34064117074012756, 0.5834047794342041, 0.07595402747392654], "h2p_attention": [[0.023269712924957275, 0.043696239590644836, 0.014256737194955349, 0.015670115128159523, 0.010521785356104374, 0.03555735573172569, 0.08733012527227402, 0.06194223463535309, 0.03438728675246239, 0.011685973033308983, 0.010521785356104374, 0.07187709212303162, 0.014070841483771801, 0.011685973033308983, 0.20778074860572815, 0.03699444979429245, 0.015670115128159523, 0.011511142365634441, 0.011685973033308983, 0.026009518653154373, 0.014070841483771801, 0.20778074860572815, 0.013598010875284672, 0.008425219915807247], [0.04652930796146393, 0.03778540715575218, 0.042578794062137604, 0.031139938160777092, 0.06476087868213654, 0.04431546851992607, 0.03575747087597847, 0.039794377982616425, 0.050436265766620636, 0.04036158695816994, 0.06476087868213654, 0.04087961092591286, 0.033995941281318665, 0.04036158695816994, 0.04554913192987442, 0.03768095374107361, 0.031139938160777092, 0.042226243764162064, 0.04036158695816994, 0.046349093317985535, 0.033995941281318665, 0.04554913192987442, 0.03566713631153107, 0.02802325412631035], [0.04575226083397865, 0.05569412186741829, 0.05884900689125061, 0.019413940608501434, 0.018019627779722214, 0.029171407222747803, 0.07306495308876038, 0.1318235844373703, 0.03173676133155823, 0.020308539271354675, 0.018019627779722214, 0.028814848512411118, 0.021069051697850227, 0.020308539271354675, 0.10505706071853638, 0.08024027943611145, 0.019413940608501434, 0.020569486543536186, 0.020308539271354675, 0.026591451838612556, 0.021069051697850227, 0.10505706071853638, 0.019017670303583145, 0.010629112832248211], [0.046387165784835815, 0.021763337776064873, 0.035132065415382385, 0.03250987455248833, 0.022351721301674843, 0.061923060566186905, 0.024283763021230698, 0.021185394376516342, 0.08981409668922424, 0.08250194787979126, 0.022351721301674843, 0.025079719722270966, 0.035760730504989624, 0.08250194787979126, 0.05078061297535896, 0.031235821545124054, 0.03250987455248833, 0.03824349865317345, 0.08250194787979126, 0.0273616760969162, 0.035760730504989624, 0.05078061297535896, 0.03175977244973183, 0.01551891304552555], [0.04652930796146393, 0.03778540715575218, 0.042578794062137604, 0.031139938160777092, 0.06476087868213654, 0.04431546851992607, 0.03575747087597847, 0.039794377982616425, 0.050436265766620636, 0.04036158695816994, 0.06476087868213654, 0.04087961092591286, 0.033995941281318665, 0.04036158695816994, 0.04554913192987442, 0.03768095374107361, 0.031139938160777092, 0.042226243764162064, 0.04036158695816994, 0.046349093317985535, 0.033995941281318665, 0.04554913192987442, 0.03566713631153107, 0.02802325412631035], [0.0017270733369514346, 0.0024293677415698767, 0.0017472624313086271, 0.0007802627515047789, 0.0008008641307242215, 0.0014027522411197424, 0.010753649286925793, 0.0023662112653255463, 0.00260574696585536, 0.0008872213074937463, 0.0008008641307242215, 0.9308780431747437, 0.0009273531613871455, 0.0008872213074937463, 0.012477705255150795, 0.007863247767090797, 0.0007802627515047789, 0.0014964145375415683, 0.0008872213074937463, 0.0025228841695934534, 0.0009273531613871455, 0.012477705255150795, 0.0010243545984849334, 0.0005489978357218206], [0.03632744029164314, 0.026613352820277214, 0.0409223735332489, 0.03048323653638363, 0.01798821985721588, 0.03977437689900398, 0.027640992775559425, 0.030687151476740837, 0.05182855576276779, 0.034168414771556854, 0.01798821985721588, 0.02504691667854786, 0.14715616405010223, 0.034168414771556854, 0.05407443642616272, 0.027241481468081474, 0.03048323653638363, 0.029207009822130203, 0.034168414771556854, 0.025169335305690765, 0.14715616405010223, 0.05407443642616272, 0.022803867235779762, 0.014827903360128403], [0.03635040298104286, 0.009292577393352985, 0.023325348272919655, 0.008222289383411407, 0.015502153895795345, 0.05480359494686127, 0.043502792716026306, 0.011421415023505688, 0.06767034530639648, 0.016554998233914375, 0.015502153895795345, 0.05534916743636131, 0.011072422377765179, 0.016554998233914375, 0.18393364548683167, 0.05481184273958206, 0.008222289383411407, 0.10022778809070587, 0.016554998233914375, 0.03339582681655884, 0.011072422377765179, 0.18393364548683167, 0.016021132469177246, 0.006701734848320484], [0.003987279254943132, 0.0038542773108929396, 0.003289794083684683, 0.0009927133796736598, 0.0009537221631035209, 0.0018770253518596292, 0.028725335374474525, 0.003155746730044484, 0.003249478293582797, 0.001427612267434597, 0.0009537221631035209, 0.010158969089388847, 0.001303075230680406, 0.001427612267434597, 0.005133907776325941, 0.9136069416999817, 0.0009927133796736598, 0.002435977105051279, 0.001427612267434597, 0.002267669653519988, 0.001303075230680406, 0.005133907776325941, 0.0016325477045029402, 0.0007092813029885292], [0.05333595350384712, 0.03638466075062752, 0.033786773681640625, 0.02804773673415184, 0.02676452323794365, 0.04165644571185112, 0.0366649366915226, 0.026090072467923164, 0.08503707498311996, 0.04303540661931038, 0.02676452323794365, 0.03923644497990608, 0.032339900732040405, 0.04303540661931038, 0.06205572932958603, 0.048401325941085815, 0.02804773673415184, 0.037890251725912094, 0.04303540661931038, 0.04848215728998184, 0.032339900732040405, 0.06205572932958603, 0.06448337435722351, 0.021028578281402588], [0.0416666641831398, 0.0416666641831398, 0.0416666641831398, 0.0416666641831398, 0.0416666641831398, 0.0416666641831398, 0.0416666641831398, 0.0416666641831398, 0.0416666641831398, 0.0416666641831398, 0.0416666641831398, 0.0416666641831398, 0.0416666641831398, 0.0416666641831398, 0.0416666641831398, 0.0416666641831398, 0.0416666641831398, 0.0416666641831398, 0.0416666641831398, 0.0416666641831398, 0.0416666641831398, 0.0416666641831398, 0.0416666641831398, 0.0416666641831398]],