{"premise_tokens": ["Mathews", "has", "subsequently", "appeared", "on", "Celebrity", "Fit", "Club", ",", "The", "Insider", "and", "as", "a", "weekly", "panelist", "on", "Chelsea", "Lately", ".", "@@NULL@@"], "hypothesis_tokens": ["Rose", "Mathews", "is", "incapable", "of", "appearing", "as", "a", "weekly", "panelist", "on", "Chelsea", "Lately", ".", "@@NULL@@"], "label_logits": [-1.5127660036087036, 4.052676200866699, -3.8882486820220947], "label_probs": [0.0038119396194815636, 0.995833694934845, 0.0003543945786077529], "h2p_attention": [[0.03461216390132904, 0.04884512722492218, 0.03153742104768753, 0.0709666907787323, 0.05688716843724251, 0.034636642783880234, 0.056452490389347076, 0.04294748231768608, 0.03795721381902695, 0.048987552523612976, 0.032182611525058746, 0.04640086367726326, 0.08632341027259827, 0.05429872125387192, 0.07162854075431824, 0.0374445840716362, 0.05688716843724251, 0.05598429590463638, 0.034612156450748444, 0.03837146237492561, 0.022036228328943253], [0.06955751031637192, 0.05288878455758095, 0.05792015790939331, 0.042431119829416275, 0.04694598540663719, 0.043434884399175644, 0.039460375905036926, 0.06981277465820312, 0.03344637528061867, 0.04335103929042816, 0.04276847466826439, 0.03817645460367203, 0.04289059340953827, 0.04118488356471062, 0.04853849485516548, 0.04505261406302452, 0.04694598540663719, 0.0572282150387764, 0.06955750286579132, 0.03830888494849205, 0.030098846182227135], [0.012320416048169136, 0.1254149079322815, 0.0442240908741951, 0.05825112387537956, 0.058952853083610535, 0.035791054368019104, 0.058250416070222855, 0.044253937900066376, 0.019221106544137, 0.03961724042892456, 0.03085428848862648, 0.021515121683478355, 0.08507360517978668, 0.03797834366559982, 0.023784644901752472, 0.06682375073432922, 0.058952853083610535, 0.13187234103679657, 0.012320416048169136, 0.027682136744260788, 0.006845434661954641], [0.006100006867200136, 0.03081411123275757, 0.03884993866086006, 0.2370501309633255, 0.02774319425225258, 0.04486731067299843, 0.09718409925699234, 0.027211586013436317, 0.026288805529475212, 0.019802404567599297, 0.0073786163702607155, 0.03529974818229675, 0.1998266875743866, 0.06894237548112869, 0.008203134872019291, 0.017006274312734604, 0.02774319425225258, 0.05683508887887001, 0.006100006867200136, 0.014280751347541809, 0.00247242022305727], [0.024580353870987892, 0.056329645216464996, 0.05030965805053711, 0.04433280602097511, 0.056516390293836594, 0.03669127821922302, 0.07716742902994156, 0.08353157341480255, 0.04165440797805786, 0.046690091490745544, 0.04369938373565674, 0.04890615865588188, 0.05639229342341423, 0.05474860966205597, 0.03068431094288826, 0.02588791213929653, 0.056516390293836594, 0.08935829997062683, 0.024580350145697594, 0.031160790473222733, 0.02026187628507614], [0.0032794426660984755, 0.007099173963069916, 0.011462321504950523, 0.39332807064056396, 0.012103603221476078, 0.28058385848999023, 0.06460435688495636, 0.010464256629347801, 0.006972737144678831, 0.004364886321127415, 0.014727211557328701, 0.004580608569085598, 0.012396697886288166, 0.011303418315947056, 0.04582452401518822, 0.03740875422954559, 0.012103603221476078, 0.05785861238837242, 0.0032794408034533262, 0.0036654393188655376, 0.002588965930044651], [0.0136624900624156, 0.030391190201044083, 0.035981256514787674, 0.07000431418418884, 0.02838960848748684, 0.032222989946603775, 0.07269049435853958, 0.0229626577347517, 0.03901349753141403, 0.032673437148332596, 0.018934160470962524, 0.04309563338756561, 0.34902921319007874, 0.05556024983525276, 0.01279115118086338, 0.03119892254471779, 0.02838960848748684, 0.0398310124874115, 0.0136624900624156, 0.019927773624658585, 0.009587770327925682], [0.015306334011256695, 0.032668594270944595, 0.037018973380327225, 0.078256756067276, 0.03731021657586098, 0.10736210644245148, 0.04664890840649605, 0.05741320177912712, 0.03060487098991871, 0.03431520611047745, 0.03652488440275192, 0.033098697662353516, 0.06482310593128204, 0.1524667888879776, 0.037626661360263824, 0.05178973451256752, 0.03731021657586098, 0.060867927968502045, 0.015306334011256695, 0.022094253450632095, 0.011186216957867146], [8.502881973981857e-05, 0.00016524647071491927, 0.00016701695858500898, 0.0006767897284589708, 0.00021868813200853765, 0.0014313135761767626, 0.0001765093911672011, 0.0003360008995514363, 6.459713040385395e-05, 0.00011974186782026663, 0.00019653994240798056, 7.819205347914249e-05, 7.03431578585878e-05, 0.0001773545955074951, 0.9929043650627136, 0.0019119310891255736, 0.00021868813200853765, 0.0007650543702766299, 8.502881973981857e-05, 9.886588668450713e-05, 5.272660928312689e-05], [2.7756430426961742e-05, 9.421794675290585e-05, 7.857458695070818e-05, 0.0002184626500820741, 9.389234764967114e-05, 0.0006779935210943222, 9.368698374601081e-05, 9.489743388257921e-05, 2.42550449911505e-05, 4.337621066952124e-05, 0.00029320226167328656, 3.220729922759347e-05, 6.034142279531807e-05, 8.585271280026063e-05, 0.0006724126287735999, 0.9970303773880005, 9.389234764967114e-05, 0.00020159590349067003, 2.7756430426961742e-05, 3.674248364404775e-05, 1.8543576516094618e-05], [0.008402160368859768, 0.03986751288175583, 0.024959998205304146, 0.026251863688230515, 0.2044217437505722, 0.03436340391635895, 0.0200127474963665, 0.05964117869734764, 0.011606816202402115, 0.016133451834321022, 0.030957970768213272, 0.011149085126817226, 0.015950864180922508, 0.017967471852898598, 0.022342808544635773, 0.027275890111923218, 0.2044217437505722, 0.19790498912334442, 0.008402160368859768, 0.012579305097460747, 0.0053869434632360935], [3.498904698062688e-05, 0.0005697046290151775, 0.00031922198832035065, 0.000180709088454023, 0.0006760614342056215, 0.00023060951207298785, 0.00027694948948919773, 0.002501552924513817, 4.080869985045865e-05, 8.033950871322304e-05, 0.000201942675630562, 4.637807433027774e-05, 7.644964352948591e-05, 0.00010013299470301718, 0.00026701416936703026, 0.00020005991973448545, 0.0006760614342056215, 0.9934144616127014, 3.498904698062688e-05, 5.314615918905474e-05, 1.8402290152153e-05], [0.06955750286579132, 0.05288878083229065, 0.05792015790939331, 0.04243111610412598, 0.046945977956056595, 0.04343487694859505, 0.03946036845445633, 0.06981277465820312, 0.03344637528061867, 0.04335103929042816, 0.04276847839355469, 0.03817645460367203, 0.042890600860118866, 0.04118487983942032, 0.04853849112987518, 0.04505262151360512, 0.046945977956056595, 0.0572282113134861, 0.06955748796463013, 0.03830888867378235, 0.030098848044872284], [0.030199727043509483, 0.06278050690889359, 0.049251604825258255, 0.04200286790728569, 0.05540737882256508, 0.04447496682405472, 0.03925170376896858, 0.06899475306272507, 0.03164764493703842, 0.048558976501226425, 0.043085381388664246, 0.046037666499614716, 0.049316760152578354, 0.04686509445309639, 0.0444907620549202, 0.047014109790325165, 0.05540737882256508, 0.06852568686008453, 0.030199728906154633, 0.07275976985692978, 0.023727575317025185], [0.0476190485060215, 0.0476190485060215, 0.0476190485060215, 0.0476190485060215, 0.0476190485060215, 0.0476190485060215, 0.0476190485060215, 0.0476190485060215, 0.0476190485060215, 0.0476190485060215, 0.0476190485060215, 0.0476190485060215, 0.0476190485060215, 0.0476190485060215, 0.0476190485060215, 0.0476190485060215, 0.0476190485060215, 0.0476190485060215, 0.0476190485060215, 0.0476190485060215, 0.0476190485060215]],