{"premise_tokens": ["Interscope", "Records", "is", "an", "American", "record", "label", ".", "@@NULL@@"], "hypothesis_tokens": ["Marketing", "of", "music", "recordings", "is", "what", "is", "associated", "to", "Interscope", "Records", ".", "@@NULL@@"], "label_logits": [0.28530919551849365, -2.805628776550293, 1.5237829685211182], "label_probs": [0.22242967784404755, 0.010111498646438122, 0.7674587965011597], "h2p_attention": [[0.05574745684862137, 0.09397965669631958, 0.12785908579826355, 0.16682736575603485, 0.2229410856962204, 0.07524075359106064, 0.15255889296531677, 0.06388265639543533, 0.04096309095621109], [0.06066565588116646, 0.13735544681549072, 0.17479291558265686, 0.15363383293151855, 0.09013880044221878, 0.14162591099739075, 0.1148734763264656, 0.07690654695034027, 0.050007421523332596], [0.03915940225124359, 0.1657480001449585, 0.06402354687452316, 0.06868100166320801, 0.19293251633644104, 0.14672809839248657, 0.2531200051307678, 0.044671472162008286, 0.02493598312139511], [0.02403334528207779, 0.33237358927726746, 0.04604052007198334, 0.034691352397203445, 0.03978529945015907, 0.1332949548959732, 0.3426961600780487, 0.03432530164718628, 0.012759527191519737], [0.010881411843001842, 0.02892300859093666, 0.745606005191803, 0.11355964839458466, 0.017557291314005852, 0.02430287003517151, 0.028675002977252007, 0.024448899552226067, 0.006045897491276264], [0.021677911281585693, 0.07437730580568314, 0.48720240592956543, 0.17755179107189178, 0.0709649920463562, 0.048425786197185516, 0.06326134502887726, 0.04332276061177254, 0.013215726241469383], [0.010881411843001842, 0.02892300859093666, 0.745606005191803, 0.11355964839458466, 0.017557291314005852, 0.02430287003517151, 0.028675002977252007, 0.024448899552226067, 0.006045897491276264], [0.04531753808259964, 0.08995580673217773, 0.1310676783323288, 0.060838691890239716, 0.40380433201789856, 0.05803622677922249, 0.12906749546527863, 0.05552760511636734, 0.0263846255838871], [0.04143109917640686, 0.08123888075351715, 0.36697372794151306, 0.1902177333831787, 0.06667131930589676, 0.08157713711261749, 0.0895613506436348, 0.057650838047266006, 0.024677908048033714], [0.13960976898670197, 0.13645775616168976, 0.10872914642095566, 0.09139881283044815, 0.1262560784816742, 0.1164323017001152, 0.14381419122219086, 0.0768902525305748, 0.06041178107261658], [0.0017975002992898226, 0.8685590028762817, 0.003806932596489787, 0.003181220730766654, 0.0013461570488288999, 0.0579562745988369, 0.06063004210591316, 0.0019270640332251787, 0.0007957789930514991], [0.060588326305150986, 0.11527711153030396, 0.19250310957431793, 0.13163843750953674, 0.06726658344268799, 0.10094860941171646, 0.13819976150989532, 0.14597457647323608, 0.0476035475730896], [0.1111111119389534, 0.1111111119389534, 0.1111111119389534, 0.1111111119389534, 0.1111111119389534, 0.1111111119389534, 0.1111111119389534, 0.1111111119389534, 0.1111111119389534]], "p2h_attention": [[0.06327824294567108, 0.05640667676925659, 0.07301829010248184, 0.08757934719324112, 0.0836847722530365, 0.07626909017562866, 0.0836847722530365, 0.07986149936914444, 0.07806209474802017, 0.10745242238044739, 0.10502643883228302, 0.05917955935001373, 0.046496693044900894], [0.0019833222031593323, 0.002374453702941537, 0.005746112670749426, 0.022518742829561234, 0.004135565832257271, 0.004865211434662342, 0.004135565832257271, 0.002947342349216342, 0.00284582213498652, 0.0019526693504303694, 0.9435372948646545, 0.0020934175699949265, 0.000864474568516016], [0.009522849693894386, 0.010663931258022785, 0.007833235897123814, 0.011008637957274914, 0.37625011801719666, 0.11247251182794571, 0.37625011801719666, 0.01515558548271656, 0.04536851868033409, 0.005491012707352638, 0.014595221728086472, 0.012337476946413517, 0.003050900297239423], [0.04912196844816208, 0.03705557808279991, 0.03322089463472366, 0.032793499529361725, 0.22655020654201508, 0.16204485297203064, 0.22655020654201508, 0.027811862528324127, 0.09297020733356476, 0.01824820414185524, 0.04821727052330971, 0.033353742212057114, 0.012061496265232563], [0.10176919400691986, 0.033705148845911026, 0.14467646181583405, 0.058305151760578156, 0.05430197715759277, 0.10040886700153351, 0.05430197715759277, 0.286179780960083, 0.05051840469241142, 0.03907955437898636, 0.03163166716694832, 0.026422809809446335, 0.018699022009968758], [0.015822656452655792, 0.02439648099243641, 0.05068805813789368, 0.0899907723069191, 0.034627072513103485, 0.03156491369009018, 0.034627072513103485, 0.018948165699839592, 0.02847600169479847, 0.016602398827672005, 0.6273745894432068, 0.01826753281056881, 0.008614279329776764], [0.02511378563940525, 0.015490042045712471, 0.06844902783632278, 0.18110980093479156, 0.03198232501745224, 0.032278601080179214, 0.03198232501745224, 0.03298627585172653, 0.024472568184137344, 0.016052674502134323, 0.513762891292572, 0.019576510414481163, 0.006743220146745443], [0.050070490688085556, 0.04937651753425598, 0.05751688778400421, 0.08637166768312454, 0.12983451783657074, 0.10524868965148926, 0.12983451783657074, 0.0675693228840828, 0.07500477135181427, 0.04086403548717499, 0.0777490958571434, 0.09845311939716339, 0.03210639953613281], [0.07692307978868484, 0.07692307978868484, 0.07692307978868484, 0.07692307978868484, 0.07692307978868484, 0.07692307978868484, 0.07692307978868484, 0.07692307978868484, 0.07692307978868484, 0.07692307978868484, 0.07692307978868484, 0.07692307978868484, 0.07692307978868484]], "claim": "Marketing of music recordings is what is associated to Interscope Records.", "premise_source_doc_id": "Interscope_Records", "premise_source_doc_line_num": 0, "premise_source_doc_sentence": "Interscope Records is an American record label ."}
