{"premise_tokens": ["Radric", "Delantic", "Davis", "(", "born", "February", "12", ",", "1980", ")", ",", "known", "by", "his", "stage", "name", "Gucci", "Mane", ",", "is", "an", "American", "hip", "hop", "recording", "artist", ".", "@@NULL@@"], "hypothesis_tokens": ["Trap", "music", "is", "known", "for", "its", "ominous", "themes", ".", "@@NULL@@"], "label_logits": [-4.090795516967773, -0.6166214346885681, 2.2251827716827393], "label_probs": [0.001704698079265654, 0.055012576282024384, 0.9432827234268188], "h2p_attention": [[0.019438892602920532, 0.019438892602920532, 0.026178846135735512, 0.011166735552251339, 0.030711181461811066, 0.02273142710328102, 0.02472638711333275, 0.01737114042043686, 0.06788266450166702, 0.01283437479287386, 0.01737114042043686, 0.022891966626048088, 0.03960952162742615, 0.02514250949025154, 0.12909360229969025, 0.02078360877931118, 0.0691772997379303, 0.018871072679758072, 0.01737114042043686, 0.030306121334433556, 0.06038137897849083, 0.05213848128914833, 0.05107174813747406, 0.04500685632228851, 0.08749952912330627, 0.030963309109210968, 0.019256286323070526, 0.010583864524960518], [0.011388876475393772, 0.011388876475393772, 0.016760950908064842, 0.009950815699994564, 0.032371636480093, 0.017045672982931137, 0.012387773022055626, 0.008907841518521309, 0.01761924847960472, 0.010205077938735485, 0.008907841518521309, 0.028765836730599403, 0.020775381475687027, 0.01946944370865822, 0.10070811957120895, 0.0201053898781538, 0.02954091504216194, 0.014947149902582169, 0.008907841518521309, 0.018620207905769348, 0.019974756985902786, 0.05611128732562065, 0.11251265555620193, 0.12803155183792114, 0.08583953976631165, 0.15851110219955444, 0.012991972267627716, 0.007252225186675787], [0.006134048569947481, 0.006134048569947481, 0.023292699828743935, 0.005140920635312796, 0.0480656698346138, 0.019136810675263405, 0.014098246581852436, 0.009569738991558552, 0.00914487149566412, 0.0048231142573058605, 0.009569738991558552, 0.030277619138360023, 0.06796183437108994, 0.04883633926510811, 0.037440355867147446, 0.03804399445652962, 0.021584877744317055, 0.021635962650179863, 0.009569738991558552, 0.4203115999698639, 0.06401563435792923, 0.009897363372147083, 0.01020601112395525, 0.011536219157278538, 0.019297555088996887, 0.01708458736538887, 0.013782281428575516, 0.0034081817138940096], [0.005881030578166246, 0.005881030578166246, 0.009310769848525524, 0.0066765169613063335, 0.019723715260624886, 0.013043188489973545, 0.009571251459419727, 0.006878296844661236, 0.01395108550786972, 0.006952702533453703, 0.006878296844661236, 0.5543389916419983, 0.01334013044834137, 0.028074828907847404, 0.01403713971376419, 0.02852788195014, 0.02419634349644184, 0.012303585186600685, 0.006878296844661236, 0.03209337592124939, 0.01368544902652502, 0.026028817519545555, 0.03686380386352539, 0.04348716884851456, 0.023622611537575722, 0.02469947561621666, 0.009461705572903156, 0.0036125711631029844], [0.01717154122889042, 0.01717154122889042, 0.0731145590543747, 0.01461209449917078, 0.028660448268055916, 0.017544837668538094, 0.03177390992641449, 0.027134969830513, 0.01972377672791481, 0.016783637925982475, 0.027134969830513, 0.0420219786465168, 0.055076535791158676, 0.052033521234989166, 0.044858161360025406, 0.032511286437511444, 0.030811280012130737, 0.027089688926935196, 0.027134969830513, 0.07077700644731522, 0.07392245531082153, 0.027725866064429283, 0.022567657753825188, 0.02693227119743824, 0.026895124465227127, 0.11236178129911423, 0.023562666028738022, 0.012891584075987339], [0.019144980236887932, 0.019144980236887932, 0.017824366688728333, 0.01169183012098074, 0.03266603872179985, 0.027651552110910416, 0.019287938252091408, 0.016622260212898254, 0.04829125106334686, 0.012256608344614506, 0.016622260212898254, 0.053267668932676315, 0.0342666395008564, 0.11026842147111893, 0.027714803814888, 0.029577795416116714, 0.1857217699289322, 0.06399722397327423, 0.016622260212898254, 0.04660191014409065, 0.030256779864430428, 0.02266041189432144, 0.03127790987491608, 0.03636831045150757, 0.02298196777701378, 0.0202886201441288, 0.017338542267680168, 0.009584980085492134], [0.016424870118498802, 0.016424870118498802, 0.02442770078778267, 0.024635691195726395, 0.07163210958242416, 0.07559899985790253, 0.025274919345974922, 0.03459096699953079, 0.03260263055562973, 0.021293245255947113, 0.03459096699953079, 0.04139605909585953, 0.015603676438331604, 0.049174774438142776, 0.015956096351146698, 0.08999543637037277, 0.03818988427519798, 0.05083257332444191, 0.03459096699953079, 0.04972698539495468, 0.026750287041068077, 0.08220580965280533, 0.017174724489450455, 0.018824933096766472, 0.033285874873399734, 0.027423586696386337, 0.019902441650629044, 0.01146900188177824], [0.01775643229484558, 0.01775643229484558, 0.02550378441810608, 0.01466292142868042, 0.04503650218248367, 0.05685440078377724, 0.03249233961105347, 0.015684694051742554, 0.05671384558081627, 0.016061898320913315, 0.015684694051742554, 0.02596089616417885, 0.02985115721821785, 0.061651408672332764, 0.04115363210439682, 0.02010311186313629, 0.04934777319431305, 0.026881396770477295, 0.015684694051742554, 0.029642634093761444, 0.03163692727684975, 0.11719132959842682, 0.05637399107217789, 0.03353249281644821, 0.0442669652402401, 0.07269114255905151, 0.018852470442652702, 0.010969886556267738], [0.022441379725933075, 0.022441379725933075, 0.028076957911252975, 0.023904863744974136, 0.03669227659702301, 0.036005500704050064, 0.034093260765075684, 0.023517321795225143, 0.038131777197122574, 0.023800481110811234, 0.023517321795225143, 0.04617990180850029, 0.038380056619644165, 0.06467010080814362, 0.047976695001125336, 0.035643380135297775, 0.03817402943968773, 0.02984798140823841, 0.023517321795225143, 0.07130144536495209, 0.04875770956277847, 0.024914944544434547, 0.035312801599502563, 0.031421858817338943, 0.04597572237253189, 0.03360394015908241, 0.05406768247485161, 0.017631933093070984], [0.035714294761419296, 0.035714294761419296, 0.035714294761419296, 0.035714294761419296, 0.035714294761419296, 0.035714294761419296, 0.035714294761419296, 0.035714294761419296, 0.035714294761419296, 0.035714294761419296, 0.035714294761419296, 0.035714294761419296, 0.035714294761419296, 0.035714294761419296, 0.035714294761419296, 0.035714294761419296, 0.035714294761419296, 0.035714294761419296, 0.035714294761419296, 0.035714294761419296, 0.035714294761419296, 0.035714294761419296, 0.035714294761419296, 0.035714294761419296, 0.035714294761419296, 0.035714294761419296, 0.035714294761419296, 0.035714294761419296]],