{"premise_tokens": ["That", "Mitchell", "and", "Webb", "Look", "is", "a", "British", "sketch", "comedy", "television", "show", "starring", "David", "Mitchell", "and", "Robert", "Webb", ".", "@@NULL@@"], "hypothesis_tokens": ["Olivia", "Colman", "was", "in", "an", "award", "-", "winning", "British", "sketch", "comedy", "show", ".", "@@NULL@@"], "label_logits": [0.04077836126089096, -0.7946754097938538, -0.03344269096851349], "label_probs": [0.4233441948890686, 0.18359491229057312, 0.3930608630180359], "h2p_attention": [[0.05377199500799179, 0.04343636706471443, 0.041851725429296494, 0.07625386118888855, 0.049493174999952316, 0.05938709154725075, 0.0451497808098793, 0.06232874095439911, 0.04298393800854683, 0.07296611368656158, 0.04299004748463631, 0.052972570061683655, 0.04088206961750984, 0.033894702792167664, 0.04343636706471443, 0.041851725429296494, 0.04510252922773361, 0.07625386118888855, 0.04199691116809845, 0.032996486872434616], [0.05377199500799179, 0.04343636706471443, 0.041851725429296494, 0.07625386118888855, 0.049493174999952316, 0.05938709154725075, 0.0451497808098793, 0.06232874095439911, 0.04298393800854683, 0.07296611368656158, 0.04299004748463631, 0.052972570061683655, 0.04088206961750984, 0.033894702792167664, 0.04343636706471443, 0.041851725429296494, 0.04510252922773361, 0.07625386118888855, 0.04199691116809845, 0.032996486872434616], [0.05213883891701698, 0.05547125265002251, 0.04412910342216492, 0.02948846109211445, 0.04167819023132324, 0.1098816767334938, 0.05432641878724098, 0.04432535544037819, 0.06678935885429382, 0.07048530876636505, 0.03593435883522034, 0.04225143790245056, 0.06920026987791061, 0.04017782583832741, 0.05547125265002251, 0.04412910342216492, 0.04697830602526665, 0.02948846109211445, 0.047111645340919495, 0.02054336667060852], [0.0461479127407074, 0.02630622871220112, 0.024953527376055717, 0.018435681238770485, 0.0543113574385643, 0.11459530144929886, 0.053318943828344345, 0.0300507340580225, 0.08751164376735687, 0.06531235575675964, 0.050407249480485916, 0.06685248017311096, 0.1933567225933075, 0.030084935948252678, 0.02630622871220112, 0.024953527376055717, 0.029394367709755898, 0.018435681238770485, 0.028161870315670967, 0.01110327709466219], [0.06586640328168869, 0.037576571106910706, 0.030959995463490486, 0.017522243782877922, 0.07967730611562729, 0.21753746271133423, 0.06294073909521103, 0.02396262250840664, 0.053568869829177856, 0.03460294008255005, 0.03861485794186592, 0.05091528221964836, 0.08999787271022797, 0.024014942348003387, 0.037576571106910706, 0.030959995463490486, 0.04257464036345482, 0.017522243782877922, 0.032026857137680054, 0.011581659317016602], [0.043565697968006134, 0.03912133723497391, 0.027736637741327286, 0.028837919235229492, 0.027605000883340836, 0.05793289840221405, 0.04325583949685097, 0.10029610246419907, 0.050535861402750015, 0.10663796961307526, 0.09228694438934326, 0.09161420166492462, 0.05867315083742142, 0.021327253431081772, 0.03912133723497391, 0.027736637741327286, 0.05811506509780884, 0.028837919235229492, 0.03733951225876808, 0.019422749057412148], [0.04168109595775604, 0.06222476437687874, 0.04069490730762482, 0.035502929240465164, 0.053524330258369446, 0.045801322907209396, 0.04791715741157532, 0.08127399533987045, 0.08622491359710693, 0.048276931047439575, 0.048534147441387177, 0.05453594774007797, 0.0821671262383461, 0.031068388372659683, 0.06222476437687874, 0.04069490730762482, 0.03991841897368431, 0.035502929240465164, 0.03229593485593796, 0.02993510663509369], [0.061217550188302994, 0.03314865380525589, 0.035271260887384415, 0.02908560074865818, 0.03799889609217644, 0.09150345623493195, 0.04773513972759247, 0.036125071346759796, 0.051306091248989105, 0.08172076940536499, 0.0615103542804718, 0.08084125816822052, 0.08096430450677872, 0.05661628767848015, 0.03314865380525589, 0.035271260887384415, 0.05398895591497421, 0.02908560074865818, 0.04301678016781807, 0.020444033667445183], [1.3796292478218675e-05, 9.080478776013479e-06, 9.72664201981388e-06, 9.331220098829363e-06, 1.3925426173955202e-05, 2.1015719539718702e-05, 1.5041575352370273e-05, 0.9997224807739258, 2.1100004232721403e-05, 1.0641750122886151e-05, 1.9597529899328947e-05, 2.0927338482579216e-05, 4.679932681028731e-05, 8.120723578031175e-06, 9.080478776013479e-06, 9.72664201981388e-06, 1.9321390936966054e-05, 9.331220098829363e-06, 6.028625648468733e-06, 4.93989500682801e-06], [0.001966537209227681, 0.0035538701340556145, 0.0011767051182687283, 0.0008832087041810155, 0.00403430825099349, 0.00437622144818306, 0.0035386919043958187, 0.0028959407936781645, 0.9028114676475525, 0.008719880133867264, 0.018331794068217278, 0.019298482686281204, 0.017949750646948814, 0.0016397798899561167, 0.0035538701340556145, 0.0011767051182687283, 0.0013849986717104912, 0.0008832087041810155, 0.0011466329451650381, 0.0006779925315640867], [0.0008927019080147147, 0.0009565723012201488, 0.00037008803337812424, 0.0005592430243268609, 0.0007309924112632871, 0.0012691754382103682, 0.0012656128965318203, 0.0005448064184747636, 0.0032526140566915274, 0.9784409999847412, 0.0017883101245388389, 0.004495896399021149, 0.001735816360451281, 0.0003642634837888181, 0.0009565723012201488, 0.00037008803337812424, 0.0005908042658120394, 0.0005592430243268609, 0.0006033187382854521, 0.0002528988989070058], [0.007341519929468632, 0.005663046147674322, 0.002413705224171281, 0.002863949630409479, 0.015883170068264008, 0.007841951213777065, 0.00662965839728713, 0.007557503413408995, 0.05077855661511421, 0.03171402961015701, 0.21379788219928741, 0.6157731413841248, 0.006277699489146471, 0.00395999988541007, 0.005663046147674322, 0.002413705224171281, 0.004831820260733366, 0.002863949630409479, 0.003947754390537739, 0.0017839476931840181], [0.06186569482088089, 0.047454673796892166, 0.05016413703560829, 0.032906606793403625, 0.05221133679151535, 0.10455190390348434, 0.051065731793642044, 0.031552527099847794, 0.04372531175613403, 0.06167842820286751, 0.04085127264261246, 0.05721390247344971, 0.04151419177651405, 0.0460439994931221, 0.047454673796892166, 0.05016413703560829, 0.041539087891578674, 0.032906606793403625, 0.07928142696619034, 0.025854341685771942], [0.04999999329447746, 0.04999999329447746, 0.04999999329447746, 0.04999999329447746, 0.04999999329447746, 0.04999999329447746, 0.04999999329447746, 0.04999999329447746, 0.04999999329447746, 0.04999999329447746, 0.04999999329447746, 0.04999999329447746, 0.04999999329447746, 0.04999999329447746, 0.04999999329447746, 0.04999999329447746, 0.04999999329447746, 0.04999999329447746, 0.04999999329447746, 0.04999999329447746]],