{"premise_tokens": ["The", "Himalayas", "are", "spread", "across", "five", "countries", ":", "Nepal", ",", "India", ",", "Bhutan", ",", "China", "and", "Pakistan", ",", "with", "the", "first", "three", "countries", "having", "sovereignty", "over", "most", "of", "the", "range", ".", "@@NULL@@"], "hypothesis_tokens": ["Kylie", "Minogue", "works", "in", "the", "Himalayas", ".", "@@NULL@@"], "label_logits": [0.4498412311077118, -2.456299066543579, 0.4201335906982422], "label_probs": [0.49372580647468567, 0.02700008451938629, 0.47927409410476685], "h2p_attention": [[0.02953985705971718, 0.04409653693437576, 0.02936530113220215, 0.029825426638126373, 0.03496144339442253, 0.02211323007941246, 0.04206240922212601, 0.021950555965304375, 0.047397226095199585, 0.022790715098381042, 0.03207123279571533, 0.022790715098381042, 0.047397226095199585, 0.022790715098381042, 0.03111841343343258, 0.02601383998990059, 0.032633379101753235, 0.022790715098381042, 0.02945220097899437, 0.02953985705971718, 0.028781143948435783, 0.022578688338398933, 0.04206240922212601, 0.04214445874094963, 0.047397226095199585, 0.027180226519703865, 0.04154112562537193, 0.024880966171622276, 0.02953985705971718, 0.02657926268875599, 0.02610408142209053, 0.02050967514514923], [0.02953985705971718, 0.04409653693437576, 0.02936530113220215, 0.029825426638126373, 0.03496144339442253, 0.02211323007941246, 0.04206240922212601, 0.021950555965304375, 0.047397226095199585, 0.022790715098381042, 0.03207123279571533, 0.022790715098381042, 0.047397226095199585, 0.022790715098381042, 0.03111841343343258, 0.02601383998990059, 0.032633379101753235, 0.022790715098381042, 0.02945220097899437, 0.02953985705971718, 0.028781143948435783, 0.022578688338398933, 0.04206240922212601, 0.04214445874094963, 0.047397226095199585, 0.027180226519703865, 0.04154112562537193, 0.024880966171622276, 0.02953985705971718, 0.02657926268875599, 0.02610408142209053, 0.02050967514514923], [0.026429222896695137, 0.041184745728969574, 0.05340656638145447, 0.008057470433413982, 0.012683453969657421, 0.03544651344418526, 0.027159810066223145, 0.019500961527228355, 0.007670611143112183, 0.023199524730443954, 0.01760559156537056, 0.023199524730443954, 0.007670611143112183, 0.023199524730443954, 0.023513274267315865, 0.02046545408666134, 0.02375543676316738, 0.023199524730443954, 0.03740430995821953, 0.026429222896695137, 0.05009826645255089, 0.051832377910614014, 0.027159810066223145, 0.05957751348614693, 0.007670611143112183, 0.015312076546251774, 0.19187197089195251, 0.009205077774822712, 0.026429222896695137, 0.05974957346916199, 0.013799958862364292, 0.006112070754170418], [0.02080768160521984, 0.20410673320293427, 0.04370637983083725, 0.019228825345635414, 0.06856416910886765, 0.016156433150172234, 0.03164626657962799, 0.00942497979849577, 0.011558331549167633, 0.015316346660256386, 0.023698197677731514, 0.015316346660256386, 0.011558331549167633, 0.015316346660256386, 0.037785936146974564, 0.015644723549485207, 0.02833680808544159, 0.015316346660256386, 0.04583846405148506, 0.02080768160521984, 0.028743740171194077, 0.017227264121174812, 0.03164626657962799, 0.06850080192089081, 0.011558331549167633, 0.03199276700615883, 0.05700957775115967, 0.01705462671816349, 0.02080768160521984, 0.0207060519605875, 0.01765621080994606, 0.006961248815059662], [0.06406614929437637, 0.04500778764486313, 0.03563716635107994, 0.017974641174077988, 0.02198665961623192, 0.021095111966133118, 0.017427897080779076, 0.016501696780323982, 0.017357025295495987, 0.025245243683457375, 0.025397516787052155, 0.025245243683457375, 0.017357025295495987, 0.025245243683457375, 0.02225719578564167, 0.03203880414366722, 0.026795651763677597, 0.025245243683457375, 0.04035569727420807, 0.06406614929437637, 0.04922639578580856, 0.025854988023638725, 0.017427897080779076, 0.044644929468631744, 0.017357025295495987, 0.02364816702902317, 0.0835491418838501, 0.027769673615694046, 0.06406614929437637, 0.023438554257154465, 0.024662768468260765, 0.012051071971654892], [2.835668965417426e-05, 0.9969730377197266, 5.1462582632666454e-05, 3.3291893487330526e-05, 0.00016325651085935533, 1.4653176549472846e-05, 0.0001048671911121346, 1.3135873814462684e-05, 1.63244749273872e-05, 1.896354297059588e-05, 0.0008556080865673721, 1.896354297059588e-05, 1.63244749273872e-05, 1.896354297059588e-05, 0.0005020532407797873, 1.4600322174374014e-05, 0.0005510372575372458, 1.896354297059588e-05, 7.79232505010441e-05, 2.835668965417426e-05, 6.137236778158695e-05, 1.538313335913699e-05, 0.0001048671911121346, 6.418985867640004e-05, 1.63244749273872e-05, 5.74882396904286e-05, 5.096285531180911e-05, 2.5615227059461176e-05, 2.835668965417426e-05, 3.366884629940614e-05, 1.407705985911889e-05, 7.592650035803672e-06], [0.0346577949821949, 0.03139811009168625, 0.051046356558799744, 0.025453893467783928, 0.029205624014139175, 0.03172006830573082, 0.03050120361149311, 0.020496945828199387, 0.02155432663857937, 0.022587744519114494, 0.021225029602646828, 0.022587744519114494, 0.02155432663857937, 0.022587744519114494, 0.02456023544073105, 0.03285827115178108, 0.025080669671297073, 0.022587744519114494, 0.039835672825574875, 0.0346577949821949, 0.03858751431107521, 0.03337497636675835, 0.03050120361149311, 0.05723508819937706, 0.02155432663857937, 0.03351416811347008, 0.058519404381513596, 0.026044359430670738, 0.0346577949821949, 0.03098836913704872, 0.05193053558468819, 0.016934985294938087], [0.03125, 0.03125, 0.03125, 0.03125, 0.03125, 0.03125, 0.03125, 0.03125, 0.03125, 0.03125, 0.03125, 0.03125, 0.03125, 0.03125, 0.03125, 0.03125, 0.03125, 0.03125, 0.03125, 0.03125, 0.03125, 0.03125, 0.03125, 0.03125, 0.03125, 0.03125, 0.03125, 0.03125, 0.03125, 0.03125, 0.03125, 0.03125]],