{"premise_tokens": ["Paddington", "2", "is", "an", "upcoming", "British", "-", "French", "family", "-", "comedy", "film", "directed", "by", "Paul", "King", ",", "co", "written", "by", "him", "and", "Simon", "Farnaby", ",", "and", "produced", "by", "David", "Heyman", ".", "@@NULL@@"], "hypothesis_tokens": ["Paddington", "2", "is", "an", "American", "-", "British", "family", "-", "comedy", "film", ".", "@@NULL@@"], "label_logits": [0.509890615940094, 1.5160017013549805, -2.3515374660491943], "label_probs": [0.26370394229888916, 0.7212156057357788, 0.015080446377396584], "h2p_attention": [[0.5270325541496277, 0.012504911050200462, 0.022147705778479576, 0.02233889512717724, 0.015972455963492393, 0.018014222383499146, 0.01663261279463768, 0.017179075628519058, 0.02700577862560749, 0.01663261279463768, 0.011403950862586498, 0.01237558014690876, 0.01258811168372631, 0.010523666627705097, 0.02847561240196228, 0.010813340544700623, 0.010776801034808159, 0.025414537638425827, 0.009612559340894222, 0.010523666627705097, 0.02174646034836769, 0.014756862074136734, 0.009588400833308697, 0.010903693735599518, 0.010776801034808159, 0.014756862074136734, 0.02708173170685768, 0.010523666627705097, 0.009617230854928493, 0.010903693735599518, 0.013725480064749718, 0.007650312501937151], [0.026580598205327988, 0.12990261614322662, 0.0461210161447525, 0.03405590355396271, 0.03227490931749344, 0.021749291568994522, 0.020542265847325325, 0.026073426008224487, 0.03496528044342995, 0.020542265847325325, 0.03632264584302902, 0.021700333803892136, 0.01965462975203991, 0.02373478375375271, 0.02420869842171669, 0.022445449605584145, 0.03457809239625931, 0.02135433442890644, 0.02429158426821232, 0.02373478375375271, 0.052211418747901917, 0.03837944194674492, 0.01962105929851532, 0.022662006318569183, 0.03457809239625931, 0.03837944194674492, 0.03979456424713135, 0.02373478375375271, 0.021054228767752647, 0.022662006318569183, 0.025828538462519646, 0.01626160368323326], [0.006859057117253542, 0.006719708442687988, 0.2921887934207916, 0.04450186342000961, 0.013815275393426418, 0.01007955800741911, 0.0036250341217964888, 0.0072423494420945644, 0.017133239656686783, 0.0036250341217964888, 0.011890213936567307, 0.009136452339589596, 0.053481243550777435, 0.047245148569345474, 0.004313074052333832, 0.010886533185839653, 0.006652613170444965, 0.005185374990105629, 0.013503183610737324, 0.047245148569345474, 0.27003827691078186, 0.007446593604981899, 0.004190257750451565, 0.004264217801392078, 0.006652613170444965, 0.007446593604981899, 0.013398021459579468, 0.047245148569345474, 0.007774899248033762, 0.004264217801392078, 0.009581056423485279, 0.00236927205696702], [0.015482650138437748, 0.01110431831330061, 0.09959237277507782, 0.16700437664985657, 0.016925383359193802, 0.010970499366521835, 0.008646061643958092, 0.013025705702602863, 0.054563142359256744, 0.008646061643958092, 0.01584182120859623, 0.022286666557192802, 0.07112319767475128, 0.05269357189536095, 0.012998544611036777, 0.017564862966537476, 0.014025668613612652, 0.011975228786468506, 0.028727570548653603, 0.05269357189536095, 0.11659329384565353, 0.014174018055200577, 0.009616367518901825, 0.008021983318030834, 0.014025668613612652, 0.014174018055200577, 0.025828611105680466, 0.05269357189536095, 0.01099445205181837, 0.008021983318030834, 0.014662443660199642, 0.005302282050251961], [0.00038340315222740173, 0.00021589340758509934, 0.00037067249650135636, 0.0003173058503307402, 0.0009028726490214467, 0.2559448182582855, 0.00019423711637500674, 0.7311075925827026, 0.0016747408080846071, 0.00019423711637500674, 0.000415498303482309, 0.0003434279060456902, 0.0002939396072179079, 0.0007120112422853708, 0.0002976920804940164, 0.0005396640626713634, 0.00031063755159266293, 0.0005956684472039342, 0.00041747846989892423, 0.0007120112422853708, 0.000426404905738309, 0.0002807261480484158, 0.00020805081294383854, 0.00026676218840293586, 0.00031063755159266293, 0.0002807261480484158, 0.0007942051743157208, 0.0007120112422853708, 0.00020168091577943414, 0.00026676218840293586, 0.00018036557594314218, 0.00012764197890646756], [0.027440298348665237, 0.015943828970193863, 0.019311001524329185, 0.020580841228365898, 0.030260324478149414, 0.034267183393239975, 0.19603052735328674, 0.016476910561323166, 0.033114027231931686, 0.19603052735328674, 0.020354781299829483, 0.01454839762300253, 0.015047808177769184, 0.023219535127282143, 0.0160447396337986, 0.020675618201494217, 0.019476501271128654, 0.03280721604824066, 0.019614778459072113, 0.023219535127282143, 0.02396327443420887, 0.017158009111881256, 0.014363769441843033, 0.014968935400247574, 0.019476501271128654, 0.017158009111881256, 0.020921122282743454, 0.023219535127282143, 0.01309922244399786, 0.014968935400247574, 0.013616785407066345, 0.012621401809155941], [1.147295279224636e-05, 6.516594112326857e-06, 2.072838651656639e-05, 1.0080978427140508e-05, 3.738090526894666e-05, 0.986054003238678, 1.3228480383986607e-05, 0.013393857516348362, 1.1444136362115387e-05, 1.3228480383986607e-05, 1.0496253707970027e-05, 1.5123876437428407e-05, 2.0796838725800626e-05, 6.34137395536527e-05, 9.098272130358964e-06, 2.7557771318242885e-05, 1.10598111859872e-05, 1.697482366580516e-05, 1.0355533959227614e-05, 6.34137395536527e-05, 2.0224033505655825e-05, 9.593657523510046e-06, 5.480425897985697e-06, 9.203641639032867e-06, 1.10598111859872e-05, 9.593657523510046e-06, 2.30574187298771e-05, 6.34137395536527e-05, 8.009695193322841e-06, 9.203641639032867e-06, 5.946200417383807e-06, 4.8723559302743524e-06], [0.0013519431231543422, 0.0008234826964326203, 0.002769525395706296, 0.003941101022064686, 0.0010167194996029139, 0.0008995491662062705, 0.0010048130061477423, 0.0013208112213760614, 0.9391996264457703, 0.0010048130061477423, 0.006167327053844929, 0.0018924653995782137, 0.0020479531958699226, 0.0017985262675210834, 0.0006701663369312882, 0.0010825362987816334, 0.0006586190429516137, 0.007859915494918823, 0.002558906562626362, 0.0017985262675210834, 0.005262536928057671, 0.0011199016589671373, 0.0008385696564801037, 0.0009520642925053835, 0.0006586190429516137, 0.0011199016589671373, 0.005014082416892052, 0.0017985262675210834, 0.0007209868053905666, 0.0009520642925053835, 0.0013124925317242742, 0.0003829842316918075], [0.027440298348665237, 0.015943828970193863, 0.019311001524329185, 0.020580841228365898, 0.030260324478149414, 0.034267183393239975, 0.19603052735328674, 0.016476910561323166, 0.033114027231931686, 0.19603052735328674, 0.020354781299829483, 0.01454839762300253, 0.015047808177769184, 0.023219535127282143, 0.0160447396337986, 0.020675618201494217, 0.019476501271128654, 0.03280721604824066, 0.019614778459072113, 0.023219535127282143, 0.02396327443420887, 0.017158009111881256, 0.014363769441843033, 0.014968935400247574, 0.019476501271128654, 0.017158009111881256, 0.020921122282743454, 0.023219535127282143, 0.01309922244399786, 0.014968935400247574, 0.013616785407066345, 0.012621401809155941], [0.00037313258508220315, 0.0005591149674728513, 0.001256208517588675, 0.0007478753104805946, 0.005393408238887787, 0.0005392402526922524, 0.0004036880563944578, 0.0009754006750881672, 0.004030909854918718, 0.0004036880563944578, 0.9684444665908813, 0.0035576827358454466, 0.0006373493815772235, 0.00031319240224547684, 0.0006158828618936241, 0.0007758749416097999, 0.0003198581689503044, 0.0006242237286642194, 0.0008375777979381382, 0.00031319240224547684, 0.0024390332400798798, 0.00036630695103667676, 0.00041480251820757985, 0.0005535293603315949, 0.0003198581689503044, 0.00036630695103667676, 0.0023435037583112717, 0.00031319240224547684, 0.0003605418896768242, 0.0005535293603315949, 0.0005971547798253596, 0.0002503151190467179], [0.0007990343729034066, 0.0006591468118131161, 0.0019047659588977695, 0.0020761615596711636, 0.004422484431415796, 0.0015332149341702461, 0.0005693594575859606, 0.0010520105715841055, 0.0024407655000686646, 0.0005693594575859606, 0.007020356133580208, 0.9525129795074463, 