{"premise_tokens": ["Roberta", "McCain", "(", "born", "February", "7", ",", "1912", ")", "is", "the", "centenarian", "widow", "of", "Admiral", "John", "S.", "McCain", "Jr.", "and", "mother", "of", "the", "Republican", "Arizona", "Senator", "and", "two", "-", "time", "Presidential", "candidate", "John", "S.", "McCain", "III", ".", "@@NULL@@"], "hypothesis_tokens": ["Roberta", "McCain", "died", "on", "February", "7", ",", "1912", ".", "@@NULL@@"], "label_logits": [0.7685610055923462, 0.7651134729385376, -2.6496355533599854], "label_probs": [0.49277350306510925, 0.49107760190963745, 0.016148917376995087], "h2p_attention": [[0.04170604422688484, 0.025765353813767433, 0.01940060965716839, 0.029132815077900887, 0.028898954391479492, 0.022245395928621292, 0.02005413919687271, 0.04170604422688484, 0.020135559141635895, 0.032480984926223755, 0.02599288336932659, 0.04170604422688484, 0.027211535722017288, 0.02189340442419052, 0.04170604422688484, 0.02083965390920639, 0.0207517109811306, 0.025765353813767433, 0.023602021858096123, 0.022890251129865646, 0.030166020616889, 0.02189340442419052, 0.02599288336932659, 0.028828322887420654, 0.026066036894917488, 0.031842637807130814, 0.022890251129865646, 0.02125314623117447, 0.02140367031097412, 0.026127809658646584, 0.03556795418262482, 0.02573573775589466, 0.02083965390920639, 0.0207517109811306, 0.025765353813767433, 0.01997385174036026, 0.02296965755522251, 0.018046991899609566], [0.0024646404199302197, 0.20269297063350677, 0.002084741834551096, 0.005579343065619469, 0.003830723697319627, 0.0038682064041495323, 0.001976026687771082, 0.0024646404199302197, 0.0023795468732714653, 0.0052093924023211, 0.0025434691924601793, 0.0024646404199302197, 0.004232367500662804, 0.0026056987699121237, 0.0024646404199302197, 0.003951572813093662, 0.0043832105584442616, 0.20269297063350677, 0.005210649687796831, 0.002041036495938897, 0.006713005248457193, 0.0026056987699121237, 0.0025434691924601793, 0.025521425530314445, 0.02173597365617752, 0.1336461454629898, 0.002041036495938897, 0.0028952634893357754, 0.0019315124955028296, 0.0047023724764585495, 0.0885261669754982, 0.024547027423977852, 0.003951572813093662, 0.0043832105584442616, 0.20269297063350677, 0.0020867479033768177, 0.0026096205692738295, 0.0017263233894482255], [0.0004129825974814594, 0.0005927127203904092, 0.0004937169724144042, 0.004327626433223486, 0.9230452179908752, 0.003016319125890732, 0.0004435924347490072, 0.0004129825974814594, 0.0005182262393645942, 0.0010474779410287738, 0.0005490604089573026, 0.0004129825974814594, 0.015561079606413841, 0.0009356564842164516, 0.0004129825974814594, 0.001853776047937572, 0.0006486015627160668, 0.0005927127203904092, 0.002294640988111496, 0.0007102736853994429, 0.005511129274964333, 0.0009356564842164516, 0.0005490604089573026, 0.0007478815969079733, 0.0015686731785535812, 0.002003005240112543, 0.0007102736853994429, 0.0004434907459653914, 0.0004777225258294493, 0.0008587561314925551, 0.021510198712348938, 0.0020057379733771086, 0.001853776047937572, 0.0006486015627160668, 0.0005927127203904092, 0.0003161010390613228, 0.0007417845190502703, 0.00024280809157062322], [0.015609478577971458, 0.02257443405687809, 0.013161351904273033, 0.05711039900779724, 0.0478753037750721, 0.01694439724087715, 0.02156306803226471, 0.015609478577971458, 0.014292743057012558, 0.08618737757205963, 0.0299726240336895, 0.015609478577971458, 0.017079265788197517, 0.027914807200431824, 0.015609478577971458, 0.03466873988509178, 0.01622362993657589, 0.02257443405687809, 0.025469791144132614, 0.020712699741125107, 0.02195877395570278, 0.027914807200431824, 0.0299726240336895, 0.03374862298369408, 0.020769722759723663, 0.0243369247764349, 0.020712699741125107, 0.018748994916677475, 0.01759502664208412, 0.052123915404081345, 0.03691527992486954, 0.03444725647568703, 0.03466873988509178, 0.01622362993657589, 0.02257443405687809, 0.01714809238910675, 0.023369750007987022, 0.0100078284740448], [3.251851012464613e-05, 4.50621810159646e-05, 3.534822826622985e-05, 0.00031047509401105344, 0.9961792230606079, 0.00015035388059914112, 5.3320658480515704e-05, 3.251851012464613e-05, 3.638345151557587e-05, 0.0001140250897151418, 5.297841926221736e-05, 3.251851012464613e-05, 5.279729521134868e-05, 7.982090028235689e-05, 3.251851012464613e-05, 0.0002980594872497022, 2.7621375920716673e-05, 4.50621810159646e-05, 3.7812711525475606e-05, 5.02627735841088e-05, 3.9162572647910565e-05, 7.982090028235689e-05, 5.297841926221736e-05, 5.000931196263991e-05, 7.320587610593066e-05, 6.359101826092228e-05, 5.02627735841088e-05, 4.37923772551585e-05, 6.639541243202984e-05, 0.00013632577611133456, 0.0010969466529786587, 9.05311680980958e-05, 0.0002980594872497022, 2.7621375920716673e-05, 4.50621810159646e-05, 2.567888623161707e-05, 4.1468909330433235e-05, 2.0307357772253454e-05], [0.007750688586384058, 0.014089399017393589, 0.011084400117397308, 0.017871730029582977, 0.04655499756336212, 0.33045873045921326, 0.013049189932644367, 0.007750688586384058, 0.01061134971678257, 0.024734865874052048, 0.00802178867161274, 0.007750688586384058, 0.00950694177299738, 0.014130013063549995, 0.007750688586384058, 0.01897585578262806, 0.009848549962043762, 0.014089399017393589, 0.010523305274546146, 0.012948742136359215, 0.014178256504237652, 0.014130013063549995, 0.00802178867161274, 0.014934095554053783, 0.01365892868489027, 0.024774182587862015, 0.012948742136359215, 0.031025847420096397, 0.0068463655188679695, 0.026675187051296234, 0.08392736315727234, 0.0820714458823204, 0.01897585578262806, 0.009848549962043762, 0.014089399017393589, 0.009143227711319923, 0.01096085924655199, 0.006287890952080488], [0.013519800268113613, 0.013926491141319275, 0.013811741024255753, 0.02903362549841404, 0.03194574639201164, 0.025249315425753593, 0.09509088844060898, 0.013519800268113613, 0.013695131056010723, 0.034162405878305435, 0.025487368926405907, 0.013519800268113613, 0.015385773032903671, 0.02501222863793373, 0.013519800268113613, 0.035175126045942307, 0.01440927293151617, 0.013926491141319275, 0.014453195035457611, 0.04251740500330925, 0.016030320897698402, 0.02501222863793373, 0.025487368926405907, 0.013631997630000114, 0.018467919901013374, 0.016954490914940834, 0.04251740500330925, 0.11446063965559006, 0.018774759024381638, 0.052485156804323196, 0.02337762340903282, 0.018792133778333664, 0.035175126045942307, 0.01440927293151617, 0.013926491141319275, 0.024741211906075478, 0.016227779909968376, 0.012166650965809822], [0.04170604422688484, 0.025765353813767433, 0.01940060965716839, 0.029132815077900887, 0.028898954391479492, 0.022245395928621292, 0.02005413919687271, 0.04170604422688484, 0.020135559141635895, 0.032480984926223755, 0.02599288336932659, 0.04170604422688484, 0.027211535722017288, 0.02189340442419052, 0.04170604422688484, 0.02083965390920639, 0.0207517109811306, 0.025765353813767433, 0.023602021858096123, 0.022890251129865646, 0.030166020616889, 0.02189340442419052, 0.02599288336932659, 0.028828322887420654, 0.026066036894917488, 0.031842637807130814, 0.022890251129865646, 0.02125314623117447, 0.02140367031097412, 0.026127809658646584, 0.03556795418262482, 0.02573573775589466, 0.02083965390920639, 0.0207517109811306, 0.025765353813767433, 0.01997385174036026, 0.02296965755522251, 0.018046991899609566], [0.018584659323096275, 0.022072935476899147, 0.01979663409292698, 0.030386433005332947, 0.02981768548488617, 0.02545333281159401, 0.019475692883133888, 0.018584659323096275, 0.01971019059419632, 0.05904775857925415, 0.029882783070206642, 0.018584659323096275, 0.037285976111888885, 0.02245607040822506, 0.018584659323096275, 0.027029797434806824, 0.017369888722896576, 0.022072935476899147, 0.02326463721692562, 0.02833118848502636, 0.04686880111694336, 0.02245607040822506, 0.029882783070206642, 0.022186623886227608, 0.029424943029880524, 0.024638324975967407, 0.02833118848502636, 0.033050768077373505, 0.01575331948697567, 0.04128456860780716, 0.02424696646630764, 0.02939748205244541, 