{"premise_tokens": ["Iowa", "is", "the", "26th", "most", "extensive", "in", "land", "area", "and", "the", "30th", "most", "populous", "of", "the", "50", "United", "States", ".", "@@NULL@@"], "hypothesis_tokens": ["Iowa", "is", "the", "26th", "most", "extensive", "state", "in", "the", "United", "States", "in", "land", "area", "as", "of", "2016", ".", "@@NULL@@"], "label_logits": [2.081421136856079, 1.0684114694595337, -4.740496635437012], "label_probs": [0.7330227494239807, 0.2661784887313843, 0.0007987231947481632], "h2p_attention": [[0.9850494265556335, 0.001183491200208664, 0.00035904860123991966, 0.0002758692717179656, 0.0005424042465165257, 0.0008692835108377039, 0.001875134650617838, 0.0006610505515709519, 0.001785723608918488, 0.00025328033370897174, 0.00035904860123991966, 0.000786006567068398, 0.0005424042465165257, 0.0002758692717179656, 0.00038548000156879425, 0.00035904860123991966, 0.0012395513476803899, 0.0008451712201349437, 0.0018377117812633514, 0.00032003773958422244, 0.00019495366723276675], [0.022030599415302277, 0.44754987955093384, 0.021002741530537605, 0.0065315659157931805, 0.11729122698307037, 0.01909107342362404, 0.03745488449931145, 0.016389228403568268, 0.04182782024145126, 0.011406058445572853, 0.021002741530537605, 0.017147932201623917, 0.11729122698307037, 0.0065315659157931805, 0.012684757821261883, 0.021002741530537605, 0.030311327427625656, 0.008112401701509953, 0.007035470101982355, 0.014675447717308998, 0.0036290488205850124], [0.02821672521531582, 0.08866821229457855, 0.08144935965538025, 0.022066546604037285, 0.10621871054172516, 0.027471337467432022, 0.045795340090990067, 0.03277651220560074, 0.04203414171934128, 0.040731966495513916, 0.08144935965538025, 0.030313292518258095, 0.10621871054172516, 0.022066546604037285, 0.0353044830262661, 0.08144935965538025, 0.03314096853137016, 0.025381911545991898, 0.02257094532251358, 0.031354572623968124, 0.015320916660130024], [0.041947364807128906, 0.05335281044244766, 0.0426955483853817, 0.06850576400756836, 0.060041625052690506, 0.042167019098997116, 0.049219924956560135, 0.060348253697156906, 0.04593629390001297, 0.03759920597076416, 0.0426955483853817, 0.03880559653043747, 0.060041625052690506, 0.06850576400756836, 0.03596179932355881, 0.0426955483853817, 0.04528866708278656, 0.04375308007001877, 0.053065333515405655, 0.03772963583469391, 0.02964373491704464], [0.0003271075547672808, 0.003799895755946636, 0.0008151080692186952, 0.00023813235748093575, 0.492374449968338, 0.0005822210223414004, 0.0009628521511331201, 0.0006673618336208165, 0.0007673928630538285, 0.0007854652358219028, 0.0008151080692186952, 0.00020220923761371523, 0.492374449968338, 0.00023813235748093575, 0.00044663340668193996, 0.0008151080692186952, 0.002709409222006798, 0.00026984457508660853, 0.0002853132027667016, 0.00040626933332532644, 0.00011757064930861816], [0.035958968102931976, 0.04242430254817009, 0.014460133388638496, 0.011471418663859367, 0.03993615135550499, 0.5634945034980774, 0.02503124438226223, 0.027665765956044197, 0.021389663219451904, 0.014147044159471989, 0.014460133388638496, 0.014162669889628887, 0.03993615135550499, 0.011471418663859367, 0.012522665783762932, 0.014460133388638496, 0.01344524510204792, 0.022517433390021324, 0.04035269469022751, 0.012627760879695415, 0.008064495399594307], [0.15520057082176208, 0.07470796257257462, 0.03045705519616604, 0.024022750556468964, 0.030783990398049355, 0.037343453615903854, 0.07093361020088196, 0.043678466230630875, 0.05038537457585335, 0.023094475269317627, 0.03045705519616604, 0.0244111530482769, 0.030783990398049355, 0.024022750556468964, 0.02974916435778141, 0.03045705519616604, 0.05284286290407181, 0.05253400653600693, 0.14063629508018494, 0.029014676809310913, 0.014483178965747356], [0.071774423122406, 0.07701659947633743, 0.02230515144765377, 0.012390153482556343, 0.061112407594919205, 0.023161882534623146, 0.2984927296638489, 0.025992266833782196, 0.09872669726610184, 0.016770632937550545, 0.02230515144765377, 0.031216884031891823, 0.061112407594919205, 0.012390153482556343, 0.018281999975442886, 0.02230515144765377, 0.053016338497400284, 0.021161409094929695, 0.02407854236662388, 0.01892687939107418, 0.007462231442332268], [0.02821672521531582, 0.08866821229457855, 0.08144935965538025, 0.022066546604037285, 0.10621871054172516, 0.027471337467432022, 0.045795340090990067, 0.03277651220560074, 0.04203414171934128, 0.040731966495513916, 0.08144935965538025, 0.030313292518258095, 0.10621871054172516, 0.022066546604037285, 0.0353044830262661, 0.08144935965538025, 0.03314096853137016, 0.025381911545991898, 0.02257094532251358, 0.031354572623968124, 0.015320916660130024], [0.017750008031725883, 0.009152544662356377, 0.006783048622310162, 0.006043117493391037, 0.009397233836352825, 0.011432125233113766, 0.011610770598053932, 0.011072451248764992, 0.008820823393762112, 0.008448747918009758, 0.006783048622310162, 0.010329640470445156, 0.009397233836352825, 0.006043117493391037, 0.006227271631360054, 0.006783048622310162, 0.009178291074931622, 0.2297193706035614, 0.6055694222450256, 0.005364318378269672, 0.004094352945685387], [0.002125064842402935, 0.00043704555719159544, 0.0003321170515846461, 0.00040355612873099744, 0.000547077797818929, 0.0011280328035354614, 0.0007274238741956651, 0.0007800004095770419, 0.0003711298340931535, 0.000490512466058135, 0.0003321170515846461, 0.0006361708510667086, 0.000547077797818929, 0.00040355612873099744, 0.0003298665687907487, 0.0003321170515846461, 0.0006633215816691518, 0.03334300220012665, 0.9555590152740479, 0.0002864131238311529, 0.00022543749946635216], [0.071774423122406, 0.07701659947633743, 0.02230515144765377, 0.012390153482556343, 0.061112407594919205, 0.023161882534623146, 0.2984927296638489, 0.025992266833782196, 0.09872669726610184, 0.016770632937550545, 0.02230515144765377, 0.031216884031891823, 0.061112407594919205, 0.012390153482556343, 0.018281999975442886, 0.02230515144765377, 0.053016338497400284, 0.021161409094929695, 0.02407854236662388, 0.01892687939107418, 0.007462231442332268], [0.045849159359931946, 0.061065204441547394, 0.028927184641361237, 0.027527064085006714, 0.07675212621688843, 0.04638671875, 0.04709811881184578, 0.23021729290485382, 0.03605031594634056, 0.025021972134709358, 0.028927184641361237, 0.021805429831147194, 0.07675212621688843, 0.027527064085006714, 0.033576399087905884, 0.028927184641361237, 0.03730086609721184, 0.03656676784157753, 0.04678395763039589, 0.02341616526246071, 0.013521600514650345], [0.05411304906010628, 0.06809131056070328, 0.016208268702030182, 0.009154661558568478, 0.03856009244918823, 0.015669170767068863, 0.0781601145863533, 0.015750711783766747, 0.4810646176338196, 0.014000782743096352, 0.016208268702030182, 0.04112441465258598, 0.03856009244918823, 0.009154661558568478, 0.01596667990088463, 0.016208268702030182, 0.027728650718927383, 0.012727501802146435, 0.009725657291710377, 0.015915321186184883, 0.005907711572945118], [0.012441141530871391, 0.0774768739938736, 0.021244937554001808, 0.00888363178819418, 0.3088362216949463, 0.016414141282439232, 0.02617584355175495, 0.01364067755639553, 0.023853158578276634, 0.028021663427352905, 0.021244937554001808, 0.011034549213945866, 0.3088362216949463, 0.00888363178819418, 0.017350753769278526, 0.021244937554001808, 0.03312985971570015, 0.011270231567323208, 0.010824981145560741, 0.012957447208464146, 0.0062341648153960705], [0.03449423611164093, 0.06097690388560295, 0.04019954428076744, 0.021163351833820343, 0.06627171486616135, 0.02708916924893856, 0.042739659547805786, 0.04331935942173004, 0.047148872166872025, 0.04210754111409187, 0.04019954428076744, 0.04133320599794388, 0.06627171486616135, 0.021163351833820343, 0.17313095927238464, 0.04019954428076744, 0.09585769474506378, 0.026533128693699837, 0.025526322424411774, 0.026829024776816368, 0.01744520291686058], [0.1302996277809143, 0.04426351934671402, 0.0231494028121233, 0.025358902290463448, 0.07676735520362854, 0.06359735876321793, 