{"premise_tokens": ["Amir", "Davidson", "(", "stage", "-", "named", "Amir", "Derakh", ")", ",", "(", "born", "June", "20", ",", "1963", ")", "is", "an", "American", "musician", ".", "@@NULL@@"], "hypothesis_tokens": ["Amir", "Derakh", "is", "incapable", "of", "being", "a", "musician", ".", "@@NULL@@"], "label_logits": [-3.0054452419281006, 2.282254219055176, 0.4711739420890808], "label_probs": [0.004324551206082106, 0.8557754755020142, 0.13989999890327454], "h2p_attention": [[0.06611157208681107, 0.036273110657930374, 0.030753452330827713, 0.0474434569478035, 0.03392866253852844, 0.03365824744105339, 0.06611157208681107, 0.06611157208681107, 0.0319184772670269, 0.03178941458463669, 0.030753452330827713, 0.04618074744939804, 0.043123554438352585, 0.03933681175112724, 0.03178941458463669, 0.06611157208681107, 0.0319184772670269, 0.05148819833993912, 0.043281495571136475, 0.05978799983859062, 0.04711005091667175, 0.03641103208065033, 0.028607726097106934], [0.06611157208681107, 0.036273110657930374, 0.030753452330827713, 0.0474434569478035, 0.03392866253852844, 0.03365824744105339, 0.06611157208681107, 0.06611157208681107, 0.0319184772670269, 0.03178941458463669, 0.030753452330827713, 0.04618074744939804, 0.043123554438352585, 0.03933681175112724, 0.03178941458463669, 0.06611157208681107, 0.0319184772670269, 0.05148819833993912, 0.043281495571136475, 0.05978799983859062, 0.04711005091667175, 0.03641103208065033, 0.028607726097106934], [0.00797613337635994, 0.018066242337226868, 0.006684763357043266, 0.04868387430906296, 0.006780553143471479, 0.026380497962236404, 0.00797613337635994, 0.00797613337635994, 0.006271518766880035, 0.012443577870726585, 0.006684763357043266, 0.06250002235174179, 0.028946654871106148, 0.03946429863572121, 0.012443577870726585, 0.00797613337635994, 0.006271518766880035, 0.5465332269668579, 0.0832398384809494, 0.012869589030742645, 0.021478192880749702, 0.017921166494488716, 0.004431675188243389], [0.005876689217984676, 0.020727014169096947, 0.00335542275570333, 0.03269912675023079, 0.004565387964248657, 0.0383392870426178, 0.005876689217984676, 0.005876689217984676, 0.0032992176711559296, 0.025326387956738472, 0.00335542275570333, 0.05110733583569527, 0.060341767966747284, 0.049089908599853516, 0.025326387956738472, 0.005876689217984676, 0.0032992176711559296, 0.5085220336914062, 0.109165720641613, 0.007742389105260372, 0.014091395772993565, 0.013757933862507343, 0.00238190614618361], [0.026502490043640137, 0.02938126213848591, 0.024032574146986008, 0.06294073164463043, 0.028789326548576355, 0.04199540242552757, 0.026502490043640137, 0.026502490043640137, 0.025844749063253403, 0.0449117086827755, 0.024032574146986008, 0.06028309091925621, 0.09148064255714417, 0.1125323474407196, 0.0449117086827755, 0.026502490043640137, 0.025844749063253403, 0.0763603001832962, 0.06711671501398087, 0.039378173649311066, 0.03871024027466774, 0.03359750658273697, 0.021846318617463112], [0.016105083748698235, 0.03893432021141052, 0.0114466967061162, 0.053418468683958054, 0.013063007965683937, 0.03984833136200905, 0.016105083748698235, 0.016105083748698235, 0.011514807119965553, 0.019900072365999222, 0.0114466967061162, 0.05876106768846512, 0.024168815463781357, 0.06496694684028625, 0.019900072365999222, 0.016105083748698235, 0.011514807119965553, 0.31807368993759155, 0.11506790667772293, 0.0483798123896122, 0.03695559874176979, 0.02867109887301922, 0.009547464549541473], [0.02106638252735138, 0.054596614092588425, 0.0164326261729002, 0.07151792198419571, 0.024644063785672188, 0.06036767736077309, 0.02106638252735138, 0.02106638252735138, 0.01814231090247631, 0.04212203621864319, 0.0164326261729002, 0.07870407402515411, 0.06135615333914757, 0.04586806893348694, 0.04212203621864319, 0.02106638252735138, 0.01814231090247631, 0.08541557192802429, 0.08366870880126953, 0.07199965417385101, 0.0783974826335907, 0.030408712103962898, 0.015395792201161385], [0.01664365455508232, 0.026537299156188965, 0.014190887100994587, 0.10460760444402695, 0.013671038672327995, 0.037005022168159485, 0.01664365455508232, 0.01664365455508232, 0.014872847124934196, 0.013899130746722221, 0.014190887100994587, 0.06630071997642517, 0.027127332985401154, 0.02309691719710827, 0.013899130746722221, 0.01664365455508232, 0.014872847124934196, 0.04898330941796303, 0.03840916231274605, 0.052199143916368484, 0.3812805712223053, 0.018174640834331512, 0.01010691188275814], [0.030644146725535393, 0.04464735463261604, 0.032642561942338943, 0.06551312655210495, 0.025975564494729042, 0.04930085688829422, 0.030644146725535393, 0.030644146725535393, 0.03250002861022949, 0.032113365828990936, 0.032642561942338943, 0.05010402575135231, 0.05475977435708046, 0.053442809730768204, 0.032113365828990936, 0.030644146725535393, 0.03250002861022949, 0.09736353158950806, 0.06657961010932922, 0.03402184695005417, 0.04329574853181839, 0.0738304853439331, 0.024076752364635468], [0.04347826912999153, 0.04347826912999153, 0.04347826912999153, 0.04347826912999153, 0.04347826912999153, 0.04347826912999153, 0.04347826912999153, 0.04347826912999153, 0.04347826912999153, 0.04347826912999153, 0.04347826912999153, 0.04347826912999153, 0.04347826912999153, 0.04347826912999153, 0.04347826912999153, 0.04347826912999153, 0.04347826912999153, 0.04347826912999153, 0.04347826912999153, 0.04347826912999153, 0.04347826912999153, 0.04347826912999153, 0.04347826912999153]],