{"premise_tokens": ["Endless", "Forms", "Most", "Beautiful", "(", "album", ")", ",", "album", "by", "Finnish", "symphonic", "metal", "band", "Nightwish", "@@NULL@@"], "hypothesis_tokens": ["Endless", "is", "an", "album", ".", "@@NULL@@"], "label_logits": [1.823596477508545, -2.0337393283843994, -0.9738345146179199], "label_probs": [0.9241369366645813, 0.01952165551483631, 0.05634137988090515], "h2p_attention": [[0.9769745469093323, 0.0015855373349040747, 0.0006048412178643048, 0.00346542801707983, 0.0003488658112473786, 0.000952933682128787, 0.0005124277085997164, 0.00039022424607537687, 0.000952933682128787, 0.00421600416302681, 0.000500743102747947, 0.0005234873970039189, 0.003296812530606985, 0.004873423837125301, 0.0005234873970039189, 0.0002781962975859642], [0.07421514391899109, 0.03439585119485855, 0.34859761595726013, 0.05183793976902962, 0.016269339248538017, 0.036008045077323914, 0.015263579785823822, 0.030285103246569633, 0.036008045077323914, 0.2150770127773285, 0.02165057510137558, 0.01941225863993168, 0.019035160541534424, 0.05174633488059044, 0.01941225863993168, 0.01078578270971775], [0.1849568486213684, 0.06794184446334839, 0.13110744953155518, 0.10550462454557419, 0.017904095351696014, 0.02892124094069004, 0.020120225846767426, 0.03861222788691521, 0.02892124094069004, 0.14506374299526215, 0.023468632251024246, 0.022084267809987068, 0.0476970337331295, 0.10101515054702759, 0.022084267809987068, 0.014597015455365181], [0.00043460004962980747, 0.0007092892192304134, 0.0007191717741079628, 0.000679769495036453, 0.0003074464912060648, 0.4958621561527252, 0.00032083134283311665, 0.0001548299624118954, 0.4958621561527252, 0.0004895764286629856, 0.0004901526845060289, 0.0002045877045020461, 0.0014988197945058346, 0.0019352129893377423, 0.0002045877045020461, 0.00012687570415437222], [0.08528842777013779, 0.051923226565122604, 0.11441364884376526, 0.07952501624822617, 0.044889967888593674, 0.0601285882294178, 0.0446939542889595, 0.044162217527627945, 0.0601285882294178, 0.0720723420381546, 0.05406191572546959, 0.04214175045490265, 0.06323201954364777, 0.10808641463518143, 0.04214175045490265, 0.03311028704047203], [0.0625, 0.0625, 0.0625, 0.0625, 0.0625, 0.0625, 0.0625, 0.0625, 0.0625, 0.0625, 0.0625, 0.0625, 0.0625, 0.0625, 0.0625, 0.0625]], "p2h_attention": [[0.992495596408844, 0.0019446328515186906, 0.003580990247428417, 0.000968072796240449, 0.0007279872661456466, 0.0002826159761752933], [0.2626250684261322, 0.14694854617118835, 0.2144787609577179, 0.2576059401035309, 0.07226195931434631, 0.0460798442363739], [0.04056263342499733, 0.602988064289093, 0.16757118701934814, 0.1057523861527443, 0.06446899473667145, 0.01865674927830696], [0.37463632225990295, 0.1445440798997879, 0.21737605333328247, 0.16113407909870148, 0.07223456352949142, 0.03007490187883377], [0.14302362501621246, 0.17203585803508759, 0.13989078998565674, 0.276370644569397, 0.15462762117385864, 0.11405143141746521], [0.000873868353664875, 0.0008516919333487749, 0.0005054608336649835, 0.9970505833625793, 0.00046328987809829414, 0.00025511422427371144], [0.19360452890396118, 0.14874380826950073, 0.14487820863723755, 0.26578623056411743, 0.1418796181678772, 0.1051076203584671], [0.13474616408348083, 0.26973098516464233, 0.2541056275367737, 0.11722761392593384, 0.12812721729278564, 0.09606240689754486], [0.000873868353664875, 0.0008516919333487749, 0.0005054608336649835, 0.9970505833625793, 0.00046328987809829414, 0.00025511422427371144], [0.29105234146118164, 0.3829691410064697, 0.1908605843782425, 0.07410772144794464, 0.04180489480495453, 0.01920531503856182], [0.15111656486988068, 0.16852568089962006, 0.13498085737228394, 0.3243405818939209, 0.13708087801933289, 0.08395536243915558], [0.20724406838417053, 0.19822193682193756, 0.16662733256816864, 0.17759406566619873, 0.14017707109451294, 0.1101355031132698], [0.37494856119155884, 0.05583848059177399, 0.10338462889194489, 0.37376585602760315, 0.06042306870222092, 0.03163943067193031], [0.3593193590641022, 0.09840694069862366, 0.14194506406784058, 0.31285855174064636, 0.06695854663848877, 0.02051151730120182], [0.20724406838417053, 0.19822193682193756, 0.16662733256816864, 0.17759406566619873, 0.14017707109451294, 0.1101355031132698], [0.1666666716337204, 0.1666666716337204, 0.1666666716337204, 0.1666666716337204, 0.1666666716337204, 0.1666666716337204]], "claim": "Endless is an album.", "premise_source_doc_id": "Endless_Forms_Most_Beautiful", "premise_source_doc_line_num": 5, "premise_source_doc_sentence": "Endless Forms Most Beautiful  (  album  )  , album by Finnish symphonic metal band Nightwish"}
{"premise_tokens": ["Endless", "Nights", "(", "album", ")", ",", "a", "2007", "album", "by", "Marcos", "Hernandez", "@@NULL@@"], "hypothesis_tokens": ["Endless", "is", "an", "album", ".", "@@NULL@@"], "label_logits": [2.1812241077423096, -2.719801425933838, -1.0988619327545166], "label_probs": [0.956879198551178, 0.007118174806237221, 0.03600259870290756], "h2p_attention": [[0.9867497682571411, 0.0026014146860688925, 0.0003523564082570374, 0.0009624683298170567, 0.0005175548139959574, 0.0003941286704503, 0.0011546685127541423, 0.0007084067328833044, 0.0009624683298170567, 0.0042581879533827305, 0.0005287251551635563, 0.0005287251551635563, 0.00028097981703467667], [0.1103256493806839, 0.12680616974830627, 0.024185433983802795, 0.0535283125936985, 0.0226903073489666, 0.045020781457424164, 0.08895505964756012, 0.08148502558469772, 0.0535283125936985, 0.31972602009773254, 0.028857586905360222, 0.028857586905360222, 0.016033770516514778], [0.2455301433801651, 0.15358969569206238, 0.023767679929733276, 0.038392938673496246, 0.02670959383249283, 0.051257722079753876, 0.10530754923820496, 0.04646850749850273, 0.038392938673496246, 0.19257207214832306, 0.02931685745716095, 0.02931685745716095, 0.019377533346414566], [0.0004363086191006005, 0.0003359610855113715, 0.00030865517328493297, 0.49781155586242676, 0.0003220926155336201, 0.00015543863992206752, 0.0004809883248526603, 0.001307769794948399, 0.49781155586242676, 0.0004915010649710894, 0.00020539200340863317, 0.00020539200340863317, 0.00012737448560073972], [0.10908520221710205, 0.11282234638929367, 0.0574149563908577, 0.07690537720918655, 0.05716425180435181, 0.056484155356884, 0.08364397287368774, 0.12724429368972778, 0.07690537720918655, 0.09218163043260574, 0.053899943828582764, 0.053899943828582764, 0.04234856367111206], [0.07692307978868484, 0.07692307978868484, 0.07692307978868484, 0.07692307978868484, 0.07692307978868484, 0.07692307978868484, 0.07692307978868484, 0.07692307978868484, 0.07692307978868484, 0.07692307978868484, 0.07692307978868484, 0.07692307978868484, 0.07692307978868484]],