{"premise_tokens": ["It", "stars", "Adam", "Sandler", "and", "David", "Spade", ".", "@@NULL@@"], "hypothesis_tokens": ["The", "Morning", "After", "stars", "Adam", "Sandler", ".", "@@NULL@@"], "label_logits": [1.342423439025879, -2.0031490325927734, -1.0906448364257812], "label_probs": [0.8904662728309631, 0.0313800647854805, 0.07815366238355637], "h2p_attention": [[0.33745279908180237, 0.08381930738687515, 0.10189402103424072, 0.14917531609535217, 0.09657259285449982, 0.05414345860481262, 0.06627815961837769, 0.07433947175741196, 0.03632480651140213], [0.2532188892364502, 0.07628460973501205, 0.06544280052185059, 0.10515018552541733, 0.08806882053613663, 0.06650348752737045, 0.19657015800476074, 0.10438605397939682, 0.04437492415308952], [0.35345858335494995, 0.10720247775316238, 0.14811043441295624, 0.08242346346378326, 0.07155924290418625, 0.07427641749382019, 0.09626781940460205, 0.04820382967591286, 0.018497737124562263], [5.488233227879391e-07, 0.9999951720237732, 9.68170638770971e-07, 4.823228891837061e-07, 2.1442808417759807e-07, 1.365515117868199e-06, 1.0356943676015362e-06, 1.5709018441611988e-07, 7.846419691759365e-08], [0.010979883372783661, 0.020747143775224686, 0.9199637174606323, 0.028909070417284966, 0.004626152105629444, 0.004114363342523575, 0.004871076438575983, 0.004107165616005659, 0.0016814263071864843], [0.008751975372433662, 0.003725375747308135, 0.010419820435345173, 0.9710465669631958, 0.0011724081123247743, 0.0012198820477351546, 0.0017339681508019567, 0.0013239857507869601, 0.0006060437299311161], [0.2229422777891159, 0.0953497365117073, 0.11633384227752686, 0.10404500365257263, 0.09240631759166718, 0.08481669425964355, 0.09043773263692856, 0.14604265987873077, 0.047625746577978134], [0.1111111119389534, 0.1111111119389534, 0.1111111119389534, 0.1111111119389534, 0.1111111119389534, 0.1111111119389534, 0.1111111119389534, 0.1111111119389534, 0.1111111119389534]], "p2h_attention": [[0.13711705803871155, 0.08422484993934631, 0.28203412890434265, 0.1032387912273407, 0.09638329595327377, 0.213149294257164, 0.06909274309873581, 0.014759843237698078], [1.810561798265553e-07, 1.34887557123875e-07, 4.5473524323824677e-07, 0.9999975562095642, 9.681729125077254e-07, 4.823240260520834e-07, 1.5709055389834248e-07, 7.846438165870495e-08], [0.004735157359391451, 0.0024895064998418093, 0.013516237027943134, 0.02082904614508152, 0.9235954284667969, 0.029023194685578346, 0.004123379476368427, 0.0016880640760064125], [0.0025045042857527733, 0.0014451087918132544, 0.0027174421120435, 0.0037488166708499193, 0.010485383681952953, 0.9771565794944763, 0.0013323170132935047, 0.0006098570302128792], [0.14088425040245056, 0.1051710844039917, 0.20500239729881287, 0.14481785893440247, 0.14579880237579346, 0.1025148257613182, 0.10281860083341599, 0.05299217998981476], [0.04709676653146744, 0.0473538413643837, 0.1268763691186905, 0.5498870611190796, 0.07731666415929794, 0.06360074132680893, 0.056271426379680634, 0.031597185879945755], [0.05476761236786842, 0.13296477496623993, 0.1562136858701706, 0.39620184898376465, 0.08695685118436813, 0.085880346596241, 0.056998636573553085, 0.03001626394689083], [0.11561840772628784, 0.13289716839790344, 0.1472223401069641, 0.11310676485300064, 0.13799874484539032, 0.12342134118080139, 0.17324022948741913, 0.05649510771036148], [0.125, 0.125, 0.125, 0.125, 0.125, 0.125, 0.125, 0.125]], "claim": "The Morning After stars Adam Sandler.", "premise_source_doc_id": "The_Do-Over", "premise_source_doc_line_num": 1, "premise_source_doc_sentence": "It stars Adam Sandler and David Spade ."}
{"premise_tokens": ["It", "stars", "Adam", "Sandler", ",", "Bradley", "Whitford", ",", "Bridgette", "Wilson", ",", "Norm", "Macdonald", ",", "and", "Darren", "McGavin", ".", "@@NULL@@"], "hypothesis_tokens": ["The", "Morning", "After", "stars", "Adam", "Sandler", ".", "@@NULL@@"], "label_logits": [1.9592865705490112, -0.8605675101280212, -2.6470675468444824], "label_probs": [0.9349265098571777, 0.05573531240224838, 0.009338201954960823], "h2p_attention": [[0.20617611706256866, 0.05121172219514847, 0.062254972755908966, 0.09114278107881546, 0.04649246484041214, 0.031965263187885284, 0.031965263187885284, 0.04649246484041214, 0.031965263187885284, 0.05287061259150505, 0.04649246484041214, 0.031965263187885284, 0.031965263187885284, 0.04649246484041214, 0.05900369957089424, 0.031965263187885284, 0.031965263187885284, 0.04541974887251854, 0.02219364419579506], [0.14836324751377106, 0.04469584301114082, 0.038343530148267746, 0.0616084448993206, 0.03348386660218239, 0.05109580233693123, 0.05109580233693123, 0.03348386660218239, 0.05109580233693123, 0.07662222534418106, 0.03348386660218239, 0.05109580233693123, 0.05109580233693123, 0.03348386660218239, 0.051600318402051926, 0.05109580233693123, 0.05109580233693123, 0.06116073206067085, 0.02599966898560524], [0.24643579125404358, 0.07474292814731598, 0.1032644659280777, 0.05746668204665184, 0.054492492228746414, 0.02178162708878517, 0.02178162708878517, 0.054492492228746414, 0.02178162708878517, 0.05125164985656738, 0.054492492228746414, 0.02178162708878517, 0.02178162708878517, 0.054492492228746414, 0.049892012029886246, 0.02178162708878517, 0.02178162708878517, 0.03360830992460251, 0.012896857224404812], [5.488205943038338e-07, 0.9999901056289673, 9.68165750236949e-07, 4.823204449166951e-07, 8.479279927087191e-07, 1.0560471963572127e-07, 1.0560471963572127e-07, 8.479279927087191e-07, 1.0560471963572127e-07, 3.207905820090673e-06, 8.479279927087191e-07, 1.0560471963572127e-07, 1.0560471963572127e-07, 8.479279927087191e-07, 2.144270041526397e-07, 1.0560471963572127e-07, 1.0560471963572127e-07, 1.570895449276577e-07, 7.846379901366163e-08], [0.010661103762686253, 0.020144790410995483, 0.8932543396949768, 0.0280697513371706, 0.004661739803850651, 0.0020360408816486597, 0.0020360408816486597, 0.004661739803850651, 0.0020360408816486597, 0.004858457483351231, 0.004661739803850651, 0.0020360408816486597, 0.0020360408816486597, 0.004661739803850651, 0.004491840954869986, 0.0020360408816486597, 0.0020360408816486597, 0.003987922333180904, 0.0016326092882081866], [0.008636347949504852, 0.0036761576775461435, 0.010282156988978386, 0.9582175016403198, 0.0009178631007671356, 0.0013917324831709266, 0.0013917324831709266, 0.0009178631007671356, 0.0013917324831709266, 0.002713114023208618, 0.0009178631007671356, 0.0013917324831709266, 0.0013917324831709266, 0.0009178631007671356, 0.001156918820925057, 0.0013917324831709266, 0.0013917324831709266, 0.001306493766605854, 0.0005980369169265032], [0.14035353064537048, 0.06002752110362053, 0.0732380822300911, 0.0655016377568245, 0.0399908572435379, 0.038161229342222214, 0.038161229342222214, 0.0399908572435379, 0.038161229342222214, 0.05368868634104729, 0.0399908572435379, 0.038161229342222214, 0.038161229342222214, 0.0399908572435379, 0.0581744909286499, 0.038161229342222214, 0.038161229342222214, 0.09194126725196838, 0.029982835054397583], [0.05263159051537514, 0.05263159051537514, 0.05263159051537514, 0.05263159051537514, 0.05263159051537514, 0.05263159051537514, 0.05263159051537514, 0.05263159051537514, 0.05263159051537514, 0.05263159051537514, 0.05263159051537514, 0.05263159051537514, 0.05263159051537514, 0.05263159051537514, 0.05263159051537514, 0.05263159051537514, 0.05263159051537514, 0.05263159051537514, 0.05263159051537514]],