{"premise_tokens": ["Ritesh", "Sidhwani", "(", "born", "1973", ")", "is", "a", "Bollywood", "film", "producer", ",", "who", "founded", "a", "film", "production", "house", "under", "the", "banner", "of", "Excel", "Entertainment", "Pvt", ".", "Ltd.", ".", "@@NULL@@"], "hypothesis_tokens": ["Ritesh", "Sidhwani", "is", "a", "Bollywood", "film", "producer", ".", "@@NULL@@"], "label_logits": [3.5759756565093994, -0.31294187903404236, -5.09521484375], "label_probs": [0.9797784090042114, 0.02005360648036003, 0.0001679878041613847], "h2p_attention": [[0.04806043207645416, 0.04806043207645416, 0.022356513887643814, 0.033571530133485794, 0.04806043207645416, 0.023203440010547638, 0.03742983192205429, 0.02845649980008602, 0.03527798131108284, 0.0397045761346817, 0.04118969663977623, 0.023109614849090576, 0.02638460509479046, 0.04234089329838753, 0.02845649980008602, 0.0397045761346817, 0.0405413918197155, 0.04072882980108261, 0.03781124949455261, 0.02995319478213787, 0.03314896300435066, 0.025229113176465034, 0.02636338397860527, 0.03100011497735977, 0.04806043207645416, 0.026469344273209572, 0.04806043207645416, 0.026469344273209572, 0.020796656608581543], [0.04806043207645416, 0.04806043207645416, 0.022356513887643814, 0.033571530133485794, 0.04806043207645416, 0.023203440010547638, 0.03742983192205429, 0.02845649980008602, 0.03527798131108284, 0.0397045761346817, 0.04118969663977623, 0.023109614849090576, 0.02638460509479046, 0.04234089329838753, 0.02845649980008602, 0.0397045761346817, 0.0405413918197155, 0.04072882980108261, 0.03781124949455261, 0.02995319478213787, 0.03314896300435066, 0.025229113176465034, 0.02636338397860527, 0.03100011497735977, 0.04806043207645416, 0.026469344273209572, 0.04806043207645416, 0.026469344273209572, 0.020796656608581543], [0.007375686429440975, 0.007375686429440975, 0.006181531585752964, 0.05779499560594559, 0.007375686429440975, 0.005799395963549614, 0.5053899884223938, 0.022735944017767906, 0.020541859790682793, 0.01580304093658924, 0.023044107481837273, 0.011506820097565651, 0.046023979783058167, 0.008776604197919369, 0.022735944017767906, 0.01580304093658924, 0.021480822935700417, 0.026782024651765823, 0.04280856251716614, 0.02371707744896412, 0.009619662538170815, 0.014324099756777287, 0.011615020222961903, 0.013395038433372974, 0.007375686429440975, 0.016572054475545883, 0.007375686429440975, 0.016572054475545883, 0.004098056815564632], [0.0134927649050951, 0.0134927649050951, 0.010524900630116463, 0.05040901526808739, 0.0134927649050951, 0.011619932018220425, 0.05470764636993408, 0.13440178334712982, 0.03391478955745697, 0.04586015269160271, 0.03921113908290863, 0.02697865664958954, 0.03308575600385666, 0.03180151432752609, 0.13440178334712982, 0.04586015269160271, 0.023937443271279335, 0.04067901521921158, 0.02555386908352375, 0.030249372124671936, 0.028353435918688774, 0.026644431054592133, 0.01774868741631508, 0.03777896612882614, 0.0134927649050951, 0.01947641558945179, 0.0134927649050951, 0.01947641558945179, 0.009860820136964321], [0.0013412662083283067, 0.0013412662083283067, 0.0020769748371094465, 0.010628458112478256, 0.0013412662083283067, 0.0021926453337073326, 0.0039633880369365215, 0.0027194491121917963, 0.8999414443969727, 0.004047894850373268, 0.005374028813093901, 0.002714949194341898, 0.002885341877117753, 0.0038941975217312574, 0.0027194491121917963, 0.004047894850373268, 0.005838812794536352, 0.016915781423449516, 0.0063718585297465324, 0.0026114864740520716, 0.0037627501878887415, 0.0020934215281158686, 0.001667764037847519, 0.003412186400964856, 0.0013412662083283067, 0.0013114283792674541, 0.0013412662083283067, 0.0013114283792674541, 0.0007906873361207545], [0.00048144799075089395, 0.00048144799075089395, 0.00033897964749485254, 0.0010484764352440834, 0.00048144799075089395, 0.00041391688864678144, 0.0009724450064823031, 0.001172802527435124, 0.001291002263315022, 0.4862888753414154, 0.0017038846854120493, 0.0003199839557055384, 0.000529314624145627, 0.0017667292850092053, 0.001172802527435124, 0.4862888753414154, 0.0013786713825538754, 0.007454484235495329, 0.0008873448241502047, 0.0005998160340823233, 0.0007139072404243052, 0.0004749050713144243, 0.00035792632843367755, 0.0010757986456155777, 0.00048144799075089395, 0.0005448488518595695, 0.00048144799075089395, 0.0005448488518595695, 0.00025217520305886865], [0.000634761294350028, 0.000634761294350028, 0.0006817119428887963, 0.0009399558184668422, 0.000634761294350028, 0.0007075529429130256, 0.001802175655029714, 0.0012744178529828787, 0.0021782631520181894, 0.002165475394576788, 0.800356924533844, 0.0007763315225020051, 0.0007925750687718391, 0.0018973962869495153, 0.0012744178529828787, 0.002165475394576788, 0.16830573976039886, 0.002393624046817422, 0.0013397308066487312, 0.0008854412590153515, 0.0011612059315666556, 0.0005869599990546703, 0.0004599186941049993, 0.002917974255979061, 0.000634761294350028, 0.0007212037453427911, 0.000634761294350028, 0.0007212037453427911, 0.0003204906824976206], [0.023547528311610222, 0.023547528311610222, 0.02508314698934555, 0.03850086033344269, 0.023547528311610222, 0.024973617866635323, 0.07481595873832703, 0.036541957408189774, 0.030685655772686005, 0.039973244071006775, 0.041633035987615585, 0.024676509201526642, 0.036951400339603424, 0.031325969845056534, 0.036541957408189774, 0.039973244071006775, 0.03339309245347977, 0.044173046946525574, 0.03394153714179993, 0.03786272183060646, 0.023728743195533752, 0.028452768921852112, 0.02818172425031662, 0.038885731250047684, 0.023547528311610222, 0.05673271417617798, 0.023547528311610222, 0.05673271417617798, 0.01850101910531521], [0.03448275476694107, 0.03448275476694107, 0.03448275476694107, 0.03448275476694107, 0.03448275476694107, 0.03448275476694107, 0.03448275476694107, 0.03448275476694107, 0.03448275476694107, 0.03448275476694107, 0.03448275476694107, 0.03448275476694107, 0.03448275476694107, 0.03448275476694107, 0.03448275476694107, 0.03448275476694107, 0.03448275476694107, 0.03448275476694107, 0.03448275476694107, 0.03448275476694107, 0.03448275476694107, 0.03448275476694107, 0.03448275476694107, 0.03448275476694107, 0.03448275476694107, 0.03448275476694107, 0.03448275476694107, 0.03448275476694107, 0.03448275476694107]],