{"premise_tokens": ["The", "actress", "was", "crowned", "Australia", "'s", "Sexiest", "Vegetarian", "2013", "by", "PETA", "Australia", ".", "@@NULL@@"], "hypothesis_tokens": ["Australia", "'s", "Sexiest", "Vegetarian", "was", "a", "title", "bestowed", "upon", "Isabelle", "Cornish", ".", "@@NULL@@"], "label_logits": [0.3417458236217499, -1.3642430305480957, -1.0633864402770996], "label_probs": [0.7008065581321716, 0.12726137042045593, 0.17193208634853363], "h2p_attention": [[3.6352257666294463e-06, 1.0242282769468147e-05, 3.102747086813906e-06, 5.024478014092892e-06, 0.4999554455280304, 6.256231245060917e-06, 3.991772246081382e-06, 2.7560701710171998e-05, 9.654512723500375e-06, 5.411544407252222e-06, 9.4608722065459e-06, 0.4999554455280304, 2.8213999030413106e-06, 1.9718065686902264e-06], [0.04246893525123596, 0.041109535843133926, 0.03687857463955879, 0.012837220914661884, 0.033769819885492325, 0.6047419309616089, 0.016831276938319206, 0.04222622141242027, 0.02285642921924591, 0.043880343437194824, 0.036902524530887604, 0.033769819885492325, 0.021083977073431015, 0.010643395595252514], [0.06325194984674454, 0.06395138800144196, 0.06303834170103073, 0.0537947453558445, 0.08890493959188461, 0.06944821029901505, 0.1014888733625412, 0.07676388323307037, 0.0847758874297142, 0.059664446860551834, 0.08620119839906693, 0.08890493959188461, 0.0558951236307621, 0.04391615092754364], [0.0019447203958407044, 0.007163385394960642, 0.0033460636623203754, 0.0035587986931204796, 0.015260770916938782, 0.004331639967858791, 0.0019084597006440163, 0.923468291759491, 0.004070753697305918, 0.004871508572250605, 0.011586968787014484, 0.015260770916938782, 0.002136030700057745, 0.0010918182088062167], [0.05614742264151573, 0.07729467749595642, 0.21709954738616943, 0.04554174095392227, 0.037659600377082825, 0.08292539417743683, 0.03435375168919563, 0.07334620505571365, 0.08931533992290497, 0.0878349095582962, 0.08200451731681824, 0.037659600377082825, 0.05488457530736923, 0.0239328071475029], [0.07335102558135986, 0.09285448491573334, 0.06323278695344925, 0.04695737361907959, 0.07528825104236603, 0.10018724948167801, 0.03271830454468727, 0.07721076160669327, 0.0766247883439064, 0.08838120102882385, 0.12676626443862915, 0.07528825104236603, 0.04722793400287628, 0.023911280557513237], [0.07125838100910187, 0.10671809315681458, 0.0538458414375782, 0.15239852666854858, 0.07302627712488174, 0.06619971990585327, 0.03125721216201782, 0.060012336820364, 0.05974527820944786, 0.08062829822301865, 0.09964810311794281, 0.07302627712488174, 0.050172362476587296, 0.022063342854380608], [0.06325194984674454, 0.06395138800144196, 0.06303834170103073, 0.0537947453558445, 0.08890493959188461, 0.06944821029901505, 0.1014888733625412, 0.07676388323307037, 0.0847758874297142, 0.059664446860551834, 0.08620119839906693, 0.08890493959188461, 0.0558951236307621, 0.04391615092754364], [0.056660909205675125, 0.08933604508638382, 0.05976366251707077, 0.043778929859399796, 0.058965571224689484, 0.08552149683237076, 0.02745123580098152, 0.05855320766568184, 0.08110377937555313, 0.18917417526245117, 0.11324586719274521, 0.058965571224689484, 0.0618060901761055, 0.015673460438847542], [0.06325194984674454, 0.06395138800144196, 0.06303834170103073, 0.0537947453558445, 0.08890493959188461, 0.06944821029901505, 0.1014888733625412, 0.07676388323307037, 0.0847758874297142, 0.059664446860551834, 0.08620119839906693, 0.08890493959188461, 0.0558951236307621, 0.04391615092754364], [0.06325194984674454, 0.06395138800144196, 0.06303834170103073, 0.0537947453558445, 0.08890493959188461, 0.06944821029901505, 0.1014888733625412, 0.07676388323307037, 0.0847758874297142, 0.059664446860551834, 0.08620119839906693, 0.08890493959188461, 0.0558951236307621, 0.04391615092754364], [0.07542552053928375, 0.07592806220054626, 0.0845199003815651, 0.047995537519454956, 0.05273545905947685, 0.07300868630409241, 0.04690853878855705, 0.07210401445627213, 0.1094435378909111, 0.0802246704697609, 0.07909910380840302, 0.05273545905947685, 0.1130160391330719, 0.03685549646615982], [0.0714285671710968, 0.0714285671710968, 0.0714285671710968, 0.0714285671710968, 0.0714285671710968, 0.0714285671710968, 0.0714285671710968, 0.0714285671710968, 0.0714285671710968, 0.0714285671710968, 0.0714285671710968, 0.0714285671710968, 0.0714285671710968, 0.0714285671710968]],