{"premise_tokens": ["Natalie", "Portman", "--", "American", "/", "Israeli", "Actress", "@@NULL@@"], "hypothesis_tokens": ["Brothers", "(", "2009", "film", ")", "stars", "Natalie", "Portman", "and", "Joe", "Rogan", ".", "@@NULL@@"], "label_logits": [-7.401492118835449, -4.481296062469482, 5.133289337158203], "label_probs": [3.5990099149785237e-06, 6.674332689726725e-05, 0.999929666519165], "h2p_attention": [[0.0396212674677372, 0.0396212674677372, 0.07769154757261276, 0.4431726634502411, 0.07126960158348083, 0.24195899069309235, 0.061246514320373535, 0.025418143719434738], [0.1060369536280632, 0.1060369536280632, 0.11372724920511246, 0.12082109600305557, 0.1282242387533188, 0.16462883353233337, 0.16188611090183258, 0.09863855689764023], [0.06027860566973686, 0.06027860566973686, 0.059768881648778915, 0.1050572469830513, 0.13928502798080444, 0.23281149566173553, 0.3036983907222748, 0.03882183879613876], [0.035239797085523605, 0.035239797085523605, 0.02616088278591633, 0.04966248571872711, 0.06742439419031143, 0.5287088751792908, 0.2391057163476944, 0.01845807209610939], [0.09832794964313507, 0.09832794964313507, 0.11945649236440659, 0.10442370176315308, 0.12402348965406418, 0.19457606971263885, 0.17273545265197754, 0.08812885731458664], [0.003923868760466576, 0.003923868760466576, 0.004925782326608896, 0.17195309698581696, 0.004430203232914209, 0.026967614889144897, 0.7809601426124573, 0.002915416844189167], [0.16591793298721313, 0.16591793298721313, 0.09202958643436432, 0.1500478833913803, 0.0915413647890091, 0.15819934010505676, 0.10455019772052765, 0.07179582118988037], [0.16591793298721313, 0.16591793298721313, 0.09202958643436432, 0.1500478833913803, 0.0915413647890091, 0.15819934010505676, 0.10455019772052765, 0.07179582118988037], [0.0974922850728035, 0.0974922850728035, 0.13369368016719818, 0.16904950141906738, 0.12814952433109283, 0.16403594613075256, 0.13322250545024872, 0.07686427235603333], [0.08504217118024826, 0.08504217118024826, 0.08142814040184021, 0.3962516486644745, 0.08429311215877533, 0.10404406487941742, 0.10333579778671265, 0.06056289002299309], [0.16591793298721313, 0.16591793298721313, 0.09202958643436432, 0.1500478833913803, 0.0915413647890091, 0.15819934010505676, 0.10455019772052765, 0.07179582118988037], [0.09235962480306625, 0.09235962480306625, 0.07607918232679367, 0.10253980755805969, 0.14523324370384216, 0.2693655490875244, 0.14949701726436615, 0.07256588339805603], [0.125, 0.125, 0.125, 0.125, 0.125, 0.125, 0.125, 0.125]], "p2h_attention": [[0.07627784460783005, 0.05260469391942024, 0.07598031312227249, 0.09342454373836517, 0.05459750443696976, 0.06586092710494995, 0.1130858063697815, 0.1130858063697815, 0.06206684187054634, 0.06871344894170761, 0.1130858063697815, 0.062282152473926544, 0.04893436282873154], [0.07627784460783005, 0.05260469391942024, 0.07598031312227249, 0.09342454373836517, 0.05459750443696976, 0.06586092710494995, 0.1130858063697815, 0.1130858063697815, 0.06206684187054634, 0.06871344894170761, 0.1130858063697815, 0.062282152473926544, 0.04893436282873154], [0.15928444266319275, 0.06008433178067207, 0.08023104816675186, 0.07386002689599991, 0.07063744962215424, 0.08804768323898315, 0.06679926812648773, 0.06679926812648773, 0.09064207226037979, 0.0700666531920433, 0.06679926812648773, 0.054635729640722275, 0.052112676203250885], [0.1715271919965744, 0.012050355784595013, 0.026622800156474113, 0.026469511911273003, 0.011656944639980793, 0.5802474021911621, 0.02056054212152958, 0.02056054212152958, 0.021636808291077614, 0.06436774879693985, 0.02056054212152958, 0.013901570811867714, 0.009837931953370571], [0.11606999486684799, 0.05381247028708458, 0.14852097630500793, 0.1512133777141571, 0.058256618678569794, 0.06290462613105774, 0.052781011909246445, 0.052781011909246445, 0.06901635229587555, 0.05761625990271568, 0.052781011909246445, 0.08285009860992432, 0.041396111249923706], [0.13136893510818481, 0.023033184930682182, 0.08276049047708511, 0.3952983319759369, 0.03046954981982708, 0.12765465676784515, 0.030408862978219986, 0.030408862978219986, 0.029451625421643257, 0.02370857633650303, 0.030408862978219986, 0.0512276329100132, 0.01380049716681242], [0.007886527106165886, 0.005371693056076765, 0.025604400783777237, 0.04239863529801369, 0.006415220443159342, 0.8767513632774353, 0.004766218829900026, 0.004766218829900026, 0.005672851577401161, 0.005584603641182184, 0.004766218829900026, 0.00674292491748929, 0.0032730167731642723], [0.07692307978868484, 0.07692307978868484, 0.07692307978868484, 0.07692307978868484, 0.07692307978868484, 0.07692307978868484, 0.07692307978868484, 0.07692307978868484, 0.07692307978868484, 0.07692307978868484, 0.07692307978868484, 0.07692307978868484, 0.07692307978868484]], "claim": "Brothers (2009 film) stars Natalie Portman and Joe Rogan.", "premise_source_doc_id": "Portman", "premise_source_doc_line_num": 14, "premise_source_doc_sentence": "Natalie Portman -- American/Israeli Actress"}
