{"premise_tokens": ["The", "National", "Academy", "of", "Sciences", "(", "NAS", ")", "is", "a", "United", "States", "nonprofit", ",", "non", "-", "governmental", "organization", ".", "@@NULL@@"], "hypothesis_tokens": ["The", "National", "Academy", "of", "Sciences", "is", "only", "a", "Russian", "organization", ".", "@@NULL@@"], "label_logits": [-3.1209428310394287, 4.6182403564453125, -2.169980049133301], "label_probs": [0.00043474772246554494, 0.9984400272369385, 0.0011252143885940313], "h2p_attention": [[0.12013725191354752, 0.03784754499793053, 0.04108835756778717, 0.052073873579502106, 0.045484814792871475, 0.02715963125228882, 0.03254801034927368, 0.027432052418589592, 0.1307850182056427, 0.06932312995195389, 0.037438154220581055, 0.03329199552536011, 0.03376666083931923, 0.04734005406498909, 0.06958228349685669, 0.02721022628247738, 0.04029352590441704, 0.058351434767246246, 0.046247776597738266, 0.022598247975111008], [0.0018326729768887162, 0.9528924822807312, 0.003528768429532647, 0.001931892242282629, 0.002602264517918229, 0.0014323400100693107, 0.001566290738992393, 0.0017995472298935056, 0.0027791140601038933, 0.005137633997946978, 0.0029767241794615984, 0.0051515852101147175, 0.0024898324627429247, 0.0011885074200108647, 0.002814756240695715, 0.0014805016107857227, 0.0031750344205647707, 0.0022702766582369804, 0.0018554833950474858, 0.001094263861887157], [0.0002839638909790665, 0.0005036398069933057, 0.9843074083328247, 0.0002667413209564984, 0.0072585782036185265, 0.0002151204680558294, 0.0002081450802506879, 0.0002639164449647069, 0.00044154355418868363, 0.0002545833995100111, 0.0007880693883635104, 0.0012084427289664745, 0.0017758832545951009, 0.00020721064356621355, 0.0003903329197783023, 0.00022757399710826576, 0.0002150652726413682, 0.0006471126107499003, 0.0003805441374424845, 0.0001561776880407706], [0.05123450979590416, 0.03925349935889244, 0.037974223494529724, 0.22065623104572296, 0.0408477783203125, 0.02445904351770878, 0.02697279304265976, 0.026303380727767944, 0.07771535217761993, 0.060077372938394547, 0.03381659835577011, 0.03253341466188431, 0.04966018348932266, 0.04570869356393814, 0.04564160853624344, 0.029300210997462273, 0.04751972854137421, 0.053897637873888016, 0.03419371694326401, 0.02223399467766285], [0.0014499425888061523, 0.0017131224740296602, 0.03348047658801079, 0.0013234575744718313, 0.9278973340988159, 0.0012219968484714627, 0.0009686400298960507, 0.0010616335785016418, 0.003300305688753724, 0.00199317024089396, 0.002635130425915122, 0.003990353085100651, 0.0040853009559214115, 0.0010082412045449018, 0.002896894235163927, 0.002006794326007366, 0.0027371468022465706, 0.003851624671369791, 0.001658083638176322, 0.000720375741366297], [0.03081379272043705, 0.013522167690098286, 0.015052773989737034, 0.018610212951898575, 0.024392539635300636, 0.008031194098293781, 0.009582668542861938, 0.007534713950008154, 0.6566147208213806, 0.0295390821993351, 0.01190196257084608, 0.010321968235075474, 0.011316157877445221, 0.014949935488402843, 0.04425719007849693, 0.008146276697516441, 0.01735606975853443, 0.041201379150152206, 0.021530814468860626, 0.00532429339364171], [0.08198042958974838, 0.010830437764525414, 0.020738018676638603, 0.039271775633096695, 0.026686090975999832, 0.007836746983230114, 0.01174802053719759, 0.0075125242583453655, 0.3837466835975647, 0.09625768661499023, 0.022155534476041794, 0.02536354959011078, 0.017421722412109375, 0.09177866578102112, 0.06503414362668991, 0.016356728971004486, 0.01746406964957714, 0.020535528659820557, 0.030279211699962616, 0.007002496160566807], [0.050400685518980026, 0.07713901251554489, 0.02678207866847515, 0.04439422860741615, 0.045458849519491196, 0.017536303028464317, 0.02248127944767475, 0.019360816106200218, 0.09115239977836609, 0.22393660247325897, 0.04450376704335213, 0.04921147599816322, 0.038890089839696884, 0.04495110735297203, 0.05894659087061882, 0.02629924938082695, 0.034747689962387085, 0.03492692857980728, 0.032451082020998, 0.016429830342531204], [0.012751958332955837, 0.02878502756357193, 0.01718508079648018, 0.013754608109593391, 0.01656329073011875, 0.0065904357470571995, 0.012269202619791031, 0.0071785966865718365, 0.016772570088505745, 0.01978153921663761, 0.09745723754167557, 0.6333694458007812, 0.016348179429769516, 0.011267919093370438, 0.031502965837717056, 0.0134561313316226, 0.015575592406094074, 0.015891851857304573, 0.007752540521323681, 0.0057458956725895405], [0.003477673279121518, 0.002794272033497691, 0.00558049650862813, 0.003264856990426779, 0.007201067171990871, 0.002823326038196683, 0.002545206109061837, 0.0026044808328151703, 0.010422255843877792, 0.002863118192180991, 0.00286765000782907, 0.002628294751048088, 0.011705196462571621, 0.002655939431861043, 0.04772588610649109, 0.0024805921129882336, 0.01459302008152008, 0.8674022555351257, 0.0030176236759871244, 0.0013468274846673012], [0.05495641008019447, 0.0455341599881649, 0.06543170660734177, 0.04129819571971893, 0.061808712780475616, 0.036407314240932465, 0.034178417176008224, 0.0362483412027359, 0.10859272629022598, 0.05303936451673508, 0.0351828932762146, 0.034116849303245544, 0.04574635997414589, 0.035817086696624756, 0.07073353230953217, 0.028971396386623383, 0.04257083684206009, 0.060166578739881516, 0.08234555274248123, 0.026853587478399277], [0.04999999329447746, 0.04999999329447746, 0.04999999329447746, 0.04999999329447746, 0.04999999329447746, 0.04999999329447746, 0.04999999329447746, 0.04999999329447746, 0.04999999329447746, 0.04999999329447746, 0.04999999329447746, 0.04999999329447746, 0.04999999329447746, 0.04999999329447746, 0.04999999329447746, 0.04999999329447746, 0.04999999329447746, 0.04999999329447746, 0.04999999329447746, 0.04999999329447746]],