{"premise_tokens": ["Imperial", "Dreams", "is", "an", "American", "drama", "film", "written", "and", "directed", "by", "Malik", "Vitthal", ".", "@@NULL@@"], "hypothesis_tokens": ["Imperial", "Dreams", "is", "directed", "solely", "by", "Malik", "Vitthal", ".", "@@NULL@@"], "label_logits": [-2.087632179260254, 4.6585516929626465, -3.931201696395874], "label_probs": [0.0011737584136426449, 0.9986404776573181, 0.00018574912974145263], "h2p_attention": [[0.08742345869541168, 0.09108634293079376, 0.06808605790138245, 0.05723382532596588, 0.07906140387058258, 0.0671902745962143, 0.07222389429807663, 0.057867854833602905, 0.04798213765025139, 0.05962405353784561, 0.05139550939202309, 0.08742345869541168, 0.08742344379425049, 0.04814858362078667, 0.03782978281378746], [0.005246356595307589, 0.875190794467926, 0.008222860284149647, 0.013759369030594826, 0.012059297412633896, 0.02596317045390606, 0.014653080143034458, 0.0057142795994877815, 0.0048508006148040295, 0.006300715263932943, 0.009537415578961372, 0.005246356595307589, 0.005246356595307589, 0.0058302911929786205, 0.002178905298933387], [0.008153805509209633, 0.017097020521759987, 0.5587075352668762, 0.08509404212236404, 0.013156265020370483, 0.028500236570835114, 0.0174702275544405, 0.0258200541138649, 0.014238972216844559, 0.1022639274597168, 0.09033960849046707, 0.008153805509209633, 0.008153805509209633, 0.01832037791609764, 0.004530393052846193], [1.0148040928470436e-05, 1.861856071627699e-05, 0.00014533856301568449, 8.636601705802605e-05, 1.4827188351773657e-05, 4.1115017666015774e-05, 3.257323623984121e-05, 0.0001076217886293307, 1.0588553777779453e-05, 0.999031662940979, 0.0004607360460795462, 1.0148040928470436e-05, 1.0148040928470436e-05, 1.3700110685022082e-05, 6.438644049922004e-06], [0.008925942704081535, 0.07676886767148972, 0.10473768413066864, 0.07174066454172134, 0.015458185225725174, 0.04162900149822235, 0.016502447426319122, 0.06181120499968529, 0.011293685995042324, 0.5178757309913635, 0.0349963903427124, 0.008925942704081535, 0.008925938047468662, 0.01636626571416855, 0.004042170941829681], [0.0018068060744553804, 0.005821199622005224, 0.026519326493144035, 0.013216455467045307, 0.0074184550903737545, 0.003015461377799511, 0.003061848459765315, 0.010289265774190426, 0.0025439076125621796, 0.09516514837741852, 0.8233038187026978, 0.0018068060744553804, 0.0018068060744553804, 0.0028948483522981405, 0.0013299036072567105], [0.08742345869541168, 0.09108634293079376, 0.06808605790138245, 0.05723382532596588, 0.07906140387058258, 0.0671902745962143, 0.07222389429807663, 0.057867854833602905, 0.04798213765025139, 0.05962405353784561, 0.05139550939202309, 0.08742345869541168, 0.08742344379425049, 0.04814858362078667, 0.03782978281378746], [0.08742345869541168, 0.09108634293079376, 0.06808605790138245, 0.05723382532596588, 0.07906140387058258, 0.0671902745962143, 0.07222389429807663, 0.057867854833602905, 0.04798213765025139, 0.05962405353784561, 0.05139550939202309, 0.08742345869541168, 0.08742344379425049, 0.04814858362078667, 0.03782978281378746], [0.03916560858488083, 0.08233930170536041, 0.12443818897008896, 0.08509393781423569, 0.04348257556557655, 0.11646491289138794, 0.06648579239845276, 0.04690089449286461, 0.059705596417188644, 0.0654764249920845, 0.0669824406504631, 0.03916560858488083, 0.039165616035461426, 0.09436113387346268, 0.03077196702361107], [0.06666667014360428, 0.06666667014360428, 0.06666667014360428, 0.06666667014360428, 0.06666667014360428, 0.06666667014360428, 0.06666667014360428, 0.06666667014360428, 0.06666667014360428, 0.06666667014360428, 0.06666667014360428, 0.06666667014360428, 0.06666667014360428, 0.06666667014360428, 0.06666667014360428]], "p2h_attention": [[0.12453898042440414, 0.12975694239139557, 0.09699191153049469, 0.08493737876415253, 0.11900097131729126, 0.07321541011333466, 0.12453898042440414, 0.12453898042440414, 0.06859000772237778, 0.05389036983251572], [0.005440123844891787, 0.9075148105621338, 0.008526559919118881, 0.006533423438668251, 0.0429101325571537, 0.009889666922390461, 0.005440123844891787, 0.005440123844891787, 0.006045625079423189, 0.0022593801841139793], [0.008738325908780098, 0.018322650343179703, 0.5987594723701477, 0.1095949038863182, 0.12580330669879913, 0.09681575745344162, 0.008738325908780098, 0.008738325908780098, 0.019633699208498, 0.004855162464082241], [0.020307384431362152, 0.08476083725690842, 0.25211480259895325, 0.18004602193832397, 0.23822414875030518, 0.13339203596115112, 0.020307384431362152, 0.020307384431362152, 0.037117477506399155, 0.01342255063354969], [0.07249971479177475, 0.19199474155902863, 0.10074009746313095, 0.07988591492176056, 0.13266289234161377, 0.19350804388523102, 0.07249971479177475, 0.07249971479177475, 0.04901913180947304, 0.03469010815024376], [0.03757277503609657, 0.252069354057312, 0.1330801546573639, 0.13508491218090057, 0.21786227822303772, 0.04796610027551651, 0.03757277503609657, 0.03757277503609657, 0.08006459474563599, 0.02115439809858799], [0.06175931915640831, 0.21754342317581177, 0.12474355846643448, 0.16365216672420502, 0.13206544518470764, 0.074476458132267, 0.06175931915640831, 0.06175931915640831, 0.06989225745201111, 0.032348599284887314], [0.027722593396902084, 0.04752841964364052, 0.1032884269952774, 0.30292564630508423, 0.277129590511322, 0.14021503925323486, 0.027722593396902084, 0.027722593396902084, 0.02762206643819809, 0.01812301017343998], [0.06868689507246017, 0.12055995315313339, 0.17020447552204132, 0.08905746787786484, 0.15130357444286346, 0.10358797758817673, 0.06868689507246017, 0.06868689507246017, 0.10507223010063171, 0.054153699427843094], [1.0142646715394221e-05, 1.86086654139217e-05, 0.00014526130689773709, 0.998500645160675, 0.0008244691416621208, 0.0004604911373462528, 1.0142646715394221e-05, 1.0142646715394221e-05, 1.3692829270439688e-05, 6.435222076106584e-06], [0.0018589138053357601, 0.005989081226289272, 0.027284137904644012, 0.09790968894958496, 0.011846128851175308, 0.8470476865768433, 0.0018589138053357601, 0.0018589138053357601, 0.0029783351346850395, 0.0013682576827704906], [0.12453898042440414, 0.12975694239139557, 0.09699191153049469, 0.08493737876415253, 0.11900097131729126, 0.07321541011333466, 0.12453898042440414, 0.12453898042440414, 0.06859000772237778, 0.05389036983251572], [0.12453898042440414, 0.12975695729255676, 0.09699192643165588, 0.08493737876415253, 0.11900097131729126, 0.07321541756391525, 0.12453898042440414, 0.12453898042440414, 0.06859002262353897, 0.053890377283096313], [0.05543937534093857, 0.11655224859714508, 0.17614376544952393, 0.09268266707658768, 0.17636145651340485, 0.09481443464756012, 0.05543937534093857, 0.05543937534093857, 0.13356928527355194, 0.04355807602405548], [0.09999998658895493, 0.09999998658895493, 0.09999998658895493, 0.09999998658895493, 0.09999998658895493, 0.09999998658895493, 0.09999998658895493, 0.09999998658895493, 0.09999998658895493, 0.09999998658895493]], "claim": "Imperial Dreams is directed solely by Malik Vitthal.", "premise_source_doc_id": "Imperial_Dreams", "premise_source_doc_line_num": 0, "premise_source_doc_sentence": "Imperial Dreams is an American drama film written and directed by Malik Vitthal ."}
