{"premise_tokens": ["Institute", "Benjamenta", ",", "or", "This", "Dream", "People", "Call", "Human", "Life", ",", "released", "in", "1996", ",", "was", "the", "first", "feature", "-", "length", "film", "by", "the", "Brothers", "Quay", ",", "produced", "by", "Keith", "Griffiths", "and", "Janine", "Marmot", ".", "@@NULL@@"], "hypothesis_tokens": ["Institute", "Benjamenta", "came", "out", "in", "May", "of", "1996", ".", "@@NULL@@"], "label_logits": [0.5332731008529663, -0.19170288741588593, -0.9934945106506348], "label_probs": [0.5876915454864502, 0.28464028239250183, 0.12766818702220917], "h2p_attention": [[0.40280938148498535, 0.013316883705556393, 0.013467998243868351, 0.010952049866318703, 0.015611503273248672, 0.028230875730514526, 0.012707841582596302, 0.02394597791135311, 0.04483313113451004, 0.02940511517226696, 0.013467998243868351, 0.015406399965286255, 0.024010194465517998, 0.02319389022886753, 0.013467998243868351, 0.013425806537270546, 0.01032391656190157, 0.010771933011710644, 0.018643194809556007, 0.012853560969233513, 0.013869918882846832, 0.029136111959815025, 0.01680167019367218, 0.01032391656190157, 0.03352329879999161, 0.013316883705556393, 0.013467998243868351, 0.01854483224451542, 0.01680167019367218, 0.013316883705556393, 0.013316883705556393, 0.01072949729859829, 0.013316883705556393, 0.013316883705556393, 0.011067208833992481, 0.008303685113787651], [0.027101464569568634, 0.039053067564964294, 0.018778469413518906, 0.02880081720650196, 0.025657614693045616, 0.03959079831838608, 0.022702479735016823, 0.04029811918735504, 0.024995846673846245, 0.02746771275997162, 0.018778469413518906, 0.026835309341549873, 0.028058791533112526, 0.04172588512301445, 0.018778469413518906, 0.024257242679595947, 0.02433944307267666, 0.023714298382401466, 0.023183530196547508, 0.02004215493798256, 0.02140042372047901, 0.032263241708278656, 0.022958965972065926, 0.02433944307267666, 0.026341799646615982, 0.039053067564964294, 0.018778469413518906, 0.03169159218668938, 0.022958965972065926, 0.039053067564964294, 0.039053067564964294, 0.021434172987937927, 0.039053067564964294, 0.039053067564964294, 0.02150852605700493, 0.016898998990654945], [0.011288624256849289, 0.007227595895528793, 0.022173142060637474, 0.034930113703012466, 0.10239728540182114, 0.027237869799137115, 0.00909078773111105, 0.10893917828798294, 0.01226084679365158, 0.0191806610673666, 0.022173142060637474, 0.006470574531704187, 0.03269697725772858, 0.029692914336919785, 0.022173142060637474, 0.013322046026587486, 0.027052385732531548, 0.21149246394634247, 0.01490848883986473, 0.006656870245933533, 0.016589796170592308, 0.0134744206443429, 0.03633063659071922, 0.027052385732531548, 0.013623767532408237, 0.007227595895528793, 0.022173142060637474, 0.02077556774020195, 0.03633063659071922, 0.007227595895528793, 0.007227595895528793, 0.019281543791294098, 0.007227595895528793, 0.007227595895528793, 0.01226976327598095, 0.00459510600194335], [0.011708441190421581, 0.008347444236278534, 0.017560282722115517, 0.044075801968574524, 0.11460922658443451, 0.03466222435235977, 0.016801156103610992, 0.055899132043123245, 0.02322542853653431, 0.04827384650707245, 0.017560282722115517, 0.009700177237391472, 0.043874066323041916, 0.03406913951039314, 0.017560282722115517, 0.02026832289993763, 0.023270227015018463, 0.09202864021062851, 0.02662941813468933, 0.008892280980944633, 0.018932176753878593, 0.01971171423792839, 0.05644574388861656, 0.023270227015018463, 0.016339320689439774, 0.008347444236278534, 0.017560282722115517, 0.04059874266386032, 0.05644574388861656, 0.008347444236278534, 0.008347444236278534, 0.017526226118206978, 0.008347444236278534, 0.008347444236278534, 0.016391420736908913, 0.006025239825248718], [0.01665945164859295, 0.009566296823322773, 0.012676631100475788, 0.019184129312634468, 0.04745004326105118, 0.04242551699280739, 0.01556048821657896, 0.027488600462675095, 0.02918800339102745, 0.06794123351573944, 0.012676631100475788, 0.013914293609559536, 0.23046283423900604, 0.06536813080310822, 0.012676631100475788, 0.013651130720973015, 0.01722155511379242, 0.02378986030817032, 0.019512875005602837, 0.010043987073004246, 0.03983640298247337, 0.051531482487916946, 0.02295599691569805, 0.01722155511379242, 0.012142395600676537, 0.009566296823322773, 0.012676631100475788, 0.032066453248262405, 0.02295599691569805, 0.009566296823322773, 0.009566296823322773, 0.01294841431081295, 0.009566296823322773, 0.009566296823322773, 0.01461322046816349, 0.005761503707617521], [0.007365090772509575, 0.00744995754212141, 0.014095007441937923, 0.10661479085683823, 0.0828448086977005, 0.011537333019077778, 0.011140359565615654, 0.05390596389770508, 0.017944538965821266, 0.09250948578119278, 0.014095007441937923, 0.016640201210975647, 0.032383304089307785, 0.049797095358371735, 0.014095007441937923, 0.023096498101949692, 0.018742915242910385, 0.18017932772636414, 0.014405518770217896, 0.02139434963464737, 0.033784881234169006, 0.015124894678592682, 0.015629921108484268, 0.018742915242910385, 0.009631602093577385, 0.00744995754212141, 0.014095007441937923, 0.017076175659894943, 0.015629921108484268, 0.00744995754212141, 0.00744995754212141, 0.013276737183332443, 0.00744995754212141, 0.00744995754212141, 0.01379451435059309, 0.0057268571108579636], [0.02129984088242054, 0.015889424830675125, 0.026926573365926743, 0.0268949456512928, 0.039809804409742355, 0.02438458800315857, 0.03386561945080757, 0.031815268099308014, 0.05200238898396492, 0.04776524379849434, 0.026926573365926743, 0.015359130688011646, 0.03208889439702034, 0.06609303504228592, 0.026926573365926743, 0.019038086757063866, 0.030181780457496643, 0.062096722424030304, 0.019157912582159042, 0.017260486260056496, 0.030237887054681778, 0.024666305631399155, 0.028065716847777367, 0.030181780457496643, 0.027258804067969322, 0.015889424830675125, 0.026926573365926743, 0.02451189048588276, 0.028065716847777367, 0.015889424830675125, 0.015889424830675125, 0.031614307314157486, 0.015889424830675125, 0.015889424830675125, 0.02014320343732834, 0.01309784222394228], [0.00024212025164160877, 0.00021402910351753235, 0.0002905016590375453, 0.00030036355019547045, 0.00043449553777463734, 0.0006051483214832842, 0.0006803511641919613, 0.00018576844013296068, 0.0007793728727847338, 0.0006080851308070123, 0.0002905016590375453, 0.0005839682999067008, 0.0009834645316004753, 0.9869382381439209, 0.0002905016590375453, 0.00021657763863913715, 0.00022330405772663653, 0.000959708821028471, 0.0003357345412950963, 0.00011753188300644979, 0.00028670046594925225, 0.0008477235096506774, 0.0002514238003641367, 0.00022330405772663653, 0.00020550655608531088, 0.00021402910351753235, 0.0002905016590375453, 0.0006316695944406092, 0.0002514238003641367, 0.00021402910351753235, 0.00021402910351753235, 0.00032388800173066556, 0.00021402910351753235, 0.00021402910351753235, 0.00025126105174422264, 8.668191730976105e-05], [0.018618348985910416, 0.01777966134250164, 0.01863209903240204, 0.02988642081618309, 0.04526558890938759, 0.04866534471511841, 0.031267352402210236, 0.05222807079553604, 0.0265433881431818, 0.041223589330911636, 0.01863209903240204, 0.02383829653263092, 0.03543104976415634, 0.040492117404937744, 0.01863209903240204, 0.032035429030656815, 0.028588401153683662, 0.03182992711663246, 0.022614141926169395, 0.01507095992565155, 0.027180016040802002, 0.03018195740878582, 0.030407415702939034, 0.028588401153683662, 0.03494054824113846, 0.01777966134250164, 0.01863209903240204, 0.029579930007457733, 0.030407415702939034, 0.01777966134250164, 0.01777966134250164, 0.02710401453077793, 0.01777966134250164, 0.01777966134250164, 0.0428362712264061, 0.01396927423775196], [0.027777768671512604, 0.027777768671512604, 0.027777768671512604, 0.027777768671512604, 0.027777768671512604, 0.027777768671512604, 0.027777768671512604, 0.027777768671512604, 0.027777768671512604, 0.027777768671512604, 0.027777768671512604, 0.027777768671512604, 0.027777768671512604, 0.027777768671512604, 