{"premise_tokens": ["NII", "=", "(", "interest", "payments", "on", "assets", ")", "−", "(", "interest", "payments", "on", "liabilities", ")", "@@NULL@@"], "hypothesis_tokens": ["The", "International", "Finance", "Corporation", "is", "only", "a", "member", "of", "agencies", "who", "collect", "on", "interest", "payments", ".", "@@NULL@@"], "label_logits": [-3.6441547870635986, 2.081944465637207, 0.3108523488044739], "label_probs": [0.002778037916868925, 0.8522193431854248, 0.14500261843204498], "h2p_attention": [[0.05262431129813194, 0.06341533362865448, 0.04391226917505264, 0.0821102038025856, 0.06497356295585632, 0.10942629724740982, 0.05262431129813194, 0.04435272887349129, 0.05262431129813194, 0.04391226917505264, 0.0821102038025856, 0.06497356295585632, 0.10942629724740982, 0.05262431129813194, 0.04435272887349129, 0.036537330597639084], [0.04067530110478401, 0.04244910180568695, 0.03616258502006531, 0.13165156543254852, 0.05499912053346634, 0.12529385089874268, 0.04067530110478401, 0.03611646592617035, 0.04067530110478401, 0.03616258502006531, 0.13165156543254852, 0.05499912053346634, 0.12529385089874268, 0.04067530110478401, 0.03611646592617035, 0.02640252560377121], [0.04494922608137131, 0.03310365602374077, 0.03240785002708435, 0.11631142348051071, 0.13058282434940338, 0.06539090722799301, 0.04494922608137131, 0.03356950357556343, 0.04494922608137131, 0.03240785002708435, 0.11631142348051071, 0.13058282434940338, 0.06539090722799301, 0.04494922608137131, 0.03356950357556343, 0.03057432919740677], [0.032518066465854645, 0.07269013673067093, 0.021397901698946953, 0.19652174413204193, 0.09421785175800323, 0.050417203456163406, 0.032518066465854645, 0.027196241542696953, 0.032518066465854645, 0.021397901698946953, 0.19652174413204193, 0.09421785175800323, 0.050417203456163406, 0.032518066465854645, 0.027196241542696953, 0.017735689878463745], [0.03270144760608673, 0.04323399439454079, 0.027406960725784302, 0.13879892230033875, 0.05550125986337662, 0.15647552907466888, 0.03270144760608673, 0.02571268007159233, 0.03270144760608673, 0.027406960725784302, 0.13879892230033875, 0.05550125986337662, 0.15647552907466888, 0.03270144760608673, 0.02571268007159233, 0.01816948503255844], [0.0394018329679966, 0.03405710682272911, 0.026283761486411095, 0.1365964561700821, 0.06783457845449448, 0.13651376962661743, 0.0394018329679966, 0.025196347385644913, 0.0394018329679966, 0.026283761486411095, 0.1365964561700821, 0.06783457845449448, 0.13651376962661743, 0.0394018329679966, 0.025196347385644913, 0.023485755547881126], [0.03888436034321785, 0.046808306127786636, 0.030331365764141083, 0.14862076938152313, 0.07739587873220444, 0.0947832465171814, 0.03888436034321785, 0.03348710387945175, 0.03888436034321785, 0.030331365764141083, 0.14862076938152313, 0.07739587873220444, 0.0947832465171814, 0.03888436034321785, 0.03348710387945175, 0.028417576104402542], [0.02331523783504963, 0.051883015781641006, 0.02273196540772915, 0.23154562711715698, 0.05989890545606613, 0.08147671818733215, 0.02331523783504963, 0.025174591690301895, 0.02331523783504963, 0.02273196540772915, 0.23154562711715698, 0.05989890545606613, 0.08147671818733215, 0.02331523783504963, 0.025174591690301895, 0.013200386427342892], [0.04278929904103279, 0.04109332337975502, 0.038801517337560654, 0.1452554166316986, 0.052071306854486465, 0.09838332235813141, 0.04278929904103279, 0.04172734543681145, 0.04278929904103279, 0.038801517337560654, 0.1452554166316986, 0.052071306854486465, 0.09838332235813141, 0.04278929904103279, 0.04172734543681145, 0.03527172654867172], [0.08175358921289444, 0.050543610006570816, 0.03802973031997681, 0.0726020485162735, 0.08825331181287766, 0.05517739802598953, 0.08175358921289444, 0.03947039693593979, 0.08175358921289444, 0.03802973031997681, 0.0726020485162735, 0.08825331181287766, 0.05517739802598953, 0.08175358921289444, 0.03947039693593979, 0.03537632152438164], [0.032729022204875946, 0.03639151155948639, 0.03088298626244068, 0.17554108798503876, 0.06714989244937897, 0.09852207452058792, 0.032729022204875946, 0.0313514769077301, 0.032729022204875946, 0.03088298626244068, 0.17554108798503876, 0.06714989244937897, 0.09852207452058792, 0.032729022204875946, 0.0313514769077301, 0.025797398760914803], [0.03387667238712311, 0.06562633067369461, 0.026219507679343224, 0.1400335729122162, 0.13692739605903625, 0.0555960051715374, 0.03387667238712311, 0.027620425447821617, 0.03387667238712311, 0.026219507679343224, 0.1400335729122162, 0.13692739605903625, 0.0555960051715374, 0.03387667238712311, 0.027620425447821617, 0.026073284447193146], [0.013845378533005714, 0.016852131113409996, 0.011673926375806332, 0.08127506077289581, 0.01696491613984108, 0.3368534445762634, 0.013845378533005714, 0.012677453458309174, 0.013845378533005714, 0.011673926375806332, 0.08127506077289581, 0.01696491613984108, 0.3368534445762634, 0.013845378533005714, 0.012677453458309174, 0.008876797743141651], [0.0010661570122465491, 0.0011898225639015436, 0.000612674979493022, 0.4858468770980835, 0.005071060266345739, 0.004756484180688858, 0.0010661570122465491, 0.0007259387639351189, 0.0010661570122465491, 0.000612674979493022, 0.4858468770980835, 0.005071060266345739, 0.004756484180688858, 0.0010661570122465491, 0.0007259387639351189, 0.0005194994155317545], [0.0005541975260712206, 0.00038493514875881374, 0.0003117781598120928, 0.002168501727283001, 0.4953908920288086, 0.0004245624877512455, 0.0005541975260712206, 0.00029227780760265887, 0.0005541975260712206, 0.0003117781598120928, 0.002168501727283001, 0.4953908920288086, 0.0004245624877512455, 0.0005541975260712206, 0.00029227780760265887, 0.0002221499744337052], [0.04986114799976349, 0.07425656169652939, 0.05311277508735657, 0.08449690788984299, 0.06159111484885216, 0.09148012846708298, 0.04986114799976349, 0.05288085341453552, 0.04986114799976349, 0.05311277508735657, 0.08449690788984299, 0.06159111484885216, 0.09148012846708298, 0.04986114799976349, 0.05288085341453552, 0.039175327867269516], [0.0625, 0.0625, 0.0625, 0.0625, 0.0625, 0.0625, 0.0625, 0.0625, 0.0625, 0.0625, 0.0625, 0.0625, 0.0625, 0.0625, 0.0625, 0.0625]],