{"premise_tokens": ["DVV", "Danayya", "is", "an", "Indian", "film", "producer", "from", "south", "Indian", "film", "industry", ".", "@@NULL@@"], "hypothesis_tokens": ["DVV", "Danayya", "is", "from", "a", "music", "industry", ".", "@@NULL@@"], "label_logits": [0.13799819350242615, 1.7614145278930664, -2.577017068862915], "label_probs": [0.16295702755451202, 0.8262545466423035, 0.010788400657474995], "h2p_attention": [[0.08894478529691696, 0.08894478529691696, 0.06927087903022766, 0.05822979658842087, 0.06857053935527802, 0.07348071783781052, 0.07622920721769333, 0.08647778630256653, 0.06999050080776215, 0.06857053935527802, 0.07348071783781052, 0.0903351902961731, 0.04898645356297493, 0.03848809003829956], [0.08894478529691696, 0.08894478529691696, 0.06927087903022766, 0.05822979658842087, 0.06857053935527802, 0.07348071783781052, 0.07622920721769333, 0.08647778630256653, 0.06999050080776215, 0.06857053935527802, 0.07348071783781052, 0.0903351902961731, 0.04898645356297493, 0.03848809003829956], [0.009258760139346123, 0.009258760139346123, 0.6344202160835266, 0.09662547707557678, 0.015349927358329296, 0.01983768679201603, 0.028927460312843323, 0.07869815081357956, 0.026769554242491722, 0.015349927358329296, 0.01983768679201603, 0.019719135016202927, 0.020803041756153107, 0.005144324619323015], [0.004202333278954029, 0.004202333278954029, 0.028612010180950165, 0.02202533558011055, 0.021413369104266167, 0.011313026770949364, 0.008803009986877441, 0.8237921595573425, 0.025817731395363808, 0.021413369104266167, 0.011313026770949364, 0.010863862000405788, 0.0043581947684288025, 0.001870304229669273], [0.02724517695605755, 0.02724517695605755, 0.1104680523276329, 0.10820883512496948, 0.07013540714979172, 0.09260280430316925, 0.07917682826519012, 0.12298551946878433, 0.08412570506334305, 0.07013540714979172, 0.09260280430316925, 0.0558292381465435, 0.039327625185251236, 0.019911395385861397], [0.025817666202783585, 0.025817666202783585, 0.04221051558852196, 0.04528116434812546, 0.16411271691322327, 0.08097302168607712, 0.07600520551204681, 0.07982610166072845, 0.0686550959944725, 0.16411271691322327, 0.08097302168607712, 0.1003231331706047, 0.029451757669448853, 0.01644021086394787], [0.005571870598942041, 0.005571870598942041, 0.009099755436182022, 0.009370892308652401, 0.012642702087759972, 0.04914546385407448, 0.012817074544727802, 0.013789302669465542, 0.022865183651447296, 0.012642702087759972, 0.04914546385407448, 0.7903965711593628, 0.00456718634814024, 0.002373943105340004], [0.04439902678132057, 0.04439902678132057, 0.14106601476669312, 0.09646447747945786, 0.04218402877449989, 0.07536983489990234, 0.07849937677383423, 0.08128645271062851, 0.06981189548969269, 0.04218402877449989, 0.07536983489990234, 0.06711231172084808, 0.1069699376821518, 0.034883804619312286], [0.0714285671710968, 0.0714285671710968, 0.0714285671710968, 0.0714285671710968, 0.0714285671710968, 0.0714285671710968, 0.0714285671710968, 0.0714285671710968, 0.0714285671710968, 0.0714285671710968, 0.0714285671710968, 0.0714285671710968, 0.0714285671710968, 0.0714285671710968]], "p2h_attention": [[0.14241337776184082, 0.14241337776184082, 0.11091262847185135, 0.1384633630514145, 0.0843227207660675, 0.09677568078041077, 0.14463962614536285, 0.07843434810638428, 0.061624955385923386], [0.14241337776184082, 0.14241337776184082, 0.11091262847185135, 0.1384633630514145, 0.0843227207660675, 0.09677568078041077, 0.14463962614536285, 0.07843434810638428, 0.061624955385923386], [0.011304251849651337, 0.011304251849651337, 0.7745794653892517, 0.09608453512191772, 0.03484595566987991, 0.01612614467740059, 0.024075578898191452, 0.02539895847439766, 0.006280834320932627], [0.030572501942515373, 0.030572501942515373, 0.37955552339553833, 0.23797005414962769, 0.10981788486242294, 0.05565730482339859, 0.0797668844461441, 0.055879898369312286, 0.020207474008202553], [0.04564019292593002, 0.04564019292593002, 0.07643886655569077, 0.2932979464530945, 0.09023435413837433, 0.2557237446308136, 0.13642875850200653, 0.030978510156273842, 0.02561747282743454], [0.04048130288720131, 0.04048130288720131, 0.08176550269126892, 0.12825492024421692, 0.09861203283071518, 0.10443363338708878, 0.4389556050300598, 0.0458122082054615, 0.02120349556207657], [0.06279610097408295, 0.06279610097408295, 0.17828692495822906, 0.14923012256622314, 0.12607645988464355, 0.14657960832118988, 0.17118123173713684, 0.07134770601987839, 0.031705718487501144], [0.004676873795688152, 0.004676873795688152, 0.03184296935796738, 0.916817307472229, 0.01285670604556799, 0.01010682713240385, 0.012090642936527729, 0.004850335419178009, 0.002081504790112376], [0.041633423417806625, 0.041633423417806625, 0.119135782122612, 0.31603506207466125, 0.09672895073890686, 0.09560813009738922, 0.22051280736923218, 0.045817889273166656, 0.02289440855383873], [0.04564019292593002, 0.04564019292593002, 0.07643886655569077, 0.2932979464530945, 0.09023435413837433, 0.2557237446308136, 0.13642875850200653, 0.030978510156273842, 0.02561747282743454], [0.04048130288720131, 0.04048130288720131, 0.08176550269126892, 0.12825492024421692, 0.09861203283071518, 0.10443363338708878, 0.4389556050300598, 0.0458122082054615, 0.02120349556207657], [0.006535814143717289, 0.006535814143717289, 0.010674037970602512, 0.016174882650375366, 0.007807807996869087, 0.016992716118693352, 0.9271369576454163, 0.005357319954782724, 0.002784640761092305], [0.06814797967672348, 0.06814797967672348, 0.21652188897132874, 0.12476639449596405, 0.10575463622808456, 0.09591954946517944, 0.10301055759191513, 0.1641879379749298, 0.053543079644441605], [0.1111111119389534, 0.1111111119389534, 0.1111111119389534, 0.1111111119389534, 0.1111111119389534, 0.1111111119389534, 0.1111111119389534, 0.1111111119389534, 0.1111111119389534]], "claim": "DVV Danayya is from a music industry.", "premise_source_doc_id": "DVV_Danayya", "premise_source_doc_line_num": 0, "premise_source_doc_sentence": "DVV Danayya is an Indian film producer from south Indian film industry ."}
