{"premise_tokens": ["Rajanna", "is", "a", "2011", "Telugu", "historical", "film", "written", "and", "directed", "by", "V.", "Vijayendra", "Prasad", ".", "@@NULL@@"], "hypothesis_tokens": ["Rajanna", "is", "a", "historical", "show", ".", "@@NULL@@"], "label_logits": [-1.7862149477005005, 3.929405689239502, -1.785546898841858], "label_probs": [0.0032725385390222073, 0.9934527277946472, 0.003274725517258048], "h2p_attention": [[0.08590913563966751, 0.06690669059753418, 0.05086665228009224, 0.06486129760742188, 0.08590913563966751, 0.055752940475940704, 0.07097285240888596, 0.05686548352241516, 0.047150999307632446, 0.05859126150608063, 0.050505250692367554, 0.04940096661448479, 0.08590913563966751, 0.08590913563966751, 0.047314565628767014, 0.03717450425028801], [0.008543814532458782, 0.5854313373565674, 0.026336759328842163, 0.028162218630313873, 0.008543814532458782, 0.025410424917936325, 0.018305854871869087, 0.02705506607890129, 0.01492004282772541, 0.10715536773204803, 0.094660684466362, 0.014443318359553814, 0.008543814532458782, 0.008543814532458782, 0.019196661189198494, 0.00474708853289485], [0.025887271389365196, 0.1049623042345047, 0.2578637897968292, 0.0576813742518425, 0.025887271389365196, 0.05573325231671333, 0.08798746019601822, 0.06257791072130203, 0.05597911402583122, 0.0491725392639637, 0.06992868334054947, 0.038278017193078995, 0.025887271389365196, 0.025887271389365196, 0.037367526441812515, 0.01891900785267353], [0.0006931101670488715, 0.002473798580467701, 0.0013614316703751683, 0.00501621887087822, 0.0006931101670488715, 0.979468822479248, 0.00159902882296592, 0.0010293987579643726, 0.0006693186005577445, 0.0016913287108764052, 0.0017226324416697025, 0.0009627875406295061, 0.0006931101670488715, 0.0006931101670488715, 0.0007706888136453927, 0.00046214659232646227], [0.009328309446573257, 0.025542397052049637, 0.021593784913420677, 0.0492091067135334, 0.009328309446573257, 0.03467473015189171, 0.6532232761383057, 0.029344819486141205, 0.007861796766519547, 0.08003267645835876, 0.024973483756184578, 0.017561666667461395, 0.009328309446573257, 0.009328309446573257, 0.012858424335718155, 0.005810583010315895], [0.04088950902223587, 0.12991541624069214, 0.06345389038324356, 0.09853605926036835, 0.04088950902223587, 0.05357494205236435, 0.06941220909357071, 0.04896526411175728, 0.06233357638120651, 0.0683584064245224, 0.06993071734905243, 0.04132053628563881, 0.04088950902223587, 0.04088950902223587, 0.09851448982954025, 0.03212641552090645], [0.0625, 0.0625, 0.0625, 0.0625, 0.0625, 0.0625, 0.0625, 0.0625, 0.0625, 0.0625, 0.0625, 0.0625, 0.0625, 0.0625, 0.0625, 0.0625]], "p2h_attention": [[0.2128547728061676, 0.1657729297876358, 0.12603095173835754, 0.1381375640630722, 0.14786744117736816, 0.11723003536462784, 0.09210627526044846], [0.012372773140668869, 0.8477957248687744, 0.03813973069190979, 0.036798253655433655, 0.03021930530667305, 0.027799753472208977, 0.006874523125588894], [0.04533343389630318, 0.18380853533744812, 0.45156747102737427, 0.09759929776191711, 0.12312313914299011, 0.06543749570846558, 0.0331307053565979], [0.05114202946424484, 0.17389099299907684, 0.08936650305986404, 0.31815168261528015, 0.24823513627052307, 0.08990221470594406, 0.029311463236808777], [0.2128547728061676, 0.1657729297876358, 0.12603095173835754, 0.1381375640630722, 0.14786744117736816, 0.11723003536462784, 0.09210627526044846], [0.0007015370647422969, 0.002503875410184264, 0.001377984182909131, 0.9913773536682129, 0.0027913961093872786, 0.0007800589664839208, 0.0004677654360421002], [0.01474768202751875, 0.02978786826133728, 0.035925205796957016, 0.02672719396650791, 0.8683977127075195, 0.016689768061041832, 0.0077246129512786865], [0.07521167397499084, 0.28022250533103943, 0.16263140738010406, 0.10951803624629974, 0.24830955266952515, 0.07493894547224045, 0.04916790500283241], [0.09673498570919037, 0.23970697820186615, 0.22566568851470947, 0.11045639961957932, 0.10319055616855621, 0.14797817170619965, 0.07626720517873764], [0.03331517055630684, 0.477134644985199, 0.05493873357772827, 0.07735752314329147, 0.291140079498291, 0.04497632756829262, 0.021137535572052002], [0.03753272071480751, 0.5508850812911987, 0.10211174190044403, 0.10297493636608124, 0.11873481422662735, 0.06013458967208862, 0.027626043185591698], [0.09639056026935577, 0.22069065272808075, 0.14675582945346832, 0.15111063420772552, 0.21922512352466583, 0.09329275786876678, 0.07253444194793701], [0.2128547728061676, 0.1657729297876358, 0.12603095173835754, 0.1381375640630722, 0.14786744117736816, 0.11723003536462784, 0.09210627526044846], [0.2128547728061676, 0.1657729297876358, 0.12603095173835754, 0.1381375640630722, 0.14786744117736816, 0.11723003536462784, 0.09210627526044846], [0.08352157473564148, 0.265367329120636, 0.12961195409297943, 0.10943304747343063, 0.14521686732769012, 0.20122729241847992, 0.06562193483114243], [0.1428571492433548, 0.1428571492433548, 0.1428571492433548, 0.1428571492433548, 0.1428571492433548, 0.1428571492433548, 0.1428571492433548]], "claim": "Rajanna is a historical show.", "premise_source_doc_id": "Rajanna", "premise_source_doc_line_num": 0, "premise_source_doc_sentence": "Rajanna is a 2011 Telugu historical film written and directed by V. Vijayendra Prasad ."}
