{"premise_tokens": ["The", "novels", "have", "all", "been", "developed", "into", "films", ",", "with", "the", "film", "adaptation", "of", "Mockingjay", "split", "into", "two", "parts", ".", "@@NULL@@"], "hypothesis_tokens": ["The", "film", "adaptation", "of", "The", "Hunger", "Games", "third", "novel", "was", "split", "into", "two", "parts", ".", "@@NULL@@"], "label_logits": [1.3358548879623413, 2.2454168796539307, -4.827669620513916], "label_probs": [0.2869161069393158, 0.7124800086021423, 0.0006039071013219655], "h2p_attention": [[0.08643835037946701, 0.027020594105124474, 0.048612747341394424, 0.1616179645061493, 0.04032491520047188, 0.02577071823179722, 0.05566971376538277, 0.03431757539510727, 0.0340610109269619, 0.05444810539484024, 0.08643835037946701, 0.0386740081012249, 0.03268205374479294, 0.03746698051691055, 0.023418186232447624, 0.024388648569583893, 0.05566971376538277, 0.051415033638477325, 0.03203082084655762, 0.03327513113617897, 0.016259364783763885], [0.0006952801486477256, 0.003230121685191989, 0.0007477368926629424, 0.000920990714803338, 0.0008340159547515213, 0.001331868814304471, 0.0011404958786442876, 0.41732311248779297, 0.0003709112061187625, 0.0007959860377013683, 0.0006952801486477256, 0.5636845231056213, 0.0024417780805379152, 0.0005504889413714409, 0.000558073166757822, 0.0009641232900321484, 0.0011404958786442876, 0.0004112727474421263, 0.0012396246893331409, 0.0006315649370662868, 0.00029231031658127904], [0.00029007092234678566, 0.10711699724197388, 0.00030143436742946506, 0.0003247215645387769, 0.0004556167987175286, 0.000957305368501693, 0.00034025529748760164, 0.0008513719076290727, 0.00021828213357366621, 0.00046438933350145817, 0.00029007092234678566, 0.0012054811231791973, 0.8847128748893738, 0.00018612171697895974, 0.00019811400852631778, 0.000441143085481599, 0.00034025529748760164, 0.00033110904041677713, 0.0005886703147552907, 0.00024142512120306492, 0.00014431063027586788], [0.038851264864206314, 0.02370917610824108, 0.04131466895341873, 0.1284465491771698, 0.030984174460172653, 0.04121356084942818, 0.053152620792388916, 0.03067547269165516, 0.03466102480888367, 0.04156188294291496, 0.038851264864206314, 0.03175150975584984, 0.021744973957538605, 0.1673242151737213, 0.020453540608286858, 0.05704030767083168, 0.053152620792388916, 0.06246110051870346, 0.03986075893044472, 0.02592919021844864, 0.016860097646713257], [0.08643835037946701, 0.027020594105124474, 0.048612747341394424, 0.1616179645061493, 0.04032491520047188, 0.02577071823179722, 0.05566971376538277, 0.03431757539510727, 0.0340610109269619, 0.05444810539484024, 0.08643835037946701, 0.0386740081012249, 0.03268205374479294, 0.03746698051691055, 0.023418186232447624, 0.024388648569583893, 0.05566971376538277, 0.051415033638477325, 0.03203082084655762, 0.03327513113617897, 0.016259364783763885], [0.024492118507623672, 0.4070969223976135, 0.01880960911512375, 0.0235208198428154, 0.02058776095509529, 0.021549558266997337, 0.028829829767346382, 0.032692186534404755, 0.015820732340216637, 0.027134843170642853, 0.024492118507623672, 0.03706640005111694, 0.14980848133563995, 0.014929587952792645, 0.017896799370646477, 0.024913117289543152, 0.028829829767346382, 0.02042129449546337, 0.030782684683799744, 0.01726413331925869, 0.013061176054179668], [0.022589797154068947, 0.2387978434562683, 0.03401504084467888, 0.057138845324516296, 0.04786699637770653, 0.04216240346431732, 0.05699506774544716, 0.050744686275720596, 0.017293719574809074, 0.036552101373672485, 0.022589797154068947, 0.05066217482089996, 0.07439402490854263, 0.024318424984812737, 0.013960013166069984, 0.034346673637628555, 0.05699506774544716, 0.03405620902776718, 0.05429712310433388, 0.019423507153987885, 0.010800463147461414], [0.010614579543471336, 0.03428724408149719, 0.019677329808473587, 0.15152397751808167, 0.013783257454633713, 0.003823269624263048, 0.018116934224963188, 0.0133745688945055, 0.01827750727534294, 0.01412655133754015, 0.010614579543471336, 0.013282409869134426, 0.006652491632848978, 0.016261663287878036, 0.0038255308754742146, 0.013568473979830742, 0.018116934224963188, 0.5988250970840454, 0.010518429800868034, 0.007776312064379454, 0.002952951705083251], [5.725524897570722e-05, 0.9583039283752441, 7.339481817325577e-05, 7.291517249541357e-05, 0.00015025638276711106, 0.0003060387389268726, 0.00012064461770933121, 0.0001602561242179945, 4.5278164179762825e-05, 9.609550761524588e-05, 5.725524897570722e-05, 0.0002147853228962049, 0.03961058706045151, 5.33563616045285e-05, 6.028685311321169e-05, 0.00010110755101777613, 0.00012064461770933121, 0.0001111166420741938, 0.00018448497576173395, 6.561724876519293e-05, 3.47867317032069e-05], [0.04980425164103508, 0.0438828244805336, 0.051458463072776794, 0.10460399091243744, 0.06856048852205276, 0.05142299085855484, 0.05963193625211716, 0.03347456827759743, 0.035750094801187515, 0.05370797961950302, 0.04980425164103508, 0.03371463716030121, 0.04293706640601158, 0.030857007950544357, 0.030472688376903534, 0.03203035891056061, 0.05963193625211716, 0.04077403247356415, 0.05756717920303345, 0.04868407920002937, 0.021229038015007973], [0.009740783832967281, 0.03156696632504463, 0.04616726562380791, 0.019106557592749596, 0.027258696034550667, 0.02043982222676277, 0.050656404346227646, 0.020297087728977203, 0.007873624563217163, 0.02069414220750332, 0.009740783832967281, 0.021418951451778412, 0.019851384684443474, 0.021970074623823166, 0.009302141144871712, 0.5298047661781311, 0.050656404346227646, 0.03161877393722534, 0.03333500400185585, 0.012006532400846481, 0.006493962369859219], [0.006140256766229868, 0.00789292249828577, 0.027659401297569275, 0.015230895951390266, 0.014937518164515495, 0.01890152134001255, 0.4024258852005005, 0.005631511565297842, 0.0028350306674838066, 0.02207406423985958, 0.006140256766229868, 0.00699714245274663, 0.004228417761623859, 0.005653738509863615, 0.00324225053191185, 0.013989291153848171, 0.4024258852005005, 0.009003236889839172, 0.017094995826482773, 0.005702473688870668, 0.0017933750059455633], [0.0032066821586340666, 0.0045633381232619286, 0.009832081384956837, 0.07329612970352173, 0.0030516718979924917, 0.0016897665336728096, 0.0050909267738461494, 0.0015645792009308934, 0.009540132246911526, 0.006096973549574614, 0.0032066821586340666, 0.0014267736114561558, 0.0023267087526619434, 0.003756806021556258, 0.0011942287674173713, 0.0049374704249203205, 0.0050909267738461494, 0.8521617650985718, 0.004656999837607145, 0.002295334590598941, 0.001014073146507144], [0.01007520966231823, 0.04902167618274689, 0.03874107077717781, 0.028827130794525146, 0.04280418902635574, 0.027204949408769608, 0.048751406371593475, 0.024676254019141197, 0.010347644798457623, 0.016223784536123276, 0.01007520966231823, 0.02168881893157959, 0.020862368866801262, 0.012091359123587608, 0.010275724343955517, 0.026253091171383858, 0.048751406371593475, 0.023486947640776634, 0.5127556324005127, 0.011971873231232166, 0.00511434068903327], [0.04456125944852829, 0.04001815989613533, 0.0592767596244812, 0.0743279829621315, 0.05502144619822502, 0.04596562311053276, 0.06923624128103256, 0.04380498081445694, 0.029042189940810204, 0.051218707114458084, 0.04456125944852829, 0.04704516753554344, 0.03642717003822327, 0.033486537635326385, 0.027713481336832047, 0.04025771841406822, 0.06923624128103256, 0.04928537458181381, 0.0509699247777462, 0.06676968187093735, 0.021774161607027054], [0.0476190485060215, 0.0476190485060215, 0.0476190485060215, 0.0476190485060215, 0.0476190485060215, 0.0476190485060215, 0.0476190485060215, 0.0476190485060215, 0.0476190485060215, 0.0476190485060215, 0.0476190485060215, 0.0476190485060215, 0.0476190485060215, 0.0476190485060215, 0.0476190485060215, 0.0476190485060215, 0.0476190485060215, 0.0476190485060215, 0.0476190485060215, 0.0476190485060215, 0.0476190485060215]],