{"premise_tokens": ["(", "2000", "-", ")", "From", "age", "10", "Jasmine", "Thompson", "@@NULL@@"], "hypothesis_tokens": ["November", "8th", ",", "2000", "was", "the", "birth", "date", "of", "Jasmine", "Thompson", ".", "@@NULL@@"], "label_logits": [0.5462888479232788, -0.48553434014320374, -1.2312986850738525], "label_probs": [0.6555648446083069, 0.23361490666866302, 0.11082027107477188], "h2p_attention": [[0.0132518345490098, 0.7511901259422302, 0.01970960944890976, 0.012976937927305698, 0.08566787093877792, 0.02869388833642006, 0.03881683573126793, 0.03202332556247711, 0.010746067389845848, 0.006923571228981018], [0.038718126714229584, 0.4385106861591339, 0.03369830176234245, 0.0387742854654789, 0.25441664457321167, 0.034149300307035446, 0.080526202917099, 0.03994300961494446, 0.02214050106704235, 0.019122842699289322], [0.05994148924946785, 0.1476992964744568, 0.08148045837879181, 0.05943542346358299, 0.19277934730052948, 0.09539522975683212, 0.165897399187088, 0.08589479327201843, 0.058674491941928864, 0.05280197039246559], [6.104815838625655e-05, 0.9982080459594727, 5.711670019081794e-05, 6.181302887853235e-05, 0.0006690820446237922, 0.0002244708884973079, 0.0004972814349457622, 0.00012638643966056406, 6.0179347201483324e-05, 3.4604163374751806e-05], [0.0651499554514885, 0.1225886419415474, 0.07992742955684662, 0.06648645550012589, 0.2083340585231781, 0.11083163321018219, 0.11065289378166199, 0.10047055780887604, 0.07989734411239624, 0.05566110834479332], [0.07340779155492783, 0.14296770095825195, 0.07354453951120377, 0.07414409518241882, 0.22455720603466034, 0.0698576495051384, 0.10944380611181259, 0.08302650600671768, 0.08797165006399155, 0.06107916310429573], [0.044546790421009064, 0.17416644096374512, 0.09593958407640457, 0.0434911772608757, 0.20704689621925354, 0.14216376841068268, 0.12445272505283356, 0.08416705578565598, 0.050044771283864975, 0.03398081660270691], [0.07740557193756104, 0.18797536194324493, 0.08907182514667511, 0.07217102497816086, 0.23565104603767395, 0.07767877727746964, 0.07746724784374237, 0.09741326421499252, 0.05100197717547417, 0.03416392207145691], [0.04473431408405304, 0.2625616192817688, 0.05358854681253433, 0.04810749739408493, 0.20561908185482025, 0.07363247126340866, 0.1564473658800125, 0.06531249731779099, 0.049331821501255035, 0.040664803236722946], [0.004117829725146294, 0.011760956607758999, 0.005808056797832251, 0.004287825431674719, 0.008834616281092167, 0.006307397503405809, 0.0060710604302585125, 0.9456744194030762, 0.003917732276022434, 0.0032201074063777924], [0.07400282472372055, 0.11971728503704071, 0.08164341002702713, 0.07680625468492508, 0.1546735167503357, 0.0899115726351738, 0.09156631678342819, 0.08375334739685059, 0.1590859740972519, 0.06883950531482697], [0.07773394882678986, 0.21705158054828644, 0.06185736879706383, 0.0773945227265358, 0.1336037516593933, 0.09513594955205917, 0.12838689982891083, 0.07852544635534286, 0.07297498732805252, 0.05733560398221016], [0.09999998658895493, 0.09999998658895493, 0.09999998658895493, 0.09999998658895493, 0.09999998658895493, 0.09999998658895493, 0.09999998658895493, 0.09999998658895493, 0.09999998658895493, 0.09999998658895493]], "p2h_attention": [[0.10292226076126099, 0.10887429118156433, 0.061043694615364075, 0.0948653519153595, 0.0629398450255394, 0.0646267831325531, 0.07049300521612167, 0.12183381617069244, 0.05915418267250061, 0.06876405328512192, 0.057806141674518585, 0.07290373742580414, 0.05377289652824402], [0.003739680163562298, 0.0007903919322416186, 9.641459473641589e-05, 0.9942771792411804, 7.591248140670359e-05, 8.067881572060287e-05, 0.00017666295752860606, 0.0001896479370770976, 0.0002225498465122655, 0.00012588873505592346, 5.994236562401056e-05, 0.0001304827892454341, 3.446789560257457e-05], [0.1278882771730423, 0.07916594296693802, 0.06932441890239716, 0.07415108382701874, 0.06450997292995453, 0.0540928989648819, 0.12683728337287903, 0.11712659150362015, 0.05920196697115898, 0.08102954924106598, 0.05328025296330452, 0.048467427492141724, 0.04492446407675743], [0.10079760104417801, 0.10904344171285629, 0.060534555464982986, 0.09606379270553589, 0.06423763930797577, 0.06528174132108688, 0.06882965564727783, 0.11360656470060349, 0.06362126767635345, 0.07161020487546921, 0.06000218167901039, 0.07259288430213928, 0.05377844348549843], [0.1500689536333084, 0.16136009991168976, 0.04428059235215187, 0.23450607061386108, 0.04539536312222481, 0.04458995535969734, 0.07389890402555466, 0.08365747332572937, 0.06132644787430763, 0.033275190740823746, 0.027250930666923523, 0.028261633589863777, 0.012128387577831745], [0.13135585188865662, 0.05660039559006691, 0.05726201459765434, 0.20559945702552795, 0.06311056017875671, 0.03625024855136871, 0.13260053098201752, 0.07206506282091141, 0.057390596717596054, 0.062082625925540924, 0.041396912187337875, 0.05259087309241295, 0.03169495612382889], [0.11842584609985352, 0.08894906938076019, 0.06636606156826019, 0.30355027318000793, 0.04199209436774254, 0.03784903138875961, 0.07736191898584366, 0.047896858304739, 0.08126549422740936, 0.03982454910874367, 0.028096657246351242, 0.047299113124608994, 0.021123051643371582], [0.014483088627457619, 0.006540533155202866, 0.005093797110021114, 0.01143660768866539, 0.005652125459164381, 0.004256460815668106, 0.007755917031317949, 0.008928435854613781, 0.005029240623116493, 0.9195942282676697, 0.0038096876814961433, 0.0042885541915893555, 0.0031313018407672644], [0.08428437262773514, 0.06287276744842529, 0.06034298241138458, 0.09443797916173935, 0.07794855535030365, 0.0782126933336258, 0.07997467368841171, 0.0810675248503685, 0.06587734073400497, 0.066068135201931, 0.12549364566802979, 0.0691157877445221, 0.05430346727371216], [0.07692307978868484, 0.07692307978868484, 0.07692307978868484, 0.07692307978868484, 0.07692307978868484, 0.07692307978868484, 0.07692307978868484, 0.07692307978868484, 0.07692307978868484, 0.07692307978868484, 0.07692307978868484, 0.07692307978868484, 0.07692307978868484]], "claim": "November 8th, 2000 was the birth date of Jasmine Thompson.", "premise_source_doc_id": "Child_singer", "premise_source_doc_line_num": 336, "premise_source_doc_sentence": " (  2000 -  )  From age 10 Jasmine Thompson"}
