{"premise_tokens": ["Charles", "Salvador", "(", "born", "1952", ")", ",", "more", "commonly", "known", "as", "Charles", "Bronson", "and", "born", "Michael", "Peterson", ",", "a", "British", "criminal", "@@NULL@@"], "hypothesis_tokens": ["Bronson", "was", "about", "Charles", "Salvador", ".", "@@NULL@@"], "label_logits": [-0.2550602853298187, -0.6250274777412415, -0.7843971252441406], "label_probs": [0.4386441111564636, 0.3029964864253998, 0.2583594024181366], "h2p_attention": [[0.037536125630140305, 0.06946009397506714, 0.032311100512742996, 0.04851978272199631, 0.06946009397506714, 0.03353513404726982, 0.03339953348040581, 0.04256752133369446, 0.04643680900335312, 0.048930343240499496, 0.04283053055405617, 0.037536125630140305, 0.06946009397506714, 0.038122985512018204, 0.04851978272199631, 0.058306965976953506, 0.040124934166669846, 0.03339953348040581, 0.04112720489501953, 0.056775618344545364, 0.04158295691013336, 0.03005669265985489], [0.05106319487094879, 0.029585396870970726, 0.024124547839164734, 0.06184295564889908, 0.029585396870970726, 0.024619445204734802, 0.0347091369330883, 0.04074384272098541, 0.08220463246107101, 0.07738664001226425, 0.055084049701690674, 0.05106319487094879, 0.029585396870970726, 0.044274166226387024, 0.06184295564889908, 0.03908142074942589, 0.045120250433683395, 0.0347091369330883, 0.054505009204149246, 0.04447105899453163, 0.06378742307424545, 0.02061089687049389], [0.026322919875383377, 0.016990410163998604, 0.010893382132053375, 0.06299018114805222, 0.016990410163998604, 0.010520410723984241, 0.020544616505503654, 0.17461884021759033, 0.04463009908795357, 0.08699800819158554, 0.11311864852905273, 0.026322919875383377, 0.016990410163998604, 0.03134003281593323, 0.06299018114805222, 0.03236476704478264, 0.06509754061698914, 0.020544616505503654, 0.05421824008226395, 0.0423637256026268, 0.05402946472167969, 0.00912025012075901], [0.48370566964149475, 0.0007313997484743595, 0.000634984637144953, 0.004503303673118353, 0.0007313997484743595, 0.000634566938970238, 0.0010892748832702637, 0.0018337540095672011, 0.0020508132874965668, 0.0018134067067876458, 0.001891645952127874, 0.48370566964149475, 0.0007313997484743595, 0.0011804812820628285, 0.004503303673118353, 0.002667388878762722, 0.0012714986223727465, 0.0010892748832702637, 0.0014395475154742599, 0.0016189513262361288, 0.001586577040143311, 0.000585661269724369], [0.037536125630140305, 0.06946009397506714, 0.032311100512742996, 0.04851978272199631, 0.06946009397506714, 0.03353513404726982, 0.03339953348040581, 0.04256752133369446, 0.04643680900335312, 0.048930343240499496, 0.04283053055405617, 0.037536125630140305, 0.06946009397506714, 0.038122985512018204, 0.04851978272199631, 0.058306965976953506, 0.040124934166669846, 0.03339953348040581, 0.04112720489501953, 0.056775618344545364, 0.04158295691013336, 0.03005669265985489], [0.04226947948336601, 0.03333362191915512, 0.03550742194056511, 0.05450138449668884, 0.03333362191915512, 0.03535237908363342, 0.03493178263306618, 0.06328296661376953, 0.05841858312487602, 0.06859397143125534, 0.05443445220589638, 0.04226947948336601, 0.03333362191915512, 0.05081507936120033, 0.05450138449668884, 0.04187002032995224, 0.04458636790513992, 0.03493178263306618, 0.051728371530771255, 0.03196195885539055, 0.07385251671075821, 0.026189839467406273], [0.04545453563332558, 0.04545453563332558, 0.04545453563332558, 0.04545453563332558, 0.04545453563332558, 0.04545453563332558, 0.04545453563332558, 0.04545453563332558, 0.04545453563332558, 0.04545453563332558, 0.04545453563332558, 0.04545453563332558, 0.04545453563332558, 0.04545453563332558, 0.04545453563332558, 0.04545453563332558, 0.04545453563332558, 0.04545453563332558, 0.04545453563332558, 0.04545453563332558, 0.04545453563332558, 0.04545453563332558]], "p2h_attention": [[0.0014931377954781055, 0.002962120808660984, 0.003450792981311679, 0.9874753952026367, 0.0014931377954781055, 0.0019296820973977447, 0.0011956157395616174], [0.20197409391403198, 0.12545327842235565, 0.16281656920909882, 0.10914648324251175, 0.20197409391403198, 0.11123748868703842, 0.087398000061512], [0.1351376175880432, 0.1471390575170517, 0.15014876425266266, 0.13629575073719025, 0.1351376175880432, 0.17043235898017883, 0.12570880353450775], [0.06752608716487885, 0.12551259994506836, 0.28890833258628845, 0.3216463327407837, 0.06752608716487885, 0.08704998344182968, 0.04183059185743332], [0.20197409391403198, 0.12545327842235565, 0.16281656920909882, 0.10914648324251175, 0.20197409391403198, 0.11123748868703842, 0.087398000061512], [0.1392429620027542, 0.14907190203666687, 0.14395953714847565, 0.13522137701511383, 0.1392429620027542, 0.16846133768558502, 0.1247999519109726], [0.10733511298894882, 0.1626632809638977, 0.21758753061294556, 0.1796526312828064, 0.10733511298894882, 0.12883403897285461, 0.09659232944250107], [0.046429604291915894, 0.06480713933706284, 0.6276856064796448, 0.10264845937490463, 0.046429604291915894, 0.07921578735113144, 0.032783687114715576], [0.08260054886341095, 0.21323633193969727, 0.2616272270679474, 0.18721532821655273, 0.08260054886341095, 0.11925594508647919, 0.05346404016017914], [0.06997369229793549, 0.1613863706588745, 0.4100155532360077, 0.1330903023481369, 0.06997369229793549, 0.11257731914520264, 0.042983103543519974], [0.05880142003297806, 0.11028198897838593, 0.5118032693862915, 0.13328123092651367, 0.05880142003297806, 0.08576629310846329, 0.041264403611421585], [0.0014931377954781055, 0.002962120808660984, 0.003450792981311679, 0.9874753952026367, 0.0014931377954781055, 0.0019296820973977447, 0.0011956157395616174], [0.20197409391403198, 0.12545327842235565, 0.16281656920909882, 0.10914648324251175, 0.20197409391403198, 0.11123748868703842, 0.087398000061512], [0.09699205309152603, 0.16426457464694977, 0.2627744674682617, 0.15413561463356018, 0.09699205309152603, 0.14837141335010529, 0.07646988332271576], [0.06752608716487885, 0.12551259994506836, 0.28890833258628845, 0.3216463327407837, 0.06752608716487885, 0.08704998344182968, 0.04183059185743332], [0.11772789061069489, 0.11507304012775421, 0.21536040306091309, 0.276401162147522, 0.11772789061069489, 0.09702205657958984, 0.06068762019276619], [0.07913181930780411, 0.12976354360580444, 0.42309311032295227, 0.12869077920913696, 0.07913181930780411, 0.10091306269168854, 0.05927588790655136], [0.10733511298894882, 0.1626632809638977, 0.21758753061294556, 0.1796526312828064, 0.10733511298894882, 0.12883403897285461, 0.09659232944250107], [0.08164666593074799, 0.1577938199043274, 0.35472285747528076, 0.14666618406772614, 0.08164666593074799, 0.11785457283258438, 0.059669237583875656], [0.12135670334100723, 0.1386193037033081, 0.29842180013656616, 0.177594855427742, 0.12135670334100723, 0.0784049853682518, 0.0642455592751503], [0.07553890347480774, 0.1689797341823578, 0.3234598934650421, 0.14791463315486908, 0.07553890347480774, 0.1539674699306488, 0.054600488394498825], [0.1428571492433548, 0.1428571492433548, 0.1428571492433548, 0.1428571492433548, 0.1428571492433548, 0.1428571492433548, 0.1428571492433548]], "claim": "Bronson was about Charles Salvador.", "premise_source_doc_id": "Charles_Bronson_-LRB-disambiguation-RRB-", "premise_source_doc_line_num": 6, "premise_source_doc_sentence": "Charles Salvador  (  born 1952  )  , more commonly known as Charles Bronson and born Michael Peterson , a British criminal"}
