{"premise_tokens": ["Leslie", "William", "Nielsen", ",", "OC", "(", "11", "February", "192628", "November", "2010", ")", "was", "a", "Canadian", "actor", ",", "comedian", ",", "and", "producer", ".", "@@NULL@@"], "hypothesis_tokens": ["Leslie", "Nielsen", "was", "an", "end", "table", ".", "@@NULL@@"], "label_logits": [-2.2948386669158936, 0.6017786860466003, 0.708591639995575], "label_probs": [0.02546646259725094, 0.46126827597618103, 0.5132652521133423], "h2p_attention": [[0.06539371609687805, 0.03589089214801788, 0.06539371609687805, 0.031444236636161804, 0.06539371609687805, 0.030419522896409035, 0.03605031222105026, 0.04531262069940567, 0.06539371609687805, 0.04391990229487419, 0.04394857585430145, 0.031571898609399796, 0.04061835631728172, 0.03871950879693031, 0.05857608839869499, 0.03638739883899689, 0.031444236636161804, 0.04642831161618233, 0.031444236636161804, 0.03589116781949997, 0.05604500696063042, 0.036015670746564865, 0.028297094628214836], [0.06539371609687805, 0.03589089214801788, 0.06539371609687805, 0.031444236636161804, 0.06539371609687805, 0.030419522896409035, 0.03605031222105026, 0.04531262069940567, 0.06539371609687805, 0.04391990229487419, 0.04394857585430145, 0.031571898609399796, 0.04061835631728172, 0.03871950879693031, 0.05857608839869499, 0.03638739883899689, 0.031444236636161804, 0.04642831161618233, 0.031444236636161804, 0.03589116781949997, 0.05604500696063042, 0.036015670746564865, 0.028297094628214836], [0.025701075792312622, 0.04384598881006241, 0.025701075792312622, 0.030152112245559692, 0.025701075792312622, 0.020957190543413162, 0.03649770841002464, 0.07814798504114151, 0.025701075792312622, 0.0682326927781105, 0.04317730665206909, 0.021387115120887756, 0.16241872310638428, 0.04734894633293152, 0.038354430347681046, 0.04844304919242859, 0.030152112245559692, 0.04498058184981346, 0.030152112245559692, 0.03846133127808571, 0.05552053079009056, 0.04106081277132034, 0.0179048553109169], [0.024372559040784836, 0.03656062111258507, 0.024372559040784836, 0.04261309280991554, 0.024372559040784836, 0.01975925639271736, 0.07781478017568588, 0.04572905972599983, 0.024372559040784836, 0.04041557386517525, 0.03920873999595642, 0.022205017507076263, 0.049616217613220215, 0.0875474065542221, 0.03781693056225777, 0.08376473933458328, 0.04261309280991554, 0.04490460455417633, 0.04261309280991554, 0.043063800781965256, 0.08560650795698166, 0.044547732919454575, 0.016109507530927658], [0.031621240079402924, 0.024478720501065254, 0.031621240079402924, 0.02583288960158825, 0.031621240079402924, 0.026139186695218086, 0.13917618989944458, 0.07136217504739761, 0.031621240079402924, 0.07140560448169708, 0.042754147201776505, 0.027669349685311317, 0.03822200372815132, 0.040740612894296646, 0.029755737632513046, 0.035972803831100464, 0.02583288960158825, 0.04403280094265938, 0.02583288960158825, 0.03849496692419052, 0.0899629145860672, 0.060580987483263016, 0.015268092975020409], [0.019680814817547798, 0.017350932583212852, 0.019680814817547798, 0.013685228303074837, 0.019680814817547798, 0.0146181033924222, 0.017355546355247498, 0.02512659877538681, 0.019680814817547798, 0.02504035085439682, 0.020502418279647827, 0.017817996442317963, 0.025703122839331627, 0.0336904302239418, 0.02272641658782959, 0.03853485733270645, 0.013685228303074837, 0.09535069763660431, 0.013685228303074837, 0.01632215455174446, 0.47943753004074097, 0.022770408540964127, 0.007873519323766232], [0.03187594190239906, 0.034523941576480865, 0.03187594190239906, 0.03340422362089157, 0.03187594190239906, 0.0339546836912632, 0.06965573877096176, 0.05114253982901573, 0.03187594190239906, 0.04924626648426056, 0.06666542589664459, 0.033806417137384415, 0.05743412673473358, 0.049466297030448914, 0.03199644386768341, 0.04154869168996811, 0.03340422362089157, 0.04604930803179741, 0.03340422362089157, 0.0485929436981678, 0.05635801702737808, 0.0767982229590416, 0.025044556707143784], [0.04347826912999153, 0.04347826912999153, 0.04347826912999153, 0.04347826912999153, 0.04347826912999153, 0.04347826912999153, 0.04347826912999153, 0.04347826912999153, 0.04347826912999153, 0.04347826912999153, 0.04347826912999153, 0.04347826912999153, 0.04347826912999153, 0.04347826912999153, 0.04347826912999153, 0.04347826912999153, 0.04347826912999153, 0.04347826912999153, 0.04347826912999153, 0.04347826912999153, 0.04347826912999153, 0.04347826912999153, 0.04347826912999153]],