{"premise_tokens": ["It", "was", "ported", "to", "the", "PlayStation", "as", "Hellboy", ":", "Asylum", "Seeker", ",", "developed", "by", "Hoplite", "Research", "and", "released", "in", "2004", ".", "@@NULL@@"], "hypothesis_tokens": ["Hellboy", "is", "a", "film", "released", "in", "2004", ".", "@@NULL@@"], "label_logits": [0.22129172086715698, -0.3955658972263336, -0.29906463623046875], "label_probs": [0.4686153531074524, 0.2528824210166931, 0.2785021960735321], "h2p_attention": [[0.05232122540473938, 0.038881491869688034, 0.06259744614362717, 0.04547582194209099, 0.03901324421167374, 0.05545513704419136, 0.03859887644648552, 0.06259744614362717, 0.028990067541599274, 0.06259744614362717, 0.05869777500629425, 0.030099663883447647, 0.03792121633887291, 0.036800507456064224, 0.06259744614362717, 0.040849924087524414, 0.03435644134879112, 0.04301382228732109, 0.044974926859140396, 0.06259744614362717, 0.034475620836019516, 0.027087096124887466], [0.33872440457344055, 0.03297507390379906, 0.011095745489001274, 0.09167665243148804, 0.03567921742796898, 0.016671577468514442, 0.07661713659763336, 0.011095745489001274, 0.010755705647170544, 0.011095745489001274, 0.022836484014987946, 0.01731049455702305, 0.01841481402516365, 0.12293468415737152, 0.011095745489001274, 0.03347839415073395, 0.0193764790892601, 0.012346692383289337, 0.06362792104482651, 0.011095745489001274, 0.024930467829108238, 0.006164985708892345], [0.11651954799890518, 0.041015103459358215, 0.02122228965163231, 0.07435480505228043, 0.04757816344499588, 0.05049042031168938, 0.08987747877836227, 0.02122228965163231, 0.020749371498823166, 0.02122228965163231, 0.05530273914337158, 0.04243376851081848, 0.046035170555114746, 0.057327281683683395, 0.02122228965163231, 0.045032039284706116, 0.045891471207141876, 0.040658652782440186, 0.07447914034128189, 0.02122228965163231, 0.03063376247882843, 0.015509732998907566], [0.06963825970888138, 0.02249263972043991, 0.02703954093158245, 0.05320121720433235, 0.03368743136525154, 0.0330817811191082, 0.04151720553636551, 0.02703954093158245, 0.016817336902022362, 0.02703954093158245, 0.08678945153951645, 0.01797124370932579, 0.06453119218349457, 0.03260737657546997, 0.02703954093158245, 0.037720080465078354, 0.021900881081819534, 0.16140855848789215, 0.12667447328567505, 0.02703954093158245, 0.03060031123459339, 0.014162903651595116], [0.0037541696801781654, 0.0033378894440829754, 0.0025184599217027426, 0.003038449678570032, 0.002381636993959546, 0.030191566795110703, 0.00308254174888134, 0.0025184599217027426, 0.0022477346938103437, 0.0025184599217027426, 0.006676612887531519, 0.0021367878653109074, 0.004870800767093897, 0.002248101169243455, 0.0025184599217027426, 0.002521718852221966, 0.002652966883033514, 0.9101442694664001, 0.003830140456557274, 0.0025184599217027426, 0.0027063926681876183, 0.001585949445143342], [0.08291961252689362, 0.023268701508641243, 0.016305996105074883, 0.04247094318270683, 0.029354577884078026, 0.019869424402713776, 0.041234590113162994, 0.016305996105074883, 0.013296355493366718, 0.016305996105074883, 0.04759790748357773, 0.021607641130685806, 0.04307274520397186, 0.03912908211350441, 0.016305996105074883, 0.041301317512989044, 0.022070903331041336, 0.02371726743876934, 0.3928297758102417, 0.016305996105074883, 0.024908605962991714, 0.009820629842579365], [0.05232120305299759, 0.038881491869688034, 0.06259743124246597, 0.04547581076622009, 0.03901324048638344, 0.05545513331890106, 0.03859887272119522, 0.06259743124246597, 0.028990061953663826, 0.06259743124246597, 0.05869777500629425, 0.0300996582955122, 0.03792122006416321, 0.036800503730773926, 0.06259743124246597, 0.04084990918636322, 0.034356437623500824, 0.04301382228732109, 0.044974926859140396, 0.06259743124246597, 0.034475620836019516, 0.027087092399597168], [0.10953446477651596, 0.05366075411438942, 0.02978171594440937, 0.05466349050402641, 0.04788684844970703, 0.04396287351846695, 0.04863413795828819, 0.02978171594440937, 0.02832072786986828, 0.02978171594440937, 0.047916434705257416, 0.031209595501422882, 0.04939601197838783, 0.050933774560689926, 0.02978171594440937, 0.04514129459857941, 0.04540043696761131, 0.03993019834160805, 0.05934859439730644, 0.02978171594440937, 0.0717526525259018, 0.023399151861667633], [0.04545453563332558, 0.04545453563332558, 0.04545453563332558, 0.04545453563332558, 0.04545453563332558, 0.04545453563332558, 0.04545453563332558, 0.04545453563332558, 0.04545453563332558, 0.04545453563332558, 0.04545453563332558, 0.04545453563332558, 0.04545453563332558, 0.04545453563332558, 0.04545453563332558, 0.04545453563332558, 0.04545453563332558, 0.04545453563332558, 0.04545453563332558, 0.04545453563332558, 0.04545453563332558, 0.04545453563332558]],