{"premise_tokens": ["Grand", "Theft", "Auto", "IV", "is", "an", "open", "world", "action", "-", "adventure", "third", "-", "person", "shooter", "video", "game", "developed", "by", "Rockstar", "North", "and", "published", "by", "Rockstar", "Games", ".", "@@NULL@@"], "hypothesis_tokens": ["Grand", "Theft", "Auto", "IV", "was", "published", "by", "Stephen", "King", ".", "@@NULL@@"], "label_logits": [-1.0952004194259644, 0.8522774577140808, -0.4381098747253418], "label_probs": [0.10060206800699234, 0.705319344997406, 0.19407860934734344], "h2p_attention": [[0.5728882551193237, 0.019435595721006393, 0.02505592815577984, 0.012990418821573257, 0.01577829010784626, 0.01911311224102974, 0.011464628390967846, 0.028088677674531937, 0.0101009551435709, 0.010011372156441212, 0.026306528598070145, 0.01982184499502182, 0.010011372156441212, 0.01305865217000246, 0.011690174229443073, 0.009237644262611866, 0.019710032269358635, 0.02473493292927742, 0.011422175914049149, 0.021878091618418694, 0.012882202863693237, 0.012123284861445427, 0.01167994923889637, 0.011422175914049149, 0.021878091618418694, 0.017725899815559387, 0.012230929918587208, 0.007258877623826265], [0.00864600669592619, 0.5861120820045471, 0.028916435316205025, 0.009906405583024025, 0.006635679397732019, 0.004494449123740196, 0.017920007929205894, 0.00793152954429388, 0.008032439276576042, 0.009404512122273445, 0.018103953450918198, 0.01577099971473217, 0.009404512122273445, 0.018254006281495094, 0.015207672491669655, 0.009591217152774334, 0.016550296917557716, 0.007759714964777231, 0.006191031076014042, 0.0735941007733345, 0.003977136220782995, 0.004240254405885935, 0.012787324376404285, 0.006191031076014042, 0.0735941007733345, 0.011786157265305519, 0.005767952185124159, 0.003229142166674137], [0.0056034596636891365, 0.014536936767399311, 0.8081635236740112, 0.005895567126572132, 0.0042404732666909695, 0.0034806146286427975, 0.02036057412624359, 0.004533126950263977, 0.0071854498237371445, 0.004750698804855347, 0.01462214719504118, 0.003343697637319565, 0.004750698804855347, 0.004861364606767893, 0.008980287238955498, 0.00513672549277544, 0.01030473317950964, 0.007195979822427034, 0.004156089853495359, 0.01559190358966589, 0.004331471864134073, 0.002056475030258298, 0.004304019268602133, 0.004156089853495359, 0.01559190358966589, 0.007442311383783817, 0.0028003635816276073, 0.001623361837118864], [0.031232396140694618, 0.05354026332497597, 0.0633813887834549, 0.11880161613225937, 0.03400130197405815, 0.02809063531458378, 0.04687635228037834, 0.022416990250349045, 0.029728611931204796, 0.027152199298143387, 0.0239956546574831, 0.026868293061852455, 0.027152199298143387, 0.033187881112098694, 0.032657690346241, 0.021877584978938103, 0.028537556529045105, 0.06156831234693527, 0.02789507433772087, 0.046194784343242645, 0.023164574056863785, 0.02277342416346073, 0.02821754850447178, 0.02789507433772087, 0.046194784343242645, 0.02602415531873703, 0.023121299222111702, 0.01745225489139557], [0.02243218384683132, 0.04583427309989929, 0.03256658837199211, 0.024109527468681335, 0.06349699199199677, 0.03656292334198952, 0.04149988666176796, 0.020053958520293236, 0.04048740863800049, 0.017046824097633362, 0.03626811131834984, 0.029398133978247643, 0.017046824097633362, 0.10078846663236618, 0.037082526832818985, 0.023541023954749107, 0.040200769901275635, 0.028755873441696167, 0.04356854036450386, 0.054226819425821304, 0.02666282095015049, 0.02550075203180313, 0.028164369985461235, 0.04356854036450386, 0.054226819425821304, 0.02781333029270172, 0.02722426876425743, 0.011871333234012127], [0.008660235442221165, 0.021313302218914032, 0.014269772917032242, 0.008702137507498264, 0.011093386448919773, 0.010128027759492397, 0.009147503413259983, 0.010532831773161888, 0.011586017906665802, 0.00774044543504715, 0.04957251995801926, 0.010317866690456867, 0.00774044543504715, 0.011425391770899296, 0.06822079420089722, 0.03941980004310608, 0.031715672463178635, 0.027946574613451958, 0.013977841474115849, 0.05914948508143425, 0.00811703223735094, 0.006272036116570234, 0.44532865285873413, 0.013977841474115849, 0.05914948508143425, 0.022397730499505997, 0.006714991759508848, 0.005382180213928223], [0.0011649287771433592, 0.0014193699462339282, 0.0018953506369143724, 0.0011833029566332698, 0.014762582257390022, 0.0073572383262217045, 0.0019535806495696306, 0.0017323610372841358, 0.00788452010601759, 0.0013619649689644575, 0.0040902127511799335, 0.0034953777212649584, 0.0013619649689644575, 0.006194801069796085, 0.0028202475514262915, 0.0032517677173018456, 0.005315284710377455, 0.002185767749324441, 0.45831066370010376, 0.0011254013516008854, 0.002199129667133093, 0.0014161235885694623, 0.0019226575968787074, 0.45831066370010376, 0.0011254013516008854, 0.003807559609413147, 0.0016114827012643218, 0.0007403208874166012], [0.018716953694820404, 0.03955712541937828, 0.0373665951192379, 0.025912603363394737, 0.046116676181554794, 0.0329183004796505, 0.03622017800807953, 0.028963636606931686, 0.030131150037050247, 0.027545344084501266, 0.05248270556330681, 0.03970582038164139, 0.027545344084501266, 0.05347651243209839, 0.08319245278835297, 0.055995531380176544, 0.0530758872628212, 0.026703035458922386, 0.03303026407957077, 0.01830555684864521, 0.03369259089231491, 0.019047951325774193, 0.037347979843616486, 0.03303026407957077, 0.01830555684864521, 0.05365144461393356, 0.020679360255599022, 0.017283180728554726], [0.014972157776355743, 0.02973213419318199, 0.016360700130462646, 0.03523654863238335, 0.04628078639507294, 0.03336629644036293, 0.01881546340882778, 0.017191432416439056, 0.02345830574631691, 0.016499731689691544, 0.03581121936440468, 0.06709162145853043, 0.016499731689691544, 0.08620193600654602, 0.04391491413116455, 0.03804926574230194, 0.06051759049296379, 0.026107877492904663, 0.08857031911611557, 0.024486461654305458, 0.025173403322696686, 0.022887729108333588, 0.0285752285271883, 0.08857031911611557, 0.024486461654305458, 0.040309179574251175, 0.020760808140039444, 0.010072238743305206], [0.02835269458591938, 0.03005652315914631, 0.029027078300714493, 0.022292817011475563, 0.06804602593183517, 0.046531569212675095, 0.05450691655278206, 0.027690382674336433, 0.035805556923151016, 0.01815396174788475, 0.030112341046333313, 0.044312018901109695, 0.01815396174788475, 0.08542189747095108, 0.030862627550959587, 0.021967755630612373, 0.04218907654285431, 0.03552188724279404, 0.03662773221731186, 0.03418975695967674, 0.03703008219599724, 0.032648567110300064, 0.020993823185563087, 0.03662773221731186, 0.03418975695967674, 0.030261436477303505, 0.05159910395741463, 0.01682690903544426], [0.035714294761419296, 0.035714294761419296, 0.035714294761419296, 0.035714294761419296, 0.035714294761419296, 0.035714294761419296, 0.035714294761419296, 0.035714294761419296, 0.035714294761419296, 0.035714294761419296, 0.035714294761419296, 0.035714294761419296, 0.035714294761419296, 0.035714294761419296, 0.035714294761419296, 0.035714294761419296, 0.035714294761419296, 0.035714294761419296, 0.035714294761419296, 0.035714294761419296, 0.035714294761419296, 0.035714294761419296, 0.035714294761419296, 0.035714294761419296, 0.035714294761419296, 0.035714294761419296, 0.035714294761419296, 0.035714294761419296]],