{"premise_tokens": ["Critics", "of", "black", "feminism", "argue", "that", "racial", "divisions", "weaken", "the", "strength", "of", "the", "overall", "feminist", "movement", ".", "@@NULL@@"], "hypothesis_tokens": ["Black", "feminism", "has", "had", "proponents", "that", "argue", "that", "racial", "divisions", "weaken", "the", "overall", "feminist", "movement", ".", "@@NULL@@"], "label_logits": [4.0230584144592285, 2.8902111053466797, -10.059281349182129], "label_probs": [0.7563635110855103, 0.2436358779668808, 5.792257979919668e-07], "h2p_attention": [[0.001472669537179172, 0.001461757579818368, 0.906622052192688, 0.002476208610460162, 0.000972119567450136, 0.000893997261300683, 0.07345232367515564, 0.0006044183974154294, 0.0006044183974154294, 0.0007337116985581815, 0.0009148130193352699, 0.001461757579818368, 0.0007337116985581815, 0.0008382883388549089, 0.0028004958294332027, 0.0027801680844277143, 0.0007434756262227893, 0.00043367542093619704], [0.00028152388404123485, 6.572928396053612e-05, 0.00020196019613649696, 0.9662455320358276, 0.0004416335141286254, 0.00014558139082510024, 0.008116251789033413, 0.00011177921260241419, 0.00011177921260241419, 8.027455623960122e-05, 0.0001650134800001979, 6.572928396053612e-05, 8.027455623960122e-05, 6.712661706842482e-05, 0.021617386490106583, 0.0020742055494338274, 9.302992839366198e-05, 3.5370678233448416e-05], [0.077259860932827, 0.029316745698451996, 0.07561641931533813, 0.048933763056993484, 0.048502758145332336, 0.07848125696182251, 0.30518466234207153, 0.01852986216545105, 0.01852986216545105, 0.03602468594908714, 0.0466294027864933, 0.029316745698451996, 0.03602468594908714, 0.03200371190905571, 0.04184012487530708, 0.03935854509472847, 0.02790164202451706, 0.010545287281274796], [0.11582886427640915, 0.009665166027843952, 0.04652125760912895, 0.04279641434550285, 0.06277944147586823, 0.02643381617963314, 0.5220656991004944, 0.01016752328723669, 0.01016752328723669, 0.012320835143327713, 0.04065237194299698, 0.009665166027843952, 0.012320835143327713, 0.009381265379488468, 0.03326926380395889, 0.018709896132349968, 0.012569345533847809, 0.0046852524392306805], [0.06906524300575256, 0.036852892488241196, 0.042338546365499496, 0.09600205719470978, 0.06404132395982742, 0.04950527846813202, 0.0862559825181961, 0.0702032521367073, 0.0702032521367073, 0.0437534935772419, 0.054414812475442886, 0.036852892488241196, 0.0437534935772419, 0.03722690790891647, 0.0769975557923317, 0.05349016189575195, 0.03866453096270561, 0.030378274619579315], [0.06322723627090454, 0.05011948198080063, 0.03183022886514664, 0.06355225294828415, 0.06281881779432297, 0.18777236342430115, 0.08627264946699142, 0.025162668898701668, 0.025162668898701668, 0.06501343846321106, 0.036715246737003326, 0.05011948198080063, 0.06501343846321106, 0.04445508494973183, 0.048556115478277206, 0.04182073473930359, 0.03694746270775795, 0.015440747141838074], [0.12771683931350708, 0.003036792855709791, 0.004730512388050556, 0.026349475607275963, 0.6484338641166687, 0.008585680276155472, 0.06625013798475266, 0.0044488790445029736, 0.0044488790445029736, 0.004775725770741701, 0.022918766364455223, 0.003036792855709791, 0.004775725770741701, 0.005844699218869209, 0.04627843201160431, 0.011576881632208824, 0.004681572783738375, 0.0021103443577885628], [0.06322723627090454, 0.05011948198080063, 0.03183022886514664, 0.06355225294828415, 0.06281881779432297, 0.18777236342430115, 0.08627264946699142, 0.025162668898701668, 0.025162668898701668, 0.06501343846321106, 0.036715246737003326, 0.05011948198080063, 0.06501343846321106, 0.04445508494973183, 0.048556115478277206, 0.04182073473930359, 0.03694746270775795, 0.015440747141838074], [1.3284210581332445e-05, 8.711105010661413e-07, 4.271143552614376e-05, 5.786494875792414e-05, 7.916569302324206e-06, 1.4089915794102126e-06, 0.9998130202293396, 7.160272161854664e-07, 7.160272161854664e-07, 5.283653194965154e-07, 3.8101084101072047e-06, 8.711105010661413e-07, 5.283653194965154e-07, 1.140234417107422e-06, 3.396550891920924e-05, 1.9466433514025994e-05, 9.196216410600755e-07, 2.521758517559647e-07], [0.06906524300575256, 0.036852892488241196, 0.042338546365499496, 0.09600205719470978, 0.06404132395982742, 0.04950527846813202, 0.0862559825181961, 0.0702032521367073, 0.0702032521367073, 0.0437534935772419, 0.054414812475442886, 0.036852892488241196, 0.0437534935772419, 0.03722690790891647, 0.0769975557923317, 0.05349016189575195, 0.03866453096270561, 0.030378274619579315], [0.06906524300575256, 0.036852892488241196, 0.042338546365499496, 0.09600205719470978, 0.06404132395982742, 0.04950527846813202, 0.0862559825181961, 0.0702032521367073, 0.0702032521367073, 0.0437534935772419, 0.054414812475442886, 0.036852892488241196, 0.0437534935772419, 0.03722690790891647, 0.0769975557923317, 0.05349016189575195, 0.03866453096270561, 0.030378274619579315], [0.061119068413972855, 0.05225463584065437, 0.03836546093225479, 0.05146526172757149, 0.051317520439624786, 0.09548045694828033, 0.04751276224851608, 0.032660987228155136, 0.032660987228155136, 0.12055426836013794, 0.037432070821523666, 0.05225463584065437, 0.12055426836013794, 0.03620567545294762, 0.06177837774157524, 0.03929862007498741, 0.046408310532569885, 0.02267669327557087], [0.046648621559143066, 0.03723067417740822, 0.039011187851428986, 0.03830115124583244, 0.055894531309604645, 0.05810500681400299, 0.09125379472970963, 0.024731723591685295, 0.024731723591685295, 0.032222360372543335, 0.037582430988550186, 0.03723067417740822, 0.032222360372543335, 0.3037802577018738, 0.04997314140200615, 0.037966836243867874, 0.03293171897530556, 0.020181825384497643], [0.002141272649168968, 0.00013332036905921996, 0.0005717555177398026, 0.05411280319094658, 0.001941625727340579, 0.0002784298558253795, 0.011925452388823032, 0.000224416158744134, 0.000224416158744134, 0.00024121107708197087, 0.0005848444998264313, 0.00013332036905921996, 0.00024121107708197087, 0.00021923826716374606, 0.922464907169342, 0.004260360263288021, 0.00021291940356604755, 8.854015322867781e-05], [0.014776070602238178, 0.0034789962228387594, 0.014066807925701141, 0.12867604196071625, 0.012037261389195919, 0.005943094380199909, 0.16938385367393494, 0.003863671561703086, 0.003863671561703086, 0.003802655730396509, 0.012263123877346516, 0.0034789962228387594, 0.003802655730396509, 0.004127940628677607, 0.10558334738016129, 0.5042362809181213, 0.004421250429004431, 0.002194266300648451], [0.060554925352334976, 0.042214781045913696, 0.04705846682190895, 0.07219631969928741, 0.0608939602971077, 0.06568285822868347, 0.10010170936584473, 0.03493698313832283, 0.03493698313832283, 0.05617612600326538, 0.04912373796105385, 0.042214781045913696, 0.05617612600326538, 0.04479089006781578, 0.06601015478372574, 0.055308468639850616, 0.08417315036058426, 0.027449581772089005], [0.055555541068315506, 0.055555541068315506, 0.055555541068315506, 0.055555541068315506, 0.055555541068315506, 0.055555541068315506, 0.055555541068315506, 0.055555541068315506, 0.055555541068315506, 0.055555541068315506, 0.055555541068315506, 0.055555541068315506, 0.055555541068315506, 0.055555541068315506, 0.055555541068315506, 0.055555541068315506, 0.055555541068315506, 0.055555541068315506]],