{"premise_tokens": ["Gold", "(", "Michael", "Jackson", "album", ")", ",", "a", "2008", "Michael", "Jackson", "compilation", "@@NULL@@"], "hypothesis_tokens": ["Dangerous", "is", "a", "Michael", "Jackson", "album", ".", "@@NULL@@"], "label_logits": [0.9977824687957764, -2.3588333129882812, -0.07680396735668182], "label_probs": [0.7265900373458862, 0.02532385103404522, 0.2480861395597458], "h2p_attention": [[0.04029924049973488, 0.039105355739593506, 0.04977590590715408, 0.08482730388641357, 0.25227105617523193, 0.03712601214647293, 0.04781452566385269, 0.12537431716918945, 0.10248026996850967, 0.04977590590715408, 0.08482730388641357, 0.05494280159473419, 0.03137998282909393], [0.02566981501877308, 0.03098987601697445, 0.08234325796365738, 0.1791190356016159, 0.06858821958303452, 0.029074102640151978, 0.05768713727593422, 0.11398209631443024, 0.09356284886598587, 0.08234325796365738, 0.1791190356016159, 0.036976516246795654, 0.020544786006212234], [0.031916543841362, 0.02520742267370224, 0.06318613886833191, 0.09505146741867065, 0.08918164670467377, 0.027830053120851517, 0.06461461633443832, 0.32189592719078064, 0.0669461041688919, 0.06318613886833191, 0.09505146741867065, 0.03231554105877876, 0.023616932332515717], [0.0038642717991024256, 0.0030683514196425676, 0.4612385630607605, 0.01606801524758339, 0.005150503013283014, 0.0031506256200373173, 0.006728004664182663, 0.007793297991156578, 0.007068187464028597, 0.4612385630607605, 0.01606801524758339, 0.005650700535625219, 0.0029128827154636383], [0.001210615155287087, 0.001145441085100174, 0.005248872097581625, 0.48590683937072754, 0.002283649053424597, 0.001211792230606079, 0.001948033575899899, 0.003829676890745759, 0.0035272580571472645, 0.005248872097581625, 0.48590683937072754, 0.0015805698931217194, 0.0009515394340269268], [0.0004356794524937868, 0.0006136344163678586, 0.0004477598995435983, 0.0006077446159906685, 0.9896944165229797, 0.0006403492880053818, 0.0003090260725002736, 0.0009562483173795044, 0.004578083287924528, 0.0004477598995435983, 0.0006077446159906685, 0.0004083378880750388, 0.00025323202135041356], [0.054132524877786636, 0.062097739428281784, 0.07322508096694946, 0.11256057024002075, 0.08317779004573822, 0.06182658299803734, 0.06109102815389633, 0.09046602994203568, 0.11153846979141235, 0.07322508096694946, 0.11256057024002075, 0.058296043425798416, 0.0458025299012661], [0.07692307978868484, 0.07692307978868484, 0.07692307978868484, 0.07692307978868484, 0.07692307978868484, 0.07692307978868484, 0.07692307978868484, 0.07692307978868484, 0.07692307978868484, 0.07692307978868484, 0.07692307978868484, 0.07692307978868484, 0.07692307978868484]], "p2h_attention": [[0.12364638596773148, 0.12029799818992615, 0.13011568784713745, 0.12772676348686218, 0.12249451130628586, 0.16564784944057465, 0.11379053443670273, 0.09628026932477951], [0.11477066576480865, 0.13892026245594025, 0.09829973429441452, 0.09701289981603622, 0.11086470633745193, 0.2231713980436325, 0.12486298382282257, 0.09209740161895752], [0.008987292647361755, 0.02270852029323578, 0.015158654190599918, 0.8971498012542725, 0.03125371038913727, 0.01001818384975195, 0.009058009833097458, 0.005665814504027367], [0.005029513034969568, 0.01622120663523674, 0.00748821534216404, 0.010263185948133469, 0.950099766254425, 0.004465247970074415, 0.004572354257106781, 0.0018605570076033473], [0.0020454039331525564, 0.0008493999484926462, 0.0009607634274289012, 0.0004498740890994668, 0.0006106142536737025, 0.9943674802780151, 0.0004620428953785449, 0.00025442769401706755], [0.10745452344417572, 0.12852980196475983, 0.1070261001586914, 0.09823649376630783, 0.11566457897424698, 0.22966636717319489, 0.12259843945503235, 0.0908236876130104], [0.10172659903764725, 0.187458336353302, 0.18265630304813385, 0.15420220792293549, 0.13667748868465424, 0.08147115260362625, 0.08904620260000229, 0.06676170229911804], [0.1090891882777214, 0.15148195624351501, 0.37214988470077515, 0.07305067777633667, 0.10989077389240265, 0.10310456156730652, 0.05392895266413689, 0.027303975075483322], [0.08526457846164703, 0.11890029162168503, 0.07400872558355331, 0.06335283070802689, 0.09678132832050323, 0.4720044434070587, 0.06357938051223755, 0.026108451187610626], [0.008987292647361755, 0.02270852029323578, 0.015158654190599918, 0.8971498012542725, 0.03125371038913727, 0.01001818384975195, 0.009058009833097458, 0.005665814504027367], [0.005029513034969568, 0.01622120663523674, 0.00748821534216404, 0.010263185948133469, 0.950099766254425, 0.004465247970074415, 0.004572354257106781, 0.0018605570076033473], [0.14114083349704742, 0.14508379995822906, 0.11030177026987076, 0.15637733042240143, 0.13390028476715088, 0.12998570501804352, 0.10259924829006195, 0.08061104267835617], [0.125, 0.125, 0.125, 0.125, 0.125, 0.125, 0.125, 0.125]], "claim": "Dangerous is a Michael Jackson album.", "premise_source_doc_id": "Gold_-LRB-album_series-RRB-", "premise_source_doc_line_num": 128, "premise_source_doc_sentence": "Gold  (  Michael Jackson album  )  , a 2008 Michael Jackson compilation"}
{"premise_tokens": ["Number", "Ones", "(", "Michael", "Jackson", "album", ")", "@@NULL@@"], "hypothesis_tokens": ["Dangerous", "is", "a", "Michael", "Jackson", "album", ".", "@@NULL@@"], "label_logits": [1.4565521478652954, -3.219104051589966, 0.009021677076816559], "label_probs": [0.8035551309585571, 0.007488657254725695, 0.18895621597766876], "h2p_attention": [[0.146186962723732, 0.15808670222759247, 0.055020056664943695, 0.07003320008516312, 0.11934945732355118, 0.35493776202201843, 0.05223517864942551, 0.044150687754154205], [0.13576163351535797, 0.15887366235256195, 0.0532294437289238, 0.14143605530261993, 0.3076619803905487, 0.11780985444784164, 0.04993884265422821, 0.03528854250907898], [0.09856513887643814, 0.23740652203559875, 0.051650114357471466, 0.1294686645269394, 0.19476087391376495, 0.18273358047008514, 0.057023901492357254, 0.048391193151474], [0.010212335735559464, 0.01841677352786064, 0.0060630077496171, 0.9113991260528564, 0.03175010904669762, 0.010177301242947578, 0.006225577089935541, 0.0057558040134608746], [0.0031740355771034956, 0.0040964693762362, 0.0022891140542924404, 0.010489641688764095, 0.9710636138916016, 0.004563773050904274, 0.0024217127356678247, 0.001901610055938363], [0.0003923032199963927, 0.0015404120786115527, 0.000617227575276047, 0.0004503817472141236, 0.0006113033159635961, 0.9954895973205566, 0.0006440988508984447, 0.0002547148324083537], [0.09502154588699341, 0.16703277826309204, 0.10445811599493027, 0.12317603826522827, 0.18934449553489685, 0.13991805911064148, 0.10400199890136719, 0.07704702019691467], [0.125, 0.125, 0.125, 0.125, 0.125, 0.125, 0.125, 0.125]], "p2h_attention": [[0.20174847543239594, 0.23441343009471893, 0.12410696595907211, 0.10810808092355728, 0.1017020046710968, 0.09384408593177795, 0.07514592260122299, 0.06093111261725426], [0.12992946803569794, 0.16336838901042938, 0.17802299559116364, 0.11610670387744904, 0.07816962152719498, 0.21944841742515564, 0.07866755872964859, 0.03628689795732498], [0.11477066576480865, 0.13892026245594025, 0.09829973429441452, 0.09701289981603622, 0.11086470633745193, 0.2231713980436325, 0.12486298382282257, 0.09209740161895752], [0.008987292647361755, 0.02270852029323578, 0.015158654190599918, 0.8971498012542725, 0.03125371038913727, 0.01001818384975195, 0.009058009833097458, 0.005665814504027367], [0.005029513034969568, 0.01622120663523674, 0.00748821534216404, 0.010263185948133469, 0.950099766254425, 0.004465247970074415, 0.004572354257106781, 0.0018605570076033473], [0.0020454039331525564, 0.0008493999484926462, 0.0009607634274289012, 0.0004498740890994668, 0.0006106142536737025, 0.9943674802780151, 0.0004620428953785449, 0.00025442769401706755], [0.10745451599359512, 0.12852981686592102, 0.1070261001586914, 0.09823647886514664, 0.11566456407308578, 0.22966641187667847, 0.12259843945503235, 0.09082368016242981], [0.125, 0.125, 0.125, 0.125, 0.125, 0.125, 0.125, 0.125]],