{"premise_tokens": ["Forman", "was", "also", "nominated", "for", "a", "Best", "Director", "Oscar", "for", "The", "People", "vs.", "Larry", "Flynt", ".", "@@NULL@@"], "hypothesis_tokens": ["Miloš", "Forman", "was", "nominated", "for", "a", "senate", "seat", ".", "@@NULL@@"], "label_logits": [-0.839901864528656, 0.7733885645866394, -0.3513081669807434], "label_probs": [0.1307305544614792, 0.6561757922172546, 0.21309369802474976], "h2p_attention": [[0.04846799746155739, 0.05741891264915466, 0.04819334298372269, 0.0924418494105339, 0.05328162759542465, 0.05473466217517853, 0.0812518447637558, 0.056647125631570816, 0.05267301946878433, 0.05328162759542465, 0.05761348083615303, 0.05373864620923996, 0.05446192994713783, 0.05243827775120735, 0.0924418494105339, 0.050912465900182724, 0.04000133275985718], [0.780247151851654, 0.003486438887193799, 0.004711933899670839, 0.0031748670153319836, 0.005611227825284004, 0.003636991372331977, 0.0037245023995637894, 0.14268283545970917, 0.008728924207389355, 0.005611227825284004, 0.0036401108372956514, 0.004198677372187376, 0.007252042647451162, 0.013120035640895367, 0.0031748670153319836, 0.004377887584269047, 0.0026202634908258915], [0.031258564442396164, 0.21310681104660034, 0.06698774546384811, 0.03372194245457649, 0.0510888509452343, 0.06212574243545532, 0.0729369968175888, 0.07193675637245178, 0.03596366569399834, 0.0510888509452343, 0.05511479824781418, 0.04629720747470856, 0.0357934795320034, 0.06148890033364296, 0.03372194245457649, 0.053875185549259186, 0.02349265292286873], [0.04846799746155739, 0.05741891264915466, 0.04819334298372269, 0.0924418494105339, 0.05328162759542465, 0.05473466217517853, 0.0812518447637558, 0.056647125631570816, 0.05267301946878433, 0.05328162759542465, 0.05761348083615303, 0.05373864620923996, 0.05446192994713783, 0.05243827775120735, 0.0924418494105339, 0.050912465900182724, 0.04000133275985718], [0.017349954694509506, 0.0176189336925745, 0.06267710775136948, 0.010791666805744171, 0.29949501156806946, 0.03845509514212608, 0.0647331178188324, 0.04492638632655144, 0.02605750970542431, 0.29949501156806946, 0.02094358392059803, 0.019800016656517982, 0.012351191602647305, 0.0316036231815815, 0.010791666805744171, 0.014808248728513718, 0.008101874962449074], [0.023329351097345352, 0.04444725438952446, 0.08687257766723633, 0.022998174652457237, 0.07977628707885742, 0.22908540070056915, 0.11476391553878784, 0.04348801448941231, 0.04341008886694908, 0.07977628707885742, 0.051559507846832275, 0.04684478044509888, 0.024569407105445862, 0.03607604280114174, 0.022998174652457237, 0.03319719806313515, 0.016807589679956436], [0.04505760595202446, 0.05351126566529274, 0.047335680574178696, 0.030375152826309204, 0.06543342024087906, 0.05135384947061539, 0.06389045715332031, 0.14792311191558838, 0.1237688660621643, 0.06543342024087906, 0.028655285015702248, 0.06404854357242584, 0.08016525954008102, 0.050558920949697495, 0.030375152826309204, 0.03550847992300987, 0.016605541110038757], [0.06089911237359047, 0.04610622674226761, 0.0646209865808487, 0.045438434928655624, 0.060780107975006104, 0.06765251606702805, 0.07431811839342117, 0.047455064952373505, 0.10246137529611588, 0.060780107975006104, 0.04027734696865082, 0.09255491942167282, 0.07549146562814713, 0.046660687774419785, 0.045438434928655624, 0.04249487817287445, 0.026570206508040428], [0.05248095095157623, 0.07203422486782074, 0.05772086977958679, 0.039978988468647, 0.05741168558597565, 0.06204091012477875, 0.07181690633296967, 0.057756420224905014, 0.04764680936932564, 0.05741168558597565, 0.06428330391645432, 0.07030714303255081, 0.04887888953089714, 0.07252038270235062, 0.039978988468647, 0.09632077813148499, 0.031411029398441315], [0.05882352963089943, 0.05882352963089943, 0.05882352963089943, 0.05882352963089943, 0.05882352963089943, 0.05882352963089943, 0.05882352963089943, 0.05882352963089943, 0.05882352963089943, 0.05882352963089943, 0.05882352963089943, 0.05882352963089943, 0.05882352963089943, 0.05882352963089943, 0.05882352963089943, 0.05882352963089943, 0.05882352963089943]], "p2h_attention": [[0.0038744104094803333, 0.9521651268005371, 0.0042546335607767105, 0.0038744104094803333, 0.0068475934676826, 0.0044383578933775425, 0.008676409721374512, 0.007328939624130726, 0.005342502146959305, 0.003197606885805726], [0.05449020117521286, 0.05050970986485481, 0.34435245394706726, 0.05449020117521286, 0.08255283534526825, 0.10038699209690094, 0.12232918292284012, 0.06587225943803787, 0.08705517649650574, 0.037961024791002274], [0.04289912059903145, 0.0640309676527977, 0.10153108835220337, 0.04289912059903145, 0.275460422039032, 0.18404033780097961, 0.10150124132633209, 0.08659929782152176, 0.06543143838644028, 0.03560703247785568], [0.14643575251102448, 0.07677742838859558, 0.0909564420580864, 0.14643575251102448, 0.08440263569355011, 0.08670435845851898, 0.11590933054685593, 0.1083630919456482, 0.08064967393875122, 0.06336551159620285], [0.023065485060214996, 0.03708278760313988, 0.037657689303159714, 0.023065485060214996, 0.6401233077049255, 0.08219169825315475, 0.06823483109474182, 0.03961193561553955, 0.03165029361844063, 0.017316479235887527], [0.04053160920739174, 0.04111527279019356, 0.07833311706781387, 0.04053160920739174, 0.1405964344739914, 0.4037363827228546, 0.09160640835762024, 0.07542145252227783, 0.05850620195269585, 0.029621420428156853], [0.060929253697395325, 0.04263736680150032, 0.09312856942415237, 0.060929253697395325, 0.2396669089794159, 0.2048174887895584, 0.11541175097227097, 0.08390094339847565, 0.06858222931623459, 0.02999625913798809], [0.017267074435949326, 0.6639602184295654, 0.03733654320240021, 0.017267074435949326, 0.0676131621003151, 0.03154855966567993, 0.1086171343922615, 0.02177724801003933, 0.022419890388846397, 0.012193133123219013], [0.0485515221953392, 0.12283013761043549, 0.05644441395998001, 0.0485515221953392, 0.11858683079481125, 0.09523012489080429, 0.2748194634914398, 0.14218518137931824, 0.055929478257894516, 0.03687135502696037], [0.023065485060214996, 0.03708278760313988, 0.037657689303159714, 0.023065485060214996, 0.6401233077049255, 0.08219169825315475, 0.06823483109474182, 0.03961193561553955, 0.03165029361844063, 0.017316479235887527], [0.07761620730161667, 0.07486387342214584, 0.12642672657966614, 0.07761620730161667, 0.1393055021762848, 0.16531266272068024, 0.09299390763044357, 0.08168996125459671, 0.11028560996055603, 0.05388932675123215], [0.06087173894047737, 0.07260575890541077, 0.08929481357336044, 0.06087173894047737, 0.11073464900255203, 0.12628717720508575, 0.17476710677146912, 0.1578366905450821, 0.10141932964324951, 0.04531097784638405], [0.06731611490249634, 0.13684092462062836, 0.07533074915409088, 0.06731611490249634, 0.07537439465522766, 0.07227528095245361, 0.23868970572948456, 0.14047642052173615, 0.07693779468536377, 0.049442507326602936], [0.05371909216046333, 0.20518459379673004, 0.10725544393062592, 0.05371909216046333, 0.15984758734703064, 0.08795654773712158, 0.12476693093776703, 0.07196328043937683, 0.09460904449224472, 0.04097837209701538], [0.14643575251102448, 0.07677742838859558, 0.0909564420580864, 0.14643575251102448, 0.08440263569355011, 0.08670435845851898, 0.11590933054685593, 0.1083630919456482, 0.08064967393875122, 0.06336551159620285], [0.07025414705276489, 0.09222354739904404, 0.12658406794071198, 0.07025414705276489, 0.1008882224559784, 0.10902304947376251, 0.11803242564201355, 0.0882803350687027, 0.16926226019859314, 0.05519787222146988], [0.09999998658895493, 0.09999998658895493, 0.09999998658895493, 0.09999998658895493, 0.09999998658895493, 0.09999998658895493, 0.09999998658895493, 0.09999998658895493, 0.09999998658895493, 0.09999998658895493]], "claim": "Miloš Forman was nominated for a senate seat.", "premise_source_doc_id": "Miloš_Forman", "premise_source_doc_line_num": 9, "premise_source_doc_sentence": "Forman was also nominated for a Best Director Oscar for The People vs. Larry Flynt ."}
