{"premise_tokens": ["Hrithik", "Roshan", "(", "-LSB-", "langpron", "`", "rɪtɪk", "_", "`", "rɒʃən", "-RSB-", ",", "born", "10", "January", "1974", ")", "is", "an", "Indian", "actor", "who", "appears", "in", "Bollywood", "films", ".", "@@NULL@@"], "hypothesis_tokens": ["Hrithik", "Roshan", "is", "not", "an", "actor", ".", "@@NULL@@"], "label_logits": [-1.4559476375579834, 2.4810824394226074, -0.99361252784729], "label_probs": [0.01856875792145729, 0.9519481658935547, 0.029483051970601082], "h2p_attention": [[0.04831525310873985, 0.04831525310873985, 0.022475047037005424, 0.04831525310873985, 0.04831525310873985, 0.027037281543016434, 0.04831525310873985, 0.04831525310873985, 0.027037281543016434, 0.04831525310873985, 0.04831525310873985, 0.023232141509652138, 0.0337495282292366, 0.027809174731373787, 0.037001270800828934, 0.04831525310873985, 0.023326463997364044, 0.037628285586833954, 0.03163071721792221, 0.03724785894155502, 0.026884332299232483, 0.02652449905872345, 0.027530662715435028, 0.03471347317099571, 0.03546502813696861, 0.03835318237543106, 0.026609687134623528, 0.020906919613480568], [0.04831525310873985, 0.04831525310873985, 0.022475047037005424, 0.04831525310873985, 0.04831525310873985, 0.027037281543016434, 0.04831525310873985, 0.04831525310873985, 0.027037281543016434, 0.04831525310873985, 0.04831525310873985, 0.023232141509652138, 0.0337495282292366, 0.027809174731373787, 0.037001270800828934, 0.04831525310873985, 0.023326463997364044, 0.037628285586833954, 0.03163071721792221, 0.03724785894155502, 0.026884332299232483, 0.02652449905872345, 0.027530662715435028, 0.03471347317099571, 0.03546502813696861, 0.03835318237543106, 0.026609687134623528, 0.020906919613480568], [0.007148584816604853, 0.007148584816604853, 0.005991199053823948, 0.007148584816604853, 0.007148584816604853, 0.010017995722591877, 0.007148584816604853, 0.007148584816604853, 0.010017995722591877, 0.007148584816604853, 0.007148584816604853, 0.011152518913149834, 0.05601545050740242, 0.030497776344418526, 0.023399919271469116, 0.007148584816604853, 0.0056208292953670025, 0.4898287057876587, 0.07460344582796097, 0.011851506307721138, 0.019170785322785378, 0.044606875628232956, 0.05056818574666977, 0.04099314659833908, 0.019909363240003586, 0.011383423581719398, 0.01606179215013981, 0.00397187564522028], [0.008956058882176876, 0.008956058882176876, 0.004724468104541302, 0.008956058882176876, 0.008956058882176876, 0.010243400000035763, 0.008956058882176876, 0.008956058882176876, 0.010243400000035763, 0.008956058882176876, 0.008956058882176876, 0.021532369777560234, 0.06532376259565353, 0.016341568902134895, 0.05248010531067848, 0.008956058882176876, 0.004831485450267792, 0.343854695558548, 0.1217033863067627, 0.010628548450767994, 0.017926473170518875, 0.04840734601020813, 0.05635564774274826, 0.056779034435749054, 0.029981402680277824, 0.02167946845293045, 0.022870011627674103, 0.0034889690577983856], [0.010936436243355274, 0.010936436243355274, 0.008866356685757637, 0.010936436243355274, 0.010936436243355274, 0.016569631174206734, 0.010936436243355274, 0.010936436243355274, 0.016569631174206734, 0.010936436243355274, 0.010936436243355274, 0.019121309742331505, 0.06698930263519287, 0.04017782583832741, 0.021550312638282776, 0.010936436243355274, 0.009963816031813622, 0.1357751041650772, 0.22767844796180725, 0.017732473090291023, 0.037586845457553864, 0.04564017057418823, 0.047056835144758224, 0.10004124790430069, 0.03642471134662628, 0.026609962806105614, 0.019989419728517532, 0.007228645030409098], [0.0032012334559112787, 0.0032012334559112787, 0.004251853097230196, 0.0032012334559112787, 0.0032012334559112787, 0.004915584810078144, 0.0032012334559112787, 0.0032012334559112787, 0.004915584810078144, 0.0032012334559112787, 0.0032012334559112787, 0.005997168831527233, 0.01772114634513855, 0.0115811200812459, 0.01414249837398529, 0.0032012334559112787, 0.004422958940267563, 0.012015794403851032, 0.012944555841386318, 0.007414910476654768, 0.7567859292030334, 0.006667634006589651, 0.016868004575371742, 0.019454743713140488, 0.030492516234517097, 0.03397746756672859, 0.004130019806325436, 0.0024894773960113525], [0.025636179372668266, 0.025636179372668266, 0.027308005839586258, 0.025636179372668266, 0.025636179372668266, 0.035025887191295624, 0.025636179372668266, 0.025636179372668266, 0.035025887191295624, 0.025636179372668266, 0.025636179372668266, 0.02686529979109764, 0.041915860027074814, 0.045102447271347046, 0.04351578652858734, 0.025636179372668266, 0.02718876674771309, 0.08145207166671753, 0.05569897219538689, 0.024357233196496964, 0.033415473997592926, 0.040228962898254395, 0.04525041580200195, 0.05108742043375969, 0.033407457172870636, 0.0405215285718441, 0.06176486238837242, 0.020142050459980965], [0.035714294761419296, 0.035714294761419296, 0.035714294761419296, 0.035714294761419296, 0.035714294761419296, 0.035714294761419296, 0.035714294761419296, 0.035714294761419296, 0.035714294761419296, 0.035714294761419296, 0.035714294761419296, 0.035714294761419296, 0.035714294761419296, 0.035714294761419296, 0.035714294761419296, 0.035714294761419296, 0.035714294761419296, 0.035714294761419296, 0.035714294761419296, 0.035714294761419296, 0.035714294761419296, 0.035714294761419296, 0.035714294761419296, 0.035714294761419296, 0.035714294761419296, 0.035714294761419296, 0.035714294761419296, 0.035714294761419296]],