{"premise_tokens": ["The", "idea", "for", "the", "song", "came", "from", "Freddie", "Mercury", "and", "John", "Deacon", ",", "who", "wrote", "the", "basic", "chord", "structure", "for", "the", "song", ".", "@@NULL@@"], "hypothesis_tokens": ["John", "Deacon", "is", "the", "name", "of", "a", "song", ".", "@@NULL@@"], "label_logits": [1.4047023057937622, -1.443962574005127, -1.415953516960144], "label_probs": [0.8948638439178467, 0.05183195322751999, 0.05330423265695572], "h2p_attention": [[0.005331856664270163, 0.007120167836546898, 0.004306003451347351, 0.005331856664270163, 0.005012055393308401, 0.01871129497885704, 0.01209502387791872, 0.002781500108540058, 0.005997743457555771, 0.005721745081245899, 0.8414415717124939, 0.0061867753975093365, 0.00696399062871933, 0.011019237339496613, 0.006266841199249029, 0.005331856664270163, 0.007074759807437658, 0.012961719185113907, 0.008826262317597866, 0.004306003451347351, 0.005331856664270163, 0.005012055393308401, 0.004458936862647533, 0.0024087594356387854], [0.010976758785545826, 0.03805091604590416, 0.011767549440264702, 0.010976758785545826, 0.06378936022520065, 0.012791196815669537, 0.024949735030531883, 0.01009272038936615, 0.0639936774969101, 0.012767596170306206, 0.02405066229403019, 0.44898414611816406, 0.01424473337829113, 0.015626240521669388, 0.015545425936579704, 0.010976758785545826, 0.018581107258796692, 0.03239841014146805, 0.05257013812661171, 0.011767549440264702, 0.010976758785545826, 0.06378936022520065, 0.010968648828566074, 0.009363885968923569], [0.04016994684934616, 0.10332635790109634, 0.03810693323612213, 0.04016994684934616, 0.02534394897520542, 0.1567441076040268, 0.10618279874324799, 0.012492300011217594, 0.024559035897254944, 0.021815283223986626, 0.0381292998790741, 0.010188190266489983, 0.019489262253046036, 0.07795145362615585, 0.04115278273820877, 0.04016994684934616, 0.02062876522541046, 0.028784871101379395, 0.01596476137638092, 0.03810693323612213, 0.04016994684934616, 0.02534394897520542, 0.02806832268834114, 0.006940935272723436], [0.08023569732904434, 0.044214878231287, 0.03901487588882446, 0.08023569732904434, 0.02491552196443081, 0.08885354548692703, 0.055487945675849915, 0.021737737581133842, 0.02626032568514347, 0.04012502729892731, 0.03340793773531914, 0.017692238092422485, 0.031616851687431335, 0.04143472760915756, 0.024640681222081184, 0.08023569732904434, 0.024213815107941628, 0.032453518360853195, 0.02307729423046112, 0.03901487588882446, 0.08023569732904434, 0.02491552196443081, 0.030887357890605927, 0.015092622488737106], [0.035070355981588364, 0.11061093211174011, 0.026863867416977882, 0.035070355981588364, 0.02871057763695717, 0.1083945780992508, 0.09302198886871338, 0.015760544687509537, 0.14706455171108246, 0.020507322624325752, 0.03597857803106308, 0.024144485592842102, 0.021041270345449448, 0.0340007022023201, 0.02097255177795887, 0.035070355981588364, 0.025866908952593803, 0.03500042483210564, 0.02401885576546192, 0.026863867416977882, 0.035070355981588364, 0.02871057763695717, 0.021533749997615814, 0.010652233846485615], [0.042456626892089844, 0.05523744225502014, 0.04993269219994545, 0.042456626892089844, 0.036023326218128204, 0.07813277840614319, 0.09316334873437881, 0.022351613268256187, 0.03347531706094742, 0.044471755623817444, 0.05600510165095329, 0.02465134672820568, 0.037877533584833145, 0.03694529086351395, 0.026916056871414185, 0.042456626892089844, 0.036730505526065826, 0.030541162937879562, 0.03500199690461159, 0.04993269219994545, 0.042456626892089844, 0.036023326218128204, 0.028335388749837875, 0.01842469908297062], [0.03516743704676628, 0.0803147479891777, 0.054413389414548874, 0.03516743704676628, 0.08510402590036392, 0.058389607816934586, 0.07080920040607452, 0.01568647287786007, 0.029165130108594894, 0.03392071649432182, 0.03295442461967468, 0.025254860520362854, 0.03136495500802994, 0.038464970886707306, 0.04259498789906502, 0.03516743704676628, 0.02909674122929573, 0.030557982623577118, 0.02761363796889782, 0.054413389414548874, 0.03516743704676628, 0.08510402590036392, 0.022642970085144043, 0.011464032344520092], [0.00015775997599121183, 0.0006341323023661971, 0.0004296723927836865, 0.00015775997599121183, 0.4946421682834625, 0.00038386398227885365, 0.0010039302287623286, 0.00017646564811002463, 0.00027373505872674286, 0.00014265016943681985, 0.00019884474750142545, 0.000651004200335592, 0.00011790631106123328, 0.00042509526247158647, 0.0020346627570688725, 0.00015775997599121183, 0.00046364718582481146, 0.0018624201184138656, 0.0005733739817515016, 0.0004296723927836865, 0.00015775997599121183, 0.4946421682834625, 0.0001879586052382365, 9.556342411087826e-05], [0.044382378458976746, 0.06107331067323685, 0.03963808715343475, 0.044382378458976746, 0.042654525488615036, 0.057907551527023315, 0.05053459107875824, 0.02760223113000393, 0.027322540059685707, 0.0420779250562191, 0.04014508053660393, 0.025403382256627083, 0.02892560511827469, 0.0433141365647316, 0.032068006694316864, 0.044382378458976746, 0.03516823425889015, 0.0640680119395256, 0.034086208790540695, 0.03963808715343475, 0.044382378458976746, 0.042654525488615036, 0.06650163978338242, 0.021686753258109093], [0.0416666641831398, 0.0416666641831398, 0.0416666641831398, 0.0416666641831398, 0.0416666641831398, 0.0416666641831398, 0.0416666641831398, 0.0416666641831398, 0.0416666641831398, 0.0416666641831398, 0.0416666641831398, 0.0416666641831398, 0.0416666641831398, 0.0416666641831398, 0.0416666641831398, 0.0416666641831398, 0.0416666641831398, 0.0416666641831398, 0.0416666641831398, 0.0416666641831398, 0.0416666641831398, 0.0416666641831398, 0.0416666641831398, 0.0416666641831398]],