{"premise_tokens": ["In", "2009", "--", "2011", "Siegel", "was", "employed", "to", "write", "a", "pilot", "for", "FOX", "TV", "studios", ".", "@@NULL@@"], "hypothesis_tokens": ["Robert", "D.", "Siegel", "has", "yet", "to", "write", "a", "script", ".", "@@NULL@@"], "label_logits": [-2.0926692485809326, 2.7270796298980713, -1.429211139678955], "label_probs": [0.007881744764745235, 0.9768158793449402, 0.015302360989153385], "h2p_attention": [[0.048926759511232376, 0.11062651872634888, 0.029211634770035744, 0.11733853071928024, 0.02526194415986538, 0.04226290062069893, 0.0290522538125515, 0.0914822444319725, 0.09410184621810913, 0.0536530539393425, 0.0964600220322609, 0.06505855172872543, 0.07638940960168839, 0.040726758539676666, 0.03127302601933479, 0.029693204909563065, 0.018481342121958733], [0.07011153548955917, 0.06663642078638077, 0.08167936652898788, 0.0790473148226738, 0.037494245916604996, 0.04459855332970619, 0.035123251378536224, 0.05993318557739258, 0.12837962806224823, 0.0683208480477333, 0.07896076887845993, 0.04722149297595024, 0.06028679758310318, 0.03517472371459007, 0.04458794742822647, 0.033361274749040604, 0.029082590714097023], [0.06404268741607666, 0.05988921970129013, 0.049441296607255936, 0.06729797273874283, 0.0891365259885788, 0.05536585673689842, 0.05692984163761139, 0.06475594639778137, 0.06362280994653702, 0.05277758464217186, 0.05637791007757187, 0.05137650668621063, 0.0718483030796051, 0.04897080734372139, 0.060503650456666946, 0.04909205436706543, 0.038571055978536606], [0.13406801223754883, 0.06849279999732971, 0.022648872807621956, 0.07297948002815247, 0.02816922962665558, 0.04113857075572014, 0.04344141110777855, 0.13084572553634644, 0.06334283947944641, 0.04681752249598503, 0.04015661031007767, 0.08373171836137772, 0.07133162021636963, 0.04970714822411537, 0.04468118026852608, 0.0424162857234478, 0.016031021252274513], [0.1118539571762085, 0.025540228933095932, 0.01642146334052086, 0.024741744622588158, 0.019669387489557266, 0.04726066440343857, 0.04733910411596298, 0.18147553503513336, 0.1648901104927063, 0.09746064245700836, 0.01790696196258068, 0.08142831176519394, 0.06420202553272247, 0.03456011787056923, 0.025231176987290382, 0.03256634995341301, 0.007452109828591347], [0.05376339703798294, 0.048782601952552795, 0.018664918839931488, 0.04112924635410309, 0.02087143249809742, 0.036592815071344376, 0.026718324050307274, 0.40104883909225464, 0.06123672425746918, 0.05959898605942726, 0.027826083824038506, 0.07410674542188644, 0.048230238258838654, 0.021508431062102318, 0.018447093665599823, 0.02904231660068035, 0.012431803159415722], [1.3760484762315173e-05, 6.982771083130501e-06, 3.4604825032147346e-06, 6.632018994423561e-06, 4.622822871169774e-06, 6.817952453275211e-06, 1.5356654330389574e-05, 1.3804911759507377e-05, 0.9998205900192261, 8.82708263816312e-06, 9.66253355727531e-06, 3.428839409025386e-05, 1.962814712896943e-05, 2.201350980612915e-05, 6.13713700658991e-06, 4.6203372221498284e-06, 2.8025658593833214e-06], [0.07533391565084457, 0.04792517423629761, 0.02414548210799694, 0.04782968387007713, 0.021465852856636047, 0.041485823690891266, 0.026570569723844528, 0.0752081498503685, 0.04941074550151825, 0.2138219177722931, 0.04458453878760338, 0.0744609534740448, 0.12295616418123245, 0.050886157900094986, 0.037241898477077484, 0.030985336750745773, 0.0156877338886261], [0.002074415097013116, 0.000718862225767225, 0.0005422353278845549, 0.000743684358894825, 0.0006623012013733387, 0.0010371023090556264, 0.004147044382989407, 0.002689571585506201, 0.9690176844596863, 0.0012417817488312721, 0.0019373376853764057, 0.004640878643840551, 0.0026174732483923435, 0.006024254485964775, 0.0006513918051496148, 0.000799295085016638, 0.0004546840500552207], [0.0758514255285263, 0.08632061630487442, 0.03135356307029724, 0.09172473847866058, 0.038063015788793564, 0.06858202069997787, 0.05013539642095566, 0.06986355781555176, 0.04930277541279793, 0.059067629277706146, 0.04703900218009949, 0.054660264402627945, 0.05646594986319542, 0.05344785749912262, 0.04651196300983429, 0.09170465171337128, 0.029905671253800392], [0.05882352963089943, 0.05882352963089943, 0.05882352963089943, 0.05882352963089943, 0.05882352963089943, 0.05882352963089943, 0.05882352963089943, 0.05882352963089943, 0.05882352963089943, 0.05882352963089943, 0.05882352963089943, 0.05882352963089943, 0.05882352963089943, 0.05882352963089943, 0.05882352963089943, 0.05882352963089943, 0.05882352963089943]],