{"premise_tokens": ["Greece", "(", "Ελλάδα", ",", "-LSB-", "eˈlaða", "-RSB-", ")", ",", "officially", "the", "Hellenic", "Republic", "(", "Greek", ":", "Ελληνική", "Δημοκρατία", ",", "-LSB-", "eliniˈci", "ðimokraˈti.a", "-RSB-", ")", ",", "historically", "also", "known", "as", "Hellas", "(", "Ἑλλάς", ",", "-LSB-", "heˈlas", "-RSB-", ",", "modern", "pronunciation", "Ellás", ")", ",", "is", "a", "country", "in", "southeastern", "Europe", ",", "with", "a", "population", "of", "approximately", "11", "million", "as", "of", "2015", ".", "@@NULL@@"], "hypothesis_tokens": ["Andalusia", "is", "in", "Greece", ".", "@@NULL@@"], "label_logits": [-0.8079591989517212, 0.47311022877693176, -1.5224902629852295], "label_probs": [0.19646714627742767, 0.7073776125907898, 0.09615526348352432], "h2p_attention": [[0.025596611201763153, 0.010457262396812439, 0.022480273619294167, 0.010809525847434998, 0.022480273619294167, 0.022480273619294167, 0.022480273619294167, 0.010853412561118603, 0.010809525847434998, 0.01866787299513817, 0.014010611921548843, 0.022480273619294167, 0.017309820279479027, 0.010457262396812439, 0.018745793029665947, 0.010411042720079422, 0.022480273619294167, 0.022480273619294167, 0.010809525847434998, 0.022480273619294167, 0.022480273619294167, 0.022480273619294167, 0.022480273619294167, 0.010853412561118603, 0.010809525847434998, 0.022480273619294167, 0.011719795875251293, 0.015835965052247047, 0.013861801475286484, 0.022480273619294167, 0.010457262396812439, 0.022480273619294167, 0.010809525847434998, 0.022480273619294167, 0.022480273619294167, 0.022480273619294167, 0.010809525847434998, 0.014863353222608566, 0.022480273619294167, 0.022480273619294167, 0.010853412561118603, 0.010809525847434998, 0.01750781014561653, 0.013310532085597515, 0.017173664644360542, 0.01615159772336483, 0.022480273619294167, 0.016297750174999237, 0.010809525847434998, 0.013969034887850285, 0.013310532085597515, 0.014191979542374611, 0.011800921522080898, 0.013809675350785255, 0.01239294745028019, 0.014474260620772839, 0.013861801475286484, 0.011800921522080898, 0.016801510006189346, 0.012381038628518581, 0.009727640077471733], [0.01074653398245573, 0.004339404869824648, 0.005177695769816637, 0.008077731356024742, 0.005177695769816637, 0.005177695769816637, 0.005177695769816637, 0.00407114764675498, 0.008077731356024742, 0.013135679997503757, 0.0166492722928524, 0.005177695769816637, 0.006341081112623215, 0.004339404869824648, 0.0108333146199584, 0.005019018892198801, 0.005177695769816637, 0.005177695769816637, 0.008077731356024742, 0.005177695769816637, 0.005177695769816637, 0.005177695769816637, 0.005177695769816637, 0.00407114764675498, 0.008077731356024742, 0.005177695769816637, 0.026606621220707893, 0.02555706724524498, 0.03575245663523674, 0.005177695769816637, 0.004339404869824648, 0.005177695769816637, 0.008077731356024742, 0.005177695769816637, 0.005177695769816637, 0.005177695769816637, 0.008077731356024742, 0.0074426354840397835, 0.005177695769816637, 0.005177695769816637, 0.00407114764675498, 0.008077731356024742, 0.35478127002716064, 0.01596052199602127, 0.006740883458405733, 0.029691195115447044, 0.005177695769816637, 0.011829962022602558, 0.008077731356024742, 0.026597755029797554, 0.01596052199602127, 0.03806111961603165, 0.010055447928607464, 0.03713205084204674, 0.027367141097784042, 0.005092702340334654, 0.03575245663523674, 0.010055447928607464, 0.008920157328248024, 0.011633500456809998, 0.002876815851777792], [0.01667017489671707, 0.0065865907818078995, 0.0074224104173481464, 0.00983569398522377, 0.0074224104173481464, 0.0074224104173481464, 0.0074224104173481464, 0.007166202645748854, 0.00983569398522377, 0.01239161565899849, 0.01336206216365099, 0.0074224104173481464, 0.010530221275985241, 0.0065865907818078995, 0.019212806597352028, 0.006052436772733927, 0.0074224104173481464, 0.0074224104173481464, 0.00983569398522377, 0.0074224104173481464, 0.0074224104173481464, 0.0074224104173481464, 0.0074224104173481464, 0.007166202645748854, 0.00983569398522377, 0.0074224104173481464, 0.014205249026417732, 0.024477122351527214, 0.01876978576183319, 0.0074224104173481464, 0.0065865907818078995, 0.0074224104173481464, 0.00983569398522377, 0.0074224104173481464, 0.0074224104173481464, 0.0074224104173481464, 0.00983569398522377, 0.030364809557795525, 0.0074224104173481464, 0.0074224104173481464, 0.007166202645748854, 0.00983569398522377, 0.04613734781742096, 0.021466804668307304, 0.024284904822707176, 0.17881421744823456, 0.0074224104173481464, 0.06109723821282387, 0.00983569398522377, 0.02943607233464718, 0.021466804668307304, 0.047638826072216034, 0.010951964184641838, 0.02617069147527218, 0.024387383833527565, 0.013040470890700817, 0.01876978576183319, 0.010951964184641838, 0.015148557722568512, 0.011338277719914913, 0.004470303189009428], [0.9411562085151672, 1.1739485671569128e-05, 2.6296742362319492e-05, 2.6300129320588894e-05, 2.6296742362319492e-05, 2.6296742362319492e-05, 2.6296742362319492e-05, 1.3085731552564539e-05, 2.6300129320588894e-05, 1.9976567273261026e-05, 2.1754949557362124e-05, 2.6296742362319492e-05, 0.000589614559430629, 1.1739485671569128e-05, 0.05135860666632652, 1.7299922546953894e-05, 2.6296742362319492e-05, 2.6296742362319492e-05, 2.6300129320588894e-05, 2.6296742362319492e-05, 2.6296742362319492e-05, 2.6296742362319492e-05, 2.6296742362319492e-05, 1.3085731552564539e-05, 2.6300129320588894e-05, 2.6296742362319492e-05, 6.606884562643245e-05, 5.654100823448971e-05, 1.9657220036606304e-05, 2.6296742362319492e-05, 1.1739485671569128e-05, 2.6296742362319492e-05, 2.6300129320588894e-05, 2.6296742362319492e-05, 2.6296742362319492e-05, 2.6296742362319492e-05, 2.6300129320588894e-05, 6.156197923701257e-05, 2.6296742362319492e-05, 2.6296742362319492e-05, 1.3085731552564539e-05, 2.6300129320588894e-05, 3.733217454282567e-05, 3.972447302658111e-05, 0.00010555636981735006, 3.726750583155081e-05, 2.6296742362319492e-05, 0.0051755886524915695, 2.6300129320588894e-05, 8.189071377273649e-05, 3.972447302658111e-05, 1.731456177367363e-05, 1.8644748706719838e-05, 2.464879071339965e-05, 3.004176505783107e-05, 0.0001208079993375577, 1.9657220036606304e-05, 1.8644748706719838e-05, 3.0064060410950333e-05, 1.531493035145104e-05, 9.993718776968308e-06], [0.015006151981651783, 0.01327601820230484, 0.01246324460953474, 0.013060789555311203, 0.01246324460953474, 0.01246324460953474, 0.01246324460953474, 0.013218047097325325, 0.013060789555311203, 0.017879031598567963, 0.020039990544319153, 0.01246324460953474, 0.01591896079480648, 0.01327601820230484, 0.016818104311823845, 0.011851840652525425, 0.01246324460953474, 0.01246324460953474, 0.013060789555311203, 0.01246324460953474, 0.01246324460953474, 0.01246324460953474, 0.01246324460953474, 0.013218047097325325, 0.013060789555311203, 0.01246324460953474, 0.017994185909628868, 0.025646882131695747, 0.020352723076939583, 0.01246324460953474, 0.01327601820230484, 0.01246324460953474, 0.013060789555311203, 0.01246324460953474, 0.01246324460953474, 0.01246324460953474, 0.013060789555311203, 0.01690206490457058, 0.01246324460953474, 0.01246324460953474, 0.013218047097325325, 0.013060789555311203, 0.039598606526851654, 0.019340936094522476, 0.017182255163788795, 0.024836571887135506, 0.01246324460953474, 0.019132819026708603, 0.013060789555311203, 0.02303396537899971, 0.019340936094522476, 0.03616655245423317, 0.015059489756822586, 0.03430904075503349, 0.027234846726059914, 0.014794707298278809, 0.020352723076939583, 0.015059489756822586, 0.023093970492482185, 0.030027510598301888, 0.009792227298021317], [0.016393449157476425, 0.016393449157476425, 0.016393449157476425, 0.016393449157476425, 0.016393449157476425, 0.016393449157476425, 0.016393449157476425, 0.016393449157476425, 0.016393449157476425, 0.016393449157476425, 0.016393449157476425, 0.016393449157476425, 0.016393449157476425, 0.016393449157476425, 0.016393449157476425, 0.016393449157476425, 0.016393449157476425, 0.016393449157476425, 0.016393449157476425, 