{"premise_tokens": ["In", "May", "2017", ",", "The", "Handmaid", "'s", "Tale", "was", "renewed", "for", "a", "second", "season", "to", "premiere", "in", "2018", ".", "@@NULL@@"], "hypothesis_tokens": ["The", "Handmaid", "'s", "Tale", "was", "approved", "for", "a", "second", "season", "in", "May", "2016", ".", "@@NULL@@"], "label_logits": [2.22522234916687, 2.4132251739501953, -6.288061141967773], "label_probs": [0.45309603214263916, 0.5468130111694336, 9.097419388126582e-05], "h2p_attention": [[0.052932534366846085, 0.05795713886618614, 0.025505615398287773, 0.03709711506962776, 0.09414322674274445, 0.025505615398287773, 0.07066059857606888, 0.048913758248090744, 0.04154533892869949, 0.05053592473268509, 0.04577745497226715, 0.054323725402355194, 0.07126625627279282, 0.08355498313903809, 0.06976326555013657, 0.03812956064939499, 0.052932534366846085, 0.025505615398287773, 0.03624117746949196, 0.017708679661154747], [0.049084603786468506, 0.03845693916082382, 0.06831741333007812, 0.032850079238414764, 0.042578160762786865, 0.06831741333007812, 0.04674918204545975, 0.0638713613152504, 0.042434368282556534, 0.0966772809624672, 0.03937678784132004, 0.040450625121593475, 0.039296120405197144, 0.05390264466404915, 0.0496312640607357, 0.04341569170355797, 0.049084603786468506, 0.06831741333007812, 0.03762590140104294, 0.02956223487854004], [0.0266014002263546, 0.016765713691711426, 0.014076720923185349, 0.025374144315719604, 0.035518597811460495, 0.014076720923185349, 0.5057716965675354, 0.04517907649278641, 0.030843136832118034, 0.0280257947742939, 0.03273007273674011, 0.03729703649878502, 0.029987871646881104, 0.026041854172945023, 0.046112287789583206, 0.01838483102619648, 0.0266014002263546, 0.014076720923185349, 0.017633438110351562, 0.00890152994543314], [0.014109763316810131, 0.005811403039842844, 0.0037840937729924917, 0.004637084901332855, 0.0048376889899373055, 0.0037840937729924917, 0.00888926349580288, 0.832919180393219, 0.0038950613234192133, 0.011134943924844265, 0.005784235429018736, 0.006461522076278925, 0.02224607951939106, 0.020904866978526115, 0.005633322522044182, 0.02175852842628956, 0.014109763316810131, 0.0037840937729924917, 0.0037636980414390564, 0.0017514309147372842], [0.04342382401227951, 0.07391372323036194, 0.02630726806819439, 0.030863288789987564, 0.04299633577466011, 0.02630726806819439, 0.06350225955247879, 0.04075835272669792, 0.1662495732307434, 0.07181461155414581, 0.03985559940338135, 0.04846573621034622, 0.053492382168769836, 0.05638783052563667, 0.053945720195770264, 0.031628720462322235, 0.04342382401227951, 0.02630726806819439, 0.04202927649021149, 0.01832716353237629], [0.049084603786468506, 0.03845693916082382, 0.06831741333007812, 0.032850079238414764, 0.042578160762786865, 0.06831741333007812, 0.04674918204545975, 0.0638713613152504, 0.042434368282556534, 0.0966772809624672, 0.03937678784132004, 0.040450625121593475, 0.039296120405197144, 0.05390264466404915, 0.0496312640607357, 0.04341569170355797, 0.049084603786468506, 0.06831741333007812, 0.03762590140104294, 0.02956223487854004], [0.029868178069591522, 0.017923368141055107, 0.014034098945558071, 0.022177090868353844, 0.027236230671405792, 0.014034098945558071, 0.0387403666973114, 0.034796424210071564, 0.02291266620159149, 0.044900842010974884, 0.3894803822040558, 0.05000919848680496, 0.07381261885166168, 0.06611046195030212, 0.06280657649040222, 0.01746155507862568, 0.029868178069591522, 0.014034098945558071, 0.019257495179772377, 0.010536139830946922], [0.05920539051294327, 0.050442662090063095, 0.016870146617293358, 0.033731698989868164, 0.03782110661268234, 0.016870146617293358, 0.05165834724903107, 0.0454854741692543, 0.03260396420955658, 0.05864107608795166, 0.05851932615041733, 0.16804395616054535, 0.11044754832983017, 0.05350050702691078, 0.059106551110744476, 0.03429592773318291, 0.05920539051294327, 0.016870146617293358, 0.0243515707552433, 0.012329086661338806], [0.0007398733287118375, 0.004010198172181845, 0.0002659272577147931, 0.001636872417293489, 0.000805096875410527, 0.0002659272577147931, 0.0006739560049027205, 0.0025410372763872147, 0.0005839117802679539, 0.0006645693210884929, 0.0014015205670148134, 0.001792154973372817, 0.9794493317604065, 0.0011399633949622512, 0.0017223696922883391, 0.000581278174649924, 0.0007398733287118375, 0.0002659272577147931, 0.0005201783496886492, 0.00020005549595225602], [0.00027555477572605014, 0.00011916585208382457, 2.718437826843001e-05, 2.8111760911997408e-05, 7.034488226054236e-05, 2.718437826843001e-05, 4.361677565611899e-05, 0.0001779512531356886, 4.587082003126852e-05, 0.0003481432795524597, 9.354810026707128e-05, 6.469538493547589e-05, 8.49545540404506e-05, 0.997340738773346, 0.00016468099784106016, 0.0006944042397662997, 0.00027555477572605014, 2.718437826843001e-05, 7.625058788107708e-05, 1.4908928278600797e-05], [0.23995926976203918, 0.03392167389392853, 0.009960484690964222, 0.01319898385554552, 0.01793118380010128, 0.009960484690964222, 0.01792719215154648, 0.04832803085446358, 0.014213638380169868, 0.02571129985153675, 0.017005903646349907, 0.028807321563363075, 0.022186022251844406, 0.11087514460086823, 0.025943290442228317, 0.09293611347675323, 0.23995926976203918, 0.009960484690964222, 0.015215379185974598, 0.005998911801725626], [0.001756630023010075, 0.973743736743927, 0.0004041224019601941, 0.0007645826553925872, 0.001016707974486053, 0.0004041224019601941, 0.0005851037567481399, 0.0010307739721611142, 0.0012528676306828856, 0.001134557300247252, 0.0005284618237055838, 0.001270991051569581, 0.006227170582860708, 0.0024830237962305546, 0.00276805367320776, 0.0014093815116211772, 0.001756630023010075, 0.0004041224019601941, 0.0007482823566533625, 0.0003106529184151441], [0.07409174740314484, 0.05145685374736786, 0.029742680490016937, 0.030622094869613647, 0.02715122140944004, 0.029742680490016937, 0.03135612607002258, 0.06835149228572845, 0.0551486536860466, 0.0456179603934288, 0.05731140077114105, 0.04412458837032318, 0.04191853851079941, 0.1441590040922165, 0.03576640412211418, 0.08062812685966492, 0.07409174740314484, 0.029742680490016937, 0.03234710916876793, 0.016628915444016457], [0.05737542733550072, 0.05448860302567482, 0.028791559860110283, 0.030171964317560196, 0.04629474878311157, 0.028791559860110283, 0.04481134191155434, 0.04861130565404892, 0.05187668651342392, 0.06560204178094864, 0.04134603217244148, 0.044679850339889526, 0.05881895124912262, 0.11569444835186005, 0.052846089005470276, 0.05164409428834915, 0.05737542733550072, 0.028791559860110283, 0.06936708837747574, 0.022621195763349533], [0.04999999329447746, 0.04999999329447746, 0.04999999329447746, 0.04999999329447746, 0.04999999329447746, 0.04999999329447746, 0.04999999329447746, 0.04999999329447746, 0.04999999329447746, 0.04999999329447746, 0.04999999329447746, 0.04999999329447746, 0.04999999329447746, 0.04999999329447746, 0.04999999329447746, 0.04999999329447746, 0.04999999329447746, 0.04999999329447746, 0.04999999329447746, 0.04999999329447746]],