{"premise_tokens": ["He", "later", "majored", "in", "computer", "science", "at", "the", "Tokyo", "Institute", "of", "Technology", ".", "@@NULL@@"], "hypothesis_tokens": ["Satoru", "Iwata", "minored", "in", "computer", "science", ".", "@@NULL@@"], "label_logits": [1.191766381263733, 0.110293909907341, -2.636357307434082], "label_probs": [0.7348368763923645, 0.2491801232099533, 0.015982989221811295], "h2p_attention": [[0.08747653663158417, 0.0644063726067543, 0.10027555376291275, 0.07204584032297134, 0.05556434392929077, 0.06772744655609131, 0.08105374127626419, 0.06249575689435005, 0.09384588152170181, 0.06958773732185364, 0.05263921245932579, 0.09426365047693253, 0.0552268885076046, 0.04339112341403961], [0.08747653663158417, 0.0644063726067543, 0.10027555376291275, 0.07204584032297134, 0.05556434392929077, 0.06772744655609131, 0.08105374127626419, 0.06249575689435005, 0.09384588152170181, 0.06958773732185364, 0.05263921245932579, 0.09426365047693253, 0.0552268885076046, 0.04339112341403961], [0.08747653663158417, 0.0644063726067543, 0.10027555376291275, 0.07204584032297134, 0.05556434392929077, 0.06772744655609131, 0.08105374127626419, 0.06249575689435005, 0.09384588152170181, 0.06958773732185364, 0.05263921245932579, 0.09426365047693253, 0.0552268885076046, 0.04339112341403961], [0.15813449025154114, 0.037064045667648315, 0.016124537214636803, 0.3884582221508026, 0.03608343377709389, 0.04258948937058449, 0.09095224738121033, 0.02902790904045105, 0.08157304674386978, 0.028080454096198082, 0.02379218302667141, 0.033777058124542236, 0.024631425738334656, 0.009711342863738537], [0.00726498756557703, 0.007933121174573898, 0.0015915804542601109, 0.004618083592504263, 0.8587992787361145, 0.006900099106132984, 0.0022026675287634134, 0.0025747003965079784, 0.009157707914710045, 0.009204437956213951, 0.003410232486203313, 0.08272834122180939, 0.002371923066675663, 0.001242891768924892], [0.007650990504771471, 0.0019931162241846323, 0.0014975504018366337, 0.004207661375403404, 0.005326472222805023, 0.943539023399353, 0.005515101831406355, 0.0015493056271225214, 0.003447833238169551, 0.008935007266700268, 0.0016216079238802195, 0.012040922418236732, 0.0017159973504021764, 0.0009594395523890853], [0.20465593039989471, 0.0739157497882843, 0.03904612362384796, 0.07781057059764862, 0.05854577198624611, 0.054869022220373154, 0.09338775277137756, 0.06278334558010101, 0.0660817101597786, 0.0408879779279232, 0.04717991128563881, 0.05608479678630829, 0.09407328069210052, 0.03067808970808983], [0.0714285671710968, 0.0714285671710968, 0.0714285671710968, 0.0714285671710968, 0.0714285671710968, 0.0714285671710968, 0.0714285671710968, 0.0714285671710968, 0.0714285671710968, 0.0714285671710968, 0.0714285671710968, 0.0714285671710968, 0.0714285671710968, 0.0714285671710968]], "p2h_attention": [[0.04600406065583229, 0.04600406065583229, 0.04600406065583229, 0.37158045172691345, 0.1333850622177124, 0.18197239935398102, 0.15223045647144318, 0.02281946875154972], [0.07370344549417496, 0.07370344549417496, 0.07370344549417496, 0.1895105540752411, 0.316935271024704, 0.1031513512134552, 0.11963783949613571, 0.04965464770793915], [0.16859203577041626, 0.16859203577041626, 0.16859203577041626, 0.12112977355718613, 0.0934196338057518, 0.11386930197477341, 0.09285227954387665, 0.07295295596122742], [0.029325470328330994, 0.029325470328330994, 0.029325470328330994, 0.7064836025238037, 0.06562443822622299, 0.07745691388845444, 0.044796835631132126, 0.017661884427070618], [0.0018112753750756383, 0.0018112753750756383, 0.0018112753750756383, 0.00525554409250617, 0.977344274520874, 0.007852558977901936, 0.0026993330102413893, 0.0014144552405923605], [0.0015595564618706703, 0.0015595564618706703, 0.0015595564618706703, 0.004381879698485136, 0.005547014996409416, 0.9826062321662903, 0.0017870481824502349, 0.0009991651168093085], [0.07039923220872879, 0.07039923220872879, 0.07039923220872879, 0.3529635965824127, 0.06678997725248337, 0.2166365534067154, 0.11472482234239578, 0.03768736496567726], [0.10256420820951462, 0.10256420820951462, 0.10256420820951462, 0.21285443007946014, 0.1475161761045456, 0.11499146372079849, 0.14573445916175842, 0.0712108463048935], [0.07456910610198975, 0.07456910610198975, 0.07456910610198975, 0.28960901498794556, 0.2540377080440521, 0.12390055507421494, 0.07426729798316956, 0.03447820618748665], [0.05994383245706558, 0.05994383245706558, 0.05994383245706558, 0.10807806998491287, 0.2768067717552185, 0.34808871150016785, 0.0498172752559185, 0.03737771138548851], [0.09288075566291809, 0.09288075566291809, 0.09288075566291809, 0.1875738501548767, 0.2100718915462494, 0.12940332293510437, 0.11774598807096481, 0.07656270265579224], [0.023630019277334213, 0.023630019277334213, 0.023630019277334213, 0.037832338362932205, 0.7240052819252014, 0.1365094929933548, 0.01988554745912552, 0.010877289809286594], [0.09015185385942459, 0.09015185385942459, 0.09015185385942459, 0.1796533316373825, 0.1351737231016159, 0.12668463587760925, 0.2172015756368637, 0.07083126902580261], [0.125, 0.125, 0.125, 0.125, 0.125, 0.125, 0.125, 0.125]], "claim": "Satoru Iwata minored in computer science.", "premise_source_doc_id": "Satoru_Iwata", "premise_source_doc_line_num": 5, "premise_source_doc_sentence": "He later majored in computer science at the Tokyo Institute of Technology ."}
