{"premise_tokens": ["American", "singer", "Liza", "Minnelli", "has", "released", "eleven", "studio", "albums", "--", "Liza", "!", "@@NULL@@"], "hypothesis_tokens": ["Liza", "Minnelli", "has", "no", "parents", ".", "@@NULL@@"], "label_logits": [-4.367368221282959, 0.14951573312282562, 2.294123649597168], "label_probs": [0.001143816509284079, 0.10471624881029129, 0.8941399455070496], "h2p_attention": [[0.09140631556510925, 0.08842245489358902, 0.10107404738664627, 0.10107404738664627, 0.0768527239561081, 0.06945301592350006, 0.05478977411985397, 0.08143214881420135, 0.07371565699577332, 0.05606267228722572, 0.10107404738664627, 0.06090632826089859, 0.04373665153980255], [0.09140631556510925, 0.08842245489358902, 0.10107404738664627, 0.10107404738664627, 0.0768527239561081, 0.06945301592350006, 0.05478977411985397, 0.08143214881420135, 0.07371565699577332, 0.05606267228722572, 0.10107404738664627, 0.06090632826089859, 0.04373665153980255], [0.047453492879867554, 0.04387860372662544, 0.021163564175367355, 0.021163564175367355, 0.6150899529457092, 0.021567264571785927, 0.06569565087556839, 0.05388949066400528, 0.04214296489953995, 0.01701611652970314, 0.021163564175367355, 0.017731618136167526, 0.012044119648635387], [0.15853385627269745, 0.10043162107467651, 0.0439615324139595, 0.0439615324139595, 0.28343844413757324, 0.03791036084294319, 0.07358924299478531, 0.055059343576431274, 0.049669280648231506, 0.048551563173532486, 0.0439615324139595, 0.04001893475651741, 0.020912908017635345], [0.11335606873035431, 0.11881484091281891, 0.02954780124127865, 0.02954780124127865, 0.09095542877912521, 0.0375128835439682, 0.21434593200683594, 0.050363510847091675, 0.10075405985116959, 0.050627559423446655, 0.02954780124127865, 0.11936953663825989, 0.015256679616868496], [0.0649697408080101, 0.0874558761715889, 0.05851951241493225, 0.05851951241493225, 0.12165290117263794, 0.07846075296401978, 0.08544058352708817, 0.09766579419374466, 0.10632369667291641, 0.048204146325588226, 0.05851951241493225, 0.08828994631767273, 0.045978106558322906], [0.07692307978868484, 0.07692307978868484, 0.07692307978868484, 0.07692307978868484, 0.07692307978868484, 0.07692307978868484, 0.07692307978868484, 0.07692307978868484, 0.07692307978868484, 0.07692307978868484, 0.07692307978868484, 0.07692307978868484, 0.07692307978868484]], "p2h_attention": [[0.08181832730770111, 0.08181832730770111, 0.15424570441246033, 0.2967751622200012, 0.2908738851547241, 0.05531971901655197, 0.03914893418550491], [0.08722208440303802, 0.08722208440303802, 0.15717633068561554, 0.2071884274482727, 0.3359851539134979, 0.08206299692392349, 0.04314291104674339], [0.18209923803806305, 0.18209923803806305, 0.13846108317375183, 0.16564272344112396, 0.15260863304138184, 0.10029138624668121, 0.07879777997732162], [0.18209923803806305, 0.18209923803806305, 0.13846108317375183, 0.16564272344112396, 0.15260863304138184, 0.10029138624668121, 0.07879777997732162], [0.02260173298418522, 0.02260173298418522, 0.6568883657455444, 0.17433008551597595, 0.07668253779411316, 0.03403292968869209, 0.012862577103078365], [0.13294461369514465, 0.13294461369514465, 0.14991500973701477, 0.1517639458179474, 0.20584747195243835, 0.14286522567272186, 0.08371920883655548], [0.044130876660346985, 0.044130876660346985, 0.19215431809425354, 0.12396197021007538, 0.49493005871772766, 0.06546387076377869, 0.035228047519922256], [0.10789632797241211, 0.10789632797241211, 0.2592897415161133, 0.15257132053375244, 0.19129881262779236, 0.12309707701206207, 0.05795038491487503], [0.08796032518148422, 0.08796032518148422, 0.1826092004776001, 0.12394987046718597, 0.34464752674102783, 0.12068451941013336, 0.05218823254108429], [0.1098875105381012, 0.1098875105381012, 0.12111708521842957, 0.19902552664279938, 0.2844769060611725, 0.08987798541784286, 0.08572746813297272], [0.18209923803806305, 0.18209923803806305, 0.13846108317375183, 0.16564272344112396, 0.15260863304138184, 0.10029138624668121, 0.07879777997732162], [0.0823260247707367, 0.0823260247707367, 0.08703490346670151, 0.11312830448150635, 0.46254464983940125, 0.11352206766605377, 0.059118058532476425], [0.1428571492433548, 0.1428571492433548, 0.1428571492433548, 0.1428571492433548, 0.1428571492433548, 0.1428571492433548, 0.1428571492433548]], "claim": "Liza Minnelli has no parents.", "premise_source_doc_id": "Liza_Minnelli_discography", "premise_source_doc_line_num": 0, "premise_source_doc_sentence": "American singer Liza Minnelli has released eleven studio albums -- Liza !"}
