{"premise_tokens": ["Match", "fixing", "is", "when", "the", "outcome", "of", "a", "match", "in", "organized", "sports", "has", "been", "manipulated", ".", "@@NULL@@"], "hypothesis_tokens": ["Match", "fixing", "is", "common", "in", "organized", "sports", ".", "@@NULL@@"], "label_logits": [0.019482210278511047, 0.9161242842674255, -2.2420318126678467], "label_probs": [0.28125038743019104, 0.6894453763961792, 0.02930421382188797], "h2p_attention": [[0.40724900364875793, 0.011602522805333138, 0.016794120892882347, 0.019313618540763855, 0.005570939276367426, 0.019611213356256485, 0.005646949168294668, 0.006366689223796129, 0.40724900364875793, 0.009527105838060379, 0.01386855449527502, 0.013528598472476006, 0.015040526166558266, 0.011044771410524845, 0.030311988666653633, 0.004913543350994587, 0.0023608230985701084], [0.004448366817086935, 0.9295955300331116, 0.006565950810909271, 0.0030684799421578646, 0.0018494098912924528, 0.006439838092774153, 0.0020926883444190025, 0.0022834702394902706, 0.004448366817086935, 0.00268015475012362, 0.006399846635758877, 0.007322751916944981, 0.004026555456221104, 0.004932291340082884, 0.011307863518595695, 0.0016333425883203745, 0.000905131280887872], [0.02243974804878235, 0.022882862016558647, 0.38902080059051514, 0.23697257041931152, 0.01825607381761074, 0.06561986356973648, 0.011025887914001942, 0.017500853165984154, 0.02243974804878235, 0.03255666047334671, 0.011351248249411583, 0.012929883785545826, 0.05779261142015457, 0.04795585945248604, 0.01534472405910492, 0.012756235897541046, 0.003154453821480274], [0.053196582943201065, 0.028947776183485985, 0.08307395130395889, 0.10340163111686707, 0.04529226943850517, 0.08954053372144699, 0.029524220153689384, 0.08891798555850983, 0.053196582943201065, 0.14296987652778625, 0.051747698336839676, 0.06892663240432739, 0.042346447706222534, 0.032698191702365875, 0.0468875914812088, 0.026034744456410408, 0.013297389261424541], [0.03430452570319176, 0.025171104818582535, 0.08773434907197952, 0.06714484840631485, 0.025409171357750893, 0.07586271315813065, 0.020826151594519615, 0.04082107171416283, 0.03430452570319176, 0.3400314450263977, 0.02979981154203415, 0.03790648654103279, 0.07109154015779495, 0.041567496955394745, 0.037963274866342545, 0.02156076207756996, 0.008500686846673489], [0.01856059767305851, 0.022339943796396255, 0.011369559913873672, 0.012437303550541401, 0.004243879579007626, 0.004161313641816378, 0.00495893694460392, 0.006415557581931353, 0.01856059767305851, 0.011076022870838642, 0.7715927958488464, 0.021824656054377556, 0.012528595514595509, 0.007710359059274197, 0.06308480352163315, 0.005975610576570034, 0.003159542568027973], [0.02209479920566082, 0.031193455681204796, 0.015804151073098183, 0.015939045697450638, 0.009301605634391308, 0.02210118994116783, 0.005396226886659861, 0.01530483178794384, 0.02209479920566082, 0.01719333603978157, 0.02663324773311615, 0.7168392539024353, 0.01635143905878067, 0.012978381477296352, 0.039321187883615494, 0.007597333751618862, 0.003855676855891943], [0.05235658213496208, 0.04539473354816437, 0.10172751545906067, 0.1016455665230751, 0.05148207023739815, 0.07757632434368134, 0.0386873260140419, 0.04968622326850891, 0.05235658213496208, 0.06380434334278107, 0.04757709428668022, 0.04956790804862976, 0.06655968725681305, 0.06356680393218994, 0.03571566939353943, 0.07713966816663742, 0.025155900046229362], [0.05882352963089943, 0.05882352963089943, 0.05882352963089943, 0.05882352963089943, 0.05882352963089943, 0.05882352963089943, 0.05882352963089943, 0.05882352963089943, 0.05882352963089943, 0.05882352963089943, 0.05882352963089943, 0.05882352963089943, 0.05882352963089943, 0.05882352963089943, 0.05882352963089943, 0.05882352963089943, 0.05882352963089943]], "p2h_attention": [[0.8323284387588501, 0.02371303364634514, 0.03432353213429451, 0.01930258795619011, 0.01947133243083954, 0.02834431082010269, 0.027649519965052605, 0.010042214766144753, 0.004825009033083916], [0.0046263826079666615, 0.9667963981628418, 0.006828709505498409, 0.002049280097708106, 0.0027874100487679243, 0.006655958015471697, 0.007615796290338039, 0.0016987054841592908, 0.0009413531515747309], [0.04259641468524933, 0.04343755915760994, 0.7384615540504456, 0.03740914538502693, 0.061800915747880936, 0.0215475894510746, 0.024544252082705498, 0.02421462908387184, 0.005987965036183596], [0.07084245979785919, 0.02935655601322651, 0.6505299210548401, 0.06733709573745728, 0.06839936226606369, 0.03408752381801605, 0.03579769656062126, 0.034989841282367706, 0.008659510873258114], [0.10089671611785889, 0.08736423403024673, 0.247454434633255, 0.14563633501529694, 0.1278052181005478, 0.057431597262620926, 0.10315000265836716, 0.0875040665268898, 0.04275747388601303], [0.13182471692562103, 0.11290658265352249, 0.33011630177497864, 0.10685852915048599, 0.14162184298038483, 0.020900754258036613, 0.09096428006887436, 0.048937879502773285, 0.015869230031967163], [0.13016292452812195, 0.1258142590522766, 0.1902068704366684, 0.12082280963659286, 0.1333189457654953, 0.085408516228199, 0.07615992426872253, 0.08368848264217377, 0.05441727861762047], [0.08634858578443527, 0.08077721297740936, 0.1776396781206131, 0.21410571038722992, 0.15375715494155884, 0.06501522660255432, 0.1270962804555893, 0.06324134767055511, 0.032018791884183884], [0.8323284387588501, 0.02371303364634514, 0.03432353213429451, 0.01930258795619011, 0.01947133243083954, 0.02834431082010269, 0.027649519965052605, 0.010042214766144753, 0.004825009033083916], [0.050715867429971695, 0.037213001400232315, 0.12970659136772156, 0.13512153923511505, 0.5027030110359192, 0.044056087732315063, 0.05604100972414017, 0.031875479966402054, 0.01256742887198925], [0.021134953945875168, 0.025438496842980385, 0.012946519069373608, 0.014000975526869297, 0.012612268328666687, 0.8786128163337708, 0.024851756170392036, 0.006804428528994322, 0.00359777151606977], [0.02565591223537922, 0.03622102737426758, 0.018351372331380844, 0.023206988349556923, 0.019964464008808136, 0.030925827100872993, 0.8323754668235779, 0.00882183387875557, 0.004477113485336304], [0.1212574914097786, 0.084670290350914, 0.34870418906211853, 0.06061214208602905, 0.15917430818080902, 0.07547224313020706, 0.08071690052747726, 0.05035938695073128, 0.019033078104257584], [0.11135657876729965, 0.12970592081546783, 0.36185961961746216, 0.05853020027279854, 0.11639182269573212, 0.05808620899915695, 0.08012028783559799, 0.060146890580654144, 0.02380250208079815], [0.1814178079366684, 0.1765216737985611, 0.06873277574777603, 0.04982192441821098, 0.06310135126113892, 0.28211715817451477, 0.14409701526165009, 0.02006078138947487, 0.014129569754004478], [0.10226371139287949, 0.08866576105356216, 0.1986958086490631, 0.09620048850774765, 0.12462364882230759, 0.09292838722467422, 0.09681685268878937, 0.15067048370838165, 0.04913492500782013], [0.1111111119389534, 0.1111111119389534, 0.1111111119389534, 0.1111111119389534, 0.1111111119389534, 0.1111111119389534, 0.1111111119389534, 0.1111111119389534, 0.1111111119389534]], "claim": "Match fixing is common in organized sports.", "premise_source_doc_id": "List_of_match_fixing_incidents", "premise_source_doc_line_num": 0, "premise_source_doc_sentence": "Match fixing is when the outcome of a match in organized sports has been manipulated ."}
{"premise_tokens": ["Match", "fixing", "is", "seen", "as", "one", "of", "the", "biggest", "problems", "in", "organized", "sports", ".", "@@NULL@@"], "hypothesis_tokens": ["Match", "fixing", "is", "common", "in", "organized", "sports", ".", "@@NULL@@"], "label_logits": [-0.17303526401519775, 1.393056869506836, -2.4912006855010986], "label_probs": [0.16988441348075867, 0.813389778137207, 0.016725806519389153],