{"premise_tokens": ["Brave", "New", "World", "is", "a", "novel", "by", "Aldous", "Huxley", ".", "@@NULL@@"], "hypothesis_tokens": ["Brave", "New", "World", "is", "a", "Spanish", "-", "language", "novel", ".", "@@NULL@@"], "label_logits": [-1.7723643779754639, 0.00767270103096962, 0.7669032216072083], "label_probs": [0.051019202917814255, 0.30254775285720825, 0.6464330554008484], "h2p_attention": [[0.9838683009147644, 0.001983060035854578, 0.0006153033464215696, 0.0038661484140902758, 0.002351572271436453, 0.0024714048486202955, 0.0015474929241463542, 0.00084789062384516, 0.00084789062384516, 0.0011724828509613872, 0.0004285182512830943], [0.004771314561367035, 0.9653908610343933, 0.0012151191476732492, 0.008234148845076561, 0.0028930846601724625, 0.002948365407064557, 0.007912837900221348, 0.0017273882403969765, 0.0017273882403969765, 0.002148500643670559, 0.0010310305515304208], [0.0025290297344326973, 0.002075779950246215, 0.9514155387878418, 0.0027778195217251778, 0.004954020492732525, 0.02317563258111477, 0.004121472127735615, 0.002145495032891631, 0.002145495032891631, 0.002898402279242873, 0.0017613025847822428], [0.04982243478298187, 0.04410247504711151, 0.008709350600838661, 0.6810269951820374, 0.030637316405773163, 0.02785203792154789, 0.11011791974306107, 0.009938942268490791, 0.009938942268490791, 0.022331302985548973, 0.005522245075553656], [0.12198968231678009, 0.06237688660621643, 0.06252558529376984, 0.12333009392023087, 0.3029884397983551, 0.11765240877866745, 0.08216580003499985, 0.030417393893003464, 0.030417393893003464, 0.04390662536025047, 0.022229723632335663], [0.2752203047275543, 0.03798212110996246, 0.05560121312737465, 0.07688092440366745, 0.08008874952793121, 0.17481225728988647, 0.16841910779476166, 0.04304766282439232, 0.04304766282439232, 0.025469493120908737, 0.019430480897426605], [0.11063949018716812, 0.08837099373340607, 0.1338319033384323, 0.09260723739862442, 0.0968853309750557, 0.096918024122715, 0.1113508939743042, 0.07178457826375961, 0.07178457826375961, 0.06530024856328964, 0.060526806861162186], [0.06127620488405228, 0.23588359355926514, 0.06678447872400284, 0.11795151978731155, 0.0720183253288269, 0.24655571579933167, 0.06761256605386734, 0.03249590843915939, 0.03249590843915939, 0.041053321212530136, 0.025872327387332916], [7.126271520974115e-05, 3.533437120495364e-05, 0.0001625867880648002, 6.232026498764753e-05, 6.539652531500906e-05, 0.99945068359375, 7.394710701191798e-05, 2.14139527088264e-05, 2.14139527088264e-05, 2.3307313313125633e-05, 1.2356282240943983e-05], [0.1181424930691719, 0.08997730910778046, 0.0710548460483551, 0.17460934817790985, 0.08528351038694382, 0.08144666254520416, 0.09398851543664932, 0.054956454783678055, 0.054956454783678055, 0.13240577280521393, 0.04317865148186684], [0.09090908616781235, 0.09090908616781235, 0.09090908616781235, 0.09090908616781235, 0.09090908616781235, 0.09090908616781235, 0.09090908616781235, 0.09090908616781235, 0.09090908616781235, 0.09090908616781235, 0.09090908616781235]], "p2h_attention": [[0.9793391823768616, 0.001973931211978197, 0.0006124708452261984, 0.0038483510725200176, 0.00234074704349041, 0.0060417442582547665, 0.0007797007565386593, 0.0010102334199473262, 0.0024600280448794365, 0.001167085487395525, 0.00042654562275856733], [0.004763914737850428, 0.9638936519622803, 0.0012132346164435148, 0.008221378549933434, 0.0028885977808386087, 0.002012301469221711, 0.0015030017821118236, 0.009385550394654274, 0.002943792613223195, 0.0021451686043292284, 0.001029431470669806], [0.0025162759702652693, 0.002065311884507537, 0.946617603302002, 0.0027638112660497427, 0.004929037764668465, 0.0050146314315497875, 0.003874807618558407, 0.004523538053035736, 0.023058759048581123, 0.0028837856370955706, 0.0017524204449728131], [0.053834207355976105, 0.047653671354055405, 0.009410640224814415, 0.7358642816543579, 0.03310427814722061, 0.023609356954693794, 0.009129485115408897, 0.027203021571040154, 0.030094724148511887, 0.02412945218384266, 0.0059669045731425285], [0.11661510914564133, 0.05962871015071869, 0.0597708597779274, 0.11789646744728088, 0.28963950276374817, 0.08758985251188278, 0.034015439450740814, 0.05915252864360809, 0.11246892064809799, 0.04197220876812935, 0.02125033549964428], [7.125331467250362e-05, 3.532970731612295e-05, 0.0001625653385417536, 6.23120431555435e-05, 6.538789602927864e-05, 0.00011115243250969797, 1.9782784875133075e-05, 0.00011773617006838322, 0.9993188381195068, 2.3304237402044237e-05, 1.2354652426438406e-05], [0.06064758449792862, 0.12888868153095245, 0.03929818421602249, 0.3348856270313263, 0.0620742104947567, 0.14556670188903809, 0.03089584782719612, 0.04388803243637085, 0.10050501674413681, 0.036556098610162735, 0.016794001683592796], [0.11845695227384567, 0.10030175000429153, 0.07292619347572327, 0.10774928331375122, 0.08191774040460587, 0.13263437151908875, 0.07100246101617813, 0.07519401609897614, 0.10375259071588516, 0.0761973112821579, 0.05986734852194786], [0.11845695227384567, 0.10030175000429153, 0.07292619347572327, 0.10774928331375122, 0.08191774040460587, 0.13263437151908875, 0.07100246101617813, 0.07519401609897614, 0.10375259071588516, 0.0761973112821579, 0.05986734852194786], [0.12207381427288055, 0.09297139942646027, 0.07341927289962769, 0.1804196685552597, 0.08812141418457031, 0.05848200246691704, 0.04813406616449356, 0.07079429179430008, 0.08415689319372177, 0.13681171834468842, 0.04461546987295151], [0.09090908616781235, 0.09090908616781235, 0.09090908616781235, 0.09090908616781235, 0.09090908616781235, 0.09090908616781235, 0.09090908616781235, 0.09090908616781235, 0.09090908616781235, 0.09090908616781235, 0.09090908616781235]], "claim": "Brave New World is a Spanish-language novel.", "premise_source_doc_id": "Brave_New_World_-LRB-disambiguation-RRB-", "premise_source_doc_line_num": 0, "premise_source_doc_sentence": "Brave New World is a novel by Aldous Huxley ."}
{"premise_tokens": ["Brave", "New", "World", "is", "a", "novel", "written", "in", "1931", "by", "Aldous", "Huxley", ",", "and", "published", "in", "1932", ".", "@@NULL@@"], "hypothesis_tokens": ["Brave", "New", "World", "is", "a", "Spanish", "-", "language", "novel", ".", "@@NULL@@"], "label_logits": [-1.1860650777816772, 0.9111953377723694, 0.08396156132221222], "label_probs": [0.07871055603027344, 0.641005277633667, 0.28028416633605957],