{"premise_tokens": ["Jasmine", "Ying", "Thompson", "(", "born", "8", "November", "2000", ")", "is", "an", "English", "singer", "and", "YouTube", "celebrity", ".", "@@NULL@@"], "hypothesis_tokens": ["Jasmine", "Thompson", "is", "an", "English", "-", "American", "singer", ".", "@@NULL@@"], "label_logits": [0.35608670115470886, 1.0014876127243042, -1.3363384008407593], "label_probs": [0.32353833317756653, 0.6169071197509766, 0.05955453962087631], "h2p_attention": [[0.857254147529602, 0.0035514256451278925, 0.0035514256451278925, 0.003732813987880945, 0.018216051161289215, 0.0057644615881145, 0.01350126788020134, 0.010661311447620392, 0.0038869150448590517, 0.008308300748467445, 0.007692426908761263, 0.019780291244387627, 0.011026672087609768, 0.003441201290115714, 0.0116759417578578, 0.011038382537662983, 0.003997829742729664, 0.002919028513133526], [0.043657757341861725, 0.08292607963085175, 0.08292607963085175, 0.03857514262199402, 0.05792614072561264, 0.048236049711704254, 0.055695030838251114, 0.06240452826023102, 0.04003647342324257, 0.06458346545696259, 0.05428950488567352, 0.05738401785492897, 0.07254608720541, 0.045513756573200226, 0.059961672872304916, 0.05178282409906387, 0.04567164555191994, 0.03588367998600006], [0.012869367375969887, 0.00813781376928091, 0.00813781376928091, 0.006820267532020807, 0.06376693397760391, 0.020452536642551422, 0.024163857102394104, 0.045439667999744415, 0.0063986461609601974, 0.5576117634773254, 0.08492715656757355, 0.04981799051165581, 0.021943623200058937, 0.014211046509444714, 0.028855085372924805, 0.023640507832169533, 0.01828444004058838, 0.004521507769823074], [0.024046652019023895, 0.013805387541651726, 0.013805387541651726, 0.011192264966666698, 0.08456258475780487, 0.029160119593143463, 0.022892659530043602, 0.050097595900297165, 0.012577619403600693, 0.17139294743537903, 0.28740525245666504, 0.04583868384361267, 0.029245829209685326, 0.02439269609749317, 0.07723993808031082, 0.06798625737428665, 0.025233237072825432, 0.009124932810664177], [0.0005169151700101793, 0.00012198855984024704, 0.00012198855984024704, 0.0001349238445982337, 0.011633975431323051, 0.00023383981897495687, 0.000800390203949064, 0.00027791206957772374, 0.00011994082888122648, 0.0008404808468185365, 0.0003832016955129802, 0.9822765588760376, 0.000760313356295228, 0.0001635360240470618, 0.0005417247884906828, 0.0008675522985868156, 0.00012848923506680876, 7.628251478308812e-05], [0.05551986023783684, 0.036506589502096176, 0.036506589502096176, 0.03867030516266823, 0.0820867121219635, 0.03648488596081734, 0.08762653172016144, 0.05080686882138252, 0.03857077285647392, 0.04709610715508461, 0.05019301548600197, 0.11678265780210495, 0.044353142380714417, 0.04184534028172493, 0.08920831978321075, 0.08375203609466553, 0.0332089327275753, 0.03078136034309864], [0.018244478851556778, 0.008567684330046177, 0.008567684330046177, 0.005021446850150824, 0.1473129838705063, 0.006997422315180302, 0.024934712797403336, 0.022585231810808182, 0.004857509862631559, 0.011905001476407051, 0.010191011242568493, 0.6196997165679932, 0.015386184677481651, 0.009016169235110283, 0.01530588511377573, 0.06151460483670235, 0.005792854819446802, 0.0040995171293616295], [0.003616457339376211, 0.0019355047261342406, 0.0019355047261342406, 0.001818553195334971, 0.004621815402060747, 0.0017998371040448546, 0.002489923732355237, 0.005421370733529329, 0.001822997466661036, 0.004646245390176773, 0.003068395657464862, 0.009542117826640606, 0.9098174571990967, 0.0016306659672409296, 0.024391639977693558, 0.01866314932703972, 0.001821021898649633, 0.0009573642164468765], [0.03691999986767769, 0.03431035950779915, 0.03431035950779915, 0.036547861993312836, 0.05609838664531708, 0.05050472170114517, 0.05300728604197502, 0.1020502820611, 0.036388274282217026, 0.1090119406580925, 0.07454508543014526, 0.04540645331144333, 0.05127593129873276, 0.052304062992334366, 0.0671696588397026, 0.05052866041660309, 0.08266344666481018, 0.026957254856824875], [0.055555541068315506, 0.055555541068315506, 0.055555541068315506, 0.055555541068315506, 0.055555541068315506, 0.055555541068315506, 0.055555541068315506, 0.055555541068315506, 0.055555541068315506, 0.055555541068315506, 0.055555541068315506, 0.055555541068315506, 0.055555541068315506, 0.055555541068315506, 0.055555541068315506, 0.055555541068315506, 0.055555541068315506, 0.055555541068315506]],