{"premise_tokens": ["Africa", "'s", "population", "is", "the", "youngest", "amongst", "all", "the", "continents", ";", "the", "median", "age", "in", "2012", "was", "19.7", ",", "when", "the", "worldwide", "median", "age", "was", "30.4", ".", "@@NULL@@"], "hypothesis_tokens": ["Africa", "'s", "median", "age", "in", "2012", "was", "18.1", ".", "@@NULL@@"], "label_logits": [3.2548575401306152, -1.3403546810150146, -4.405355453491211], "label_probs": [0.9895393252372742, 0.009994425810873508, 0.0004662778810597956], "h2p_attention": [[0.9991289973258972, 1.0698749065340962e-05, 1.7559363186592236e-05, 9.105074241233524e-06, 6.38755818727077e-06, 2.2709618860972114e-05, 2.624033731990494e-05, 1.6058687833719887e-05, 6.38755818727077e-06, 0.0004360606544651091, 6.483558081527008e-06, 6.38755818727077e-06, 3.9757462218403816e-05, 1.452876313123852e-05, 4.03385165554937e-05, 2.553910053393338e-05, 5.1481656555552036e-06, 6.322920398815768e-06, 6.185150141391205e-06, 1.1592998816922773e-05, 6.38755818727077e-06, 7.5458490755409e-05, 3.9757462218403816e-05, 1.452876313123852e-05, 5.1481656555552036e-06, 6.322920398815768e-06, 6.527352525154129e-06, 3.467090436970466e-06], [0.019128916785120964, 0.35221877694129944, 0.01852613501250744, 0.03954186663031578, 0.0247351061552763, 0.03450794517993927, 0.018611343577504158, 0.12838701903820038, 0.0247351061552763, 0.01866324432194233, 0.011251663789153099, 0.0247351061552763, 0.015470167621970177, 0.021090542897582054, 0.018525181338191032, 0.013227647170424461, 0.02147912234067917, 0.009803010150790215, 0.0176705215126276, 0.04716147482395172, 0.0247351061552763, 0.009473251178860664, 0.015470167621970177, 0.021090542897582054, 0.02147912234067917, 0.009803010150790215, 0.012279904447495937, 0.006199014373123646], [6.254615436773747e-05, 1.3611923350254074e-05, 4.764058394357562e-05, 2.4869319531717338e-05, 1.4799097698414698e-05, 9.484984911978245e-05, 3.09358183585573e-05, 0.00019108809647150338, 1.4799097698414698e-05, 5.790357681689784e-05, 2.8121594368712977e-05, 1.4799097698414698e-05, 0.4995467960834503, 3.0452603823505342e-05, 3.399265551706776e-05, 1.460025850974489e-05, 9.447650882066227e-06, 9.785021575225983e-06, 1.9529239580151625e-05, 9.088720253203064e-05, 1.4799097698414698e-05, 1.7267248040298e-05, 0.4995467960834503, 3.0452603823505342e-05, 9.447650882066227e-06, 9.785021575225983e-06, 1.4401702173927333e-05, 5.454402071336517e-06], [0.004169624298810959, 0.003385312156751752, 0.0032834485173225403, 0.0022253491915762424, 0.0011380320647731423, 0.08334498107433319, 0.003103282768279314, 0.004011200275272131, 0.0011380320647731423, 0.008646332658827305, 0.0033142792526632547, 0.0011380320647731423, 0.005555346608161926, 0.4181171953678131, 0.0020412569865584373, 0.009971174411475658, 0.0019812786485999823, 0.0012996053555980325, 0.001797670149244368, 0.00713182520121336, 0.0011380320647731423, 0.002469116821885109, 0.005555346608161926, 0.4181171953678131, 0.0019812786485999823, 0.0012996053555980325, 0.0016510261921212077, 0.0009950242238119245], [0.07267340272665024, 0.018666410818696022, 0.06656487286090851, 0.06446687877178192, 0.018670566380023956, 0.032870225608348846, 0.0329270139336586, 0.04436476528644562, 0.018670566380023956, 0.041361480951309204, 0.012138654477894306, 0.018670566380023956, 0.03892771899700165, 0.012814009562134743, 0.24985386431217194, 0.02363194338977337, 0.014799730852246284, 0.010371199809014797, 0.013743236660957336, 0.04933778941631317, 0.018670566380023956, 0.026802850887179375, 0.03892771899700165, 0.012814009562134743, 0.014799730852246284, 0.010371199809014797, 0.015842769294977188, 0.006246273405849934], [0.0009516385616734624, 0.00027567133656702936, 0.0009366368758492172, 0.0007578735239803791, 0.00020352797582745552, 0.0018988497322425246, 0.001720128464512527, 0.0005931789637543261, 0.00020352797582745552, 0.0019539794884622097, 0.00023197519476525486, 0.00020352797582745552, 0.00034581581712700427, 0.001294625224545598, 0.0004887760733254254, 0.9827602505683899, 0.0004385070351418108, 0.0002244492352474481, 0.0002316504396731034, 0.0005180254229344428, 0.00020352797582745552, 0.000781181501224637, 0.00034581581712700427, 0.001294625224545598, 0.0004385070351418108, 0.0002244492352474481, 0.00034998395130969584, 0.00012919073924422264], [0.01800556667149067, 0.042015884071588516, 0.022555358707904816, 0.06485944986343384, 0.028448263183236122, 0.045510321855545044, 0.04005390405654907, 0.05974994972348213, 0.028448263183236122, 0.023126976564526558, 0.01847321353852749, 0.028448263183236122, 0.021003711968660355, 0.02414523810148239, 0.02873110957443714, 0.041159000247716904, 0.10999801754951477, 0.017406044527888298, 0.020420506596565247, 0.05717745050787926, 0.028448263183236122, 0.019327787682414055, 0.021003711968660355, 0.02414523810148239, 0.10999801754951477, 0.017406044527888298, 0.0278084184974432, 0.012126056477427483], [0.042420897632837296, 0.036784447729587555, 0.03393618389964104, 0.04186507314443588, 0.0335024930536747, 0.04076223820447922, 0.03216591477394104, 0.038212575018405914, 0.0335024930536747, 0.03267231211066246, 0.02673710510134697, 0.0335024930536747, 0.0417293980717659, 0.030381230637431145, 0.038622066378593445, 0.04041237756609917, 0.03338935226202011, 0.053755342960357666, 0.025847982615232468, 0.03469304367899895, 0.0335024930536747, 0.029480457305908203, 0.0417293980717659, 0.030381230637431145, 0.03338935226202011, 0.053755342960357666, 0.029605822637677193, 0.023260951042175293], [0.029266098514199257, 0.0307939313352108, 0.05741409212350845, 0.06286244839429855, 0.03181331232190132, 0.03516966477036476, 0.04421555623412132, 0.05306446552276611, 0.03181331232190132, 0.029897348955273628, 0.025717835873365402, 0.03181331232190132, 0.0410449393093586, 0.025793667882680893, 0.03942784294486046, 0.042112354189157486, 0.03564918413758278, 0.019785292446613312, 0.020733891054987907, 0.06281179934740067, 0.03181331232190132, 0.03149981051683426, 0.0410449393093586, 0.025793667882680893, 0.03564918413758278, 0.019785292446613312, 0.04766841232776642, 0.015545075759291649], [0.035714294761419296, 0.035714294761419296, 0.035714294761419296, 0.035714294761419296, 0.035714294761419296, 0.035714294761419296, 0.035714294761419296, 0.035714294761419296, 0.035714294761419296, 0.035714294761419296, 0.035714294761419296, 0.035714294761419296, 0.035714294761419296, 0.035714294761419296, 0.035714294761419296, 0.035714294761419296, 0.035714294761419296, 0.035714294761419296, 0.035714294761419296, 0.035714294761419296, 0.035714294761419296, 0.035714294761419296, 0.035714294761419296, 0.035714294761419296, 0.035714294761419296, 0.035714294761419296, 0.035714294761419296, 0.035714294761419296]],