{"premise_tokens": ["Murdoc", "Niccals", "is", "a", "fictional", "English", "bassist", "for", "the", "British", "virtual", "band", "Gorillaz", ".", "@@NULL@@"], "hypothesis_tokens": ["Murdoc", "Niccals", "is", "American", ".", "@@NULL@@"], "label_logits": [-2.4226999282836914, 3.2376770973205566, -0.4630995988845825], "label_probs": [0.003385774325579405, 0.9725871086120605, 0.02402711659669876], "h2p_attention": [[0.09247182309627533, 0.09247182309627533, 0.07201775908470154, 0.0547524094581604, 0.05496891960501671, 0.06398957967758179, 0.07130154222249985, 0.05329890549182892, 0.05763215944170952, 0.07558505237102509, 0.07214709371328354, 0.055947817862033844, 0.09247181564569473, 0.05092897266149521, 0.04001430422067642], [0.09247182309627533, 0.09247182309627533, 0.07201775908470154, 0.0547524094581604, 0.05496891960501671, 0.06398957967758179, 0.07130154222249985, 0.05329890549182892, 0.05763215944170952, 0.07558505237102509, 0.07214709371328354, 0.055947817862033844, 0.09247181564569473, 0.05092897266149521, 0.04001430422067642], [0.00992972869426012, 0.00992972869426012, 0.6803956627845764, 0.03060891292989254, 0.02318713255226612, 0.06078771501779556, 0.02267378941178322, 0.030289968475699425, 0.03192979469895363, 0.023471426218748093, 0.012569521553814411, 0.02646920084953308, 0.00992972869426012, 0.022310610860586166, 0.005517126061022282], [0.0009499461739324033, 0.0009499461739324033, 0.0013199731474742293, 0.002125674160197377, 0.0027752311434596777, 0.06870951503515244, 0.0026579939294606447, 0.0009775685612112284, 0.001054429798386991, 0.9114254117012024, 0.0008204443729482591, 0.004187080543488264, 0.000949945708271116, 0.0006422859732992947, 0.00045453596976585686], [0.043358705937862396, 0.043358705937862396, 0.13776062428951263, 0.0672856867313385, 0.05502194166183472, 0.05738106369972229, 0.06809927523136139, 0.062265124171972275, 0.0697176456451416, 0.041574519127607346, 0.06108035519719124, 0.11120770871639252, 0.04335871338844299, 0.10446349531412125, 0.03406643494963646], [0.06666667014360428, 0.06666667014360428, 0.06666667014360428, 0.06666667014360428, 0.06666667014360428, 0.06666667014360428, 0.06666667014360428, 0.06666667014360428, 0.06666667014360428, 0.06666667014360428, 0.06666667014360428, 0.06666667014360428, 0.06666667014360428, 0.06666667014360428, 0.06666667014360428]], "p2h_attention": [[0.21428750455379486, 0.21428750455379486, 0.1668887436389923, 0.19379089772701263, 0.11801911145448685, 0.09272624552249908], [0.21428750455379486, 0.21428750455379486, 0.1668887436389923, 0.19379089772701263, 0.11801911145448685, 0.09272624552249908], [0.013344532810151577, 0.013344532810151577, 0.914381742477417, 0.021531568840146065, 0.029983151704072952, 0.007414449471980333], [0.0858616977930069, 0.0858616977930069, 0.3481341004371643, 0.2934539318084717, 0.12393887341022491, 0.06274968385696411], [0.08766081184148788, 0.08766081184148788, 0.2681869864463806, 0.3896138370037079, 0.1030653715133667, 0.06381217390298843], [0.009515185840427876, 0.009515185840427876, 0.06555807590484619, 0.89943927526474, 0.010022249072790146, 0.005950085818767548], [0.10786173492670059, 0.10786173492670059, 0.24876821041107178, 0.35397249460220337, 0.12100396305322647, 0.060531824827194214], [0.10142657905817032, 0.10142657905817032, 0.4180562198162079, 0.1637674868106842, 0.13917683064937592, 0.07614628970623016], [0.10262644290924072, 0.10262644290924072, 0.41237545013427734, 0.16529472172260284, 0.14582288265228271, 0.07125405222177505], [0.0009372445056214929, 0.0009372445056214929, 0.0021108565852046013, 0.9949129819869995, 0.0006055259727872908, 0.0004961719969287515], [0.17200681567192078, 0.17200681567192078, 0.21734413504600525, 0.1721959412097931, 0.17104758322238922, 0.09539860486984253], [0.0663587898015976, 0.0663587898015976, 0.22769764065742493, 0.4371933043003082, 0.15493115782737732, 0.04746031388640404], [0.21428750455379486, 0.21428750455379486, 0.1668887734413147, 0.19379083812236786, 0.11801914125680923, 0.09272626042366028], [0.10545820742845535, 0.10545820742845535, 0.33506518602371216, 0.11708217859268188, 0.2540789246559143, 0.08285728842020035], [0.1666666716337204, 0.1666666716337204, 0.1666666716337204, 0.1666666716337204, 0.1666666716337204, 0.1666666716337204]], "claim": "Murdoc Niccals is American.", "premise_source_doc_id": "Murdoc_Niccals", "premise_source_doc_line_num": 0, "premise_source_doc_sentence": "Murdoc Niccals is a fictional English bassist for the British virtual band Gorillaz ."}
