{"premise_tokens": ["``", "The", "Mask", "''", ",", "a", "song", "by", "Dangerdoom", "featuring", "Ghostface", "Killah", "from", "the", "album", "The", "Mouse", "and", "the", "Mask", "@@NULL@@"], "hypothesis_tokens": ["Mask", "Off", "is", "a", "song", "by", "Future", ".", "@@NULL@@"], "label_logits": [-0.057110562920570374, -1.0049800872802734, 0.06190047413110733], "label_probs": [0.3977806568145752, 0.15416619181632996, 0.44805312156677246], "h2p_attention": [[0.006956609897315502, 0.008788827806711197, 0.34126371145248413, 0.006956609897315502, 0.013273045420646667, 0.01529436931014061, 0.017004013061523438, 0.024494841694831848, 0.006956609897315502, 0.07739096879959106, 0.006956609897315502, 0.006956609897315502, 0.034566786140203476, 0.008788827806711197, 0.01604304648935795, 0.008788827806711197, 0.036360371857881546, 0.008472664281725883, 0.008788825012743473, 0.3412635624408722, 0.004634149372577667], [0.018651500344276428, 0.03517141938209534, 0.017709586769342422, 0.018651500344276428, 0.022332262247800827, 0.03029310144484043, 0.04965720325708389, 0.09907827526330948, 0.018651500344276428, 0.024740464985370636, 0.018651500344276428, 0.018651500344276428, 0.39499953389167786, 0.03517141938209534, 0.027719425037503242, 0.03517141938209534, 0.04402140527963638, 0.029269656166434288, 0.03517140820622444, 0.017709586769342422, 0.0085262106731534], [0.0172075517475605, 0.05533219873905182, 0.023181943222880363, 0.0172075517475605, 0.0268455371260643, 0.05304320156574249, 0.034910090267658234, 0.1906501054763794, 0.0172075517475605, 0.08415807038545609, 0.0172075517475605, 0.0172075517475605, 0.1462617814540863, 0.05533219873905182, 0.03191851079463959, 0.05533219873905182, 0.03887196630239487, 0.0300495196133852, 0.05533219501376152, 0.023181943222880363, 0.009560810402035713], [0.01747516356408596, 0.03917749226093292, 0.04214974492788315, 0.01747516356408596, 0.0349414236843586, 0.1740705519914627, 0.09480822086334229, 0.04720524698495865, 0.01747516356408596, 0.08797258138656616, 0.01747516356408596, 0.01747516356408596, 0.07888338714838028, 0.03917749226093292, 0.04822644963860512, 0.03917749226093292, 0.05494692549109459, 0.03778861463069916, 0.03917749226093292, 0.042149726301431656, 0.012771246023476124], [0.00033985762274824083, 0.000303832144709304, 0.0006753206253051758, 0.00033985762274824083, 0.00022707741300109774, 0.001366284559480846, 0.9526382684707642, 0.0015087766805663705, 0.00033985762274824083, 0.0023102329578250647, 0.00033985762274824083, 0.00033985762274824083, 0.0019334834069013596, 0.000303832144709304, 0.03284149989485741, 0.000303832144709304, 0.002450473140925169, 0.00027473195223137736, 0.000303832144709304, 0.0006753206253051758, 0.00018404693400952965], [0.0018650073325261474, 0.0035396527964621782, 0.007255942095071077, 0.0018650073325261474, 0.004938649013638496, 0.005073951091617346, 0.011253446340560913, 0.8498243093490601, 0.0018650073325261474, 0.04240579530596733, 0.0018650073325261474, 0.0018650073325261474, 0.025473084300756454, 0.0035396527964621782, 0.005297014955431223, 0.0035396527964621782, 0.013739379122853279, 0.0026258525904268026, 0.0035396527964621782, 0.007255942095071077, 0.001372742815874517], [0.027375373989343643, 0.03510311618447304, 0.040309857577085495, 0.027375373989343643, 0.04021564498543739, 0.06407526135444641, 0.10047904402017593, 0.055662743747234344, 0.027375373989343643, 0.0722547397017479, 0.027375373989343643, 0.027375373989343643, 0.07755711674690247, 0.03510311618447304, 0.13327237963676453, 0.03510311618447304, 0.04610259830951691, 0.03237221762537956, 0.03510311618447304, 0.0403098538517952, 0.020099066197872162], [0.03623097389936447, 0.05825679004192352, 0.0358126163482666, 0.03623097389936447, 0.03796806558966637, 0.05622461810708046, 0.055988773703575134, 0.061963532119989395, 0.03623097389936447, 0.050282012671232224, 0.03623097389936447, 0.03623097389936447, 0.06633225083351135, 0.05825679004192352, 0.051694970577955246, 0.05825679004192352, 0.05004031956195831, 0.05523194000124931, 0.05825679004192352, 0.0358126163482666, 0.028466258198022842], [0.0476190485060215, 0.0476190485060215, 0.0476190485060215, 0.0476190485060215, 0.0476190485060215, 0.0476190485060215, 0.0476190485060215, 0.0476190485060215, 0.0476190485060215, 0.0476190485060215, 0.0476190485060215, 0.0476190485060215, 0.0476190485060215, 0.0476190485060215, 0.0476190485060215, 0.0476190485060215, 0.0476190485060215, 0.0476190485060215, 0.0476190485060215, 0.0476190485060215, 0.0476190485060215]],