{"premise_tokens": ["The", "Lady", "of", "the", "Lake", "(", "film", ")", ",", "a", "1928", "British", "film", "@@NULL@@"], "hypothesis_tokens": ["Lady", "in", "the", "Water", "was", "a", "film", "in", "2010", ".", "@@NULL@@"], "label_logits": [-0.9212675094604492, -1.584208607673645, 1.5430527925491333], "label_probs": [0.07535328716039658, 0.03883206471800804, 0.8858146667480469], "h2p_attention": [[0.0023630072828382254, 0.9695895910263062, 0.0018125877249985933, 0.0023630072828382254, 0.0029389404226094484, 0.0017197122797369957, 0.0022891664411872625, 0.002191477222368121, 0.002105491003021598, 0.003063553012907505, 0.0013980482472106814, 0.004984735511243343, 0.0022891664411872625, 0.0008915311773307621], [0.057802703231573105, 0.08927998691797256, 0.04737690091133118, 0.057802703231573105, 0.10312739759683609, 0.028492813929915428, 0.17296110093593597, 0.031000152230262756, 0.0425480492413044, 0.09286284446716309, 0.03210847079753876, 0.052337802946567535, 0.1729610562324524, 0.019338004291057587], [0.15435129404067993, 0.07695482671260834, 0.06690406054258347, 0.15435129404067993, 0.05974564328789711, 0.03489445894956589, 0.06905943155288696, 0.03524446114897728, 0.06082208454608917, 0.08906575292348862, 0.04181739687919617, 0.058695875108242035, 0.06905942410230637, 0.02903403341770172], [0.034251146018505096, 0.034649040549993515, 0.014543388038873672, 0.034251146018505096, 0.44095951318740845, 0.012636902742087841, 0.15006357431411743, 0.013173299841582775, 0.013747287914156914, 0.049682751297950745, 0.023611167445778847, 0.018756132572889328, 0.150063619017601, 0.009610995650291443], [0.08415671437978745, 0.1719949096441269, 0.05214061588048935, 0.08415671437978745, 0.08874490857124329, 0.04198700189590454, 0.0569692887365818, 0.042848337441682816, 0.06040870398283005, 0.0948619619011879, 0.05149121209979057, 0.0773986279964447, 0.0569692887365818, 0.035871755331754684], [0.06244643032550812, 0.0699508860707283, 0.055004436522722244, 0.06244643032550812, 0.07174340635538101, 0.02172747440636158, 0.09467312693595886, 0.023988043889403343, 0.05569440498948097, 0.2774573862552643, 0.027854297310113907, 0.061984047293663025, 0.09467312693595886, 0.02035655453801155], [0.0006118664750829339, 0.0006605137605220079, 0.000484446034533903, 0.0006118664750829339, 0.0016765390755608678, 0.0003457898274064064, 0.49605855345726013, 0.0004222325806040317, 0.0003264124970883131, 0.0011963644064962864, 0.0004911204450763762, 0.0007984819239936769, 0.49605855345726013, 0.00025724145234562457], [0.057802703231573105, 0.08927998691797256, 0.04737690091133118, 0.057802703231573105, 0.10312739759683609, 0.028492813929915428, 0.17296110093593597, 0.031000152230262756, 0.0425480492413044, 0.09286284446716309, 0.03210847079753876, 0.052337802946567535, 0.1729610562324524, 0.019338004291057587], [0.028983015567064285, 0.3880113363265991, 0.05979126691818237, 0.028983015567064285, 0.06951067596673965, 0.029238222166895866, 0.08243360370397568, 0.030013401061296463, 0.03853635489940643, 0.05396762862801552, 0.02994723990559578, 0.05886862426996231, 0.08243358880281448, 0.019282078370451927], [0.08292052149772644, 0.11242847144603729, 0.06231244280934334, 0.08292052149772644, 0.09910119324922562, 0.05493287369608879, 0.08754262328147888, 0.054693009704351425, 0.05404231324791908, 0.0800280049443245, 0.05156981945037842, 0.04944774881005287, 0.08754262328147888, 0.040517814457416534], [0.0714285671710968, 0.0714285671710968, 0.0714285671710968, 0.0714285671710968, 0.0714285671710968, 0.0714285671710968, 0.0714285671710968, 0.0714285671710968, 0.0714285671710968, 0.0714285671710968, 0.0714285671710968, 0.0714285671710968, 0.0714285671710968, 0.0714285671710968]], "p2h_attention": [[0.08879266679286957, 0.10013482719659805, 0.17809490859508514, 0.11938654631376266, 0.07859315723180771, 0.10276660323143005, 0.07968273758888245, 0.10013482719659805, 0.05035451427102089, 0.06855902820825577, 0.033500295132398605], [0.9558899998664856, 0.0040578776970505714, 0.0023296198341995478, 0.0031686860602349043, 0.004214241169393063, 0.0030202672351151705, 0.002256822306662798, 0.0040578776970505714, 0.017686711624264717, 0.0024388597812503576, 0.0008789344574324787], [0.09065040200948715, 0.10923510044813156, 0.10274301469326019, 0.0674690306186676, 0.06480831652879715, 0.12047602981328964, 0.08396756649017334, 0.10923510044813156, 0.13825827836990356, 0.06857029348611832, 0.044586893171072006], [0.08879266679286957, 0.10013482719659805, 0.17809490859508514, 0.11938654631376266, 0.07859315723180771, 0.10276660323143005, 0.07968273758888245, 0.10013482719659805, 0.05035451427102089, 0.06855902820825577, 0.033500295132398605], [0.04046422243118286, 0.06546048820018768, 0.025258971378207207, 0.5631799697875977, 0.030367404222488403, 0.04326079785823822, 0.0799999013543129, 0.06546048820018768, 0.04425013065338135, 0.030022701248526573, 0.012274867855012417], [0.12992481887340546, 0.09924224019050598, 0.08095094561576843, 0.0885615199804306, 0.07883790880441666, 0.07189153879880905, 0.09054076671600342, 0.09924224019050598, 0.10213391482830048, 0.09131858497858047, 0.06735546886920929], [0.0012964806519448757, 0.004516082350164652, 0.0012009941274300218, 0.007883736863732338, 0.0008018873049877584, 0.002348268171772361, 0.9736819863319397, 0.004516082350164652, 0.002158616902306676, 0.001090934849344194, 0.0005049229948781431], [0.15202149748802185, 0.09914179146289825, 0.07507374882698059, 0.08476778119802475, 0.07387303560972214, 0.07287778705358505, 0.10151153057813644, 0.09914179146289825, 0.09626446664333344, 0.08348153531551361, 0.061845000833272934], [0.11628879606723785, 0.1083400622010231, 0.10315137356519699, 0.07043195515871048, 0.08292165398597717, 0.1347188502550125, 0.06248084083199501, 0.1083400622010231, 0.09840967506170273, 0.06567634642124176, 0.049240343272686005], [0.07162423431873322, 0.10009247064590454, 0.06394026428461075, 0.10774776339530945, 0.05512017384171486, 0.2840946614742279, 0.0969378799200058, 0.10009247064590454, 0.05833786725997925, 0.0411686934530735, 0.020843520760536194], [0.09051492810249329, 0.09583907574415207, 0.08313506841659546, 0.14180244505405426, 0.08285430073738098, 0.07898098230361938, 0.11020001769065857, 0.09583907574415207, 0.08964736759662628, 0.07346563786268234, 0.0577211007475853], [0.19578902423381805, 0.09477342665195465, 0.07079178839921951, 0.06833727657794952, 0.07555501908063889, 0.10662483423948288, 0.10869429260492325, 0.09477342665195465, 0.10690862685441971, 0.04273495450615883, 0.03501730412244797], [0.0012964806519448757, 0.004516082350164652, 0.0012009935453534126, 0.007883740589022636, 0.0008018873049877584, 0.002348268171772361, 0.9736819863319397, 0.004516082350164652, 0.002158616902306676, 0.001090934849344194, 0.0005049229948781431], [0.09090908616781235, 0.09090908616781235, 0.09090908616781235, 0.09090908616781235, 0.09090908616781235, 0.09090908616781235, 0.09090908616781235, 0.09090908616781235, 0.09090908616781235, 0.09090908616781235, 0.09090908616781235]], "claim": "Lady in the Water was a film in 2010.", "premise_source_doc_id": "Lady_of_the_Lake_-LRB-disambiguation-RRB-", "premise_source_doc_line_num": 41, "premise_source_doc_sentence": "The Lady of the Lake  (  film  )  , a 1928 British film"}
