{"premise_tokens": ["Richard", "Armitage", "(", "actor", ")", "(", "born", "1971", ")", ",", "English", "actor", "@@NULL@@"], "hypothesis_tokens": ["Richard", "Armitage", "(", "actor", ")", "has", "narrated", "Comcast", "adverts", ".", "@@NULL@@"], "label_logits": [-3.226961374282837, -0.6336108446121216, 2.7094216346740723], "label_probs": [0.0025449320673942566, 0.03403722494840622, 0.9634178280830383], "h2p_attention": [[0.9230126738548279, 0.0016909372061491013, 0.0014701774343848228, 0.009028524160385132, 0.0015169067773967981, 0.0014701774343848228, 0.014521664008498192, 0.0016909372061491013, 0.0015169067773967981, 0.008300691843032837, 0.025329647585749626, 0.009028524160385132, 0.0014224438928067684], [0.06571830809116364, 0.12775807082653046, 0.05942986533045769, 0.07108915597200394, 0.06168123334646225, 0.05942986533045769, 0.08924252539873123, 0.12775807082653046, 0.06168123334646225, 0.06143181771039963, 0.08840731531381607, 0.07108915597200394, 0.0552833266556263], [0.04142657667398453, 0.04308786243200302, 0.137838214635849, 0.06845645606517792, 0.12117169052362442, 0.137838214635849, 0.06098867207765579, 0.04308786243200302, 0.12117169052362442, 0.04550108313560486, 0.07089374214410782, 0.06845645606517792, 0.04008154198527336], [0.009906739927828312, 0.0020070504397153854, 0.002665748819708824, 0.4744757413864136, 0.0027730255387723446, 0.002665748819708824, 0.011110478080809116, 0.0020070504397153854, 0.0027730255387723446, 0.0037599948700517416, 0.009818827733397484, 0.4744757413864136, 0.0015608067624270916], [0.043349288403987885, 0.04535415396094322, 0.12288955599069595, 0.07222090661525726, 0.13363975286483765, 0.12288955599069595, 0.05812099575996399, 0.04535415396094322, 0.13363975286483765, 0.045756563544273376, 0.06391461193561554, 0.07222090661525726, 0.04064978286623955], [0.05971791595220566, 0.05006217584013939, 0.037491969764232635, 0.0959770679473877, 0.040875744074583054, 0.037491969764232635, 0.18357275426387787, 0.05006217584013939, 0.040875744074583054, 0.05221540480852127, 0.2271897941827774, 0.0959770679473877, 0.028490228578448296], [0.06571830809116364, 0.12775807082653046, 0.05942986533045769, 0.07108915597200394, 0.06168123334646225, 0.05942986533045769, 0.08924252539873123, 0.12775807082653046, 0.06168123334646225, 0.06143181771039963, 0.08840731531381607, 0.07108915597200394, 0.0552833266556263], [0.23419581353664398, 0.02623472735285759, 0.018721455708146095, 0.06320466846227646, 0.021628763526678085, 0.018721455708146095, 0.1407434344291687, 0.02623472735285759, 0.021628763526678085, 0.049601975828409195, 0.29881009459495544, 0.06320466846227646, 0.017069444060325623], [0.05878931283950806, 0.02434353530406952, 0.024687519297003746, 0.2513372302055359, 0.027600906789302826, 0.024687519297003746, 0.10037921369075775, 0.02434353530406952, 0.027600906789302826, 0.026140687987208366, 0.14089106023311615, 0.2513372302055359, 0.01786142960190773], [0.057297904044389725, 0.069059818983078, 0.07356345653533936, 0.09001599997282028, 0.07324223965406418, 0.07356345653533936, 0.11291470378637314, 0.069059818983078, 0.07324223965406418, 0.07237085700035095, 0.09139400720596313, 0.09001599997282028, 0.05425949767231941], [0.07692307978868484, 0.07692307978868484, 0.07692307978868484, 0.07692307978868484, 0.07692307978868484, 0.07692307978868484, 0.07692307978868484, 0.07692307978868484, 0.07692307978868484, 0.07692307978868484, 0.07692307978868484, 0.07692307978868484, 0.07692307978868484]], "p2h_attention": [[0.9530192017555237, 0.001745908404700458, 0.0015179719775915146, 0.009322036057710648, 0.0015662204241380095, 0.0030784907285124063, 0.001745908404700458, 0.020150644704699516, 0.004834053106606007, 0.0015509302029386163, 0.001468686736188829], [0.07330242544412613, 0.14250178635120392, 0.06628827005624771, 0.07929307967424393, 0.0687994584441185, 0.10835273563861847, 0.14250178635120392, 0.09477272629737854, 0.08404146879911423, 0.07848303765058517, 0.06166321411728859], [0.059046078473329544, 0.06141394004225731, 0.19646339118480682, 0.09757227450609207, 0.17270827293395996, 0.07517937570810318, 0.06141394004225731, 0.06265801936388016, 0.07896189391613007, 0.07745379954576492, 0.05712897330522537], [0.01865726336836815, 0.0037798576522618532, 0.005020377691835165, 0.8935753107070923, 0.005222410429269075, 0.009902340359985828, 0.0037798576522618532, 0.01088418997824192, 0.04136250913143158, 0.004876522812992334, 0.0029394514858722687], [0.05930354818701744, 0.06204628199338913, 0.16811779141426086, 0.09880107641220093, 0.1828244924545288, 0.07978599518537521, 0.06204628199338913, 0.07046432048082352, 0.08593381196260452, 0.07506591081619263, 0.05561051890254021], [0.059046078473329544, 0.06141394004225731, 0.19646339118480682, 0.09757227450609207, 0.17270827293395996, 0.07517937570810318, 0.06141394004225731, 0.06265801936388016, 0.07896189391613007, 0.07745379954576492, 0.05712897330522537], [0.21768911182880402, 0.03442176431417465, 0.03244593366980553, 0.151788592338562, 0.030488094314932823, 0.1373940110206604, 0.03442176431417465, 0.17581839859485626, 0.11983484029769897, 0.044374167919158936, 0.021323353052139282], [0.07330242544412613, 0.14250178635120392, 0.06628827005624771, 0.07929307967424393, 0.0687994584441185, 0.10835273563861847, 0.14250178635120392, 0.09477272629737854, 0.08404146879911423, 0.07848303765058517, 0.06166321411728859], [0.05930354818701744, 0.06204628199338913, 0.16811779141426086, 0.09880107641220093, 0.1828244924545288, 0.07978599518537521, 0.06204628199338913, 0.07046432048082352, 0.08593381196260452, 0.07506591081619263, 0.05561051890254021], [0.2744346857070923, 0.05225876346230507, 0.053387224674224854, 0.11329171806573868, 0.05293649062514305, 0.08619114011526108, 0.05225876346230507, 0.1366594284772873, 0.0688273012638092, 0.06272604316473007, 0.047028373926877975], [0.26701492071151733, 0.023979242891073227, 0.026521923020482063, 0.09433048218488693, 0.023576728999614716, 0.11957334727048874, 0.023979242891073227, 0.262492835521698, 0.11827930808067322, 0.02525710128247738, 0.014994829893112183], [0.01865726336836815, 0.0037798576522618532, 0.005020377691835165, 0.8935753107070923, 0.005222410429269075, 0.009902340359985828, 0.0037798576522618532, 0.01088418997824192, 0.04136250913143158, 0.004876522812992334, 0.0029394514858722687], [0.09090908616781235, 0.09090908616781235, 0.09090908616781235, 0.09090908616781235, 0.09090908616781235, 0.09090908616781235, 0.09090908616781235, 0.09090908616781235, 0.09090908616781235, 0.09090908616781235, 0.09090908616781235]], "claim": "Richard Armitage (actor) has narrated Comcast adverts.", "premise_source_doc_id": "Richard_Armitage", "premise_source_doc_line_num": 5, "premise_source_doc_sentence": "Richard Armitage  (  actor  )   (  born 1971  )  , English actor"}
{"premise_tokens": ["Richard", "Armitage", "(", "born", "1971", ")", ",", "English", "actor", "@@NULL@@"], "hypothesis_tokens": ["Richard", "Armitage", "(", "actor", ")", "has", "narrated", "Comcast", "adverts", ".", "@@NULL@@"], "label_logits": [-3.6563949584960938, -1.044942855834961, 2.926074981689453], "label_probs": [0.0013569626025855541, 0.018480217084288597, 0.9801627993583679],