{"premise_tokens": ["Irina", "Valeryevna", "Shaykhlislamova", "(", "Ири́на", "Вале́рьевна", "Шайхлисла́мова", "born", "6", "January", "1986", ")", ",", "known", "popularly", "as", "Irina", "Shayk", "and", "sometimes", "credited", "as", "Irina", "Sheik", ",", "is", "a", "Russian", "model", ".", "@@NULL@@"], "hypothesis_tokens": ["Irina", "Shayk", "models", ".", "@@NULL@@"], "label_logits": [0.37630972266197205, -2.3223040103912354, 0.11882777512073517], "label_probs": [0.5433913469314575, 0.03656955808401108, 0.4200391173362732], "h2p_attention": [[0.042036645114421844, 0.042036645114421844, 0.042036645114421844, 0.019554397091269493, 0.042036645114421844, 0.042036645114421844, 0.042036645114421844, 0.02936374954879284, 0.022205250337719917, 0.03219292312860489, 0.042036645114421844, 0.020295172929763794, 0.020213106647133827, 0.029612217098474503, 0.042036645114421844, 0.02592066302895546, 0.042036645114421844, 0.042036645114421844, 0.02307170070707798, 0.029687661677598953, 0.042036645114421844, 0.02592066302895546, 0.042036645114421844, 0.03265520930290222, 0.020213106647133827, 0.03273845836520195, 0.02488982491195202, 0.03884118050336838, 0.026843108236789703, 0.023151736706495285, 0.01819004863500595], [0.042036645114421844, 0.042036645114421844, 0.042036645114421844, 0.019554397091269493, 0.042036645114421844, 0.042036645114421844, 0.042036645114421844, 0.02936374954879284, 0.022205250337719917, 0.03219292312860489, 0.042036645114421844, 0.020295172929763794, 0.020213106647133827, 0.029612217098474503, 0.042036645114421844, 0.02592066302895546, 0.042036645114421844, 0.042036645114421844, 0.02307170070707798, 0.029687661677598953, 0.042036645114421844, 0.02592066302895546, 0.042036645114421844, 0.03265520930290222, 0.020213106647133827, 0.03273845836520195, 0.02488982491195202, 0.03884118050336838, 0.026843108236789703, 0.023151736706495285, 0.01819004863500595], [0.0002580605214461684, 0.0002580605214461684, 0.0002580605214461684, 0.0003343929711263627, 0.0002580605214461684, 0.0002580605214461684, 0.0002580605214461684, 0.0010984685504809022, 0.00029173228540457785, 0.0006780780386179686, 0.0002580605214461684, 0.0002883676206693053, 0.0003514236304908991, 0.000812436337582767, 0.0002580605214461684, 0.0002660354948602617, 0.0002580605214461684, 0.0002580605214461684, 0.00031546250102110207, 0.0005017559742555022, 0.0002580605214461684, 0.0002660354948602617, 0.0002580605214461684, 0.0005834312760271132, 0.0003514236304908991, 0.0004890122800134122, 0.00038827999378554523, 0.001539544784463942, 0.9878551363945007, 0.00032509819720871747, 0.00016720885469112545], [0.023225726559758186, 0.023225726559758186, 0.023225726559758186, 0.02474036067724228, 0.023225726559758186, 0.023225726559758186, 0.023225726559758186, 0.037974704056978226, 0.032029781490564346, 0.03942418843507767, 0.023225726559758186, 0.024632330983877182, 0.02433927357196808, 0.04779393598437309, 0.023225726559758186, 0.03792806714773178, 0.023225726559758186, 0.023225726559758186, 0.035406213253736496, 0.06987850368022919, 0.023225726559758186, 0.03792806714773178, 0.023225726559758186, 0.03774347901344299, 0.02433927357196808, 0.07379350066184998, 0.03604256361722946, 0.024621011689305305, 0.03847048059105873, 0.05595739930868149, 0.018248185515403748], [0.03225807845592499, 0.03225807845592499, 0.03225807845592499, 0.03225807845592499, 0.03225807845592499, 0.03225807845592499, 0.03225807845592499, 0.03225807845592499, 0.03225807845592499, 0.03225807845592499, 0.03225807845592499, 0.03225807845592499, 0.03225807845592499, 0.03225807845592499, 0.03225807845592499, 0.03225807845592499, 0.03225807845592499, 0.03225807845592499, 0.03225807845592499, 0.03225807845592499, 0.03225807845592499, 0.03225807845592499, 0.03225807845592499, 0.03225807845592499, 0.03225807845592499, 0.03225807845592499, 0.03225807845592499, 0.03225807845592499, 0.03225807845592499, 0.03225807845592499, 0.03225807845592499]], "p2h_attention": [[0.27387481927871704, 0.27387481927871704, 0.18290267884731293, 0.15083689987659454, 0.11851080507040024], [0.27387481927871704, 0.27387481927871704, 0.18290267884731293, 0.15083689987659454, 0.11851080507040024], [0.27387481927871704, 0.27387481927871704, 0.18290267884731293, 0.15083689987659454, 0.11851080507040024], [0.16524221003055573, 0.16524221003055573, 0.3074031472206116, 0.20839954912662506, 0.15371295809745789], [0.27387481927871704, 0.27387481927871704, 0.18290267884731293, 0.15083689987659454, 0.11851080507040024], [0.27387481927871704, 0.27387481927871704, 0.18290267884731293, 0.15083689987659454, 0.11851080507040024], [0.27387481927871704, 0.27387481927871704, 0.18290267884731293, 0.15083689987659454, 0.11851080507040024], [0.12534165382385254, 0.12534165382385254, 0.5100891590118408, 0.1615818291902542, 0.07764576375484467], [0.17586258053779602, 0.17586258053779602, 0.2513488233089447, 0.252863347530365, 0.14406271278858185], [0.1645517349243164, 0.1645517349243164, 0.3770476281642914, 0.2008718103170395, 0.09297708421945572], [0.27387481927871704, 0.27387481927871704, 0.18290267884731293, 0.15083689987659454, 0.11851080507040024], [0.17693407833576202, 0.17693407833576202, 0.2734888792037964, 0.2140614539384842, 0.15858153998851776], [0.1669013500213623, 0.1669013500213623, 0.31566929817199707, 0.20033122599124908, 0.15019680559635162], [0.13873909413814545, 0.13873909413814545, 0.414087176322937, 0.2232106477022171, 0.0852239802479744], [0.27387481927871704, 0.27387481927871704, 0.18290267884731293, 0.15083689987659454, 0.11851080507040024], [0.18950669467449188, 0.18950669467449188, 0.21158884465694427, 0.276409775018692, 0.13298796117305756], [0.27387481927871704, 0.27387481927871704, 0.18290267884731293, 0.15083689987659454, 0.11851080507040024], [0.27387481927871704, 0.27387481927871704, 0.18290267884731293, 0.15083689987659454, 0.11851080507040024], [0.17224767804145813, 0.17224767804145813, 0.2562101185321808, 0.26349201798439026, 0.1358024775981903], [0.14711028337478638, 0.14711028337478638, 0.2704794406890869, 0.3451634347438812, 0.09013654291629791], [0.27387481927871704, 0.27387481927871704, 0.18290267884731293, 0.15083689987659454, 0.11851080507040024], [0.18950669467449188, 0.18950669467449188, 0.21158884465694427, 0.276409775018692, 0.13298796117305756], [0.27387481927871704, 0.27387481927871704, 0.18290267884731293, 0.15083689987659454, 0.11851080507040024], [0.17690376937389374, 0.17690376937389374, 0.3438340127468109, 0.20381714403629303, 0.09854134917259216], [0.1669013500213623, 0.1669013500213623, 0.31566929817199707, 0.20033122599124908, 0.15019680559635162], [0.15558384358882904, 0.15558384358882904, 0.2528136968612671, 0.34957355260849, 0.08644505590200424], [0.17031840980052948, 0.17031840980052948, 0.2890409231185913, 0.24584966897964478, 0.12447255849838257], [0.13491369783878326, 0.13491369783878326, 0.5817421674728394, 0.08524790406227112, 0.06318260729312897], [0.0002495282387826592, 0.0002495282387826592, 0.998975396156311, 0.00035647477488964796, 0.00016909111582208425], [0.14875288307666779, 0.14875288307666779, 0.22723275423049927, 0.3583880662918091, 0.11687341332435608], [0.20000000298023224, 0.20000000298023224, 0.20000000298023224, 0.20000000298023224, 0.20000000298023224]], "claim": "Irina Shayk models.", "premise_source_doc_id": "Irina_Shayk", "premise_source_doc_line_num": 0, "premise_source_doc_sentence": "Irina Valeryevna Shaykhlislamova  (  Ири́на Вале́рьевна Шайхлисла́мова born 6 January 1986  )  , known popularly as Irina Shayk and sometimes credited as Irina Sheik , is a Russian model ."}
{"premise_tokens": ["He", "has", "photographed", "celebrities", "and", "models", "including", "Cindy", "Crawford", ",", "Celine", "Dion", ",", "Sky", "Ferreira", ",", "Milla", "Jovovich", ",", "Lady", "Gaga", ",", "Ashley", "Olsen", ",", "Irina", "Shayk", ",", "Daria", "Werbowy", "and", "Kate", "Upton", ".", "@@NULL@@"], "hypothesis_tokens": ["Irina", "Shayk", "models", ".", "@@NULL@@"],