{"premise_tokens": ["By", "2010", ",", "their", "population", "grew", "to", "49.8", "million", "immigrants", ",", "reflecting", "a", "jump", "of", "6", "million", "people", "since", "2000", ".", "@@NULL@@"], "hypothesis_tokens": ["German", "Americans", "grew", "6", "million", "in", "population", "from", "2000", "to", "2010", ".", "@@NULL@@"], "label_logits": [2.709319829940796, 3.9660916328430176, -8.555950164794922], "label_probs": [0.22152946889400482, 0.7784676551818848, 2.8378349270496983e-06], "h2p_attention": [[0.014386476948857307, 0.012760788202285767, 0.009095931425690651, 0.03300818055868149, 0.02661214955151081, 0.02659890428185463, 0.03130439668893814, 0.014079313725233078, 0.011994234286248684, 0.5673781037330627, 0.009095931425690651, 0.03557473048567772, 0.03351306542754173, 0.06724672764539719, 0.011681762523949146, 0.008411169983446598, 0.011994234286248684, 0.028807034716010094, 0.016564814373850822, 0.017439696937799454, 0.00877185259014368, 0.003680530237033963], [0.024945605546236038, 0.01709190011024475, 0.013565976172685623, 0.048300761729478836, 0.028021851554512978, 0.0444507896900177, 0.024221347644925117, 0.01454951148480177, 0.014589532278478146, 0.5093849897384644, 0.013565976172685623, 0.015563012100756168, 0.0215496513992548, 0.02559293806552887, 0.01370268315076828, 0.015355418436229229, 0.014589532278478146, 0.04497520998120308, 0.03392923250794411, 0.042713552713394165, 0.011433686129748821, 0.007906941697001457], [0.0009904114995151758, 0.0030276430770754814, 0.000593470991589129, 0.0017952978378161788, 0.008520949631929398, 0.9459378123283386, 0.001544581027701497, 0.000434613146353513, 0.0014739618636667728, 0.0019510850543156266, 0.000593470991589129, 0.0014464787673205137, 0.0007697620894759893, 0.0013139252550899982, 0.0007825752254575491, 0.002046758309006691, 0.0014739618636667728, 0.0015818687388673425, 0.0029640216380357742, 0.01969914510846138, 0.0007744016475044191, 0.0002838366781361401], [0.017299553379416466, 0.021615806967020035, 0.014442860148847103, 0.02192733995616436, 0.07518692314624786, 0.04760952666401863, 0.024250559508800507, 0.008059675805270672, 0.013701717369258404, 0.02861207351088524, 0.014442860148847103, 0.008948685601353645, 0.014616526663303375, 0.029240239411592484, 0.015532990917563438, 0.5156562328338623, 0.013701717369258404, 0.028037186712026596, 0.025224974378943443, 0.04370167851448059, 0.01158857811242342, 0.0066023096442222595], [0.006781211122870445, 0.004020517226308584, 0.0032201982103288174, 0.0051748561672866344, 0.006243749521672726, 0.009469369426369667, 0.00349763804115355, 0.002713265595957637, 0.45255613327026367, 0.005063571035861969, 0.0032201982103288174, 0.0026157216634601355, 0.003682072041556239, 0.012024455703794956, 0.003119846573099494, 0.003784272586926818, 0.45255613327026367, 0.0036575314588844776, 0.0039748442359268665, 0.008045874536037445, 0.002755042165517807, 0.0018234896706417203], [0.038088761270046234, 0.03955203294754028, 0.021033160388469696, 0.047587230801582336, 0.10187333077192307, 0.055696386843919754, 0.04134177416563034, 0.015872469171881676, 0.027886420488357544, 0.04614315181970596, 0.021033160388469696, 0.03581244498491287, 0.04590572416782379, 0.04284808784723282, 0.023420250043272972, 0.022971024736762047, 0.027886420488357544, 0.025818075984716415, 0.10230181366205215, 0.18312229216098785, 0.024246368557214737, 0.009559528902173042], [0.00013848459639120847, 0.0007801033207215369, 0.00018337377696298063, 0.0003461068554315716, 0.9800615906715393, 0.0021013973746448755, 0.0003287147847004235, 0.00010212313645752147, 0.00023967937158886343, 0.00075141666457057, 0.00018337377696298063, 0.00015060845180414617, 0.0002941675193142146, 0.00032809123513288796, 0.00020015114569105208, 0.000797141226939857, 0.00023967937158886343, 0.003089939709752798, 0.0021494647953659296, 0.007205871399492025, 0.00025853211991488934, 6.999849574640393e-05], [0.106102354824543, 0.033843785524368286, 0.02087579295039177, 0.11507938802242279, 0.018336884677410126, 0.07366647571325302, 0.06861396133899689, 0.01284727081656456, 0.01631854474544525, 0.07118915021419525, 0.02087579295039177, 0.01576134003698826, 0.03531709313392639, 0.04606906697154045, 0.028911948204040527, 0.027872970327734947, 0.01631854474544525, 0.014849853701889515, 0.12755170464515686, 0.11055633425712585, 0.013323763385415077, 0.005717848893254995], [9.836166282184422e-05, 0.0031657335348427296, 9.342049452243373e-05, 0.00038937904173508286, 0.003438047831878066, 0.0023178912233561277, 0.00014213495887815952, 5.808088826597668e-05, 0.00014736152661498636, 0.00025833319523371756, 9.342049452243373e-05, 0.00011945496225962415, 0.0001254535309271887, 0.0002438936207909137, 0.00021563867630902678, 0.0002210631500929594, 0.00014736152661498636, 0.00047476059990003705, 0.024689994752407074, 0.9634004235267639, 0.00012643072113860399, 3.339751492603682e-05], [0.03769749030470848, 0.03378966823220253, 0.02127794921398163, 0.05214918404817581, 0.04573427513241768, 0.052997250109910965, 0.3141769468784332, 0.016350435093045235, 0.018680250272154808, 0.038820285350084305, 0.02127794921398163, 0.02025684341788292, 0.046689148992300034, 0.038737885653972626, 0.032136496156454086, 0.03577150031924248, 0.018680250272154808, 0.024269139394164085, 0.056569140404462814, 0.041447486728429794, 0.02275140956044197, 0.009738928638398647], [0.00037253741174936295, 0.9728030562400818, 0.0002688909007702023, 0.0026519151870161295, 0.0014994185185059905, 0.0014351444551721215, 0.00046680160448886454, 0.0002089596091536805, 0.0002966458268929273, 0.0008162181475199759, 0.0002688909007702023, 0.0005211674142628908, 0.0003765641013160348, 0.000544586917385459, 0.0004171990149188787, 0.00044048906420357525, 0.0002966458268929273, 0.0013228901661932468, 0.0017460627714172006, 0.012753214687108994, 0.00035813506110571325, 0.00013454249710775912], [0.04572361707687378, 0.05591421574354172, 0.0280170775949955, 0.06607744097709656, 0.07758192718029022, 0.05731029808521271, 0.04907180741429329, 0.026735268533229828, 0.03173656016588211, 0.04165119677782059, 0.0280170775949955, 0.02909664623439312, 0.04148880019783974, 0.039611589163541794, 0.032304547727108, 0.03686966001987457, 0.03173656016588211, 0.04701670631766319, 0.06910118460655212, 0.07951946556568146, 0.06441288441419601, 0.02100558951497078], [0.04545453563332558, 0.04545453563332558, 0.04545453563332558, 0.04545453563332558, 0.04545453563332558, 0.04545453563332558, 0.04545453563332558, 0.04545453563332558, 0.04545453563332558, 0.04545453563332558, 0.04545453563332558, 0.04545453563332558, 0.04545453563332558, 0.04545453563332558, 0.04545453563332558, 0.04545453563332558, 0.04545453563332558, 0.04545453563332558, 0.04545453563332558, 0.04545453563332558, 0.04545453563332558, 0.04545453563332558]],