{"premise_tokens": ["North", "America", "is", "the", "third", "largest", "continent", "by", "area", ",", "following", "Asia", "and", "Africa", ",", "and", "the", "fourth", "by", "population", "after", "Asia", ",", "Africa", ",", "and", "Europe", ".", "@@NULL@@"], "hypothesis_tokens": ["North", "America", "is", "bigger", "than", "Asia", "by", "area", ".", "@@NULL@@"], "label_logits": [2.069809675216675, 1.712846040725708, -5.361391067504883], "label_probs": [0.588100254535675, 0.4115513265132904, 0.000348435016348958], "h2p_attention": [[0.46806660294532776, 0.023691410198807716, 0.023378822952508926, 0.008194327354431152, 0.016944263130426407, 0.012516406364738941, 0.017885107547044754, 0.009501594118773937, 0.022572150453925133, 0.007258221507072449, 0.030774885788559914, 0.0169847272336483, 0.007825803942978382, 0.08797434717416763, 0.007258221507072449, 0.007825803942978382, 0.008194327354431152, 0.01675405725836754, 0.009501594118773937, 0.006788311060518026, 0.03706488385796547, 0.0169847272336483, 0.007258221507072449, 0.08797434717416763, 0.007258221507072449, 0.007825803942978382, 0.015505191870033741, 0.007039080373942852, 0.003198642283678055], [5.103421790408902e-05, 0.6241845488548279, 1.4639352230005898e-05, 1.0665631634765305e-05, 2.3104057618184015e-05, 5.718145257560536e-05, 0.0010050757555291057, 2.2424526832764968e-05, 1.1815262041636743e-05, 1.0370604286435992e-05, 2.0981364286853932e-05, 0.024777548387646675, 1.3042269529250916e-05, 0.08873029053211212, 1.0370604286435992e-05, 1.3042269529250916e-05, 1.0665631634765305e-05, 1.9547964257071726e-05, 2.2424526832764968e-05, 1.995668026211206e-05, 2.335391764063388e-05, 0.024777548387646675, 1.0370604286435992e-05, 0.08873029053211212, 1.0370604286435992e-05, 1.3042269529250916e-05, 0.1473889797925949, 1.0425202162878122e-05, 6.890270014991984e-06], [0.022570572793483734, 0.006561014335602522, 0.3808326721191406, 0.01787181943655014, 0.03781717270612717, 0.009860176593065262, 0.011217688210308552, 0.06157832592725754, 0.0355924591422081, 0.008670874871313572, 0.06045692041516304, 0.009979245252907276, 0.009705732576549053, 0.00810968317091465, 0.008670874871313572, 0.009705732576549053, 0.01787181943655014, 0.028976067900657654, 0.06157832592725754, 0.040855929255485535, 0.07810602337121964, 0.009979245252907276, 0.008670874871313572, 0.00810968317091465, 0.008670874871313572, 0.009705732576549053, 0.01269862987101078, 0.012487742118537426, 0.003088058903813362], [0.012372261844575405, 0.019458768889307976, 0.017245979979634285, 0.0134807163849473, 0.02197103574872017, 0.5663266181945801, 0.017489079385995865, 0.019930537790060043, 0.017429273575544357, 0.013734848238527775, 0.014849860221147537, 0.012588669545948505, 0.012395267374813557, 0.016771739348769188, 0.013734848238527775, 0.012395267374813557, 0.0134807163849473, 0.01926201768219471, 0.019930537790060043, 0.026119720190763474, 0.014995750039815903, 0.012588669545948505, 0.013734848238527775, 0.016771739348769188, 0.013734848238527775, 0.012395267374813557, 0.016919385641813278, 0.01049501821398735, 0.007396794389933348], [0.008457447402179241, 0.005246955435723066, 0.025204068049788475, 0.00898431334644556, 0.2004702389240265, 0.019360793754458427, 0.006245364435017109, 0.015127312391996384, 0.01326838694512844, 0.012467688880860806, 0.02304491586983204, 0.005968061275780201, 0.02093142457306385, 0.00866224616765976, 0.012467688880860806, 0.02093142457306385, 0.00898431334644556, 0.35826680064201355, 0.015127312391996384, 0.09795548766851425, 0.02887304686009884, 0.005968061275780201, 0.012467688880860806, 0.00866224616765976, 0.012467688880860806, 0.02093142457306385, 0.012890994548797607, 0.007721005007624626, 0.0028457248117774725], [3.5499547266226728e-06, 0.0024040972348302603, 2.1604398625640897e-06, 1.4627373730036197e-06, 1.6164412954822183e-06, 1.6371261608583154e-06, 4.449977132026106e-05, 2.023677780016442e-06, 1.741374262564932e-06, 1.1276016493866337e-06, 1.907576461235294e-06, 0.4874822497367859, 1.081919549505983e-06, 0.0068612792529165745, 1.1276016493866337e-06, 1.081919549505983e-06, 1.4627373730036197e-06, 1.7561085314810043e-06, 2.023677780016442e-06, 1.920025624713162e-06, 1.650806666475546e-06, 0.4874822497367859, 1.1276016493866337e-06, 0.0068612792529165745, 1.1276016493866337e-06, 1.081919549505983e-06, 0.008829579688608646, 1.5024933190943557e-06, 6.685438620479545e-07], [0.002143212128430605, 0.0023481270764023066, 0.014387212693691254, 0.0018603978678584099, 0.003406500443816185, 0.001797048025764525, 0.0025010157842189074, 0.4466571509838104, 0.002603167202323675, 0.0025956928730010986, 0.021070390939712524, 0.0021839651744812727, 0.0013801156310364604, 0.001994556048884988, 0.0025956928730010986, 0.0013801156310364604, 0.0018603978678584099, 0.0027471098583191633, 0.4466571509838104, 0.001427403767593205, 0.020744873210787773, 0.0021839651744812727, 0.0025956928730010986, 0.001994556048884988, 0.0025956928730010986, 0.0013801156310364604, 0.0026168108452111483, 0.0015705074183642864, 0.0007214966462925076], [0.03801669552922249, 0.009237920865416527, 0.062092553824186325, 0.014780341647565365, 0.029317952692508698, 0.030132537707686424, 0.016759483143687248, 0.01943725161254406, 0.43868348002433777, 0.011144282296299934, 0.04492614045739174, 0.014032319188117981, 0.01276733260601759, 0.014469439163804054, 0.011144282296299934, 0.01276733260601759, 0.014780341647565365, 0.032054267823696136, 0.01943725161254406, 0.03240322321653366, 0.020822910591959953, 0.014032319188117981, 0.011144282296299934, 0.014469439163804054, 0.011144282296299934, 0.01276733260601759, 0.017334645614027977, 0.014513200148940086, 0.005387249868363142], [0.035528991371393204, 0.024427589029073715, 0.06528763473033905, 0.033040646463632584, 0.04251573607325554, 0.03029068186879158, 0.03166399523615837, 0.03514295071363449, 0.04349391907453537, 0.021533789113163948, 0.03489777073264122, 0.036284010857343674, 0.0313250869512558, 0.03039516508579254, 0.021533789113163948, 0.0313250869512558, 0.033040646463632584, 0.04315920174121857, 0.03514295071363449, 0.059629086405038834, 0.04207220301032066, 0.036284010857343674, 0.021533789113163948, 0.03039516508579254, 0.021533789113163948, 0.0313250869512558, 0.03154496103525162, 0.04950742796063423, 0.01614479348063469], [0.03448275476694107, 0.03448275476694107, 0.03448275476694107, 0.03448275476694107, 0.03448275476694107, 0.03448275476694107, 0.03448275476694107, 0.03448275476694107, 0.03448275476694107, 0.03448275476694107, 0.03448275476694107, 0.03448275476694107, 0.03448275476694107, 0.03448275476694107, 0.03448275476694107, 0.03448275476694107, 0.03448275476694107, 0.03448275476694107, 0.03448275476694107, 0.03448275476694107, 0.03448275476694107, 0.03448275476694107, 0.03448275476694107, 0.03448275476694107, 0.03448275476694107, 0.03448275476694107, 0.03448275476694107, 0.03448275476694107, 0.03448275476694107]],