{"premise_tokens": ["Karlie", "Elizabeth", "Kloss", "(", "born", "August", "3", ",", "1992", ")", "is", "an", "American", "fashion", "model", ".", "@@NULL@@"], "hypothesis_tokens": ["Karlie", "Kloss", "is", "a", "model", ".", "@@NULL@@"], "label_logits": [1.7345119714736938, 0.031030405312776566, -2.25837779045105], "label_probs": [0.8329897522926331, 0.15164461731910706, 0.015365603379905224], "h2p_attention": [[0.08600747585296631, 0.05496838316321373, 0.08600747585296631, 0.040008530020713806, 0.060078587383031845, 0.06287102401256561, 0.04608205333352089, 0.04135625809431076, 0.09008321166038513, 0.041524164378643036, 0.06698328256607056, 0.05630681663751602, 0.07778085768222809, 0.050434768199920654, 0.05492132529616356, 0.04736872762441635, 0.03721705824136734], [0.08600747585296631, 0.05496838316321373, 0.08600747585296631, 0.040008530020713806, 0.060078587383031845, 0.06287102401256561, 0.04608205333352089, 0.04135625809431076, 0.09008321166038513, 0.041524164378643036, 0.06698328256607056, 0.05630681663751602, 0.07778085768222809, 0.050434768199920654, 0.05492132529616356, 0.04736872762441635, 0.03721705824136734], [0.009109744802117348, 0.024364471435546875, 0.009109744802117348, 0.007634839043021202, 0.07138286530971527, 0.023887433111667633, 0.015161058865487576, 0.014212127774953842, 0.019251730293035507, 0.007162861526012421, 0.6242095232009888, 0.09507033228874207, 0.014698685146868229, 0.026691660284996033, 0.01252309326082468, 0.020468221977353096, 0.0050615291111171246], [0.02782273478806019, 0.061617158353328705, 0.02782273478806019, 0.021702853962779045, 0.10394583642482758, 0.06801654398441315, 0.039575591683387756, 0.05563129857182503, 0.04048490151762962, 0.023960864171385765, 0.11280982196331024, 0.1105027049779892, 0.09509118646383286, 0.109745554625988, 0.04077542945742607, 0.040161311626434326, 0.020333487540483475], [9.637553011998534e-05, 0.0001866165839601308, 9.637553011998534e-05, 0.00011621062003541738, 0.00032660996657796204, 0.0003695563646033406, 9.861755097517744e-05, 8.169571810867637e-05, 0.002546709030866623, 0.00011013592302333564, 0.00016158376820385456, 0.00015664716192986816, 0.0004007464158348739, 0.0005423949914984405, 0.9945067167282104, 0.00013768159260507673, 6.530822429340333e-05], [0.03858643025159836, 0.06639500707387924, 0.03858643025159836, 0.04110279306769371, 0.06308988481760025, 0.061092011630535126, 0.04768184572458267, 0.04043643921613693, 0.06722966581583023, 0.04092331603169441, 0.12259799987077713, 0.08383557200431824, 0.04283955693244934, 0.05840695649385452, 0.06391354650259018, 0.09296571463346481, 0.03031691163778305], [0.05882352963089943, 0.05882352963089943, 0.05882352963089943, 0.05882352963089943, 0.05882352963089943, 0.05882352963089943, 0.05882352963089943, 0.05882352963089943, 0.05882352963089943, 0.05882352963089943, 0.05882352963089943, 0.05882352963089943, 0.05882352963089943, 0.05882352963089943, 0.05882352963089943, 0.05882352963089943, 0.05882352963089943]], "p2h_attention": [[0.20028278231620789, 0.20028278231620789, 0.15598176419734955, 0.11858709156513214, 0.12789347767829895, 0.11030599474906921, 0.08666613698005676], [0.08767764270305634, 0.08767764270305634, 0.28575456142425537, 0.17989028990268707, 0.1696290373802185, 0.13000749051570892, 0.059363290667533875], [0.20028278231620789, 0.20028278231620789, 0.15598176419734955, 0.11858709156513214, 0.12789347767829895, 0.11030599474906921, 0.08666613698005676], [0.12131939828395844, 0.12131939828395844, 0.1702307015657425, 0.12045494467020035, 0.20081572234630585, 0.15300513803958893, 0.11285471171140671], [0.052882514894008636, 0.052882514894008636, 0.462005078792572, 0.1674671769142151, 0.1638309359550476, 0.06817249953746796, 0.03275929391384125], [0.08397476375102997, 0.08397476375102997, 0.2346000224351883, 0.16628114879131317, 0.281289279460907, 0.10017049312591553, 0.049709610641002655], [0.10766102373600006, 0.10766102373600006, 0.26044532656669617, 0.16923271119594574, 0.1312970519065857, 0.13675299286842346, 0.08694983273744583], [0.0978962853550911, 0.0978962853550911, 0.24736849963665009, 0.24103178083896637, 0.11020432412624359, 0.11750461906194687, 0.0880981981754303], [0.04580052196979523, 0.04580052196979523, 0.0719708576798439, 0.03767470642924309, 0.737870454788208, 0.04196088761091232, 0.018922070041298866], [0.12591086328029633, 0.12591086328029633, 0.15970154106616974, 0.13298264145851135, 0.1903117448091507, 0.15233168005943298, 0.11285073310136795], [0.012856646440923214, 0.012856646440923214, 0.8809512257575989, 0.03963129594922066, 0.017673930153250694, 0.02888694405555725, 0.007143371272832155], [0.04528756067156792, 0.04528756067156792, 0.5622419714927673, 0.16267508268356323, 0.07179836183786392, 0.0827757939696312, 0.029933670535683632], [0.10290268808603287, 0.10290268808603287, 0.1429857462644577, 0.2302631437778473, 0.30213281512260437, 0.06957545131444931, 0.04923750087618828], [0.055059000849723816, 0.055059000849723816, 0.21425656974315643, 0.21928825974464417, 0.337433397769928, 0.0782744362950325, 0.040629394352436066], [9.684085671324283e-05, 9.684085671324283e-05, 0.00016236392548307776, 0.00013159707305021584, 0.9993084073066711, 0.00013834633864462376, 6.56235424685292e-05], [0.08635268360376358, 0.08635268360376358, 0.2743624150753021, 0.1340053677558899, 0.14303229749202728, 0.2080482393503189, 0.06784630566835403], [0.1428571492433548, 0.1428571492433548, 0.1428571492433548, 0.1428571492433548, 0.1428571492433548, 0.1428571492433548, 0.1428571492433548]], "claim": "Karlie Kloss is a model.", "premise_source_doc_id": "Karlie_Kloss", "premise_source_doc_line_num": 0, "premise_source_doc_sentence": "Karlie Elizabeth Kloss  (  born August 3 , 1992  )  is an American fashion model ."}
{"premise_tokens": ["Karlie", "Kloss", "(", "born", "1992", ")", ",", "American", "fashion", "model", "@@NULL@@"], "hypothesis_tokens": ["Karlie", "Kloss", "is", "a", "model", ".", "@@NULL@@"], "label_logits": [1.089066982269287, -0.8724004626274109, -1.1112855672836304], "label_probs": [0.7990947961807251, 0.11239417642354965, 0.08851100504398346], "h2p_attention": [[0.12925295531749725, 0.12925295531749725, 0.06012525036931038, 0.0902867466211319, 0.13537801802158356, 0.062402959913015366, 0.06215062737464905, 0.11688990890979767, 0.07579391449689865, 0.08253636211156845, 0.05593019351363182], [0.12925295531749725, 0.12925295531749725, 0.06012525036931038, 0.0902867466211319, 0.13537801802158356, 0.062402959913015366, 0.06215062737464905, 0.11688990890979767, 0.07579391449689865, 0.08253636211156845, 0.05593019351363182], [0.04628019779920578, 0.04628019779920578, 0.03878725692629814, 0.3626461625099182, 0.0978044793009758, 0.03638945519924164, 0.07220182567834854, 0.07467368245124817, 0.13560155034065247, 0.06362103670835495, 0.025714069604873657], [0.04904267564415932, 0.04904267564415932, 0.03825525939464569, 0.18322359025478363, 0.07136207073926926, 0.042235419154167175, 0.09806036204099655, 0.16761566698551178, 0.19344666600227356, 0.07187417149543762, 0.035841505974531174], [9.648269769968465e-05, 9.648269769968465e-05, 0.00011633984104264528, 0.00032697312417440116, 0.002549540949985385, 0.00011025839194189757, 8.178655843948945e-05, 0.00040119202458299696, 0.0005429981392808259, 0.9956125617027283, 6.538083835039288e-05], [0.07343754172325134, 0.07343754172325134, 0.07822666317224503, 0.12007240206003189, 0.1279512196779251, 0.07788509130477905, 0.07695847004652023, 0.0815320760011673, 0.11115988343954086, 0.12163998931646347, 0.05769902095198631], [0.09090908616781235, 0.09090908616781235, 0.09090908616781235, 0.09090908616781235, 0.09090908616781235, 0.09090908616781235, 0.09090908616781235, 0.09090908616781235, 0.09090908616781235, 0.09090908616781235, 0.09090908616781235]],