{"premise_tokens": ["The", "Boeing", "737", "is", "an", "American", "short", "-", "to", "medium", "-", "range", "twinjet", "narrow", "-", "body", "airliner", ".", "@@NULL@@"], "hypothesis_tokens": ["The", "Boeing", "737", "Next", "Generation", "is", "a", "short", "-", "to", "medium", "-", "range", "aircraft", ".", "@@NULL@@"], "label_logits": [1.9758979082107544, -0.3211977481842041, -2.6323084831237793], "label_probs": [0.9004789590835571, 0.09054356068372726, 0.008977491408586502], "h2p_attention": [[0.1207021102309227, 0.04173843935132027, 0.0327010452747345, 0.1313999444246292, 0.08418378233909607, 0.05266976356506348, 0.03906423971056938, 0.027338163927197456, 0.08944427967071533, 0.03370780497789383, 0.027338163927197456, 0.044158779084682465, 0.0327010452747345, 0.03894941136240959, 0.027338163927197456, 0.04736499860882759, 0.06003018468618393, 0.046465225517749786, 0.02270450070500374], [9.404157935932744e-06, 0.9942491054534912, 8.352075383299962e-06, 3.788065441767685e-05, 1.3664282960235141e-05, 2.9302149414434098e-05, 0.00022556121984962374, 1.151060587289976e-05, 1.023154709400842e-05, 7.458602340193465e-06, 1.151060587289976e-05, 9.244768443750218e-05, 8.352075383299962e-06, 1.9561424778657965e-05, 1.151060587289976e-05, 1.4673818441224284e-05, 0.005220722407102585, 1.3630118701257743e-05, 5.1155907385691535e-06], [0.04589711129665375, 0.052027665078639984, 0.07364273071289062, 0.057353515177965164, 0.04821193963289261, 0.0665987953543663, 0.04467072710394859, 0.03779367357492447, 0.05350000411272049, 0.04448039457201958, 0.03779367357492447, 0.04129713401198387, 0.07364273071289062, 0.04416874051094055, 0.03779367357492447, 0.07752085477113724, 0.09118124842643738, 0.040558822453022, 0.03186659887433052], [0.03322277590632439, 0.059634171426296234, 0.014233703725039959, 0.1707964688539505, 0.0777880996465683, 0.027609674260020256, 0.08896006643772125, 0.019321998581290245, 0.0981706976890564, 0.02294662781059742, 0.019321998581290245, 0.03926876187324524, 0.014233703725039959, 0.1345587521791458, 0.019321998581290245, 0.047070227563381195, 0.07698192447423935, 0.02575172856450081, 0.01080674584954977], [0.021279191598296165, 0.16206781566143036, 0.022954389452934265, 0.04116985946893692, 0.029955916106700897, 0.05283944681286812, 0.038841769099235535, 0.029529612511396408, 0.03149299696087837, 0.035638369619846344, 0.029529612511396408, 0.02962472103536129, 0.022954389452934265, 0.05694461613893509, 0.029529612511396408, 0.03994840383529663, 0.2838408350944519, 0.02585245668888092, 0.016005974262952805], [0.02497413381934166, 0.031954288482666016, 0.007766613736748695, 0.5321767330169678, 0.08105327188968658, 0.012531527318060398, 0.04103918373584747, 0.006602439563721418, 0.06417027115821838, 0.008237476460635662, 0.006602439563721418, 0.02952488325536251, 0.007766613736748695, 0.0491265170276165, 0.006602439563721418, 0.024249933660030365, 0.04385552555322647, 0.01745040901005268, 0.004315262660384178], [0.04939696565270424, 0.043021250516176224, 0.02203356847167015, 0.08933711796998978, 0.08751004934310913, 0.0753052607178688, 0.09295432269573212, 0.02577550709247589, 0.07719721645116806, 0.0306556336581707, 0.02577550709247589, 0.04468764737248421, 0.02203356847167015, 0.034925319254398346, 0.02577550709247589, 0.04055144637823105, 0.16515673696994781, 0.03180481866002083, 0.016102634370326996], [0.0001397985906805843, 0.0035826475359499454, 0.00011389968858566135, 0.0007727279444225132, 0.0005048314342275262, 0.0001831015688367188, 0.9899421334266663, 0.00013731066428590566, 0.000345548935001716, 0.0002493082429282367, 0.00013731066428590566, 0.001303724362514913, 0.00011389968858566135, 0.0005404243129305542, 0.00013731066428590566, 0.0005895071080885828, 0.000959397351834923, 0.00016575325571466237, 8.125222666421905e-05], [0.015990130603313446, 0.029881147667765617, 0.01574990712106228, 0.02031850814819336, 0.021654600277543068, 0.020208468660712242, 0.022442108020186424, 0.20625798404216766, 0.017388973385095596, 0.016491850838065147, 0.20625798404216766, 0.019121693447232246, 0.01574990712106228, 0.02071353606879711, 0.20625798404216766, 0.04245996102690697, 0.07544813305139542, 0.014327210374176502, 0.013279895298182964], [0.040024012327194214, 0.020320098847150803, 0.017056826502084732, 0.151079922914505, 0.07831098884344101, 0.027448007836937904, 0.04320702701807022, 0.013303302228450775, 0.32775038480758667, 0.013580727390944958, 0.013303302228450775, 0.024658268317580223, 0.017056826502084732, 0.07628382742404938, 0.013303302228450775, 0.042433351278305054, 0.046985868364572525, 0.02373434416949749, 0.010159681551158428], [0.01909823715686798, 0.018755828961730003, 0.017955917865037918, 0.0245562344789505, 0.021549325436353683, 0.020411105826497078, 0.03947083652019501, 0.015975316986441612, 0.01719561219215393, 0.6232930421829224, 0.015975316986441612, 0.017772436141967773, 0.017955917865037918, 0.02194358967244625, 0.015975316986441612, 0.020679069682955742, 0.03902390971779823, 0.01954910345375538, 0.01286396011710167], [0.015990130603313446, 0.029881147667765617, 0.01574990712106228, 0.02031850814819336, 0.021654600277543068, 0.020208468660712242, 0.022442108020186424, 0.20625798404216766, 0.017388973385095596, 0.016491850838065147, 0.20625798404216766, 0.019121693447232246, 0.01574990712106228, 0.02071353606879711, 0.20625798404216766, 0.04245996102690697, 0.07544813305139542, 0.014327210374176502, 0.013279895298182964], [0.020627561956644058, 0.19166511297225952, 0.01374443806707859, 0.07256443053483963, 0.03953408822417259, 0.032972898334264755, 0.17017407715320587, 0.015271247364580631, 0.025740990415215492, 0.014652611687779427, 0.015271247364580631, 0.24419519305229187, 0.01374443806707859, 0.0408133789896965, 0.015271247364580631, 0.017027903348207474, 0.026716448366642, 0.019406920298933983, 0.010605785064399242], [0.00047448230907320976, 0.1423410326242447, 0.00040953437564894557, 0.0021619920153170824, 0.000896626035682857, 0.0017946077277883887, 0.0026643178425729275, 0.0010755705880001187, 0.0006592716090381145, 0.0008633859688416123, 0.0010755705880001187, 0.001053320593200624, 0.00040953437564894557, 0.0013028678949922323, 0.0010755705880001187, 0.0017633468378335238, 0.839230477809906, 0.0004967884160578251, 0.00025172217283397913], [0.0533016100525856, 0.06939499825239182, 0.03314926475286484, 0.10532287508249283, 0.07202241569757462, 0.03680309280753136, 0.053131382912397385, 0.02809903398156166, 0.06084451451897621, 0.039580054581165314, 0.02809903398156166, 0.047658249735832214, 0.03314926475286484, 0.05880236625671387, 0.02809903398156166, 0.053517960011959076, 0.09311369806528091, 0.07986603677272797, 0.026044996455311775], [0.05263159051537514, 0.05263159051537514, 0.05263159051537514, 0.05263159051537514, 0.05263159051537514, 0.05263159051537514, 0.05263159051537514, 0.05263159051537514, 0.05263159051537514, 0.05263159051537514, 0.05263159051537514, 0.05263159051537514, 0.05263159051537514, 0.05263159051537514, 0.05263159051537514, 0.05263159051537514, 0.05263159051537514, 0.05263159051537514, 0.05263159051537514]],