{"premise_tokens": ["His", "next", "release", "will", "be", "Duvvada", "Jagannadham", "directed", "by", "Harish", "Shankar", "which", "is", "to", "release", "in", "2017", ".", "@@NULL@@"], "hypothesis_tokens": ["Duvvada", "Jagannadham", "started", "shooting", "in", "2017", ".", "@@NULL@@"], "label_logits": [-3.6870346069335938, 1.0127665996551514, 1.2987642288208008], "label_probs": [0.003887333907186985, 0.4273163974285126, 0.5687962770462036], "h2p_attention": [[0.04828410595655441, 0.03933282196521759, 0.055485278367996216, 0.04244682192802429, 0.05565611645579338, 0.06901225447654724, 0.06901225447654724, 0.047067344188690186, 0.04057171940803528, 0.06901225447654724, 0.06901225447654724, 0.04927045479416847, 0.0537472702562809, 0.050136055797338486, 0.055485278367996216, 0.04958382621407509, 0.06901225447654724, 0.03800858557224274, 0.02986290492117405], [0.04828410595655441, 0.03933282196521759, 0.055485278367996216, 0.04244682192802429, 0.05565611645579338, 0.06901225447654724, 0.06901225447654724, 0.047067344188690186, 0.04057171940803528, 0.06901225447654724, 0.06901225447654724, 0.04927045479416847, 0.0537472702562809, 0.050136055797338486, 0.055485278367996216, 0.04958382621407509, 0.06901225447654724, 0.03800858557224274, 0.02986290492117405], [0.08283719420433044, 0.3058511018753052, 0.014847155660390854, 0.030090175569057465, 0.03584207221865654, 0.010047617368400097, 0.010047617368400097, 0.11138567328453064, 0.057436253875494, 0.010047617368400097, 0.010047617368400097, 0.0332329161465168, 0.11740129441022873, 0.08920648694038391, 0.014847155660390854, 0.03960350155830383, 0.010047617368400097, 0.01233254186809063, 0.0048482660204172134], [0.027070410549640656, 0.05832177400588989, 0.04949375241994858, 0.031216658651828766, 0.12486035376787186, 0.017405910417437553, 0.017405910417437553, 0.3139679729938507, 0.036730919033288956, 0.017405910417437553, 0.017405910417437553, 0.042187709361314774, 0.05478266254067421, 0.024046367034316063, 0.04949375241994858, 0.06582726538181305, 0.017405910417437553, 0.02399618737399578, 0.010974743403494358], [0.040509182959795, 0.057537417858839035, 0.018664734438061714, 0.048744361847639084, 0.07870915532112122, 0.014920346438884735, 0.014920346438884735, 0.05007128417491913, 0.03580397367477417, 0.014920346438884735, 0.014920346438884735, 0.05386146903038025, 0.09274415671825409, 0.03886185213923454, 0.018664734438061714, 0.3594479262828827, 0.014920346438884735, 0.022791925817728043, 0.00898609310388565], [0.04828410595655441, 0.03933282196521759, 0.055485278367996216, 0.04244682192802429, 0.05565611645579338, 0.06901225447654724, 0.06901225447654724, 0.047067344188690186, 0.04057171940803528, 0.06901225447654724, 0.06901225447654724, 0.04927045479416847, 0.0537472702562809, 0.050136055797338486, 0.055485278367996216, 0.04958382621407509, 0.06901225447654724, 0.03800858557224274, 0.02986290492117405], [0.08646836131811142, 0.056177861988544464, 0.04719517379999161, 0.05055413022637367, 0.09035996347665787, 0.03000565990805626, 0.03000565990805626, 0.05016298592090607, 0.051316771656274796, 0.03000565990805626, 0.03000565990805626, 0.06446967273950577, 0.09533492475748062, 0.055074527859687805, 0.04719517379999161, 0.05979486182332039, 0.03000565990805626, 0.07229218631982803, 0.023575101047754288], [0.05263159051537514, 0.05263159051537514, 0.05263159051537514, 0.05263159051537514, 0.05263159051537514, 0.05263159051537514, 0.05263159051537514, 0.05263159051537514, 0.05263159051537514, 0.05263159051537514, 0.05263159051537514, 0.05263159051537514, 0.05263159051537514, 0.05263159051537514, 0.05263159051537514, 0.05263159051537514, 0.05263159051537514, 0.05263159051537514, 0.05263159051537514]], "p2h_attention": [[0.048151034861803055, 0.048151034861803055, 0.5088298320770264, 0.07345715165138245, 0.13425056636333466, 0.048151034861803055, 0.10922881960868835, 0.029780607670545578], [0.01603575050830841, 0.01603575050830841, 0.7680507898330688, 0.06469975411891937, 0.07795532047748566, 0.01603575050830841, 0.02901201881468296, 0.01217492576688528], [0.10194715857505798, 0.10194715857505798, 0.1680297702550888, 0.2474488466978073, 0.11396732181310654, 0.10194715857505798, 0.10984326153993607, 0.05486929789185524], [0.06495178490877151, 0.06495178490877151, 0.2836065888404846, 0.12997806072235107, 0.24787427484989166, 0.06495178490877151, 0.09798983484506607, 0.04569597542285919], [0.04910622909665108, 0.04910622909665108, 0.1947881132364273, 0.29976844787597656, 0.23078633844852448, 0.04910622909665108, 0.10098996013402939, 0.02634848840534687], [0.15910866856575012, 0.15910866856575012, 0.14268437027931213, 0.10919484496116638, 0.1143161803483963, 0.15910866856575012, 0.0876293033361435, 0.06884932518005371], [0.15910866856575012, 0.15910866856575012, 0.14268437027931213, 0.10919484496116638, 0.1143161803483963, 0.15910866856575012, 0.0876293033361435, 0.06884932518005371], [0.02424388751387596, 0.02424388751387596, 0.35339266061782837, 0.4400535821914673, 0.08571017533540726, 0.02424388751387596, 0.03272988274693489, 0.015382062643766403], [0.05140264704823494, 0.05140264704823494, 0.44822269678115845, 0.12662853300571442, 0.15074901282787323, 0.05140264704823494, 0.08235687762498856, 0.03783503174781799], [0.15910866856575012, 0.15910866856575012, 0.14268437027931213, 0.10919484496116638, 0.1143161803483963, 0.15910866856575012, 0.0876293033361435, 0.06884932518005371], [0.15910866856575012, 0.15910866856575012, 0.14268437027931213, 0.10919484496116638, 0.1143161803483963, 0.15910866856575012, 0.0876293033361435, 0.06884932518005371], [0.06501546502113342, 0.06501546502113342, 0.27011218667030334, 0.15147943794727325, 0.23619431257247925, 0.06501546502113342, 0.10776159167289734, 0.039405979216098785], [0.03601693734526634, 0.03601693734526634, 0.4845837950706482, 0.09989209473133087, 0.20653708279132843, 0.03601693734526634, 0.08092466741800308, 0.020011628046631813], [0.050434574484825134, 0.050434574484825134, 0.5527392625808716, 0.06582113355398178, 0.12991605699062347, 0.050434574484825134, 0.0701790526509285, 0.030040713027119637], [0.10194715857505798, 0.10194715857505798, 0.1680297702550888, 0.2474488466978073, 0.11396732181310654, 0.10194715857505798, 0.10984326153993607, 0.05486929789185524], [0.026487864553928375, 0.026487864553928375, 0.13031251728534698, 0.09568643569946289, 0.6381224393844604, 0.026487864553928375, 0.040462177246809006, 0.01595287397503853], [0.15910866856575012, 0.15910866856575012, 0.14268437027931213, 0.10919484496116638, 0.1143161803483963, 0.15910866856575012, 0.0876293033361435, 0.06884932518005371], [0.08400384336709976, 0.08400384336709976, 0.16788648068904877, 0.14431031048297882, 0.16740162670612335, 0.08400384336709976, 0.202389195561409, 0.06600084900856018], [0.125, 0.125, 0.125, 0.125, 0.125, 0.125, 0.125, 0.125]], "claim": "Duvvada Jagannadham started shooting in 2017.", "premise_source_doc_id": "Allu_Arjun,_roles_and_awards", "premise_source_doc_line_num": 43, "premise_source_doc_sentence": "His next release will be Duvvada Jagannadham directed by Harish Shankar which is to release in 2017 ."}
