{"premise_tokens": ["Sicily", "is", "located", "in", "the", "central", "Mediterranean", "Sea", ",", "south", "of", "the", "Italian", "Peninsula", ",", "from", "which", "it", "is", "separated", "by", "the", "narrow", "Strait", "of", "Messina", ".", "@@NULL@@"], "hypothesis_tokens": ["Montana", "is", "located", "in", "Sicily", ".", "@@NULL@@"], "label_logits": [-3.919874906539917, 2.049912691116333, 1.0900033712387085], "label_probs": [0.0018439672421664, 0.7217702865600586, 0.27638575434684753], "h2p_attention": [[0.015769314020872116, 0.031022973358631134, 0.04283999279141426, 0.046511631458997726, 0.014648927375674248, 0.17431259155273438, 0.040477316826581955, 0.030130477622151375, 0.012255920097231865, 0.11781391501426697, 0.017412526533007622, 0.014648927375674248, 0.04853186011314392, 0.047275006771087646, 0.012255920097231865, 0.05760042741894722, 0.015908749774098396, 0.030365843325853348, 0.031022973358631134, 0.025211989879608154, 0.01726388931274414, 0.014648927375674248, 0.04172810539603233, 0.04097950458526611, 0.017412526533007622, 0.015769314020872116, 0.015568552538752556, 0.010611973702907562], [0.003794308751821518, 0.2599901258945465, 0.028396623209118843, 0.021758243441581726, 0.012200886383652687, 0.0055154296569526196, 0.007002925965934992, 0.023716799914836884, 0.00591950723901391, 0.010970362462103367, 0.007368813268840313, 0.012200886383652687, 0.008450601249933243, 0.019953643903136253, 0.00591950723901391, 0.032251086086034775, 0.024370068684220314, 0.11583040654659271, 0.2599901258945465, 0.018979642540216446, 0.042038820683956146, 0.012200886383652687, 0.024000314995646477, 0.015383505262434483, 0.007368813268840313, 0.003794308751821518, 0.008525239303708076, 0.0021081825252622366], [0.0034870693925768137, 0.02260546013712883, 0.6807939410209656, 0.021379731595516205, 0.005661394912749529, 0.008117756806313992, 0.020180517807602882, 0.029924167320132256, 0.002304696710780263, 0.018141185864806175, 0.004109647590667009, 0.005661394912749529, 0.00603132089599967, 0.021234989166259766, 0.002304696710780263, 0.018137251958251, 0.014683022163808346, 0.018123220652341843, 0.02260546013712883, 0.011022132821381092, 0.008269391022622585, 0.005661394912749529, 0.02455599047243595, 0.011000525206327438, 0.004109647590667009, 0.0034870693925768137, 0.004728878848254681, 0.0016782431630417705], [0.008153245784342289, 0.05068018659949303, 0.06255614012479782, 0.19642086327075958, 0.014677735045552254, 0.014600698836147785, 0.04674423113465309, 0.045880429446697235, 0.010804149322211742, 0.03584572300314903, 0.012030331417918205, 0.014677735045552254, 0.045361075550317764, 0.06455874443054199, 0.010804149322211742, 0.04957366734743118, 0.02943268232047558, 0.04146106541156769, 0.05068018659949303, 0.01962549053132534, 0.01956513524055481, 0.014677735045552254, 0.06402042508125305, 0.039619483053684235, 0.012030331417918205, 0.008153245784342289, 0.012454682029783726, 0.004910464398562908], [0.04452423378825188, 0.03467581421136856, 0.04003206267952919, 0.03198971226811409, 0.02774929627776146, 0.027585452422499657, 0.05203770473599434, 0.05095800384879112, 0.021409250795841217, 0.03503604605793953, 0.023372801020741463, 0.02774929627776146, 0.06399393081665039, 0.05970853194594383, 0.021409250795841217, 0.043289296329021454, 0.03178753703832626, 0.0372149758040905, 0.03467581421136856, 0.04064096137881279, 0.026175418868660927, 0.02774929627776146, 0.026704326272010803, 0.05784565582871437, 0.023372801020741463, 0.04452423378825188, 0.024521777406334877, 0.01926647685468197], [0.019706277176737785, 0.06261139363050461, 0.043627284467220306, 0.03927037864923477, 0.03168626129627228, 0.019963959231972694, 0.03442651033401489, 0.04238779470324516, 0.020651083439588547, 0.030985644087195396, 0.023811332881450653, 0.03168626129627228, 0.03104586899280548, 0.03901590779423714, 0.020651083439588547, 0.0360785573720932, 0.042340584099292755, 0.07247786968946457, 0.06261139363050461, 0.057234834879636765, 0.03370238468050957, 0.03168626129627228, 0.034956298768520355, 0.03090619295835495, 0.023811332881450653, 0.019706277176737785, 0.04747803509235382, 0.015482992865145206], [0.035714294761419296, 0.035714294761419296, 0.035714294761419296, 0.035714294761419296, 0.035714294761419296, 0.035714294761419296, 0.035714294761419296, 0.035714294761419296, 0.035714294761419296, 0.035714294761419296, 0.035714294761419296, 0.035714294761419296, 0.035714294761419296, 0.035714294761419296, 0.035714294761419296, 0.035714294761419296, 0.035714294761419296, 0.035714294761419296, 0.035714294761419296, 0.035714294761419296, 0.035714294761419296, 0.035714294761419296, 0.035714294761419296, 0.035714294761419296, 0.035714294761419296, 0.035714294761419296, 0.035714294761419296, 0.035714294761419296]],