{"premise_tokens": ["Czechoslovakia", ":", "Communist", "Party", "of", "Czechoslovakia", "@@NULL@@"], "hypothesis_tokens": ["The", "Communist", "Party", "of", "Czechoslovakia", "'s", "leader", "proposed", "an", "autocratic", "process", ".", "@@NULL@@"], "label_logits": [-0.3173380494117737, -3.999638080596924, 1.7095391750335693], "label_probs": [0.1160697340965271, 0.00292089837603271, 0.8810093998908997], "h2p_attention": [[0.11904206871986389, 0.11317584663629532, 0.16859474778175354, 0.20703718066215515, 0.1904565542936325, 0.11904206871986389, 0.0826515182852745], [0.00010033033322542906, 7.855058356653899e-05, 0.9959951639175415, 0.0035906194243580103, 8.52892771945335e-05, 0.00010033033322542906, 4.970753434463404e-05], [4.8191239329753444e-05, 3.511877002893016e-05, 0.001581967226229608, 0.998213529586792, 5.111086284159683e-05, 4.8191239329753444e-05, 2.1900315914535895e-05], [0.06513282656669617, 0.06578969955444336, 0.09212207049131393, 0.12530097365379333, 0.5328319072723389, 0.06513282656669617, 0.05368976294994354], [0.19060765206813812, 0.0882740244269371, 0.16647782921791077, 0.18149466812610626, 0.1000586524605751, 0.19060765206813812, 0.08247952908277512], [0.1191544234752655, 0.11725911498069763, 0.1729150265455246, 0.19405438005924225, 0.2021143138408661, 0.1191544234752655, 0.07534829527139664], [0.028664110228419304, 0.05809855833649635, 0.5752520561218262, 0.18171297013759613, 0.10558966547250748, 0.028664110228419304, 0.022018585354089737], [0.10144677758216858, 0.07429497689008713, 0.22000811994075775, 0.3545677959918976, 0.10084749758243561, 0.10144677758216858, 0.04738805815577507], [0.08553075790405273, 0.08796731382608414, 0.24098393321037292, 0.2697716951370239, 0.17368240654468536, 0.08553075790405273, 0.05653318017721176], [0.19060765206813812, 0.0882740244269371, 0.16647782921791077, 0.18149466812610626, 0.1000586524605751, 0.19060765206813812, 0.08247952908277512], [0.06710883229970932, 0.07812104374170303, 0.08438532054424286, 0.44914549589157104, 0.20856234431266785, 0.06710883229970932, 0.04556819051504135], [0.11762852966785431, 0.1118580773472786, 0.1605706512928009, 0.2577628493309021, 0.1421319842338562, 0.11762852966785431, 0.09241937845945358], [0.1428571492433548, 0.1428571492433548, 0.1428571492433548, 0.1428571492433548, 0.1428571492433548, 0.1428571492433548, 0.1428571492433548]], "p2h_attention": [[0.06613919883966446, 0.09268715232610703, 0.10104783624410629, 0.05570802465081215, 0.10612151771783829, 0.07261829823255539, 0.05978033319115639, 0.09830570220947266, 0.0694749504327774, 0.10612151771783829, 0.06762809306383133, 0.05844656005501747, 0.045920781791210175], [0.0714583694934845, 0.08246644586324692, 0.08368334919214249, 0.06394646316766739, 0.0558517687022686, 0.0812125876545906, 0.13769753277301788, 0.08181647211313248, 0.08120225369930267, 0.0558517687022686, 0.0894656628370285, 0.06316179782152176, 0.0521855391561985], [0.0001011866406770423, 0.9939508438110352, 0.0035832494031637907, 8.511422493029386e-05, 0.00010012440179707482, 0.00011383850505808368, 0.0012959809973835945, 0.0002303031214978546, 0.0002114533563144505, 0.00010012440179707482, 9.186178795062006e-05, 8.618530409876257e-05, 4.9605507228989154e-05], [5.481502375914715e-05, 0.0015806989977136254, 0.9974132776260376, 5.1069884648313746e-05, 4.815260399482213e-05, 5.635755223920569e-05, 0.0001805920182960108, 0.0001637315726839006, 0.0001044226810336113, 4.815260399482213e-05, 0.0002156885457225144, 6.103225314291194e-05, 2.188275902881287e-05], [0.0598566047847271, 0.044569648802280426, 0.0606219582259655, 0.2577897906303406, 0.03151196241378784, 0.0696771889925003, 0.12456583976745605, 0.055279385298490524, 0.07980302721261978, 0.03151196241378784, 0.11888883262872696, 0.03994806855916977, 0.025975683704018593], [0.06613919883966446, 0.09268715232610703, 0.10104783624410629, 0.05570802465081215, 0.10612151771783829, 0.07261829823255539, 0.05978033319115639, 0.09830570220947266, 0.0694749504327774, 0.10612151771783829, 0.06762809306383133, 0.05844656005501747, 0.045920781791210175], [0.07692307978868484, 0.07692307978868484, 0.07692307978868484, 0.07692307978868484, 0.07692307978868484, 0.07692307978868484, 0.07692307978868484, 0.07692307978868484, 0.07692307978868484, 0.07692307978868484, 0.07692307978868484, 0.07692307978868484, 0.07692307978868484]], "claim": "The Communist Party of Czechoslovakia's leader proposed an autocratic process.", "premise_source_doc_id": "1960_International_Meeting_of_Communist_and_Workers_Parties", "premise_source_doc_line_num": 44, "premise_source_doc_sentence": "Czechoslovakia : Communist Party of Czechoslovakia"}
