{"premise_tokens": ["Thunder", "Road", "Pictures", "is", "a", "film", "and", "television", "financing", "and", "production", "company", "founded", "by", "Basil", "Iwanyk", ".", "@@NULL@@"], "hypothesis_tokens": ["Thunder", "Road", "Pictures", "is", "a", "production", "company", ".", "@@NULL@@"], "label_logits": [3.773566484451294, -2.5291409492492676, -3.3667869567871094], "label_probs": [0.9973830580711365, 0.0018265469698235393, 0.0007903982768766582], "h2p_attention": [[0.9421445727348328, 0.003437342820689082, 0.0026692997198551893, 0.002717073541134596, 0.004402585327625275, 0.0029384009540081024, 0.00221893098205328, 0.00384565070271492, 0.0013420635368674994, 0.00221893098205328, 0.004435552284121513, 0.009320588782429695, 0.010360540822148323, 0.0011796077014878392, 0.0027285146061331034, 0.0013420635368674994, 0.001858532428741455, 0.000839845510199666], [0.01566922292113304, 0.7643811702728271, 0.006799470633268356, 0.03245411813259125, 0.009882642887532711, 0.012158558703958988, 0.0060543459840118885, 0.013977689668536186, 0.005494937766343355, 0.0060543459840118885, 0.011706909164786339, 0.00982753001153469, 0.033185023814439774, 0.049443986266851425, 0.0061389910988509655, 0.005494937766343355, 0.00744763296097517, 0.0038284589536488056], [0.0032279144506901503, 0.0018037441186606884, 0.9026926159858704, 0.002390238456428051, 0.0024095976259559393, 0.03020358830690384, 0.001844811369664967, 0.0319843553006649, 0.0014179160352796316, 0.001844811369664967, 0.003123405622318387, 0.004202682990580797, 0.00404008524492383, 0.0026929047890007496, 0.002008069772273302, 0.0014179160352796316, 0.0016797862481325865, 0.001015602727420628], [0.01631365343928337, 0.04274594783782959, 0.011867698282003403, 0.6218674778938293, 0.027975911274552345, 0.019445175305008888, 0.015848638489842415, 0.014470313675701618, 0.00907556526362896, 0.015848638489842415, 0.02643151953816414, 0.022790715098381042, 0.010799353010952473, 0.10055218636989594, 0.009457654319703579, 0.00907556526362896, 0.020391425117850304, 0.00504253851249814], [0.07798110693693161, 0.03839989751577377, 0.0352940671145916, 0.08253078907728195, 0.2027556598186493, 0.06918364763259888, 0.04401580989360809, 0.043909210711717606, 0.020354898646473885, 0.04401580989360809, 0.03611151874065399, 0.1014624610543251, 0.0479750894010067, 0.054984211921691895, 0.036413293331861496, 0.020354898646473885, 0.029381705448031425, 0.014875822700560093], [0.0012306238058954477, 0.0007125171250663698, 0.0007166078430600464, 0.001221377868205309, 0.0005656422581523657, 0.0012739002704620361, 0.00042928807670250535, 0.0015794758219271898, 0.00045423657866194844, 0.00042928807670250535, 0.9827370047569275, 0.0029356752056628466, 0.0017102605197578669, 0.0023752700071781874, 0.0005211340612731874, 0.00045423657866194844, 0.00042056996608152986, 0.0002330113493371755], [0.023325929418206215, 0.005395298358052969, 0.008697569370269775, 0.009499566629529, 0.014335724525153637, 0.008038192987442017, 0.0050918287597596645, 0.015001398511230946, 0.003334321081638336, 0.0050918287597596645, 0.02648049220442772, 0.8306390047073364, 0.020284896716475487, 0.009226271882653236, 0.006109480746090412, 0.003334321081638336, 0.004012046381831169, 0.002101818099617958], [0.06329108029603958, 0.05563734844326973, 0.047304462641477585, 0.11565662175416946, 0.05648954212665558, 0.06179390847682953, 0.05549218878149986, 0.04519018530845642, 0.036401692777872086, 0.05549218878149986, 0.05162177234888077, 0.05459374561905861, 0.04842624440789223, 0.06225549429655075, 0.037649430334568024, 0.036401692777872086, 0.08770206570625305, 0.028600389137864113], [0.055555541068315506, 0.055555541068315506, 0.055555541068315506, 0.055555541068315506, 0.055555541068315506, 0.055555541068315506, 0.055555541068315506, 0.055555541068315506, 0.055555541068315506, 0.055555541068315506, 0.055555541068315506, 0.055555541068315506, 0.055555541068315506, 0.055555541068315506, 0.055555541068315506, 0.055555541068315506, 0.055555541068315506, 0.055555541068315506]], "p2h_attention": [[0.9694585800170898, 0.0035369957331568003, 0.002746686339378357, 0.0027958452701568604, 0.004530222155153751, 0.0045641446486115456, 0.00959080085158348, 0.0019124128157272935, 0.0008641937165521085], [0.018177811056375504, 0.8867560029029846, 0.007888042367994785, 0.037649910897016525, 0.011464820243418217, 0.01358114555478096, 0.01140088401734829, 0.008639978244900703, 0.004441382363438606], [0.0034989214036613703, 0.0019551815930753946, 0.9784802198410034, 0.002590916119515896, 0.002611900679767132, 0.0033856381196528673, 0.004555528983473778, 0.0018208165420219302, 0.0011008699657395482], [0.020509304478764534, 0.05373963341116905, 0.01491991151124239, 0.7818034291267395, 0.035170938819646835, 0.03322935104370117, 0.02865217998623848, 0.025635836645960808, 0.006339411251246929], [0.12602129578590393, 0.06205612048506737, 0.05703694373369217, 0.13337381184101105, 0.3276631236076355, 0.05835799127817154, 0.16396835446357727, 0.047482289373874664, 0.024040060117840767], [0.060982104390859604, 0.05535397678613663, 0.518352746963501, 0.0672130212187767, 0.0810612291097641, 0.09529037773609161, 0.06665827333927155, 0.037658628076314926, 0.017429731786251068], [0.13656221330165863, 0.08173903822898865, 0.09388893097639084, 0.16245348751544952, 0.15293747186660767, 0.09522651880979538, 0.125217467546463, 0.10028734803199768, 0.0516875796020031], [0.07380688190460205, 0.058848802000284195, 0.5076215267181396, 0.04625461995601654, 0.047577425837516785, 0.10926027595996857, 0.11504371464252472, 0.025468211621046066, 0.016118565574288368], [0.1191985011100769, 0.10706209391355515, 0.10414142161607742, 0.13425219058990479, 0.10206690430641174, 0.1454126387834549, 0.11833390593528748, 0.09493943303823471, 0.07459282130002975], [0.13656221330165863, 0.08173903822898865, 0.09388893097639084, 0.16245348751544952, 0.15293747186660767, 0.09522651880979538, 0.125217467546463, 0.10028734803199768, 0.0516875796020031], [0.001242084545083344, 0.0007191527402028441, 0.0007232815842144191, 0.0012327523436397314, 0.0005709100514650345, 0.9918891191482544, 0.0029630146455019712, 0.0004244864685460925, 0.00023518136003986], [0.02523120678961277, 0.005835986230522394, 0.009407990612089634, 0.010275495238602161, 0.01550667267292738, 0.02864343672990799, 0.8984859585762024, 0.004339754115790129, 0.002273495541885495], [0.24656184017658234, 0.17324508726596832, 0.07950776070356369, 0.04280470311641693, 0.06445812433958054, 0.14669926464557648, 0.19289478659629822, 0.03384166210889816, 0.019986780360341072], [0.024063704535365105, 0.22126545011997223, 0.04542776942253113, 0.3416382670402527, 0.06332587450742722, 0.17464663088321686, 0.07520648837089539, 0.03729322552680969, 0.017132636159658432], [0.17454974353313446, 0.08615198731422424, 0.1062299981713295, 0.10076888650655746, 0.131513774394989, 0.12016132473945618, 0.15617142617702484, 0.0707259550690651, 0.053726959973573685], [0.1191985011100769, 0.10706209391355515, 0.10414142161607742, 0.13425219058990479, 0.10206690430641174, 0.1454126387834549, 0.11833390593528748, 0.09493943303823471, 0.07459282130002975], [0.11283907294273376, 0.0991934984922409, 0.08433715999126434, 0.20619934797286987, 0.1007128432393074, 0.09203435480594635, 0.0973329097032547, 0.15636038780212402, 0.050990454852581024], [0.1111111119389534, 0.1111111119389534, 0.1111111119389534, 0.1111111119389534, 0.1111111119389534, 0.1111111119389534, 0.1111111119389534, 0.1111111119389534, 0.1111111119389534]], "claim": "Thunder Road Pictures is a production company.", "premise_source_doc_id": "Thunder_Road_Pictures", "premise_source_doc_line_num": 0, "premise_source_doc_sentence": "Thunder Road Pictures is a film and television financing and production company founded by Basil Iwanyk ."}
