{"premise_tokens": ["The", "X", "Factor", "(", "U.S.", "season", "3", ")", "@@NULL@@"], "hypothesis_tokens": ["The", "X", "Factor", "(", "U.S.", "season", "2", ")", "auditions", "concluded", "in", "July", "2012", ".", "@@NULL@@"], "label_logits": [-2.6436355113983154, 0.21552394330501556, 0.7904279232025146], "label_probs": [0.02022276632487774, 0.3528237044811249, 0.6269535422325134], "h2p_attention": [[0.2665431797504425, 0.06161392480134964, 0.1055503562092781, 0.06025787070393562, 0.09277065098285675, 0.23656520247459412, 0.06569887697696686, 0.06086227670311928, 0.050137732177972794], [0.008403188548982143, 0.8971158266067505, 0.02030426636338234, 0.008954263292253017, 0.015320188365876675, 0.021648282185196877, 0.012295040301978588, 0.009120923466980457, 0.00683801481500268], [0.0009405423770658672, 0.0013266019523143768, 0.993443489074707, 0.0006406874745152891, 0.0007329517975449562, 0.0009599013137631118, 0.0008899124222807586, 0.0006191926077008247, 0.0004467693215701729], [0.07300139963626862, 0.07953932881355286, 0.08710537850856781, 0.2088850438594818, 0.07214801013469696, 0.12709325551986694, 0.10785862058401108, 0.18362800776958466, 0.06074102595448494], [0.0004828915698453784, 0.0005847063148394227, 0.00042814985499717295, 0.0003099887107964605, 0.996467113494873, 0.0006045832415111363, 0.0005281749181449413, 0.0003334636567160487, 0.0002609778894111514], [7.051010470604524e-05, 4.7310626541730016e-05, 3.210763679817319e-05, 3.126841693301685e-05, 3.461923552094959e-05, 0.9996833205223083, 5.1313047151779756e-05, 3.460451262071729e-05, 1.494394655310316e-05], [0.06880980730056763, 0.08901159465312958, 0.11585568636655807, 0.08419643342494965, 0.08751773089170456, 0.10894732177257538, 0.32265692949295044, 0.07606037706136703, 0.04694417864084244], [0.07352152466773987, 0.08078669756650925, 0.08394086360931396, 0.18309974670410156, 0.07738840579986572, 0.14024858176708221, 0.10133089125156403, 0.1991170048713684, 0.060566287487745285], [0.010762850753962994, 0.015804503113031387, 0.034903280436992645, 0.012699879705905914, 0.025424722582101822, 0.8521074056625366, 0.0267786905169487, 0.014248206280171871, 0.007270441856235266], [0.11133994162082672, 0.1342865228652954, 0.13133540749549866, 0.08310207724571228, 0.13971158862113953, 0.1409529447555542, 0.09571743756532669, 0.08625020831823349, 0.07730388641357422], [0.0882449597120285, 0.04567350819706917, 0.06354470551013947, 0.04349878430366516, 0.08304250985383987, 0.5456512570381165, 0.0534951314330101, 0.04732662811875343, 0.029522519558668137], [0.08605949580669403, 0.12522229552268982, 0.06354402750730515, 0.06085559353232384, 0.15417389571666718, 0.3367858827114105, 0.08217412233352661, 0.05869375541806221, 0.03249093517661095], [0.047528453171253204, 0.22294151782989502, 0.22425036132335663, 0.04084829241037369, 0.07139144837856293, 0.25913044810295105, 0.06173939257860184, 0.04200098291039467, 0.030169013887643814], [0.11330724507570267, 0.07568293809890747, 0.16877885162830353, 0.07506333291530609, 0.06682375818490982, 0.28316429257392883, 0.08707823604345322, 0.07473556697368622, 0.05536579340696335], [0.1111111119389534, 0.1111111119389534, 0.1111111119389534, 0.1111111119389534, 0.1111111119389534, 0.1111111119389534, 0.1111111119389534, 0.1111111119389534, 0.1111111119389534]], "p2h_attention": [[0.16468651592731476, 0.03806881234049797, 0.06521540135145187, 0.0372309610247612, 0.05731932818889618, 0.14616431295871735, 0.04540709778666496, 0.037604399025440216, 0.04585869982838631, 0.04461745172739029, 0.09259588271379471, 0.08205248415470123, 0.04880313575267792, 0.0633973777294159, 0.0309781264513731], [0.007474648300558329, 0.7979857325553894, 0.018060673028230667, 0.007964829914271832, 0.013627327978610992, 0.01925617642700672, 0.011532982811331749, 0.008113076910376549, 0.013221985660493374, 0.010565929114818573, 0.009409956634044647, 0.023442072793841362, 0.04494760185480118, 0.00831444002687931, 0.006082423031330109], [0.0009315668139606714, 0.001313942251726985, 0.9839630722999573, 0.0006345734000205994, 0.0007259572739712894, 0.0009507409995421767, 0.0010920802596956491, 0.0006132836570031941, 0.0021243419032543898, 0.0007517950143665075, 0.0009524557972326875, 0.0008654287667013705, 0.0032892064191401005, 0.0013489489210769534, 0.00044250578503124416], [0.0473930761218071, 0.051637548953294754, 0.05654948577284813, 0.13560979068279266, 0.046839047223329544, 0.08250992745161057, 0.07072578370571136, 0.11921270936727524, 0.0688818171620369, 0.04239126294851303, 0.05810179188847542, 0.07385911792516708, 0.05339229851961136, 0.05346285551786423, 0.039433546364307404], [0.00048084906302392483, 0.0005822331295348704, 0.0004263388691470027, 0.00030867752502672374, 0.9922522902488708, 0.0006020260043442249, 0.0004844815412070602, 0.0003320531686767936, 0.0009087789803743362, 0.0004696712421718985, 0.0007309873471967876, 0.0012331372126936913, 0.0006149616674520075, 0.000313655094942078, 0.00025987401022575796], [7.034144073259085e-05, 4.71974526590202e-05, 3.203083178959787e-05, 3.1193620088743046e-05, 3.453642057138495e-05, 0.9972919225692749, 3.459872823441401e-05, 3.452173405094072e-05, 0.0017472646431997418, 2.7183048587176017e-05, 0.00027554130065254867, 0.0001545313571114093, 0.0001280509022762999, 7.6246855314821e-05, 1.4908197954355273e-05], [0.03769584372639656, 0.051724959164857864, 0.05730123445391655, 0.05108259245753288, 0.0582202710211277, 0.09877854585647583, 0.19772401452064514, 0.04812946915626526, 0.10595676302909851, 0.035619672387838364, 0.052126795053482056, 0.07275670766830444, 0.05887100473046303, 0.04524475336074829, 0.02876736968755722], [0.047261010855436325, 0.051931194961071014, 0.05395876616239548, 0.11769996583461761, 0.04974672198295593, 0.09015439450740814, 0.06308066099882126, 0.12799614667892456, 0.0762990191578865, 0.04343884810805321, 0.06241251900792122, 0.0703313797712326, 0.05420231819152832, 0.052553940564394, 0.03893314674496651], [0.06666667014360428, 0.06666667014360428, 0.06666667014360428, 0.06666667014360428, 0.06666667014360428, 0.06666667014360428, 0.06666667014360428, 0.06666667014360428, 0.06666667014360428, 0.06666667014360428, 0.06666667014360428, 0.06666667014360428, 0.06666667014360428, 0.06666667014360428, 0.06666667014360428]], "claim": "The X Factor (U.S. season 2) auditions concluded in July 2012.", "premise_source_doc_id": "The_X_Factor_2013", "premise_source_doc_line_num": 23, "premise_source_doc_sentence": "The X Factor  (  U.S. season 3  ) "}
