{"premise_tokens": ["After", "being", "destroyed", "and", "then", "rebuilt", "by", "the", "Assyrians", ",", "Babylon", "became", "the", "capital", "of", "the", "Neo", "-", "Babylonian", "Empire", "from", "609", "to", "539", "BC", ".", "@@NULL@@"], "hypothesis_tokens": ["Babylon", "was", "n't", "the", "capital", "of", "the", "Chaldean", "Empire", ".", "@@NULL@@"], "label_logits": [0.2321033477783203, 2.3206677436828613, -3.3280301094055176], "label_probs": [0.10986896604299545, 0.887006938457489, 0.0031241271644830704], "h2p_attention": [[0.036920323967933655, 0.036875169724226, 0.03947439044713974, 0.027727123349905014, 0.033358775079250336, 0.034850697964429855, 0.02969958633184433, 0.031485363841056824, 0.05051882192492485, 0.024291718378663063, 0.05051882192492485, 0.03425150364637375, 0.031485363841056824, 0.05416620522737503, 0.02651963382959366, 0.031485363841056824, 0.035094838589429855, 0.025926413014531136, 0.05051882192492485, 0.0514352060854435, 0.049117617309093475, 0.05051882192492485, 0.03670094162225723, 0.05051882192492485, 0.026855748146772385, 0.027823304757475853, 0.021860448643565178], [0.0633414015173912, 0.0855465978384018, 0.03698618337512016, 0.034429315477609634, 0.05791907012462616, 0.03201181814074516, 0.05882316455245018, 0.037602003663778305, 0.023006753996014595, 0.02699117362499237, 0.023006753996014595, 0.04676768183708191, 0.037602003663778305, 0.032266873866319656, 0.023296913132071495, 0.037602003663778305, 0.029097720980644226, 0.023015417158603668, 0.023006753996014595, 0.03845061734318733, 0.05999061092734337, 0.023006753996014595, 0.04717768356204033, 0.023006753996014595, 0.023263946175575256, 0.036756277084350586, 0.01602783612906933], [0.07650084048509598, 0.05154513940215111, 0.011666611768305302, 0.028680626302957535, 0.14066945016384125, 0.0049072615802288055, 0.05461883544921875, 0.0578664131462574, 0.006739655043929815, 0.018189141526818275, 0.006739655043929815, 0.015181871131062508, 0.0578664131462574, 0.14163455367088318, 0.013963352888822556, 0.0578664131462574, 0.006676735356450081, 0.006454306188970804, 0.006739655043929815, 0.016045119613409042, 0.10354015976190567, 0.006739655043929815, 0.08175654709339142, 0.006739655043929815, 0.004409515764564276, 0.013349978253245354, 0.0029125253204256296], [0.04826000705361366, 0.04832493141293526, 0.03565676137804985, 0.037323545664548874, 0.058146800845861435, 0.018774719908833504, 0.03619959577918053, 0.07463372498750687, 0.020220031961798668, 0.02940939925611019, 0.020220031961798668, 0.029803646728396416, 0.07463372498750687, 0.06884326785802841, 0.03235022723674774, 0.07463372498750687, 0.022069822996854782, 0.01690400391817093, 0.020220031961798668, 0.02488831616938114, 0.051613837480545044, 0.020220031961798668, 0.055306073278188705, 0.020220031961798668, 0.018354017287492752, 0.0287308432161808, 0.01403887290507555], [6.802321877330542e-05, 4.6168857807060704e-05, 4.0716255170991644e-05, 4.413558417581953e-05, 8.574056118959561e-05, 2.4436452804366127e-05, 0.00010082032531499863, 6.065680645406246e-05, 3.064924385398626e-05, 3.0756233172724023e-05, 3.064924385398626e-05, 2.9549926694016904e-05, 6.065680645406246e-05, 0.9979600310325623, 9.574962314218283e-05, 6.065680645406246e-05, 6.999015022302046e-05, 2.603589564387221e-05, 3.064924385398626e-05, 0.0001565081038279459, 0.0007112165912985802, 3.064924385398626e-05, 5.6086071708705276e-05, 3.064924385398626e-05, 7.985872071003541e-05, 2.656511242093984e-05, 1.2369450814730953e-05], [0.06874587386846542, 0.027142617851495743, 0.04899889975786209, 0.03233819082379341, 0.046763256192207336, 0.02357204258441925, 0.02870834805071354, 0.03087286464869976, 0.01625325158238411, 0.027543121948838234, 0.01625325158238411, 0.022561904042959213, 0.03087286464869976, 0.10370948165655136, 0.1329629272222519, 0.03087286464869976, 0.021221837028861046, 0.017655707895755768, 0.01625325158238411, 0.05500840023159981, 0.0677448958158493, 0.01625325158238411, 0.04420986771583557, 0.01625325158238411, 0.023225652053952217, 0.020604435354471207, 0.013397748582065105], [0.04826000705361366, 0.04832493141293526, 0.03565676137804985, 0.037323545664548874, 0.058146800845861435, 0.018774719908833504, 0.03619959577918053, 0.07463372498750687, 0.020220031961798668, 0.02940939925611019, 0.020220031961798668, 0.029803646728396416, 0.07463372498750687, 0.06884326785802841, 0.03235022723674774, 0.07463372498750687, 0.022069822996854782, 0.01690400391817093, 0.020220031961798668, 0.02488831616938114, 0.051613837480545044, 0.020220031961798668, 0.055306073278188705, 0.020220031961798668, 0.018354017287492752, 0.0287308432161808, 0.01403887290507555], [0.036920323967933655, 0.036875169724226, 0.03947439044713974, 0.027727123349905014, 0.033358775079250336, 0.034850697964429855, 0.02969958633184433, 0.031485363841056824, 0.05051882192492485, 0.024291718378663063, 0.05051882192492485, 0.03425150364637375, 0.031485363841056824, 0.05416620522737503, 0.02651963382959366, 0.031485363841056824, 0.035094838589429855, 0.025926413014531136, 0.05051882192492485, 0.0514352060854435, 0.049117617309093475, 0.05051882192492485, 0.03670094162225723, 0.05051882192492485, 0.026855748146772385, 0.027823304757475853, 0.021860448643565178], [5.810273069073446e-05, 2.4976616259664297e-05, 2.5503482902422547e-05, 2.9572738640126772e-05, 7.364230987150222e-05, 5.598737334366888e-05, 2.158196730306372e-05, 1.9427799998084083e-05, 2.5784676836337894e-05, 1.7276113794650882e-05, 2.5784676836337894e-05, 0.00010757815471151844, 1.9427799998084083e-05, 0.0001386585208820179, 4.499428177950904e-05, 1.9427799998084083e-05, 7.386225479422137e-05, 2.9521313990699127e-05, 2.5784676836337894e-05, 0.9987256526947021, 0.00015863185399211943, 2.5784676836337894e-05, 5.066056110081263e-05, 2.5784676836337894e-05, 0.00015143962809816003, 1.419548880221555e-05, 1.095872630685335e-05], [0.05119114741683006, 0.05899135023355484, 0.04741823300719261, 0.038114648312330246, 0.06965892761945724, 0.03428421542048454, 0.042760010808706284, 0.04020204767584801, 0.025002405047416687, 0.02620113268494606, 0.025002405047416687, 0.029573023319244385, 0.04020204767584801, 0.04218843951821327, 0.03021070919930935, 0.04020204767584801, 0.03379327058792114, 0.021193331107497215, 0.025002405047416687, 0.025446167215704918, 0.04577478766441345, 0.025002405047416687, 0.045891180634498596, 0.025002405047416687, 0.031809233129024506, 0.06023792549967766, 0.019644100219011307], [0.037037044763565063, 0.037037044763565063, 0.037037044763565063, 0.037037044763565063, 0.037037044763565063, 0.037037044763565063, 0.037037044763565063, 0.037037044763565063, 0.037037044763565063, 0.037037044763565063, 0.037037044763565063, 0.037037044763565063, 0.037037044763565063, 0.037037044763565063, 0.037037044763565063, 0.037037044763565063, 0.037037044763565063, 0.037037044763565063, 0.037037044763565063, 0.037037044763565063, 0.037037044763565063, 0.037037044763565063, 0.037037044763565063, 0.037037044763565063, 0.037037044763565063, 0.037037044763565063, 0.037037044763565063]],