{"premise_tokens": ["He", "is", "the", "younger", "brother", "of", "billionaire", "businessman", "Elon", "Musk", "and", "a", "major", "Tesla", "shareholder", ".", "@@NULL@@"], "hypothesis_tokens": ["Elon", "Musk", "is", "a", "billionaire", ".", "@@NULL@@"], "label_logits": [0.9851595163345337, -0.9816450476646423, -1.2470858097076416], "label_probs": [0.8018021583557129, 0.11217468976974487, 0.08602315187454224], "h2p_attention": [[0.07195040583610535, 0.06423429399728775, 0.05140344426035881, 0.04650329425930977, 0.05688745155930519, 0.04329632595181465, 0.0631754919886589, 0.06843772530555725, 0.08247774094343185, 0.05840170010924339, 0.04526768624782562, 0.04883492365479469, 0.0488150380551815, 0.08672235906124115, 0.08247774094343185, 0.04542471840977669, 0.03568967431783676], [0.0016125490656122565, 0.0003216278273612261, 0.0002374474424868822, 0.00026656663976609707, 0.0005477066733874381, 0.00017058278899639845, 0.00029166456079110503, 0.0007504536770284176, 0.00016697851242497563, 0.9780800938606262, 0.0001882291107904166, 0.0005166420596651733, 0.00018462100706528872, 0.016212204471230507, 0.00016697851242497563, 0.00018366408767178655, 0.0001020417403196916], [0.39337629079818726, 0.4196585714817047, 0.019693851470947266, 0.022846629843115807, 0.012344841845333576, 0.011894243769347668, 0.008858892135322094, 0.013008136302232742, 0.006124518346041441, 0.010725635103881359, 0.010695232078433037, 0.018879152834415436, 0.019490724429488182, 0.009115087799727917, 0.006124518346041441, 0.013760867528617382, 0.0034028864465653896], [0.14180178940296173, 0.08059930056333542, 0.044565584510564804, 0.027072962373495102, 0.03914223983883858, 0.03925452381372452, 0.056014224886894226, 0.07368296384811401, 0.019878527149558067, 0.07355429232120514, 0.042985692620277405, 0.19801051914691925, 0.04325221851468086, 0.05708494037389755, 0.019878527149558067, 0.02869407646358013, 0.014527679421007633], [4.687798718805425e-05, 3.193644079146907e-05, 1.7820624634623528e-05, 5.860832243342884e-05, 0.0005401356029324234, 4.3186806578887627e-05, 0.9954649806022644, 0.0035028336569666862, 2.1715048205805942e-05, 3.506391294649802e-05, 1.953598803083878e-05, 4.729952706838958e-05, 2.0626008335966617e-05, 0.00010032666614279151, 2.1715048205805942e-05, 1.5106812497833744e-05, 1.2267458259884734e-05], [0.16820329427719116, 0.10196168720722198, 0.051600582897663116, 0.056372348219156265, 0.07989625632762909, 0.03877638652920723, 0.031049665063619614, 0.05918191000819206, 0.03209136426448822, 0.045382145792245865, 0.048921339213848114, 0.04980059713125229, 0.04351811856031418, 0.058621909469366074, 0.03209136426448822, 0.0773172453045845, 0.0252138152718544], [0.05882352963089943, 0.05882352963089943, 0.05882352963089943, 0.05882352963089943, 0.05882352963089943, 0.05882352963089943, 0.05882352963089943, 0.05882352963089943, 0.05882352963089943, 0.05882352963089943, 0.05882352963089943, 0.05882352963089943, 0.05882352963089943, 0.05882352963089943, 0.05882352963089943, 0.05882352963089943, 0.05882352963089943]], "p2h_attention": [[0.013033967465162277, 0.1021694540977478, 0.747389018535614, 0.06310611218214035, 0.024705875664949417, 0.04313024878501892, 0.006465259939432144], [0.01272202841937542, 0.02227960154414177, 0.8717270493507385, 0.03921632841229439, 0.018401948735117912, 0.028584476560354233, 0.007068575359880924], [0.08412177860736847, 0.13590911030769348, 0.3380196690559387, 0.1791686862707138, 0.084845170378685, 0.11952942609786987, 0.058406174182891846], [0.06354166567325592, 0.12739297747612, 0.32741019129753113, 0.09087762981653214, 0.2329818159341812, 0.10902974009513855, 0.048766039311885834], [0.025925328955054283, 0.08730129152536392, 0.059004947543144226, 0.04382277652621269, 0.7161414623260498, 0.05153926834464073, 0.016264865174889565], [0.08012472093105316, 0.11041177064180374, 0.23085933923721313, 0.1784643828868866, 0.23251700401306152, 0.10157501697540283, 0.06604776531457901], [2.1810394173371606e-05, 3.521787220961414e-05, 3.207666668458842e-05, 4.750721200252883e-05, 0.9998359084129333, 1.5173143765423447e-05, 1.2321323083597235e-05], [0.006245116703212261, 0.023951545357704163, 0.012449591420590878, 0.016518034040927887, 0.9299346208572388, 0.007644302677363157, 0.003256772877648473], [0.20710636675357819, 0.1466500461101532, 0.1612960249185562, 0.12262732535600662, 0.15863732993602753, 0.11406409740447998, 0.08961883187294006], [0.00017044489504769444, 0.9983845353126526, 0.00032830462441779673, 0.0005273672286421061, 0.00029771935078315437, 0.0001874768640846014, 0.00010416006989544258], [0.0922609195113182, 0.13417786359786987, 0.22862035036087036, 0.21522848308086395, 0.11583853513002396, 0.14113406836986542, 0.07273979485034943], [0.04217999055981636, 0.1560738980770111, 0.17102262377738953, 0.42015597224235535, 0.11885586380958557, 0.06088559329509735, 0.03082609549164772], [0.08396707475185394, 0.11107110977172852, 0.3516239523887634, 0.1827721893787384, 0.10321870446205139, 0.10595694929361343, 0.061390042304992676], [0.013543135486543179, 0.8855130076408386, 0.014929456636309624, 0.021900599822402, 0.045581888407468796, 0.01295841857790947, 0.0055735353380441666], [0.20710636675357819, 0.1466500461101532, 0.1612960249185562, 0.12262732535600662, 0.15863732993602753, 0.11406409740447998, 0.08961883187294006], [0.08845067769289017, 0.12508292496204376, 0.28102824091911316, 0.13726112246513367, 0.0855795219540596, 0.21310290694236755, 0.06949467957019806], [0.1428571492433548, 0.1428571492433548, 0.1428571492433548, 0.1428571492433548, 0.1428571492433548, 0.1428571492433548, 0.1428571492433548]], "claim": "Elon Musk is a billionaire.", "premise_source_doc_id": "Kimbal_Musk", "premise_source_doc_line_num": 8, "premise_source_doc_sentence": "He is the younger brother of billionaire businessman Elon Musk and a major Tesla shareholder ."}
