{"premise_tokens": ["Olwen", "Catherine", "Kelly", "is", "an", "Irish", "model", "and", "actress", ".", "@@NULL@@"], "hypothesis_tokens": ["Olwen", "Kelly", "is", "a", "model", ".", "@@NULL@@"], "label_logits": [2.452145576477051, -0.7977724671363831, -2.8599793910980225], "label_probs": [0.958121657371521, 0.0371534563601017, 0.004724915139377117], "h2p_attention": [[0.1333511620759964, 0.1333511620759964, 0.07068073749542236, 0.10385490208864212, 0.08730147778987885, 0.09794201701879501, 0.08515332639217377, 0.07318942993879318, 0.08402883261442184, 0.07344332337379456, 0.05770356208086014], [0.025771604850888252, 0.025771604850888252, 0.5204241871833801, 0.08429881930351257, 0.06087256222963333, 0.050443436950445175, 0.04203244671225548, 0.045015495270490646, 0.08335476368665695, 0.04097513109445572, 0.021039871498942375], [0.010600210167467594, 0.010600210167467594, 0.023597629740834236, 0.7263377904891968, 0.1106249988079071, 0.021131878718733788, 0.014572023414075375, 0.018511122092604637, 0.03431742638349533, 0.023817071691155434, 0.005889656953513622], [0.043956831097602844, 0.043956831097602844, 0.0828399509191513, 0.1782269924879074, 0.17458200454711914, 0.09663928300142288, 0.06442064791917801, 0.0950530618429184, 0.12474939972162247, 0.0634504184126854, 0.032124653458595276], [9.678961214376613e-05, 9.678961214376613e-05, 0.00013103017408866435, 0.0001622780109755695, 0.00015732018800918013, 9.59892277023755e-05, 0.9987795948982239, 9.94649381027557e-05, 0.00017692810797598213, 0.00013827314251102507, 6.558882159879431e-05], [0.0547882579267025, 0.0547882579267025, 0.08383303135633469, 0.1740749478340149, 0.11903679370880127, 0.07547802478075027, 0.0907498151063919, 0.08352137356996536, 0.08868249505758286, 0.13200053572654724, 0.0430465005338192], [0.09090908616781235, 0.09090908616781235, 0.09090908616781235, 0.09090908616781235, 0.09090908616781235, 0.09090908616781235, 0.09090908616781235, 0.09090908616781235, 0.09090908616781235, 0.09090908616781235, 0.09090908616781235]], "p2h_attention": [[0.22109340131282806, 0.11718716472387314, 0.17218923568725586, 0.1309090256690979, 0.14118240773677826, 0.12176746875047684, 0.09567128866910934], [0.22109340131282806, 0.11718716472387314, 0.17218923568725586, 0.1309090256690979, 0.14118240773677826, 0.12176746875047684, 0.09567128866910934], [0.03267201408743858, 0.6597689986228943, 0.10687002539634705, 0.06878265738487244, 0.05328673496842384, 0.05194631963968277, 0.026673346757888794], [0.01265711709856987, 0.02817660942673683, 0.8672792911529541, 0.0390162356197834, 0.017399637028574944, 0.02843863144516945, 0.00703250989317894], [0.04349067434668541, 0.0831679180264473, 0.5399337410926819, 0.15622057020664215, 0.06894959509372711, 0.07949147373437881, 0.0287459846585989], [0.1138538345694542, 0.1608210653066635, 0.24067413806915283, 0.201788529753685, 0.09816895425319672, 0.11761531978845596, 0.06707817316055298], [9.683753160061315e-05, 0.0001310950465267524, 0.00016235836665146053, 0.00013159256195649505, 0.9992741346359253, 0.0001383415947202593, 6.562129419762641e-05], [0.09081496298313141, 0.15319009125232697, 0.22503729164600372, 0.21185530722141266, 0.10858050733804703, 0.13892214000225067, 0.07159978151321411], [0.06972315162420273, 0.18968752026557922, 0.27898192405700684, 0.18593083322048187, 0.129157155752182, 0.09863962978124619, 0.047879692167043686], [0.08257267624139786, 0.12634675204753876, 0.26235246658325195, 0.1281394213438034, 0.13677120208740234, 0.19894112646579742, 0.06487639993429184], [0.1428571492433548, 0.1428571492433548, 0.1428571492433548, 0.1428571492433548, 0.1428571492433548, 0.1428571492433548, 0.1428571492433548]], "claim": "Olwen Kelly is a model.", "premise_source_doc_id": "Olwen_Kelly", "premise_source_doc_line_num": 0, "premise_source_doc_sentence": "Olwen Catherine Kelly is an Irish model and actress ."}
