{"premise_tokens": ["There", "are", "many", "independent", "broadline", "food", "service", "distribution", "companies", "that", "service", "chain", "and", "multi", "-", "unit", "restaurants", "based", "on", "master", "distribution", "agreements", "with", "national", "food", "service", "groups", ".", "@@NULL@@"], "hypothesis_tokens": ["HBO", "is", "a", "pay", "food", "service", ".", "@@NULL@@"], "label_logits": [-0.7755014896392822, -0.7916152477264404, 1.4816012382507324], "label_probs": [0.08665976673364639, 0.08527454733848572, 0.8280656933784485], "h2p_attention": [[0.008448977023363113, 0.020907262340188026, 0.013259878382086754, 0.005297855939716101, 0.002957017393782735, 0.01242111437022686, 0.03559839352965355, 0.17125047743320465, 0.031044458970427513, 0.004710901062935591, 0.03559839352965355, 0.20605358481407166, 0.0027103887405246496, 0.008476750925183296, 0.00536891957744956, 0.013352875597774982, 0.02400754578411579, 0.1341979205608368, 0.009647498838603497, 0.0028954395093023777, 0.17125047743320465, 0.005806379020214081, 0.006172682624310255, 0.009422349743545055, 0.01242111437022686, 0.03559839352965355, 0.005633657332509756, 0.003430270357057452, 0.0020590703934431076], [0.34607982635498047, 0.09671168774366379, 0.02160603739321232, 0.025292320176959038, 0.007489618379622698, 0.023007964715361595, 0.02245284989476204, 0.026994595304131508, 0.015318970195949078, 0.03584905341267586, 0.02245284989476204, 0.015978708863258362, 0.01307910680770874, 0.009867250919342041, 0.006366966292262077, 0.035205744206905365, 0.01858006790280342, 0.021524297073483467, 0.03583762049674988, 0.022035179659724236, 0.026994595304131508, 0.010093306191265583, 0.038474082946777344, 0.010568655095994473, 0.023007964715361595, 0.02245284989476204, 0.0256884153932333, 0.01682804711163044, 0.004161360673606396], [0.08986367285251617, 0.03225241228938103, 0.03320607170462608, 0.021046720445156097, 0.015356105752289295, 0.03859683498740196, 0.033177781850099564, 0.026072058826684952, 0.03425618261098862, 0.0493331216275692, 0.033177781850099564, 0.06280381977558136, 0.03320632502436638, 0.01967735029757023, 0.017964016646146774, 0.022891191765666008, 0.03177718445658684, 0.026881514117121696, 0.037431541830301285, 0.04313790798187256, 0.026072058826684952, 0.03390679880976677, 0.04296424984931946, 0.05269072577357292, 0.03859683498740196, 0.033177781850099564, 0.03709324449300766, 0.022166093811392784, 0.011222591623663902], [0.02108972705900669, 0.029248997569084167, 0.022966815158724785, 0.014593474566936493, 0.012212122790515423, 0.027031593024730682, 0.08829642087221146, 0.031429316848516464, 0.0758054256439209, 0.02098938077688217, 0.08829642087221146, 0.08369483053684235, 0.01235855184495449, 0.015883412212133408, 0.006785365752875805, 0.03388582542538643, 0.06244010105729103, 0.05944791063666344, 0.0206142570823431, 0.023287104442715645, 0.031429316848516464, 0.04186407849192619, 0.016515297815203667, 0.01321686152368784, 0.027031593024730682, 0.08829642087221146, 0.015401995740830898, 0.009848742745816708, 0.0060386648401618], [0.0014598638517782092, 0.0015176694141700864, 0.0008246127399615943, 0.0035352197010070086, 0.0005959838163107634, 0.4433601200580597, 0.0005806292174383998, 0.006287497002631426, 0.0012806563172489405, 0.0008445990970358253, 0.0005806292174383998, 0.007553250063210726, 0.0004632408090401441, 0.0006692497991025448, 0.00032635999377816916, 0.0004317119310144335, 0.07137691229581833, 0.0014215204864740372, 0.0007665515877306461, 0.0018448804039508104, 0.006287497002631426, 0.0005975668900646269, 0.0008442713296972215, 0.0011305849766358733, 0.4433601200580597, 0.0005806292174383998, 0.0006704690167680383, 0.000513187434989959, 0.00029427846311591566], [7.321084558498114e-05, 0.00013060732453595847, 8.193995745386928e-05, 5.0735809054458514e-05, 5.949315527686849e-05, 4.2904957808787e-05, 0.3310355246067047, 0.0007022194913588464, 0.0006161400815472007, 5.746297392761335e-05, 0.3310355246067047, 0.001651954953558743, 3.0644961952930316e-05, 5.530578346224502e-05, 9.637058974476531e-05, 0.00037548941327258945, 0.00027274744934402406, 0.001331459847278893, 6.224046228453517e-05, 5.157765554031357e-05, 0.0007022194913588464, 0.00016528989362996072, 5.910475738346577e-05, 6.160880730021745e-05, 4.2904957808787e-05, 0.3310355246067047, 6.287475844146684e-05, 3.519699748721905e-05, 2.174537439714186e-05], [0.08102849870920181, 0.053032781928777695, 0.033182255923748016, 0.02982964739203453, 0.02239309437572956, 0.030681874603033066, 0.028477579355239868, 0.028012234717607498, 0.02278650738298893, 0.04209987819194794, 0.028477579355239868, 0.03023829683661461, 0.03413692116737366, 0.026142768561840057, 0.01898154430091381, 0.04781578108668327, 0.030276935547590256, 0.029437150806188583, 0.04108456149697304, 0.04400124400854111, 0.028012234717607498, 0.029063435271382332, 0.04138584062457085, 0.029833177104592323, 0.030681874603033066, 0.028477579355239868, 0.038883402943611145, 0.05395134538412094, 0.017593994736671448], [0.03448275476694107, 0.03448275476694107, 0.03448275476694107, 0.03448275476694107, 0.03448275476694107, 0.03448275476694107, 0.03448275476694107, 0.03448275476694107, 0.03448275476694107, 0.03448275476694107, 0.03448275476694107, 0.03448275476694107, 0.03448275476694107, 0.03448275476694107, 0.03448275476694107, 0.03448275476694107, 0.03448275476694107, 0.03448275476694107, 0.03448275476694107, 0.03448275476694107, 0.03448275476694107, 0.03448275476694107, 0.03448275476694107, 0.03448275476694107, 0.03448275476694107, 0.03448275476694107, 0.03448275476694107, 0.03448275476694107, 0.03448275476694107]],