{"premise_tokens": ["Madagascar", "(", "-LSB-", "ˌmædəˈɡæskər", "-RSB-", ";", "Madagasikara", ")", ",", "officially", "the", "Republic", "of", "Madagascar", "(", "-LSB-", "Repoblikan", "'", "i", "Madagasikara", ",", "links", "=", "no", "-RSB-", "-LSB-", "republiˈkʲan", "madaɡasˈkʲarə̥", "-RSB-", "République", "de", "Madagascar", ")", ",", "and", "previously", "known", "as", "the", "Malagasy", "Republic", ",", "is", "an", "island", "country", "in", "the", "Indian", "Ocean", ",", "off", "the", "coast", "of", "Southeast", "Africa", ".", "@@NULL@@"], "hypothesis_tokens": ["Madagascar", "is", "an", "island", ".", "@@NULL@@"], "label_logits": [1.8357685804367065, -0.3224966824054718, -2.341486692428589], "label_probs": [0.8842781186103821, 0.10215653479099274, 0.01356531959027052], "h2p_attention": [[0.2988549470901489, 0.0008995100506581366, 0.0008790090214461088, 0.0008790090214461088, 0.0008790090214461088, 0.0006040802109055221, 0.0008790090214461088, 0.0009532707626931369, 0.0009540742612443864, 0.0016274513909593225, 0.0008752556750550866, 0.0030830528121441603, 0.0006783586577512324, 0.2988549470901489, 0.0008995100506581366, 0.0008790090214461088, 0.0008790090214461088, 0.0009023048914968967, 0.0007954039028845727, 0.0008790090214461088, 0.0009540742612443864, 0.002729014726355672, 0.0014036071952432394, 0.0015971353277564049, 0.0008790090214461088, 0.0008790090214461088, 0.0008790090214461088, 0.0008790090214461088, 0.0008790090214461088, 0.0008790090214461088, 0.003431167686358094, 0.2988549470901489, 0.0009532707626931369, 0.0009540742612443864, 0.0007677922840230167, 0.0012015235843136907, 0.003998743370175362, 0.001451614429242909, 0.0008752556750550866, 0.0008790090214461088, 0.0030830528121441603, 0.0009540742612443864, 0.0012762316036969423, 0.0012975087156519294, 0.002409070497378707, 0.006546196062117815, 0.0015682033263146877, 0.0008752556750550866, 0.009434467181563377, 0.003141145221889019, 0.0009540742612443864, 0.0022191281896084547, 0.0008752556750550866, 0.0028304406441748142, 0.0006783586577512324, 0.0029139539692550898, 0.016059990972280502, 0.0008851165184751153, 0.000538183085154742], [0.005240420810878277, 0.003333380911499262, 0.003977326676249504, 0.003977326676249504, 0.003977326676249504, 0.005852405447512865, 0.003977326676249504, 0.0031273148488253355, 0.006205033976584673, 0.010090375319123268, 0.012789394706487656, 0.00487099913880229, 0.00772424740716815, 0.005240420810878277, 0.003333380911499262, 0.003977326676249504, 0.003977326676249504, 0.0034629525616765022, 0.024720478802919388, 0.003977326676249504, 0.006205033976584673, 0.006976775359362364, 0.005258350167423487, 0.169440358877182, 0.003977326676249504, 0.003977326676249504, 0.003977326676249504, 0.003977326676249504, 0.003977326676249504, 0.003977326676249504, 0.005999112501740456, 0.005240420810878277, 0.0031273148488253355, 0.006205033976584673, 0.006945596542209387, 0.013881860300898552, 0.01963205635547638, 0.027463799342513084, 0.012789394706487656, 0.003977326676249504, 0.00487099913880229, 0.006205033976584673, 0.2725307047367096, 0.04150783643126488, 0.015989694744348526, 0.005178113467991352, 0.02280775085091591, 0.012789394706487656, 0.006593936588615179, 0.014589207246899605, 0.006205033976584673, 0.08301960676908493, 0.012789394706487656, 0.016707643866539, 0.00772424740716815, 0.012703189626336098, 0.005803437903523445, 0.00893645640462637, 0.0022098703775554895], [0.009658826515078545, 0.0049139694310724735, 0.00606126245111227, 0.00606126245111227, 0.00606126245111227, 0.010176239535212517, 0.00606126245111227, 0.0055222101509571075, 0.010597535409033298, 0.007727887947112322, 0.014854587614536285, 0.008649979718029499, 0.012308254837989807, 0.009658826515078545, 0.0049139694310724735, 0.00606126245111227, 0.00606126245111227, 0.005505798384547234, 0.029728064313530922, 0.00606126245111227, 0.010597535409033298, 0.011053111404180527, 0.009461769834160805, 0.10793311148881912, 0.00606126245111227, 0.00606126245111227, 0.00606126245111227, 0.00606126245111227, 0.00606126245111227, 0.00606126245111227, 0.008204438723623753, 0.009658826515078545, 0.0055222101509571075, 0.010597535409033298, 0.010709625668823719, 0.02631121315062046, 0.015177033841609955, 0.019837994128465652, 0.014854587614536285, 0.00606126245111227, 0.008649979718029499, 0.010597535409033298, 0.07525015622377396, 0.12618541717529297, 0.037457264959812164, 0.010246912017464638, 0.055445507168769836, 0.014854587614536285, 0.009827805683016777, 0.025259507820010185, 0.010597535409033298, 0.04667060077190399, 0.014854587614536285, 0.019111914560198784, 0.012308254837989807, 0.013714592903852463, 0.014890043064951897, 0.011078671552240849, 0.004006306175142527], [0.0003171245916746557, 7.119149813661352e-05, 0.0001690432836767286, 0.0001690432836767286, 0.0001690432836767286, 0.00011837812780868262, 0.0001690432836767286, 7.325785554712638e-05, 9.870169742498547e-05, 0.00014400648069567978, 0.00017068444867618382, 0.00018940979498438537, 9.082791075343266e-05, 0.0003171245916746557, 7.119149813661352e-05, 0.0001690432836767286, 0.0001690432836767286, 7.323355384869501e-05, 0.00033702762448228896, 0.0001690432836767286, 9.870169742498547e-05, 0.0004423587815836072, 0.00017941939586307853, 0.00030028531909920275, 0.0001690432836767286, 0.0001690432836767286, 0.0001690432836767286, 0.0001690432836767286, 0.0001690432836767286, 0.0001690432836767286, 0.00015130573592614383, 0.0003171245916746557, 7.325785554712638e-05, 9.870169742498547e-05, 9.274695912608877e-05, 0.0005020200624130666, 0.0002554537495598197, 0.00010917211329797283, 0.00017068444867618382, 0.0001690432836767286, 0.00018940979498438537, 9.870169742498547e-05, 0.0005126061732880771, 0.0006623726803809404, 0.9785220623016357, 0.0003574234724510461, 0.00043000574805773795, 0.00017068444867618382, 0.00013736281835008413, 0.00671674869954586, 9.870169742498547e-05, 0.0008996999240480363, 0.00017068444867618382, 0.002686547115445137, 9.082791075343266e-05, 0.0003072794643230736, 0.0004861211054958403, 0.00016180310922209173, 7.084520620992407e-05], [0.01565207913517952, 0.012902917340397835, 0.012112985365092754, 0.012112985365092754, 0.012112985365092754, 0.015745017677545547, 0.012112985365092754, 0.012846576981246471, 0.012693737633526325, 0.017376571893692017, 0.01947680115699768, 0.015471584163606167, 0.0146362679079175, 0.01565207913517952, 0.012902917340397835, 0.012112985365092754, 0.012112985365092754, 0.014177563600242138, 0.025281814858317375, 0.012112985365092754, 0.012693737633526325, 0.017880268394947052, 0.01803947053849697, 0.0385744571685791, 0.012112985365092754, 0.012112985365092754, 0.012112985365092754, 0.012112985365092754, 0.012112985365092754, 0.012112985365092754, 0.012552294880151749, 0.01565207913517952, 0.012846576981246471, 0.012693737633526325, 0.018465513363480568, 0.018153730779886246, 0.024926118552684784, 0.01978074386715889, 0.01947680115699768, 0.012112985365092754, 0.015471584163606167, 0.012693737633526325, 0.038485754281282425, 0.026317520067095757, 0.02173592895269394, 0.016699377447366714, 0.02413858287036419, 0.01947680115699768, 0.011508687399327755, 0.029452526941895485, 0.012693737633526325, 0.027458885684609413, 0.01947680115699768, 0.01837141066789627, 0.0146362679079175, 0.018631242215633392, 0.017917344346642494, 0.029183639213442802, 0.009517033584415913], [0.016949143260717392, 0.016949143260717392, 0.016949143260717392, 0.016949143260717392, 0.016949143260717392, 0.016949143260717392, 0.016949143260717392, 0.016949143260717392, 0.016949143260717392, 0.016949143260717392, 0.016949143260717392, 0.016949143260717392, 0.016949143260717392, 0.016949143260717392, 0.016949143260717392, 0.016949143260717392, 0.016949143260717392, 0.016949143260717392, 0.016949143260717392, 0.016949143260717392, 0.016949143260717392, 0.016949143260717392, 0.016949143260717392, 0.016949143260717392, 0.016949143260717392, 0.016949143260717392, 0.016949143260717392, 0.016949143260717392, 