{"premise_tokens": ["Nutan", "Samarth", "Bahl", "(", "born", "as", "Nutan", "Samarth", ";", "4", "June", "1936", "--", "21", "February", "1991", ")", ",", "better", "known", "as", "Nutan", ",", "was", "an", "Indian", "actress", ".", "@@NULL@@"], "hypothesis_tokens": ["Nutan", "was", "an", "Indian", "musician", ".", "@@NULL@@"], "label_logits": [-0.04981027543544769, 1.1250040531158447, -0.5348876714706421], "label_probs": [0.20604996383190155, 0.667095422744751, 0.12685458362102509], "h2p_attention": [[0.04858909919857979, 0.04858909919857979, 0.04858909919857979, 0.02260243520140648, 0.03394082188606262, 0.02996104210615158, 0.04858909919857979, 0.04858909919857979, 0.024167492985725403, 0.024614816531538963, 0.03169391676783562, 0.04858909919857979, 0.026950882747769356, 0.026302063837647438, 0.03366836532950401, 0.04858909919857979, 0.023458678275346756, 0.02336382120847702, 0.04515719786286354, 0.034228019416332245, 0.02996104210615158, 0.04858909919857979, 0.02336382120847702, 0.030180413275957108, 0.03180999681353569, 0.03745897859334946, 0.030617544427514076, 0.026760507375001907, 0.02102542109787464], [0.021081363782286644, 0.021081363782286644, 0.021081363782286644, 0.017190180718898773, 0.04406680166721344, 0.039250683039426804, 0.021081363782286644, 0.021081363782286644, 0.0223738681524992, 0.02239876613020897, 0.06834553927183151, 0.021081363782286644, 0.017919110134243965, 0.03370271250605583, 0.06410104781389236, 0.021081363782286644, 0.017542827874422073, 0.024732334539294243, 0.047303542494773865, 0.0551426075398922, 0.039250683039426804, 0.021081363782286644, 0.024732334539294243, 0.13322430849075317, 0.04523344337940216, 0.019039323553442955, 0.04743229225277901, 0.03368021920323372, 0.014686496928334236], [0.012804063968360424, 0.012804063968360424, 0.012804063968360424, 0.010380475781857967, 0.07842914760112762, 0.04190661013126373, 0.012804063968360424, 0.012804063968360424, 0.021496715024113655, 0.018620477989315987, 0.024749716743826866, 0.012804063968360424, 0.012829571031033993, 0.027078313753008842, 0.024023642763495445, 0.012804063968360424, 0.011665348894894123, 0.02238667942583561, 0.12022104114294052, 0.03206060081720352, 0.04190661013126373, 0.012804063968360424, 0.02238667942583561, 0.026065755635499954, 0.266559362411499, 0.02076066844165325, 0.042173851281404495, 0.02340303733944893, 0.008463089354336262], [1.8704004105529748e-05, 1.8704004105529748e-05, 1.8704004105529748e-05, 1.2964858797204215e-05, 0.00015903543680906296, 2.433543704682961e-05, 1.8704004105529748e-05, 1.8704004105529748e-05, 1.5004628949100152e-05, 2.3776037778588943e-05, 0.00013099313946440816, 1.8704004105529748e-05, 1.808811430237256e-05, 2.504851909179706e-05, 0.00017812024452723563, 1.8704004105529748e-05, 1.4329277291835751e-05, 2.3452335881302133e-05, 5.901418626308441e-05, 5.48953321413137e-05, 2.433543704682961e-05, 1.8704004105529748e-05, 2.3452335881302133e-05, 1.3609944289783016e-05, 2.5753472073120065e-05, 0.9989564418792725, 4.450968117453158e-05, 1.269542372028809e-05, 1.0498401934455615e-05], [0.02211179956793785, 0.02211179956793785, 0.02211179956793785, 0.018853195011615753, 0.08808331936597824, 0.03811314329504967, 0.02211179956793785, 0.02211179956793785, 0.01944441720843315, 0.02771342359483242, 0.0360398143529892, 0.02211179956793785, 0.022533060982823372, 0.027149241417646408, 0.04558197781443596, 0.02211179956793785, 0.01975920796394348, 0.018465587869286537, 0.08292467147111893, 0.07783128321170807, 0.03811314329504967, 0.02211179956793785, 0.018465587869286537, 0.02826201356947422, 0.05102819204330444, 0.07920169830322266, 0.047969456762075424, 0.02414577826857567, 0.013427459634840488], [0.02540363185107708, 0.02540363185107708, 0.02540363185107708, 0.027060292661190033, 0.041535634547472, 0.04148462414741516, 0.02540363185107708, 0.02540363185107708, 0.033020809292793274, 0.03229144215583801, 0.04539519175887108, 0.02540363185107708, 0.020925672724843025, 0.0379287488758564, 0.04075820744037628, 0.02540363185107708, 0.026942133903503418, 0.02662159502506256, 0.05503928288817406, 0.052275627851486206, 0.04148462414741516, 0.02540363185107708, 0.02662159502506256, 0.045772310346364975, 0.0551936998963356, 0.02413628250360489, 0.04111934453248978, 0.061204586178064346, 0.019959338009357452], [0.03448275476694107, 0.03448275476694107, 0.03448275476694107, 0.03448275476694107, 0.03448275476694107, 0.03448275476694107, 0.03448275476694107, 0.03448275476694107, 0.03448275476694107, 0.03448275476694107, 0.03448275476694107, 0.03448275476694107, 0.03448275476694107, 0.03448275476694107, 0.03448275476694107, 0.03448275476694107, 0.03448275476694107, 0.03448275476694107, 0.03448275476694107, 0.03448275476694107, 0.03448275476694107, 0.03448275476694107, 0.03448275476694107, 0.03448275476694107, 0.03448275476694107, 0.03448275476694107, 0.03448275476694107, 0.03448275476694107, 0.03448275476694107]],