{"premise_tokens": ["John", "Roger", "Stephens", "(", "born", "December", "28", ",", "1978", ")", ",", "known", "professionally", "as", "John", "Legend", ",", "is", "an", "American", "singer", ",", "songwriter", ",", "musician", "and", "actor", ".", "@@NULL@@"], "hypothesis_tokens": ["John", "Legend", "released", "an", "EP", ".", "@@NULL@@"], "label_logits": [0.3010202944278717, 1.4933459758758545, -1.8255808353424072], "label_probs": [0.2265530824661255, 0.7464323043823242, 0.02701461687684059], "h2p_attention": [[0.44541651010513306, 0.004331864416599274, 0.0014723849017173052, 0.0019079624908044934, 0.00789558794349432, 0.019573982805013657, 0.002763338852673769, 0.003686383366584778, 0.0014723849017173052, 0.0019987861160188913, 0.003686383366584778, 0.003447690512984991, 0.0031855269335210323, 0.004809101112186909, 0.44541651010513306, 0.004370326176285744, 0.003686383366584778, 0.0070044915191829205, 0.0037374107632786036, 0.0030310465954244137, 0.002448280807584524, 0.003686383366584778, 0.004149856045842171, 0.003686383366584778, 0.00249414867721498, 0.0030288014095276594, 0.003976850304752588, 0.00236033508554101, 0.0012750750174745917], [0.0018676245817914605, 0.005929559003561735, 0.0016113993478938937, 0.0007412616396322846, 0.005616188980638981, 0.002602270571514964, 0.0013876823941245675, 0.0007779038860462606, 0.0016113993478938937, 0.0009050655644387007, 0.0007779038860462606, 0.006178986746817827, 0.0034491699188947678, 0.0017360138008370996, 0.0018676245817914605, 0.8978814482688904, 0.0007779038860462606, 0.002874626312404871, 0.0023744988720864058, 0.008017806336283684, 0.027372309938073158, 0.0007779038860462606, 0.007531154900789261, 0.0007779038860462606, 0.009852217510342598, 0.0008787937695160508, 0.0019841648172587156, 0.0012943982146680355, 0.0005448933807201684], [0.020127078518271446, 0.019096404314041138, 0.01730899140238762, 0.018931295722723007, 0.019172288477420807, 0.0949089527130127, 0.03415844962000847, 0.01468582171946764, 0.01730899140238762, 0.019871724769473076, 0.01468582171946764, 0.04426324740052223, 0.05956493690609932, 0.021185848861932755, 0.020127078518271446, 0.04348086565732956, 0.01468582171946764, 0.021829545497894287, 0.01785128377377987, 0.034380920231342316, 0.11820658296346664, 0.01468582171946764, 0.09616295248270035, 0.01468582171946764, 0.0596170611679554, 0.018233438953757286, 0.08128247410058975, 0.018600625917315483, 0.010899991728365421], [0.021487891674041748, 0.02335294708609581, 0.011091179214417934, 0.00899180956184864, 0.06793715059757233, 0.021044518798589706, 0.020636700093746185, 0.0193918626755476, 0.011091179214417934, 0.010104795917868614, 0.0193918626755476, 0.027771640568971634, 0.03473851457238197, 0.036300480365753174, 0.021487891674041748, 0.031946200877428055, 0.0193918626755476, 0.13769622147083282, 0.23089993000030518, 0.01822398416697979, 0.023495951667428017, 0.0193918626755476, 0.03156326338648796, 0.0193918626755476, 0.02785961888730526, 0.019596969708800316, 0.038118671625852585, 0.020272256806492805, 0.007330925203859806], [0.026043789461255074, 0.031441450119018555, 0.052120987325906754, 0.024245383217930794, 0.036407940089702606, 0.04090277850627899, 0.028328510001301765, 0.025062114000320435, 0.052120987325906754, 0.025163864716887474, 0.025062114000320435, 0.03671601414680481, 0.03733057156205177, 0.0321388766169548, 0.026043789461255074, 0.06669758260250092, 0.025062114000320435, 0.04059222340583801, 0.03412222862243652, 0.0471356175839901, 0.04559691995382309, 0.025062114000320435, 0.04553154110908508, 0.025062114000320435, 0.037140585482120514, 0.028606466948986053, 0.029001979157328606, 0.028705701231956482, 0.022553734481334686], [0.03407939523458481, 0.03812404349446297, 0.023431694135069847, 0.024959759786725044, 0.03831147029995918, 0.04134928062558174, 0.030283620581030846, 0.024555116891860962, 0.023431694135069847, 0.024850772693753242, 0.024555116891860962, 0.0482177734375, 0.04164711385965347, 0.03826441988348961, 0.03407939523458481, 0.04373312368988991, 0.024555116891860962, 0.07444790750741959, 0.050909336656332016, 0.0260144155472517, 0.03501805290579796, 0.024555116891860962, 0.031839482486248016, 0.024555116891860962, 0.03310559689998627, 0.03572019934654236, 0.0305420383810997, 0.056453630328178406, 0.018410012125968933], [0.03448275476694107, 0.03448275476694107, 0.03448275476694107, 0.03448275476694107, 0.03448275476694107, 0.03448275476694107, 0.03448275476694107, 0.03448275476694107, 0.03448275476694107, 0.03448275476694107, 0.03448275476694107, 0.03448275476694107, 0.03448275476694107, 0.03448275476694107, 0.03448275476694107, 0.03448275476694107, 0.03448275476694107, 0.03448275476694107, 0.03448275476694107, 0.03448275476694107, 0.03448275476694107, 0.03448275476694107, 0.03448275476694107, 0.03448275476694107, 0.03448275476694107, 0.03448275476694107, 0.03448275476694107, 0.03448275476694107, 0.03448275476694107]],