{"premise_tokens": ["Sasha", "Williams", "is", "a", "fictional", "character", "(", "portrayed", "by", "Sonequa", "Martin", "-", "Green", ")", "from", "The", "Walking", "Dead", ",", "an", "AMC", "television", "horror", "drama", "series", ".", "@@NULL@@"], "hypothesis_tokens": ["Sonequa", "Martin", "-", "Green", "played", "a", "character", "in", "an", "ABC", "television", "series", ".", "@@NULL@@"], "label_logits": [-0.8579014539718628, 1.0205026865005493, -0.6831172108650208], "label_probs": [0.11449450254440308, 0.7491437792778015, 0.13636170327663422], "h2p_attention": [[0.05675983801484108, 0.03543943911790848, 0.04420499503612518, 0.03360740467905998, 0.03374030068516731, 0.03347330540418625, 0.026403259485960007, 0.03710378706455231, 0.03336862847208977, 0.05675983801484108, 0.03350449725985527, 0.029129324480891228, 0.03799485042691231, 0.027403488755226135, 0.055185530334711075, 0.035375017672777176, 0.03527183458209038, 0.040701720863580704, 0.027292679995298386, 0.037159163504838943, 0.03979884460568428, 0.031999800354242325, 0.047912199050188065, 0.04362340644001961, 0.03096531145274639, 0.03126055374741554, 0.02456105314195156], [0.0032805236987769604, 0.024057837203145027, 0.008719127625226974, 0.004274033475667238, 0.002802036004140973, 0.0030609192326664925, 0.0025752403307706118, 0.007494844496250153, 0.006765653844922781, 0.0032805236987769604, 0.834884524345398, 0.0024048443883657455, 0.01159607619047165, 0.0027798141818493605, 0.009609168395400047, 0.00445584999397397, 0.008894624188542366, 0.010583717375993729, 0.003926880657672882, 0.008632167242467403, 0.00361260655336082, 0.005754297599196434, 0.0031215983908623457, 0.00971872080117464, 0.007806072942912579, 0.003503452055156231, 0.0024048443883657455], [0.0210968479514122, 0.043393574655056, 0.02721644751727581, 0.028473740443587303, 0.04698260501027107, 0.034820690751075745, 0.02234724722802639, 0.04151007905602455, 0.03272503986954689, 0.0210968479514122, 0.017788290977478027, 0.27628058195114136, 0.020337343215942383, 0.02228972502052784, 0.02831418626010418, 0.021418623626232147, 0.02969018742442131, 0.01883312128484249, 0.027449699118733406, 0.029006127268075943, 0.0359109491109848, 0.02884037420153618, 0.030972188338637352, 0.028167102485895157, 0.028059015050530434, 0.019191164523363113, 0.017788290977478027], [0.001779673621058464, 0.00281957583501935, 0.005763610824942589, 0.0027534030377864838, 0.0028394076507538557, 0.0049017868004739285, 0.0021378141827881336, 0.0033328491263091564, 0.0034387828782200813, 0.001779673621058464, 0.00554736377671361, 0.001315293600782752, 0.9122136831283569, 0.0022854863200336695, 0.004885163623839617, 0.0028461990877985954, 0.002460334450006485, 0.0037843589670956135, 0.002671461319550872, 0.0057280701585114, 0.003116252599284053, 0.0025994577445089817, 0.004027161747217178, 0.007150363642722368, 0.004634138662368059, 0.0020381829235702753, 0.0011504368158057332], [0.00547561002895236, 0.015912633389234543, 0.04216460511088371, 0.021359536796808243, 0.025543831288814545, 0.018624762073159218, 0.005374566651880741, 0.5645743608474731, 0.03126269951462746, 0.00547561002895236, 0.01031735260039568, 0.009370188228785992, 0.013334314338862896, 0.0054360926151275635, 0.025797095149755478, 0.013133363798260689, 0.033036503940820694, 0.018327658995985985, 0.011509195901453495, 0.03008459508419037, 0.010084163397550583, 0.021268483251333237, 0.012505456805229187, 0.01784045249223709, 0.020130978897213936, 0.008078193292021751, 0.0039777010679244995], [0.01329158153384924, 0.018331989645957947, 0.05389193445444107, 0.13239778578281403, 0.05383731797337532, 0.03458055481314659, 0.010367968119680882, 0.14478351175785065, 0.03590423986315727, 0.01329158153384924, 0.017263926565647125, 0.015548876486718655, 0.023248545825481415, 0.011446673423051834, 0.059998586773872375, 0.029798338189721107, 0.04238198697566986, 0.027364647015929222, 0.026576392352581024, 0.05278977006673813, 0.018813293427228928, 0.0286723542958498, 0.04790418595075607, 0.02710818685591221, 0.03150595352053642, 0.01918601617217064, 0.009713789448142052], [0.004640745464712381, 0.007291673682630062, 0.019518248736858368, 0.012122143991291523, 0.1026715412735939, 0.5964222550392151, 0.007076750509440899, 0.059106264263391495, 0.017945891246199608, 0.004640745464712381, 0.004334121942520142, 0.0066656023263931274, 0.014508679509162903, 0.0073707192204892635, 0.015547499991953373, 0.007466049399226904, 0.010547415353357792, 0.008818450383841991, 0.008286806754767895, 0.015024871565401554, 0.00827421061694622, 0.008946982212364674, 0.006643799599260092, 0.016108715906739235, 0.020179271697998047, 0.006435486953705549, 0.0034051500260829926], [0.010684091597795486, 0.010704157873988152, 0.06641180068254471, 0.030900107696652412, 0.03865012526512146, 0.023221854120492935, 0.009480982087552547, 0.17012789845466614, 0.025638345628976822, 0.010684091597795486, 0.017114268615841866, 0.011217598803341389, 0.03497551381587982, 0.010315298102796078, 0.06496181339025497, 0.01923384517431259, 0.05997055768966675, 0.0337039940059185, 0.014157862402498722, 0.089053675532341, 0.019048551097512245, 0.029212679713964462, 0.06233615055680275, 0.08408966660499573, 0.03134959191083908, 0.016320744529366493, 0.006434719543904066], [0.009377660229802132, 0.017461901530623436, 0.11642300337553024, 0.033685002475976944, 0.02697363682091236, 0.02734953910112381, 0.0076026301831007, 0.0809461772441864, 0.061598531901836395, 0.009377660229802132, 0.022248895838856697, 0.01010720431804657, 0.03086179494857788, 0.008543667383491993, 0.07299377769231796, 0.022982221096754074, 0.07213442772626877, 0.018589530140161514, 0.016395939514040947, 0.19522731006145477, 0.011962643824517727, 0.020666129887104034, 0.01517174206674099, 0.038659386336803436, 0.029320908710360527, 0.017140325158834457, 0.006198342423886061], [0.01184880267828703, 0.010312223806977272, 0.0329086109995842, 0.02422848716378212, 0.039117973297834396, 0.01847253181040287, 0.007778931874781847, 0.05082525685429573, 0.03715616092085838, 0.01184880267828703, 0.010997076518833637, 0.013296226970851421, 0.01116559561342001, 0.010086298920214176, 0.046613581478595734, 0.01709771156311035, 0.05737990140914917, 0.04697519168257713, 0.008632056415081024, 0.0593528226017952, 0.04009253904223442, 0.23720534145832062, 0.05431324243545532, 0.06722620874643326, 0.05044656991958618, 0.01743273437023163, 0.007189138792455196], [0.00200980925001204, 0.002591296099126339, 0.004426734056323767, 0.004553332459181547, 0.011525958776473999, 0.004053171258419752, 0.002132408320903778, 0.013338252902030945, 0.004993932321667671, 0.00200980925001204, 0.003691135672852397, 0.0025010439567267895, 0.003485577180981636, 0.002436134498566389, 0.0066191102378070354, 0.002389264991506934, 0.023678939789533615, 0.005949685350060463, 0.001983853755518794, 0.005143256857991219, 0.008751758374273777, 0.8169427514076233, 0.016027281060814857, 0.006438458804041147, 0.03834708407521248, 0.002437399933114648, 0.001542604761198163], [0.0021551463287323713, 0.005048573948442936, 0.007095841690897942, 0.005544369574636221, 0.008685914799571037, 0.010130193084478378, 0.0041928598657250404, 0.008861360140144825, 0.009468239732086658, 0.0021551463287323713, 0.005548733752220869, 0.0026964133139699697, 0.006885805167257786, 0.004818878602236509, 0.010441543534398079, 0.002608475973829627, 0.012892392463982105, 0.014894424937665462, 0.001973018515855074, 0.008086305111646652, 0.009099913761019707, 0.042493872344493866, 0.012231423519551754, 0.020221557468175888, 0.7768218517303467, 0.003238327568396926, 0.0017094179056584835], [0.023549707606434822, 0.03507382422685623, 0.07482286542654037, 0.03654533624649048, 0.02988443709909916, 0.034968819469213486, 0.025085467845201492, 0.03850676491856575, 0.040275562554597855, 0.023549707606434822, 0.02695535123348236, 0.019961947575211525, 0.03278054669499397, 0.024975933134555817, 0.043115172535181046, 0.037866219878196716, 0.04729124903678894, 