{"premise_tokens": ["An", "analysis", "by", "the", "author", "of", "the", "Hirsch", "report", "showed", "that", "while", "the", "shape", "of", "the", "oil", "production", "curve", "can", "be", "affected", "by", "mitigation", "efforts", ",", "mitigation", "efforts", "are", "also", "affected", "by", "the", "shape", "of", "Hubbert", "curve", ".", "@@NULL@@"], "hypothesis_tokens": ["Climate", "change", "adaptation", "requires", "mitigation", "efforts", ".", "@@NULL@@"], "label_logits": [0.124541275203228, -1.7092221975326538, 0.6448267698287964], "label_probs": [0.35182538628578186, 0.05622556433081627, 0.5919490456581116], "h2p_attention": [[0.0577126145362854, 0.029671913012862206, 0.03877885267138481, 0.02265608310699463, 0.03625057265162468, 0.014942937530577183, 0.02265608310699463, 0.01720144972205162, 0.02073577791452408, 0.022655319422483444, 0.02732282504439354, 0.044898152351379395, 0.02265608310699463, 0.015188885852694511, 0.014942937530577183, 0.02265608310699463, 0.01904049515724182, 0.018850892782211304, 0.017367880791425705, 0.030933769419789314, 0.027085350826382637, 0.025058912113308907, 0.03877885267138481, 0.01720144972205162, 0.03887026757001877, 0.018343213945627213, 0.01720144972205162, 0.03887026757001877, 0.0356561504304409, 0.033342715352773666, 0.025058912113308907, 0.03877885267138481, 0.02265608310699463, 0.015188885852694511, 0.014942937530577183, 0.01720144972205162, 0.017367877066135406, 0.030692247673869133, 0.010584603995084763], [0.06588892638683319, 0.007780604064464569, 0.04300437867641449, 0.014267767779529095, 0.02893771417438984, 0.013893557712435722, 0.014267767779529095, 0.010546158999204636, 0.00964692234992981, 0.012066591531038284, 0.02630235254764557, 0.042330726981163025, 0.014267767779529095, 0.02042778581380844, 0.013893557712435722, 0.014267767779529095, 0.029276233166456223, 0.011735948733985424, 0.036696501076221466, 0.04165224730968475, 0.09112224727869034, 0.013890554197132587, 0.04300437867641449, 0.010546158999204636, 0.06173316016793251, 0.01017432939261198, 0.010546158999204636, 0.06173316016793251, 0.03773435950279236, 0.018446002155542374, 0.013890554197132587, 0.04300437867641449, 0.014267767779529095, 0.02042778581380844, 0.013893557712435722, 0.010546158999204636, 0.036696501076221466, 0.01244211196899414, 0.0047494955360889435], [0.025638895109295845, 0.012751546688377857, 0.014494453556835651, 0.006341773085296154, 0.4732970595359802, 0.00406914995983243, 0.006341773085296154, 0.00433133402839303, 0.012813626788556576, 0.01135596539825201, 0.00635374104604125, 0.015291625633835793, 0.006341773085296154, 0.06221994012594223, 0.00406914995983243, 0.006341773085296154, 0.008384715765714645, 0.05123741179704666, 0.011941257864236832, 0.02439570054411888, 0.02249673195183277, 0.008312624879181385, 0.014494453556835651, 0.00433133402839303, 0.01564812660217285, 0.004772266373038292, 0.00433133402839303, 0.01564812660217285, 0.008867403492331505, 0.01294114999473095, 0.008312624879181385, 0.014494453556835651, 0.006341773085296154, 0.06221994012594223, 0.00406914995983243, 0.00433133402839303, 0.011941257864236832, 0.005278237629681826, 0.0031550396233797073], [0.05194620043039322, 0.011479041539132595, 0.05347752943634987, 0.01608351618051529, 0.02668183110654354, 0.01952536217868328, 0.01608351618051529, 0.009963206015527248, 0.01197593379765749, 0.01229225005954504, 0.03568828105926514, 0.040255267173051834, 0.01608351618051529, 0.017087571322917938, 0.01952536217868328, 0.01608351618051529, 0.017323719337582588, 0.016717733815312386, 0.016082443296909332, 0.040598705410957336, 0.09149494767189026, 0.012393816374242306, 0.05347752943634987, 0.009963206015527248, 0.05124937370419502, 0.015055323019623756, 0.009963206015527248, 0.05124937370419502, 0.053387563675642014, 0.024575358256697655, 0.012393816374242306, 0.05347752943634987, 0.01608351618051529, 0.017087571322917938, 0.01952536217868328, 0.009963206015527248, 0.016082441434264183, 0.01185519341379404, 0.00576707674190402], [0.023927705362439156, 0.018413566052913666, 0.021486883983016014, 0.022778848186135292, 0.023726124316453934, 0.019186271354556084, 0.022778848186135292, 0.03654906526207924, 0.01989433728158474, 0.020481139421463013, 0.02577333152294159, 0.02689465321600437, 0.022778848186135292, 0.026378722861409187, 0.019186271354556084, 0.022778848186135292, 0.03468332067131996, 0.030830977484583855, 0.026717185974121094, 0.0226023867726326, 0.02947562374174595, 0.028344320133328438, 0.021486883983016014, 0.03654906526207924, 0.041544269770383835, 0.017574433237314224, 0.03654906526207924, 0.041544269770383835, 0.022644244134426117, 0.01905437558889389, 0.028344320133328438, 0.021486883983016014, 0.022778848186135292, 0.026378722861409187, 0.019186271354556084, 0.03654906526207924, 0.02671719156205654, 0.02012944407761097, 0.01581547223031521], [0.0058043780736625195, 0.0015509576769545674, 0.015466978773474693, 0.0035160118713974953, 0.003306168830022216, 0.0018066008342429996, 0.0035160118713974953, 0.002138704527169466, 0.002034985227510333, 0.0016619641100987792, 0.005122127942740917, 0.017139224335551262, 0.0035160118713974953, 0.0017785582458600402, 0.0018066008342429996, 0.0035160118713974953, 0.012573244981467724, 0.004348957911133766, 0.00235132803209126, 0.0043439543806016445, 0.02307804673910141, 0.0037216506898403168, 0.015466978773474693, 0.002138704527169466, 0.4040127694606781, 0.0016100830398499966, 0.002138704527169466, 0.4040127694606781, 0.005914420820772648, 0.007086176425218582, 0.0037216506898403168, 0.015466978773474693, 0.0035160118713974953, 0.0017785582458600402, 0.0018066008342429996, 0.002138704527169466, 0.00235132803209126, 0.001926730270497501, 0.0008141823345795274], [0.03568608686327934, 0.018603019416332245, 0.02809060737490654, 0.026410188525915146, 0.019884057343006134, 0.019846513867378235, 0.026410188525915146, 0.016424987465143204, 0.019644390791654587, 0.020887210965156555, 0.030879607424139977, 0.04152284935116768, 0.026410188525915146, 0.019372953101992607, 0.019846513867378235, 0.026410188525915146, 0.020059892907738686, 0.02329251542687416, 0.023609625175595284, 0.038298431783914566, 0.049462705850601196, 0.03043561987578869, 0.02809060737490654, 0.016424987465143204, 0.03053898923099041, 0.017212478443980217, 0.016424987465143204, 0.03053898923099041, 0.03889872133731842, 0.02371407486498356, 0.03043561987578869, 0.02809060737490654, 0.026410188525915146, 0.019372953101992607, 0.019846513867378235, 0.016424987465143204, 0.023609625175595284, 0.03957248479127884, 0.012904922477900982], [0.025641025975346565, 0.025641025975346565, 0.025641025975346565, 0.025641025975346565, 0.025641025975346565, 0.025641025975346565, 0.025641025975346565, 0.025641025975346565, 0.025641025975346565, 0.025641025975346565, 0.025641025975346565, 0.025641025975346565, 0.025641025975346565, 0.025641025975346565, 0.025641025975346565, 0.025641025975346565, 0.025641025975346565, 0.025641025975346565, 0.025641025975346565, 0.025641025975346565, 0.025641025975346565, 0.025641025975346565, 0.025641025975346565, 0.025641025975346565, 0.025641025975346565, 0.025641025975346565, 0.025641025975346565, 0.025641025975346565, 0.025641025975346565, 0.025641025975346565, 0.025641025975346565, 0.025641025975346565, 0.025641025975346565, 0.025641025975346565, 0.025641025975346565, 0.025641025975346565, 0.025641025975346565, 0.025641025975346565, 0.025641025975346565]],