{"premise_tokens": ["In", "1992", ",", "Knight", "relocated", "to", "the", "Netherlands", "where", "he", "continued", "to", "record", "up", "to", "his", "death", "from", "cancer", "in", "November", "1999", ".", "@@NULL@@"], "hypothesis_tokens": ["Curtis", "Knight", "graduated", "in", "November", "1999", ".", "@@NULL@@"], "label_logits": [0.8896154165267944, 1.8106852769851685, -3.762524366378784], "label_probs": [0.2839684784412384, 0.7133221626281738, 0.002709389664232731], "h2p_attention": [[0.04016529768705368, 0.05855241417884827, 0.026880798861384392, 0.0385328009724617, 0.052508894354104996, 0.04061262682080269, 0.03484116122126579, 0.043724775314331055, 0.04078688099980354, 0.04876785725355148, 0.05466946214437485, 0.04061262682080269, 0.04662242531776428, 0.0390130877494812, 0.04061262682080269, 0.03911245986819267, 0.035216256976127625, 0.054352711886167526, 0.035821158438920975, 0.04016529768705368, 0.03754589706659317, 0.05590326339006424, 0.030788792297244072, 0.024190396070480347], [0.026723546907305717, 0.009258202277123928, 0.020363986492156982, 0.5394810438156128, 0.011061983183026314, 0.016106458380818367, 0.018031243234872818, 0.026204422116279602, 0.019996047019958496, 0.059875115752220154, 0.018180690705776215, 0.016106458380818367, 0.00931459292769432, 0.019509103149175644, 0.016106458380818367, 0.026388492435216904, 0.025871817022562027, 0.026106825098395348, 0.01594850793480873, 0.026723546907305717, 0.02027895674109459, 0.011006595566868782, 0.014446081593632698, 0.006909799762070179], [0.0497313067317009, 0.056229423731565475, 0.012821454554796219, 0.030827051028609276, 0.18403010070323944, 0.018284348770976067, 0.00857927743345499, 0.0534324049949646, 0.05594833195209503, 0.10467085987329483, 0.02719333954155445, 0.018284348770976067, 0.014709903858602047, 0.04257449135184288, 0.018284348770976067, 0.03017314150929451, 0.01988152600824833, 0.11406239122152328, 0.050501417368650436, 0.0497313067317009, 0.015471268445253372, 0.008452889509499073, 0.011138807982206345, 0.00498634297400713], [0.19723725318908691, 0.031317826360464096, 0.010849054902791977, 0.019070079550147057, 0.06323152035474777, 0.021324383094906807, 0.014738740399479866, 0.01121344044804573, 0.08624576777219772, 0.08029180765151978, 0.01827418990433216, 0.021324383094906807, 0.027674203738570213, 0.024927228689193726, 0.021324383094906807, 0.022228311747312546, 0.02019062265753746, 0.04977970942854881, 0.008168278262019157, 0.19723725318908691, 0.027727175503969193, 0.008187133818864822, 0.012506447732448578, 0.004930873867124319], [0.0004559068474918604, 0.0015617685858160257, 0.0002008856099564582, 0.00023794386652298272, 0.0004739350115414709, 0.0004789393278770149, 0.0001981595269171521, 0.00024086762277875096, 0.00021359887614380568, 0.0008421911625191569, 0.00018547847867012024, 0.0004789393278770149, 0.0004972424358129501, 0.000626065768301487, 0.0004789393278770149, 0.00042636843863874674, 0.004874856676906347, 0.0010031874990090728, 0.00024557102005928755, 0.0004559068474918604, 0.9854569435119629, 0.0001258386328117922, 0.0001594242494320497, 8.10763958725147e-05], [0.04016529768705368, 0.05855241417884827, 0.026880798861384392, 0.0385328009724617, 0.052508894354104996, 0.04061262682080269, 0.03484116122126579, 0.043724775314331055, 0.04078688099980354, 0.04876785725355148, 0.05466946214437485, 0.04061262682080269, 0.04662242531776428, 0.0390130877494812, 0.04061262682080269, 0.03911245986819267, 0.035216256976127625, 0.054352711886167526, 0.035821158438920975, 0.04016529768705368, 0.03754589706659317, 0.05590326339006424, 0.030788792297244072, 0.024190396070480347], [0.044525396078825, 0.03892901912331581, 0.02341453544795513, 0.03670136258006096, 0.04069863259792328, 0.04101046547293663, 0.035926394164562225, 0.02686716988682747, 0.05472578853368759, 0.11710987985134125, 0.043598152697086334, 0.04101046547293663, 0.037227045744657516, 0.03493657335639, 0.04101046547293663, 0.06438744813203812, 0.03703857585787773, 0.040906455367803574, 0.027202406898140907, 0.044525396078825, 0.03451894223690033, 0.022343290969729424, 0.05383135750889778, 0.017554866150021553], [0.0416666641831398, 0.0416666641831398, 0.0416666641831398, 0.0416666641831398, 0.0416666641831398, 0.0416666641831398, 0.0416666641831398, 0.0416666641831398, 0.0416666641831398, 0.0416666641831398, 0.0416666641831398, 0.0416666641831398, 0.0416666641831398, 0.0416666641831398, 0.0416666641831398, 0.0416666641831398, 0.0416666641831398, 0.0416666641831398, 0.0416666641831398, 0.0416666641831398, 0.0416666641831398, 0.0416666641831398, 0.0416666641831398, 0.0416666641831398]],