{"premise_tokens": ["Jasmine", "Ying", "Thompson", "(", "born", "8", "November", "2000", ")", "is", "an", "English", "singer", "and", "YouTube", "celebrity", ".", "@@NULL@@"], "hypothesis_tokens": ["Jasmine", "Thompson", "is", "a", "YouTube", "celebrity", ".", "@@NULL@@"], "label_logits": [2.135843276977539, -1.4890670776367188, -2.119826555252075], "label_probs": [0.9607670307159424, 0.02560587041079998, 0.013627125881612301], "h2p_attention": [[0.857254147529602, 0.0035514256451278925, 0.0035514256451278925, 0.003732813987880945, 0.018216051161289215, 0.0057644615881145, 0.01350126788020134, 0.010661311447620392, 0.0038869150448590517, 0.008308300748467445, 0.007692426908761263, 0.019780291244387627, 0.011026672087609768, 0.003441201290115714, 0.0116759417578578, 0.011038382537662983, 0.003997829742729664, 0.002919028513133526], [0.043657757341861725, 0.08292607963085175, 0.08292607963085175, 0.03857514262199402, 0.05792614072561264, 0.048236049711704254, 0.055695030838251114, 0.06240452826023102, 0.04003647342324257, 0.06458346545696259, 0.05428950488567352, 0.05738401785492897, 0.07254608720541, 0.045513756573200226, 0.059961672872304916, 0.05178282409906387, 0.04567164555191994, 0.03588367998600006], [0.012869367375969887, 0.00813781376928091, 0.00813781376928091, 0.006820267532020807, 0.06376693397760391, 0.020452536642551422, 0.024163857102394104, 0.045439667999744415, 0.0063986461609601974, 0.5576117634773254, 0.08492715656757355, 0.04981799051165581, 0.021943623200058937, 0.014211046509444714, 0.028855085372924805, 0.023640507832169533, 0.01828444004058838, 0.004521507769823074], [0.025826985016465187, 0.02059534378349781, 0.02059534378349781, 0.016065197065472603, 0.0769442692399025, 0.03430687263607979, 0.05039093643426895, 0.05653923377394676, 0.017736652866005898, 0.08350570499897003, 0.08179789781570435, 0.0551108717918396, 0.0960933268070221, 0.04453575238585472, 0.13071483373641968, 0.14446042478084564, 0.029728781431913376, 0.015051545575261116], [1.9955596144427545e-06, 8.336584187418339e-07, 8.336584187418339e-07, 7.611923820149968e-07, 2.1187086076679407e-06, 9.803935654417728e-07, 1.543255393698928e-06, 6.0041666074539535e-06, 1.0583408993625198e-06, 3.183835815434577e-06, 4.223024916427676e-06, 3.542948434187565e-06, 1.27108696688083e-05, 1.0272819963574875e-06, 0.999848484992981, 0.00010896010644501075, 1.2431083860064973e-06, 4.98897520628816e-07], [0.0004285114991944283, 0.00016352490638382733, 0.00016352490638382733, 0.000160393858095631, 0.0015483202878385782, 0.00022452641860581934, 0.0006224099779501557, 0.0011523566208779812, 0.00020664665498770773, 0.000592473370488733, 0.0008442805265076458, 0.0012887419434264302, 0.002209037309512496, 0.00026057768263854086, 0.024748647585511208, 0.965060293674469, 0.00021240144269540906, 0.00011331707355566323], [0.03691999241709709, 0.03431035950779915, 0.03431035950779915, 0.03654785826802254, 0.05609838292002678, 0.05050472170114517, 0.05300728976726532, 0.10205027461051941, 0.036388274282217026, 0.1090119481086731, 0.07454510778188705, 0.04540644958615303, 0.05127592384815216, 0.05230407044291496, 0.0671696662902832, 0.05052866414189339, 0.08266343921422958, 0.026957252994179726], [0.055555541068315506, 0.055555541068315506, 0.055555541068315506, 0.055555541068315506, 0.055555541068315506, 0.055555541068315506, 0.055555541068315506, 0.055555541068315506, 0.055555541068315506, 0.055555541068315506, 0.055555541068315506, 0.055555541068315506, 0.055555541068315506, 0.055555541068315506, 0.055555541068315506, 0.055555541068315506, 0.055555541068315506, 0.055555541068315506]], "p2h_attention": [[0.9485483169555664, 0.0039296383038163185, 0.009193101897835732, 0.0055421800352633, 0.012919382192194462, 0.012213925831019878, 0.004423582460731268, 0.0032298932783305645], [0.10069425404071808, 0.19126451015472412, 0.1489582657814026, 0.11324738711118698, 0.13829834759235382, 0.11943428218364716, 0.1053391695022583, 0.08276376128196716], [0.10069425404071808, 0.19126451015472412, 0.1489582657814026, 0.11324738711118698, 0.13829834759235382, 0.11943428218364716, 0.1053391695022583, 0.08276376128196716], [0.1250462681055069, 0.1051195040345192, 0.14749963581562042, 0.10437048226594925, 0.14919547736644745, 0.13840928673744202, 0.13257421553134918, 0.0977851152420044], [0.1298438310623169, 0.03358791023492813, 0.2934388518333435, 0.10636544972658157, 0.08836191892623901, 0.28429603576660156, 0.043299220502376556, 0.020806804299354553], [0.11656347662210464, 0.07934451848268509, 0.2669968008995056, 0.13453716039657593, 0.11599286645650864, 0.1169537752866745, 0.11058559268712997, 0.059025838971138], [0.1750549077987671, 0.0587431974709034, 0.20226512849330902, 0.12670958042144775, 0.11707509309053421, 0.20788313448429108, 0.07442143559455872, 0.03784757852554321], [0.07907693088054657, 0.037652745842933655, 0.2175852209329605, 0.08132917433977127, 0.260566771030426, 0.22017556428909302, 0.08196266740560532, 0.021650977432727814], [0.11746783554553986, 0.09842628985643387, 0.12484092265367508, 0.10395439714193344, 0.18713992834091187, 0.16087380051612854, 0.11907979846000671, 0.08821699768304825], [0.01895325258374214, 0.011984897777438164, 0.8212180733680725, 0.036944083869457245, 0.04249608516693115, 0.03481635823845863, 0.026928262785077095, 0.006659013219177723], [0.0548485703766346, 0.03148902952671051, 0.39093413949012756, 0.11311009526252747, 0.17617838084697723, 0.155071422457695, 0.05755510553717613, 0.020813269540667534], [0.15326270461082458, 0.03616896644234657, 0.24919827282428741, 0.08281295746564865, 0.16061855852603912, 0.2572247385978699, 0.03809640556573868, 0.022617369890213013], [0.05819528177380562, 0.031145745888352394, 0.07476644963026047, 0.09835441410541534, 0.3925052881240845, 0.30032360553741455, 0.029303504154086113, 0.015405709855258465], [0.07438688725233078, 0.08003322035074234, 0.1983204036951065, 0.1867034137248993, 0.12992805242538452, 0.1450996994972229, 0.12242904305458069, 0.06309930235147476], [1.995620323214098e-06, 8.336837709066458e-07, 3.183932903993991e-06, 4.332795924710808e-06, 0.9998789429664612, 0.00010896342428168282, 1.2431462437234586e-06, 4.989126978216518e-07], [0.00043179019121453166, 0.00016477609460707754, 0.0005970065831206739, 0.001095906482078135, 0.024938009679317474, 0.9724442958831787, 0.00021402660058811307, 0.00011418409849284217], [0.08012057840824127, 0.07445736974477768, 0.23656825721263885, 0.11554577201604843, 0.1457657665014267, 0.10965291410684586, 0.17938902974128723, 0.058500293642282486], [0.125, 0.125, 0.125, 0.125, 0.125, 0.125, 0.125, 0.125]], "claim": "Jasmine Thompson is a YouTube celebrity.", "premise_source_doc_id": "Jasmine_Thompson", "premise_source_doc_line_num": 0, "premise_source_doc_sentence": "Jasmine Ying Thompson  (  born 8 November 2000  )  is an English singer and YouTube celebrity ."}
