{"premise_tokens": ["Herbert", "Chapman", "(", "19", "January", "1878", "--", "6", "January", "1934", ")", "was", "an", "English", "association", "football", "player", "and", "manager", ".", "@@NULL@@"], "hypothesis_tokens": ["Floodlighting", "was", "introduced", "into", "English", "competitive", "association", "football", "(", "soccer", ")", "by", "Herbert", "Chapman", ".", "@@NULL@@"], "label_logits": [0.8507199287414551, -0.3891744911670685, -1.0692882537841797], "label_probs": [0.6963688731193542, 0.20153945684432983, 0.10209168493747711], "h2p_attention": [[0.06679687649011612, 0.06679687649011612, 0.031072236597537994, 0.03584420680999756, 0.051155053079128265, 0.06679687649011612, 0.03705017641186714, 0.035284485667943954, 0.051155053079128265, 0.06679687649011612, 0.032249338924884796, 0.04148990660905838, 0.04373013973236084, 0.04622276872396469, 0.05361448973417282, 0.08138582110404968, 0.03871602565050125, 0.036661285907030106, 0.05148887261748314, 0.0367884635925293, 0.0289042666554451], [0.025787483900785446, 0.025787483900785446, 0.02102764882147312, 0.03976372629404068, 0.07999967783689499, 0.025787483900785446, 0.02191930077970028, 0.03138556331396103, 0.07999967783689499, 0.025787483900785446, 0.02145901881158352, 0.16296477615833282, 0.05533117428421974, 0.046683669090270996, 0.04266165569424629, 0.07402008771896362, 0.07789263129234314, 0.03859063982963562, 0.043986979871988297, 0.04119885340332985, 0.017965052276849747], [0.01915642060339451, 0.01915642060339451, 0.015241626650094986, 0.019519483670592308, 0.05061664059758186, 0.01915642060339451, 0.023498056456446648, 0.02085348591208458, 0.05061664059758186, 0.01915642060339451, 0.01581551693379879, 0.029417889192700386, 0.028175976127386093, 0.2389620989561081, 0.1001720204949379, 0.18730221688747406, 0.05140422284603119, 0.015579811297357082, 0.047515951097011566, 0.017657551914453506, 0.011025031097233295], [0.019760502502322197, 0.019760502502322197, 0.014154350385069847, 0.052315544337034225, 0.06429358571767807, 0.019760502502322197, 0.02222030609846115, 0.025621574372053146, 0.06429358571767807, 0.019760502502322197, 0.014405821450054646, 0.030702317133545876, 0.09944918751716614, 0.08167766779661179, 0.05317183583974838, 0.22111208736896515, 0.062005240470170975, 0.021464059129357338, 0.04838607460260391, 0.034754782915115356, 0.010930059477686882], [0.00012115010031266138, 0.00012115010031266138, 0.00013399648014456034, 0.00018054565589409322, 0.000670025940053165, 0.00012115010031266138, 0.0001646339223952964, 0.0002677761949598789, 0.000670025940053165, 0.00012115010031266138, 0.00011911644833162427, 0.00019686404266394675, 0.00038056785706430674, 0.9755251407623291, 0.0012117511359974742, 0.01484163198620081, 0.004411627538502216, 0.0001624120050109923, 0.0003757805679924786, 0.0001276062394026667, 7.575820927741006e-05], [0.037498485296964645, 0.037498485296964645, 0.02020496502518654, 0.031692806631326675, 0.040989480912685394, 0.037498485296964645, 0.022191500291228294, 0.02831367775797844, 0.040989480912685394, 0.037498485296964645, 0.021666748449206352, 0.04487191513180733, 0.07598993927240372, 0.05178335681557655, 0.051666297018527985, 0.18316839635372162, 0.09281369298696518, 0.02358112670481205, 0.06652721017599106, 0.0351196713745594, 0.018435683101415634], [0.00613509863615036, 0.00613509863615036, 0.005498396698385477, 0.00809329655021429, 0.017904823645949364, 0.00613509863615036, 0.006723327096551657, 0.005195516161620617, 0.017904823645949364, 0.00613509863615036, 0.005814258940517902, 0.007854356430470943, 0.008264811709523201, 0.05290358513593674, 0.7338481545448303, 0.06413460522890091, 0.014092836529016495, 0.007616275455802679, 0.010195869021117687, 0.0061071948148310184, 0.0033075108658522367], [5.276638694340363e-05, 5.276638694340363e-05, 3.0268405680544674e-05, 7.326697959797457e-05, 8.110124326776713e-05, 5.276638694340363e-05, 3.370131162228063e-05, 4.563332913676277e-05, 8.110124326776713e-05, 5.276638694340363e-05, 3.3984393667196855e-05, 7.721321890130639e-05, 0.00011975485540460795, 0.0036713234148919582, 0.0003633807646110654, 0.9943292737007141, 0.0005293076974339783, 3.3054009691113606e-05, 0.00021611718693748116, 5.1718903705477715e-05, 1.874004738056101e-05], [0.033645689487457275, 0.033645689487457275, 0.10763266682624817, 0.04425868019461632, 0.05395602062344551, 0.033645689487457275, 0.0360858291387558, 0.048330266028642654, 0.05395602062344551, 0.033645689487457275, 0.09461840242147446, 0.03663372993469238, 0.03838903456926346, 0.05535824969410896, 0.05202999711036682, 0.05055190622806549, 0.043556034564971924, 0.03527873009443283, 0.041050419211387634, 0.04243314266204834, 0.03129816800355911], [0.00036798487417399883, 0.00036798487417399883, 0.0003214257303625345, 0.0005403675604611635, 0.0007501277141273022, 0.00036798487417399883, 0.0003567793464753777, 0.00035001744981855154, 0.0007501277141273022, 0.00036798487417399883, 0.000347908673575148, 0.0007163542322814465, 0.0009615805465728045, 0.012911111116409302, 0.0049683768302202225, 0.9691376686096191, 0.0037476529832929373, 0.0004124416154809296, 0.001655275234952569, 0.00042894258513115346, 0.00017190902144648135], [0.0344778411090374, 0.0344778411090374, 0.09341958910226822, 0.046933695673942566, 0.05349872261285782, 0.0344778411090374, 0.04188637435436249, 0.04395012930035591, 0.05349872261285782, 0.0344778411090374, 0.1015917956829071, 0.03691157326102257, 0.04259416088461876, 0.048587340861558914, 0.05432180315256119, 0.056038983166217804, 0.042444344609975815, 0.03458891436457634, 0.03920836001634598, 0.04171257093548775, 0.03090161643922329], [0.016550596803426743, 0.016550596803426743, 0.013980920426547527, 0.02073008567094803, 0.014021328650414944, 0.016550596803426743, 0.020592154935002327, 0.031919874250888824, 0.014021328650414944, 0.016550596803426743, 0.015269500203430653, 0.044709086418151855, 0.12106458842754364, 0.16138380765914917, 0.01912875659763813, 0.06201528012752533, 0.2840396463871002, 0.023302549496293068, 0.04891941696405411, 0.026517225429415703, 0.012182104401290417], [0.06679687649011612, 0.06679687649011612, 0.031072236597537994, 0.03584420680999756, 0.051155053079128265, 0.06679687649011612, 0.03705017641186714, 0.035284485667943954, 0.051155053079128265, 0.06679687649011612, 0.032249338924884796, 0.04148990660905838, 0.04373013973236084, 0.04622276872396469, 0.05361448973417282, 0.08138582110404968, 0.03871602565050125, 0.036661285907030106, 0.05148887261748314, 0.0367884635925293, 0.0289042666554451], [0.06679687649011612, 0.06679687649011612, 0.031072236597537994, 0.03584420680999756, 0.051155053079128265, 0.06679687649011612, 0.03705017641186714, 0.035284485667943954, 0.051155053079128265, 0.06679687649011612, 0.032249338924884796, 0.04148990660905838, 0.04373013973236084, 0.04622276872396469, 0.05361448973417282, 0.08138582110404968, 0.03871602565050125, 0.036661285907030106, 0.05148887261748314, 0.0367884635925293, 0.0289042666554451], [0.0332043394446373, 0.0332043394446373, 0.035369712859392166, 0.057274069637060165, 0.05636224523186684, 0.0332043394446373, 0.02735133282840252, 0.04579092934727669, 0.05636224523186684, 0.0332043394446373, 0.03521526977419853, 0.059827644377946854, 0.07214206457138062, 0.04394273832440376, 0.048170994967222214, 0.07199860364198685, 0.05065266788005829, 0.050617996603250504, 0.05001719668507576, 0.07999872416257858, 0.02608826383948326], [0.0476190485060215, 0.0476190485060215, 0.0476190485060215, 0.0476190485060215, 0.0476190485060215, 0.0476190485060215, 0.0476190485060215, 0.0476190485060215, 0.0476190485060215, 0.0476190485060215, 0.0476190485060215, 0.0476190485060215, 0.0476190485060215, 0.0476190485060215, 0.0476190485060215, 0.0476190485060215, 0.0476190485060215, 0.0476190485060215, 0.0476190485060215, 0.0476190485060215, 0.0476190485060215]],