{"premise_tokens": ["Charles", "Plympton", "Smith", "(", "born", "June", "1", ",", "1954", ",", "Burlington", ",", "Vermont", ")", "is", "a", "banker", "and", "Republican", "politician", "from", "the", "U.S.", "state", "of", "Vermont", "who", "served", "in", "the", "Vermont", "House", "of", "Representatives", ".", "@@NULL@@"], "hypothesis_tokens": ["Burlington", ",", "Vermont", "is", "a", "Southwestern", "state", ".", "@@NULL@@"], "label_logits": [1.334206461906433, -1.469024896621704, -1.3804402351379395], "label_probs": [0.8874356746673584, 0.053790926933288574, 0.05877339094877243], "h2p_attention": [[0.022532561793923378, 0.041696202009916306, 0.025739816948771477, 0.01939603127539158, 0.029125941917300224, 0.027197785675525665, 0.03879993408918381, 0.020049406215548515, 0.041696202009916306, 0.020049406215548515, 0.041696202009916306, 0.020049406215548515, 0.028092259541153908, 0.020130807533860207, 0.03247332200407982, 0.024688249453902245, 0.027499830350279808, 0.022884849458932877, 0.028821522369980812, 0.029316049069166183, 0.0405397042632103, 0.025986751541495323, 0.032608695328235626, 0.029926860705018044, 0.021888239309191704, 0.028092259541153908, 0.022890718653798103, 0.025947341695427895, 0.029957829043269157, 0.025986751541495323, 0.028092259541153908, 0.03533545881509781, 0.021888239309191704, 0.027916140854358673, 0.0229642353951931, 0.018042733892798424], [0.022031961008906364, 0.013163195922970772, 0.025448856875300407, 0.01344743836671114, 0.02826782688498497, 0.030540551990270615, 0.021474028006196022, 0.09258274734020233, 0.013163195922970772, 0.09258274734020233, 0.013163195922970772, 0.09258274734020233, 0.020876800641417503, 0.013333906419575214, 0.03326132893562317, 0.03240928798913956, 0.01678214967250824, 0.04139595851302147, 0.013272436335682869, 0.013752522878348827, 0.043248649686574936, 0.02481510490179062, 0.021510561928153038, 0.023237446323037148, 0.02435249835252762, 0.020876800641417503, 0.02673225849866867, 0.015238999389111996, 0.026063350960612297, 0.02481510490179062, 0.020876800641417503, 0.015886401757597923, 0.02435249835252762, 0.01681501418352127, 0.01579974591732025, 0.011845739558339119], [0.0013847320806235075, 0.0005892495391890407, 0.0014913822524249554, 0.00041043609962798655, 0.005132494494318962, 0.001168900285847485, 0.0009687913698144257, 0.0006669858703389764, 0.0005892495391890407, 0.0006669858703389764, 0.0005892495391890407, 0.0006669858703389764, 0.3155113458633423, 0.00046659662621095777, 0.0010598069056868553, 0.0007915906026028097, 0.00205992185510695, 0.0006185186794027686, 0.00262486282736063, 0.00327500281855464, 0.005440157372504473, 0.0004969636211171746, 0.0019784823525696993, 0.006529682781547308, 0.000721121032256633, 0.3155113458633423, 0.0008071483462117612, 0.00247215386480093, 0.0023871585726737976, 0.0004969636211171746, 0.3155113458633423, 0.0034762010909616947, 0.000721121032256633, 0.0018108832882717252, 0.0005276662413962185, 0.0003784556465689093], [0.014049204997718334, 0.0061952597461640835, 0.02474169246852398, 0.005192221608012915, 0.04854531213641167, 0.02248358353972435, 0.013629624620079994, 0.009665234945714474, 0.0061952597461640835, 0.009665234945714474, 0.0061952597461640835, 0.009665234945714474, 0.009639333002269268, 0.004871244076639414, 0.42450588941574097, 0.01909721828997135, 0.005848777014762163, 0.010818768292665482, 0.016445420682430267, 0.031089739874005318, 0.05265883356332779, 0.019921327009797096, 0.00790819525718689, 0.01775571145117283, 0.012031628750264645, 0.009639333002269268, 0.03865816816687584, 0.007208455353975296, 0.03552636131644249, 0.019921327009797096, 0.009639333002269268, 0.022495750337839127, 0.012031628750264645, 0.018702605739235878, 0.013919814489781857, 0.0034421919845044613], [0.021581683307886124, 0.012014170177280903, 0.0212389025837183, 0.009371536783874035, 0.04488497972488403, 0.03499145060777664, 0.023775504902005196, 0.024022219702601433, 0.012014170177280903, 0.024022219702601433, 0.012014170177280903, 0.024022219702601433, 0.018365029245615005, 0.010346570052206516, 0.04871254786849022, 0.11967345327138901, 0.016925517469644547, 0.02597966231405735, 0.020311741158366203, 0.0332854725420475, 0.05423231050372124, 0.026934515684843063, 0.042376305907964706, 0.03426872566342354, 0.023724619299173355, 0.018365029245615005, 0.02946007438004017, 0.022735057398676872, 0.04216345399618149, 0.026934515684843063, 0.018365029245615005, 0.036221232265233994, 0.023724619299173355, 0.016819043084979057, 0.017342107370495796, 0.008780228905379772], [0.022532561793923378, 0.041696202009916306, 0.025739816948771477, 0.01939603127539158, 0.029125941917300224, 0.027197785675525665, 0.03879993408918381, 0.020049406215548515, 0.041696202009916306, 0.020049406215548515, 0.041696202009916306, 0.020049406215548515, 0.028092259541153908, 0.020130807533860207, 0.03247332200407982, 0.024688249453902245, 0.027499830350279808, 0.022884849458932877, 0.028821522369980812, 0.029316049069166183, 0.0405397042632103, 0.025986751541495323, 0.032608695328235626, 0.029926860705018044, 0.021888239309191704, 0.028092259541153908, 0.022890718653798103, 0.025947341695427895, 0.029957829043269157, 0.025986751541495323, 0.028092259541153908, 0.03533545881509781, 0.021888239309191704, 0.027916140854358673, 0.0229642353951931, 0.018042733892798424], [0.002307852730154991, 0.002132794354110956, 0.004378516227006912, 0.0014894756022840738, 0.007931066676974297, 0.002562853042036295, 0.003473916556686163, 0.002522413618862629, 0.002132794354110956, 0.002522413618862629, 0.002132794354110956, 0.002522413618862629, 0.022185400128364563, 0.0017796233296394348, 0.006632745265960693, 0.005018597934395075, 0.005469104275107384, 0.0020503802224993706, 0.012905380688607693, 0.010266155935823917, 0.007491068448871374, 0.0027040457352995872, 0.008100120350718498, 0.7979077696800232, 0.0026411975268274546, 0.022185400128364563, 0.004348691087216139, 0.004599225707352161, 0.00629764748737216, 0.0027040457352995872, 0.022185400128364563, 0.004112025257200003, 0.0026411975268274546, 0.005803717765957117, 0.0025759884156286716, 0.0012858494883403182], [0.02504393272101879, 0.01974959298968315, 0.02923434227705002, 0.02103753387928009, 0.03229113295674324, 0.03529167175292969, 0.029923496767878532, 0.020696481689810753, 0.01974959298968315, 0.020696481689810753, 0.01974959298968315, 0.020696481689810753, 0.021634798496961594, 0.02094567008316517, 0.06274903565645218, 0.03064817376434803, 0.019824611023068428, 0.030107062309980392, 0.023577339947223663, 0.03822736069560051, 0.036157868802547455, 0.03175591304898262, 0.018728280439972878, 0.031085819005966187, 0.02386367693543434, 0.021634798496961594, 0.030991580337285995, 0.019780175760388374, 0.039356715977191925, 0.03175591304898262, 0.021634798496961594, 0.03704846277832985, 0.02386367693543434, 0.027368556708097458, 0.04758240282535553, 0.01551702618598938], [0.027777768671512604, 0.027777768671512604, 0.027777768671512604, 0.027777768671512604, 0.027777768671512604, 0.027777768671512604, 0.027777768671512604, 0.027777768671512604, 0.027777768671512604, 0.027777768671512604, 0.027777768671512604, 0.027777768671512604, 0.027777768671512604, 0.027777768671512604, 0.027777768671512604, 0.027777768671512604, 0.027777768671512604, 0.027777768671512604, 0.027777768671512604, 0.027777768671512604, 0.027777768671512604, 0.027777768671512604, 0.027777768671512604, 0.027777768671512604, 0.027777768671512604, 0.027777768671512604, 0.027777768671512604, 0.027777768671512604, 0.027777768671512604, 0.027777768671512604, 0.027777768671512604, 0.027777768671512604, 0.027777768671512604, 0.027777768671512604, 0.027777768671512604, 0.027777768671512604]],