{"premise_tokens": ["Dame", "Julia", "Elizabeth", "``", "Julie", "''", "Andrews", ",", "DBE", "(", "née", "Wells", ";", "born", "1", "October", "1935", ")", "is", "an", "English", "actress", ",", "singer", ",", "author", ",", "theatre", "director", "and", "dancer", ".", "@@NULL@@"], "hypothesis_tokens": ["Julie", "Andrews", "was", "an", "actress", ".", "@@NULL@@"], "label_logits": [1.3974446058273315, -2.236999034881592, -0.9835705757141113], "label_probs": [0.8937706351280212, 0.023594306781888008, 0.08263504505157471], "h2p_attention": [[0.02650606632232666, 0.04197944700717926, 0.0268295556306839, 0.04197944700717926, 0.04197944700717926, 0.04197944700717926, 0.04197944700717926, 0.020185602828860283, 0.04197944700717926, 0.019527791067957878, 0.04197944700717926, 0.029766159132122993, 0.020879950374364853, 0.029323795810341835, 0.03906349837779999, 0.028332842513918877, 0.04197944700717926, 0.020267557352781296, 0.03269391506910324, 0.027482831850647926, 0.029049357399344444, 0.02645258978009224, 0.020185602828860283, 0.03672480955719948, 0.020185602828860283, 0.02725129947066307, 0.020185602828860283, 0.029457375407218933, 0.025724440813064575, 0.02304030768573284, 0.043762434273958206, 0.023120230063796043, 0.01816529966890812], [0.02650606632232666, 0.04197944700717926, 0.0268295556306839, 0.04197944700717926, 0.04197944700717926, 0.04197944700717926, 0.04197944700717926, 0.020185602828860283, 0.04197944700717926, 0.019527791067957878, 0.04197944700717926, 0.029766159132122993, 0.020879950374364853, 0.029323795810341835, 0.03906349837779999, 0.028332842513918877, 0.04197944700717926, 0.020267557352781296, 0.03269391506910324, 0.027482831850647926, 0.029049357399344444, 0.02645258978009224, 0.020185602828860283, 0.03672480955719948, 0.020185602828860283, 0.02725129947066307, 0.020185602828860283, 0.029457375407218933, 0.025724440813064575, 0.02304030768573284, 0.043762434273958206, 0.023120230063796043, 0.01816529966890812], [0.023516826331615448, 0.019697826355695724, 0.05241186171770096, 0.019697826355695724, 0.019697826355695724, 0.019697826355695724, 0.019697826355695724, 0.023109188303351402, 0.019697826355695724, 0.016062015667557716, 0.019697826355695724, 0.030357996001839638, 0.020905504003167152, 0.041174761950969696, 0.040462322533130646, 0.05608420446515083, 0.019697826355695724, 0.016391515731811523, 0.07339922338724136, 0.04226483777165413, 0.03565942123532295, 0.044319383800029755, 0.023109188303351402, 0.03536481410264969, 0.023109188303351402, 0.025342335924506187, 0.023109188303351402, 0.02762177772819996, 0.042020052671432495, 0.029477544128894806, 0.05195178464055061, 0.031469833105802536, 0.013722644187510014], [0.019849736243486404, 0.008940021507441998, 0.02239145338535309, 0.008940021507441998, 0.008940021507441998, 0.008940021507441998, 0.008940021507441998, 0.01563076861202717, 0.008940021507441998, 0.007247828878462315, 0.008940021507441998, 0.0280978474766016, 0.015009380877017975, 0.05476059764623642, 0.014494866132736206, 0.01584206335246563, 0.008940021507441998, 0.008144949562847614, 0.11098974943161011, 0.18611639738082886, 0.029683977365493774, 0.029446516185998917, 0.01563076861202717, 0.018938861787319183, 0.01563076861202717, 0.028325848281383514, 0.01563076861202717, 0.08120021224021912, 0.04252202808856964, 0.01579609513282776, 0.11484884470701218, 0.01634041778743267, 0.005909076426178217], [0.0034116466995328665, 0.0007385757635347545, 0.011120719835162163, 0.0007385757635347545, 0.0007385757635347545, 0.0007385757635347545, 0.0007385757635347545, 0.0010589350713416934, 0.0007385757635347545, 0.0008324003429152071, 0.0007385757635347545, 0.0021557346917688847, 0.0008165953913703561, 0.0029278285801410675, 0.0008643562905490398, 0.0016878200694918633, 0.0007385757635347545, 0.0009941059397533536, 0.0029552485793828964, 0.0025274567306041718, 0.0034311064518988132, 0.9344619512557983, 0.0010589350713416934, 0.0017537669045850635, 0.0010589350713416934, 0.004802148789167404, 0.0010589350713416934, 0.0057355547323822975, 0.002289478899911046, 0.0008790679858066142, 0.00465664267539978, 0.001044886652380228, 0.0005071884370408952], [0.0346071682870388, 0.021657124161720276, 0.03726503998041153, 0.021657124161720276, 0.021657124161720276, 0.021657124161720276, 0.021657124161720276, 0.022695466876029968, 0.021657124161720276, 0.023069463670253754, 0.021657124161720276, 0.03291706368327141, 0.028150929138064384, 0.03540999814867973, 0.03281368315219879, 0.03619848191738129, 0.021657124161720276, 0.022968729957938194, 0.06880968809127808, 0.047053780406713486, 0.02866111509501934, 0.03505510091781616, 0.022695466876029968, 0.03236600384116173, 0.022695466876029968, 0.026218071579933167, 0.022695466876029968, 0.04680788516998291, 0.031287387013435364, 0.033014971762895584, 0.03409263491630554, 0.052178192883729935, 0.01701575331389904], [0.030303046107292175, 0.030303046107292175, 0.030303046107292175, 0.030303046107292175, 0.030303046107292175, 0.030303046107292175, 0.030303046107292175, 0.030303046107292175, 0.030303046107292175, 0.030303046107292175, 0.030303046107292175, 0.030303046107292175, 0.030303046107292175, 0.030303046107292175, 0.030303046107292175, 0.030303046107292175, 0.030303046107292175, 0.030303046107292175, 0.030303046107292175, 0.030303046107292175, 0.030303046107292175, 0.030303046107292175, 0.030303046107292175, 0.030303046107292175, 0.030303046107292175, 0.030303046107292175, 0.030303046107292175, 0.030303046107292175, 0.030303046107292175, 0.030303046107292175, 0.030303046107292175, 0.030303046107292175, 0.030303046107292175]],