{"premise_tokens": ["Rakul", "Preet", "Singh", "(", "born", "10", "October", "1990", ")", "is", "an", "Indian", "film", "actress", "and", "model", "who", "predominantly", "works", "in", "the", "Telugu", "film", "industry", ".", "@@NULL@@"], "hypothesis_tokens": ["Rakul", "Preet", "Singh", "mostly", "works", "in", "a", "Telugu", "industry", ".", "@@NULL@@"], "label_logits": [1.2268692255020142, 0.9364635348320007, -3.300391912460327], "label_probs": [0.5685790777206421, 0.42527446150779724, 0.006146477535367012], "h2p_attention": [[0.053348153829574585, 0.053348153829574585, 0.053348153829574585, 0.024816229939460754, 0.03726515173912048, 0.030705997720360756, 0.03600583225488663, 0.060167379677295685, 0.025756336748600006, 0.041547954082489014, 0.03492562472820282, 0.04112789407372475, 0.04407297074794769, 0.03361637890338898, 0.02927999384701252, 0.03406624123454094, 0.02928750216960907, 0.032694946974515915, 0.028971226885914803, 0.038329511880874634, 0.033248718827962875, 0.053348153829574585, 0.04407297074794769, 0.054182104766368866, 0.029381563887000084, 0.02308475412428379], [0.053348153829574585, 0.053348153829574585, 0.053348153829574585, 0.024816229939460754, 0.03726515173912048, 0.030705997720360756, 0.03600583225488663, 0.060167379677295685, 0.025756336748600006, 0.041547954082489014, 0.03492562472820282, 0.04112789407372475, 0.04407297074794769, 0.03361637890338898, 0.02927999384701252, 0.03406624123454094, 0.02928750216960907, 0.032694946974515915, 0.028971226885914803, 0.038329511880874634, 0.033248718827962875, 0.053348153829574585, 0.04407297074794769, 0.054182104766368866, 0.029381563887000084, 0.02308475412428379], [0.053348153829574585, 0.053348153829574585, 0.053348153829574585, 0.024816229939460754, 0.03726515173912048, 0.030705997720360756, 0.03600583225488663, 0.060167379677295685, 0.025756336748600006, 0.041547954082489014, 0.03492562472820282, 0.04112789407372475, 0.04407297074794769, 0.03361637890338898, 0.02927999384701252, 0.03406624123454094, 0.02928750216960907, 0.032694946974515915, 0.028971226885914803, 0.038329511880874634, 0.033248718827962875, 0.053348153829574585, 0.04407297074794769, 0.054182104766368866, 0.029381563887000084, 0.02308475412428379], [0.008071980439126492, 0.008071980439126492, 0.008071980439126492, 0.007249539718031883, 0.045124705880880356, 0.018535904586315155, 0.023924142122268677, 0.02738473191857338, 0.006715584546327591, 0.041063204407691956, 0.038272369652986526, 0.02505316399037838, 0.01852576620876789, 0.03322998061776161, 0.01503533311188221, 0.02801864594221115, 0.04020266234874725, 0.08774639666080475, 0.41332265734672546, 0.04025671258568764, 0.014344249852001667, 0.008071980439126492, 0.01852576620876789, 0.009710223414003849, 0.010524208657443523, 0.004946024622768164], [0.000248492113314569, 0.000248492113314569, 0.000248492113314569, 0.0002590321528259665, 0.0015350610483437777, 0.0006956112338230014, 0.0003748846356756985, 0.00032032051240094006, 0.00024089250655379146, 0.004009847529232502, 0.0021462123841047287, 0.0008346785325556993, 0.00042807022691704333, 0.001089678262360394, 0.0006629853742197156, 0.0010003126226365566, 0.00644080201163888, 0.0007043554214760661, 0.9747996926307678, 0.0009690638980828226, 0.0008561837603338063, 0.000248492113314569, 0.00042807022691704333, 0.000565202790312469, 0.00044705421896651387, 0.0001980025990633294], [0.009227000176906586, 0.009227000176906586, 0.009227000176906586, 0.008187970146536827, 0.15538226068019867, 0.025216981768608093, 0.03150765597820282, 0.046141985803842545, 0.008908501826226711, 0.05735458806157112, 0.07690857350826263, 0.01813611015677452, 0.04970376938581467, 0.03976777568459511, 0.01248916145414114, 0.021491756662726402, 0.01994285359978676, 0.03394588455557823, 0.027197808027267456, 0.2222888022661209, 0.01661074161529541, 0.009227000176906586, 0.04970376938581467, 0.02255287952721119, 0.014094927348196507, 0.0055571552366018295], [0.017650708556175232, 0.017650708556175232, 0.017650708556175232, 0.013768263161182404, 0.06594310700893402, 0.03708003833889961, 0.04743219166994095, 0.028286220505833626, 0.015200741589069366, 0.07156641036272049, 0.07010278105735779, 0.04543702304363251, 0.05999245494604111, 0.0500926747918129, 0.03816821798682213, 0.025867879390716553, 0.043281491845846176, 0.022768910974264145, 0.05835375562310219, 0.06194475665688515, 0.03957105055451393, 0.017650708556175232, 0.05999245494604111, 0.03616880998015404, 0.025478292256593704, 0.012899539433419704], [0.053348153829574585, 0.053348153829574585, 0.053348153829574585, 0.024816229939460754, 0.03726515173912048, 0.030705997720360756, 0.03600583225488663, 0.060167379677295685, 0.025756336748600006, 0.041547954082489014, 0.03492562472820282, 0.04112789407372475, 0.04407297074794769, 0.03361637890338898, 0.02927999384701252, 0.03406624123454094, 0.02928750216960907, 0.032694946974515915, 0.028971226885914803, 0.038329511880874634, 0.033248718827962875, 0.053348153829574585, 0.04407297074794769, 0.054182104766368866, 0.029381563887000084, 0.02308475412428379], [0.005337039940059185, 0.005337039940059185, 0.005337039940059185, 0.0029391380958259106, 0.00614192895591259, 0.006259135436266661, 0.00781263504177332, 0.00597512349486351, 0.003576683346182108, 0.008716247044503689, 0.008975952863693237, 0.01210987102240324, 0.04707418754696846, 0.008363405242562294, 0.004157206043601036, 0.007262243889272213, 0.008244577795267105, 0.007738248910754919, 0.00649087643250823, 0.009228250943124294, 0.006778329145163298, 0.005337039940059185, 0.04707418754696846, 0.7570850253105164, 0.004374700598418713, 0.002273892518132925], [0.024763744324445724, 0.024763744324445724, 0.024763744324445724, 0.026378678157925606, 0.040489405393600464, 0.043567538261413574, 0.04139099642634392, 0.03933406248688698, 0.026263494044542313, 0.0786801353096962, 0.05380344018340111, 0.023528318852186203, 0.04203782603144646, 0.04008360207080841, 0.03775082528591156, 0.041018009185791016, 0.038859911262989044, 0.03607270121574402, 0.04392946884036064, 0.049348827451467514, 0.03981830179691315, 0.024763744324445724, 0.04203782603144646, 0.037432167679071426, 0.05966292321681976, 0.019456587731838226], [0.03846152499318123, 0.03846152499318123, 0.03846152499318123, 0.03846152499318123, 0.03846152499318123, 0.03846152499318123, 0.03846152499318123, 0.03846152499318123, 0.03846152499318123, 0.03846152499318123, 0.03846152499318123, 0.03846152499318123, 0.03846152499318123, 0.03846152499318123, 0.03846152499318123, 0.03846152499318123, 0.03846152499318123, 0.03846152499318123, 0.03846152499318123, 0.03846152499318123, 0.03846152499318123, 0.03846152499318123, 0.03846152499318123, 0.03846152499318123, 0.03846152499318123, 0.03846152499318123]],