{"premise_tokens": ["In", "May", "of", "the", "same", "year", ",", "fellow", "Pink", "Floyd", "member", "Roger", "Waters", "released", "his", "first", "official", "solo", "album", "The", "Pros", "and", "Cons", "of", "Hitch", "Hiking", ".", "@@NULL@@"], "hypothesis_tokens": ["The", "Pros", "and", "Cons", "of", "Hitch", "Hiking", "was", "released", "in", "January", "of", "1984", ".", "@@NULL@@"], "label_logits": [-0.8188509345054626, 1.9065325260162354, -1.6447110176086426], "label_probs": [0.059879790991544724, 0.9139013290405273, 0.02621886134147644], "h2p_attention": [[0.04299679771065712, 0.04707825556397438, 0.03314703702926636, 0.07647200673818588, 0.06437051296234131, 0.03155389055609703, 0.030133774504065514, 0.022852905094623566, 0.02979404665529728, 0.026389658451080322, 0.02967514656484127, 0.023152465000748634, 0.038365889340639114, 0.021601593121886253, 0.05223194509744644, 0.05875867232680321, 0.028116432949900627, 0.02794758602976799, 0.020492279902100563, 0.07647200673818588, 0.03386765718460083, 0.038242850452661514, 0.02071806602180004, 0.03314703702926636, 0.027295395731925964, 0.02130293846130371, 0.029438497498631477, 0.014384659938514233], [0.005577409639954567, 0.0021580567117780447, 0.0016571092419326305, 0.0023114203941076994, 0.004285705741494894, 0.0027491499204188585, 0.0015998192830011249, 0.009427559562027454, 0.0031890664249658585, 0.0029890029691159725, 0.006729811895638704, 0.0017052155453711748, 0.0024455548264086246, 0.0015461990842595696, 0.0029976367950439453, 0.0037240039091557264, 0.002730314154177904, 0.008152985014021397, 0.00426335446536541, 0.0023114203941076994, 0.9099181294441223, 0.002012343378737569, 0.0016145448898896575, 0.0016571092419326305, 0.002022599568590522, 0.007419413421303034, 0.0018231990979984403, 0.000981732620857656], [0.030774423852562904, 0.031745653599500656, 0.03305164352059364, 0.03640490025281906, 0.06250786036252975, 0.04346146434545517, 0.0478525273501873, 0.024531008675694466, 0.022240033373236656, 0.03210039809346199, 0.03134915605187416, 0.03100229613482952, 0.02197944186627865, 0.022906122729182243, 0.05399102345108986, 0.07363597303628922, 0.023999951779842377, 0.042209818959236145, 0.021859468892216682, 0.03640490025281906, 0.028068428859114647, 0.11287467926740646, 0.017368203029036522, 0.03305164352059364, 0.025438016280531883, 0.0189290139824152, 0.026568619534373283, 0.013693333603441715], [0.038441069424152374, 0.030117912217974663, 0.028086388483643532, 0.03334549069404602, 0.03598660230636597, 0.02985984832048416, 0.02572684921324253, 0.033966679126024246, 0.035678431391716, 0.03265908360481262, 0.040892213582992554, 0.03227538987994194, 0.0726236030459404, 0.036764875054359436, 0.03743342310190201, 0.03248903155326843, 0.04089852795004845, 0.034301143139600754, 0.037332627922296524, 0.03334549069404602, 0.03807540237903595, 0.029365213587880135, 0.05350342392921448, 0.028086388483643532, 0.03506069257855415, 0.04106523469090462, 0.029467077925801277, 0.02315194346010685], [0.031018029898405075, 0.034649502485990524, 0.12564866244792938, 0.029174555093050003, 0.061421528458595276, 0.04865400493144989, 0.02602798119187355, 0.018965482711791992, 0.025229867547750473, 0.020722921937704086, 0.036633897572755814, 0.028659068048000336, 0.025332795456051826, 0.014846567064523697, 0.048448193818330765, 0.060024432837963104, 0.020979726687073708, 0.02643531933426857, 0.01730421371757984, 0.029174555093050003, 0.021370621398091316, 0.030559271574020386, 0.015359164215624332, 0.12564866244792938, 0.0279088132083416, 0.01767038181424141, 0.01947098597884178, 0.012660741806030273], [0.0006062439060769975, 0.004257752560079098, 0.0003143202920909971, 0.00027057004626840353, 0.00141556141898036, 0.00036507213371805847, 0.0006240899674594402, 0.00045598018914461136, 0.0002647044020704925, 0.0004972918541170657, 0.0006357202655635774, 0.00036395975621417165, 0.0002727855753619224, 0.00019950490968767554, 0.0013307667104527354, 0.0034636270720511675, 0.0005620081210508943, 0.0011097636306658387, 0.0002293529687449336, 0.00027057004626840353, 0.00029376937891356647, 0.0002648892696015537, 0.00021593502606265247, 0.0003143202920909971, 0.9785606265068054, 0.0024576608557254076, 0.00024057520204223692, 0.0001425903319614008], [0.004027559421956539, 0.002937156707048416, 0.0014628374483436346, 0.001552205067127943, 0.005169774871319532, 0.0045409477315843105, 0.0023512898478657007, 0.009858693927526474, 0.0023461435921490192, 0.002744239754974842, 0.010357413440942764, 0.0027358948718756437, 0.0017051053000614047, 0.0029641252476722, 0.0068021356128156185, 0.003961550071835518, 0.0024640588089823723, 0.046436063945293427, 0.00410902313888073, 0.001552205067127943, 0.007921101525425911, 0.0014488652814179659, 0.0018590710824355483, 0.0014628374483436346, 0.018065134063363075, 0.8465778231620789, 0.0015386106679216027, 0.0010481156641617417], [0.03591771051287651, 0.06113721802830696, 0.022034306079149246, 0.0355641134083271, 0.04280336573719978, 0.026674628257751465, 0.025528350844979286, 0.02567421644926071, 0.025641752406954765, 0.026602303609251976, 0.0622640885412693, 0.021780207753181458, 0.045101623982191086, 0.031904976814985275, 0.07258852571249008, 0.04598172381520271, 0.04495738074183464, 0.040710438042879105, 0.0314967967569828, 0.0355641134083271, 0.04053393006324768, 0.03256336972117424, 0.021759871393442154, 0.022034306079149246, 0.04735683649778366, 0.025900470092892647, 0.03476422652602196, 0.01515918504446745], [0.003530768444761634, 0.00424801604822278, 0.001714394660666585, 0.0021954833064228296, 0.002768328646197915, 0.0048944586887955666, 0.001969772158190608, 0.003353644395247102, 0.0020423531532287598, 0.004361162893474102, 0.00675576739013195, 0.0025613526813685894, 0.013864954933524132, 0.8390054702758789, 0.003906581550836563, 0.006413416936993599, 0.008040683344006538, 0.014341424219310284, 0.05291537567973137, 0.0021954833064228296, 0.002302587265148759, 0.002445605583488941, 0.0023216118570417166, 0.001714394660666585, 0.0020455364137887955, 0.004134578164666891, 0.0024948555510491133, 0.001461988314986229], [0.2861819267272949, 0.040455903857946396, 0.01752799190580845, 0.02138521522283554, 0.07594180852174759, 0.03507287800312042, 0.015741465613245964, 0.020045515149831772, 0.03690789267420769, 0.016836490482091904, 0.028686512261629105, 0.012632252648472786, 0.054700084030628204, 0.017278358340263367, 0.032252226024866104, 0.02954154461622238, 0.019518541172146797, 0.029312532395124435, 0.019252482801675797, 0.02138521522283554, 0.04064586013555527, 0.01607895828783512, 0.011879143305122852, 0.01752799190580845, 0.03041825443506241, 0.027492215856909752, 0.018146265298128128, 0.0071544647216796875], [0.010721721686422825, 0.7621231079101562, 0.0064346278086304665, 0.004192814696580172, 0.007418041117489338, 0.044287778437137604, 0.0042947870679199696, 0.003351707709953189, 0.004450557287782431, 0.0020589285995811224, 0.0045462013222277164, 0.0021040996070951223, 0.004440835677087307, 0.012051105499267578, 0.010355872102081776, 0.027554573491215706, 0.012107905000448227, 0.0048733982257544994, 0.004479436203837395, 0.004192814696580172, 0.005561377853155136, 0.003979027271270752, 0.0028500345069915056, 0.0064346278086304665, 0.03104683943092823, 0.008998178876936436, 0.0034790977369993925, 0.0016103624366223812], [0.031018029898405075, 0.034649502485990524, 0.12564866244792938, 0.029174555093050003, 0.061421528458595276, 0.04865400493144989, 0.02602798119187355, 0.018965482711791992, 0.025229867547750473, 0.020722921937704086, 0.036633897572755814, 0.028659068048000336, 0.025332795456051826, 0.014846567064523697, 0.048448193818330765, 0.060024432837963104, 0.020979726687073708, 0.02643531933426857, 0.01730421371757984, 0.029174555093050003, 0.021370621398091316, 0.030559271574020386, 0.015359164215624332, 0.12564866244792938, 0.0279088132083416, 0.01767038181424141, 0.01947098597884178, 0.012660741806030273], [0.11455994844436646, 0.06442633271217346, 