{"premise_tokens": ["The", "first", "sound", "film", "was", "released", "in", "1927", "and", "the", "silent", "film", "era", "ended", "in", "about", "1929", ".", "@@NULL@@"], "hypothesis_tokens": ["Silent", "film", "era", "ended", "in", "the", "1930s", ".", "@@NULL@@"], "label_logits": [2.1320960521698, -0.21842186152935028, -3.6574461460113525], "label_probs": [0.9104323983192444, 0.08678221702575684, 0.0027853609062731266], "h2p_attention": [[0.0029420622158795595, 0.0026242914609611034, 0.0030831736512482166, 0.006502007599920034, 0.0014092582277953625, 0.0009497151477262378, 0.006030628457665443, 0.0011258244048804045, 0.0023519096430391073, 0.0029420622158795595, 0.9269571900367737, 0.006502007599920034, 0.0012541955802589655, 0.02112860605120659, 0.006030628457665443, 0.005025073420256376, 0.0011258244048804045, 0.0014612888917326927, 0.0005542796570807695], [0.0006029354408383369, 0.0010275623062625527, 0.00149834668263793, 0.48881787061691284, 0.0004025717207696289, 0.0028888785745948553, 0.0022672105114907026, 0.0004839518223889172, 0.0003919804294127971, 0.0006029354408383369, 0.00297353882342577, 0.48881787061691284, 0.0005447546136565506, 0.004274765960872173, 0.0022672105114907026, 0.0008525488083250821, 0.0004839518223889172, 0.0005476824007928371, 0.00025348667986691], [0.02777588553726673, 0.09361781924962997, 0.0317559689283371, 0.02960270084440708, 0.017566975206136703, 0.03130596503615379, 0.03710285946726799, 0.021253038197755814, 0.025778913870453835, 0.02777588553726673, 0.031168928369879723, 0.02960270084440708, 0.43526798486709595, 0.038746315985918045, 0.03710285946726799, 0.030501944944262505, 0.021253038197755814, 0.019045384600758553, 0.013774811290204525], [0.00026258366415277123, 0.0004259772249497473, 0.0004616562800947577, 0.0009004686144180596, 0.0002658547891769558, 0.00038147190934978426, 0.00025561326765455306, 0.0001327397330896929, 0.00031258267699740827, 0.00026258366415277123, 0.00203541642986238, 0.0009004686144180596, 0.00015019522106740624, 0.9909563660621643, 0.00025561326765455306, 0.001602119067683816, 0.0001327397330896929, 0.00025217983056791127, 5.3396324801724404e-05], [0.020288163796067238, 0.028026076033711433, 0.020517708733677864, 0.06070759519934654, 0.01608196273446083, 0.01639198511838913, 0.27150091528892517, 0.011269748210906982, 0.01525411382317543, 0.020288163796067238, 0.0738481879234314, 0.06070759519934654, 0.01828218251466751, 0.03249214217066765, 0.27150091528892517, 0.027569977566599846, 0.011269748210906982, 0.017215369269251823, 0.006787443533539772], [0.09191194921731949, 0.07062223553657532, 0.04916758835315704, 0.04112299159169197, 0.04056067764759064, 0.02596302516758442, 0.05167798697948456, 0.02490110881626606, 0.04596420377492905, 0.09191194921731949, 0.09176816046237946, 0.04112299159169197, 0.03486192226409912, 0.08502086997032166, 0.05167798697948456, 0.08417205512523651, 0.02490110881626606, 0.0353822223842144, 0.017288967967033386], [0.044779084622859955, 0.043628960847854614, 0.05073735490441322, 0.05935709923505783, 0.04462786763906479, 0.04937092214822769, 0.05162186175584793, 0.07184883207082748, 0.0394340455532074, 0.044779084622859955, 0.0631491169333458, 0.05935709923505783, 0.0479690283536911, 0.07728856056928635, 0.05162186175584793, 0.0579192191362381, 0.07184883207082748, 0.03957084193825722, 0.031090350821614265], [0.04800793528556824, 0.05345137417316437, 0.05242703855037689, 0.050683971494436264, 0.053796444088220596, 0.04003116860985756, 0.05949866771697998, 0.029857024550437927, 0.045515235513448715, 0.04800793528556824, 0.06184493750333786, 0.050683971494436264, 0.03243403881788254, 0.11078882217407227, 0.05949866771697998, 0.0782233402132988, 0.029857024550437927, 0.07193408906459808, 0.023458318784832954], [0.05263159051537514, 0.05263159051537514, 0.05263159051537514, 0.05263159051537514, 0.05263159051537514, 0.05263159051537514, 0.05263159051537514, 0.05263159051537514, 0.05263159051537514, 0.05263159051537514, 0.05263159051537514, 0.05263159051537514, 0.05263159051537514, 0.05263159051537514, 0.05263159051537514, 0.05263159051537514, 0.05263159051537514, 0.05263159051537514, 0.05263159051537514]], "p2h_attention": [[0.19362977147102356, 0.08676905184984207, 0.0735582634806633, 0.17939308285713196, 0.10903996974229813, 0.1939331740140915, 0.052541058510541916, 0.07465610653162003, 0.03647952899336815], [0.12986424565315247, 0.11118844151496887, 0.18641436100006104, 0.21881723403930664, 0.11325637251138687, 0.11204149574041367, 0.038490697741508484, 0.062498338520526886, 0.027428781613707542], [0.16775581240653992, 0.17826487123966217, 0.06952615082263947, 0.2607448995113373, 0.09116563946008682, 0.08576662838459015, 0.04921650141477585, 0.06740109622478485, 0.03015841729938984], [0.005937978159636259, 0.9761399030685425, 0.0010878421599045396, 0.008536450564861298, 0.00452748266980052, 0.0012040258152410388, 0.0009664226672612131, 0.001093689352273941, 0.0005061976262368262], [0.1282218098640442, 0.08009186387062073, 0.06431490182876587, 0.2510923445224762, 0.11949040740728378, 0.11831406503915787, 0.0723903700709343, 0.11565300822257996, 0.05043131113052368], [0.05574267357587814, 0.3707640767097473, 0.07393750548362732, 0.23242062330245972, 0.07856854796409607, 0.04885506257414818, 0.05166173726320267, 0.055516842752695084, 0.0325329452753067], [0.14412446320056915, 0.11847887188196182, 0.03568008542060852, 0.06341269612312317, 0.529869794845581, 0.039595022797584534, 0.021994398906826973, 0.033598076552152634, 0.01324659027159214], [0.12975630164146423, 0.12196459621191025, 0.09856485575437546, 0.15880948305130005, 0.10607053339481354, 0.09201028943061829, 0.14763212203979492, 0.08130858838558197, 0.0638832151889801], [0.18750569224357605, 0.06833323836326599, 0.08269928395748138, 0.2586880028247833, 0.09931240230798721, 0.11748254299163818, 0.05604907125234604, 0.08573982864618301, 0.04418987035751343], [0.19362977147102356, 0.08676905184984207, 0.0735582634806633, 0.17939308285713196, 0.10903996974229813, 0.1939331740140915, 0.052541058510541916, 0.07465610653162003, 0.03647952899336815], [0.9576438665390015, 0.0067172544077038765, 0.0012957153376191854, 0.0218280628323555, 0.006230270955711603, 0.0030394583009183407, 0.001163094537332654, 0.0015096651623025537, 0.0005726289818994701], [0.005937978159636259, 0.9761399030685425, 0.0010878421599045396, 0.008536450564861298, 0.00452748266980052, 0.0012040258152410388, 0.0009664226672612131, 0.001093689352273941, 0.0005061976262368262], [0.047678012400865555, 0.045282211154699326, 0.6658141613006592, 0.059268880635499954, 0.0567549392580986, 0.042487796396017075, 0.032510023564100266, 0.029133055359125137, 0.021070845425128937], [0.0020456467755138874, 0.0009049945510923862, 0.00015095013077370822, 0.9959371089935303, 0.0002568980271462351, 0.0002639034646563232, 0.00013340690929908305, 0.0002534473314881325, 5.3664705774281174e-05], [0.14412446320056915, 0.11847887188196182, 0.03568008542060852, 0.06341269612312317, 0.529869794845581, 0.039595022797584534, 0.021994398906826973, 0.033598076552152634, 0.01324659027159214], [0.15166591107845306, 0.05626506730914116, 0.03704388067126274, 0.5019470453262329, 0.06795240193605423, 0.08144668489694595, 0.03116532787680626, 0.05578457936644554, 0.01672917790710926], [0.12975630164146423, 0.12196459621191025, 0.09856485575437546, 0.15880948305130005, 0.10607053339481354, 0.09201028943061829, 0.14763212203979492, 0.08130858838558197, 0.0638832151889801], [0.12659966945648193, 0.10375261306762695, 0.06639411300420761, 0.22679024934768677, 0.12179673463106155, 0.09827465564012527, 0.061118848621845245, 0.14725272357463837, 0.048020366579294205], [0.1111111119389534, 0.1111111119389534, 0.1111111119389534, 0.1111111119389534, 0.1111111119389534, 0.1111111119389534, 0.1111111119389534, 0.1111111119389534, 0.1111111119389534]], "claim": "Silent film era ended in the 1930s.", "premise_source_doc_id": "List_of_surviving_silent_film_actors",