{"premise_tokens": ["The", "World", "Economic", "Forum", "(", "WEF", ")", "is", "a", "Swiss", "nonprofit", "foundation", ",", "based", "in", "Cologny", ",", "Geneva", ".", "@@NULL@@"], "hypothesis_tokens": ["The", "World", "Economic", "Forum", "'s", "base", "is", "located", "in", "Cologny", ".", "@@NULL@@"], "label_logits": [1.3994386196136475, 0.3538985550403595, -2.9512288570404053], "label_probs": [0.7329228520393372, 0.2576237916946411, 0.009453386068344116], "h2p_attention": [[0.12313998490571976, 0.037676047533750534, 0.044123876839876175, 0.06342395395040512, 0.027838464826345444, 0.0333615243434906, 0.028117693960666656, 0.13405388593673706, 0.07105579972267151, 0.025714149698615074, 0.034610629081726074, 0.03396908938884735, 0.04852328076958656, 0.039342254400253296, 0.06923612207174301, 0.0333615243434906, 0.04852328076958656, 0.0333615243434906, 0.04740370064973831, 0.023163074627518654], [0.0027705742977559566, 0.9201037883758545, 0.007159849163144827, 0.008358773775398731, 0.0025632898323237896, 0.002074885182082653, 0.0025765157770365477, 0.0026863995008170605, 0.004790980368852615, 0.005143485032021999, 0.01284361258149147, 0.00516245374456048, 0.0021839230321347713, 0.004358259495347738, 0.006383183877915144, 0.002074885182082653, 0.0021839230321347713, 0.002074885182082653, 0.0028030136600136757, 0.0017033368349075317], [0.000506873126141727, 0.0011184721952304244, 0.9837079644203186, 0.0019565485417842865, 0.00031512801069766283, 0.0006256248452700675, 0.0003787032619584352, 0.0008354769088327885, 0.0012011636281386018, 0.000592295837122947, 0.001649914076551795, 0.0028328923508524895, 0.000340337137458846, 0.0005677348235622048, 0.0009947660146281123, 0.0006256248452700675, 0.000340337137458846, 0.0006256248452700675, 0.0005184770561754704, 0.0002660858735907823], [0.00028058321913704276, 0.0005028594168834388, 0.0007534828037023544, 0.9900214076042175, 0.00017806197865866125, 0.0002402208629064262, 0.00019323101150803268, 0.0008384223910979927, 0.00045791437150910497, 0.0001625254371901974, 0.0007626540609635413, 0.002707569394260645, 0.00018237762560602278, 0.0005951222265139222, 0.0010947417467832565, 0.0002402208629064262, 0.00018237762560602278, 0.0002402208629064262, 0.0002636149583850056, 0.00010247184400213882], [0.07843147963285446, 0.06152688339352608, 0.05544082447886467, 0.03959298133850098, 0.02467268891632557, 0.031083937734365463, 0.025356052443385124, 0.12538157403469086, 0.08235859125852585, 0.023117778822779655, 0.042238589376211166, 0.046682097017765045, 0.056030694395303726, 0.07255248725414276, 0.05874069780111313, 0.031083937734365463, 0.056030694395303726, 0.031083937734365463, 0.03893782198429108, 0.019656188786029816], [0.038175951689481735, 0.022008558735251427, 0.059054043143987656, 0.14054304361343384, 0.023050682619214058, 0.03509370982646942, 0.020478537306189537, 0.09876668453216553, 0.04007556289434433, 0.024066869169473648, 0.0855787917971611, 0.11126787215471268, 0.020343489944934845, 0.07636682689189911, 0.05506836622953415, 0.03509370982646942, 0.020343489944934845, 0.03509370982646942, 0.04481295123696327, 0.014717080630362034], [0.030760131776332855, 0.008382529020309448, 0.01668851263821125, 0.04348738491535187, 0.008017207495868206, 0.009565980173647404, 0.0075215925462543964, 0.6554712653160095, 0.029487641528248787, 0.006157714407891035, 0.011296451091766357, 0.015028627589344978, 0.014923901297152042, 0.02749151550233364, 0.05485556274652481, 0.009565980173647404, 0.014923901297152042, 0.009565980173647404, 0.021493319422006607, 0.005315021611750126], [0.039644502103328705, 0.019282305613160133, 0.03705354034900665, 0.22382494807243347, 0.020797546952962875, 0.024418557062745094, 0.021169060841202736, 0.1582970917224884, 0.026362808421254158, 0.016766967251896858, 0.03581443801522255, 0.04502439126372337, 0.016138877719640732, 0.05584866553544998, 0.14971376955509186, 0.024418557062745094, 0.016138877719640732, 0.024418557062745094, 0.033114466816186905, 0.011752070859074593], [0.027896707877516747, 0.03497464209794998, 0.03489118069410324, 0.09970652312040329, 0.013751186430454254, 0.015496172942221165, 0.014961274340748787, 0.09632346779108047, 0.044817425310611725, 0.014779530465602875, 0.030121522024273872, 0.036138132214546204, 0.020534517243504524, 0.05775602161884308, 0.37332025170326233, 0.015496172942221165, 0.020534517243504524, 0.015496172942221165, 0.023671554401516914, 0.009332897141575813], [0.04425077140331268, 0.03742525354027748, 0.07223759591579437, 0.07202401012182236, 0.03302796185016632, 0.07100114971399307, 0.034279149025678635, 0.05529623478651047, 0.042039655148983, 0.04002442955970764, 0.05179860070347786, 0.06299874931573868, 0.03414054214954376, 0.05247286334633827, 0.0510128028690815, 0.07100114971399307, 0.03414054214954376, 0.07100114971399307, 0.03910396993160248, 0.030723534524440765], [0.056714218109846115, 0.04560374841094017, 0.05399872362613678, 0.07129206508398056, 0.03757182136178017, 0.03527162969112396, 0.0374077633023262, 0.1120661199092865, 0.054735857993364334, 0.030963165685534477, 0.04720958322286606, 0.043349068611860275, 0.03696271404623985, 0.04636680707335472, 0.07028879225254059, 0.03527162969112396, 0.03696271404623985, 0.03527162969112396, 0.08497942239046097, 0.027712512761354446], [0.04999999329447746, 0.04999999329447746, 0.04999999329447746, 0.04999999329447746, 0.04999999329447746, 0.04999999329447746, 0.04999999329447746, 0.04999999329447746, 0.04999999329447746, 0.04999999329447746, 0.04999999329447746, 0.04999999329447746, 0.04999999329447746, 0.04999999329447746, 0.04999999329447746, 0.04999999329447746, 0.04999999329447746, 0.04999999329447746, 0.04999999329447746, 0.04999999329447746]],