{"premise_tokens": ["The", "Dangerous", "Games", ",", "a", "2002", "novel", "by", "Jude", "Watson", "in", "the", "Star", "Wars", "Jedi", "Quest", "book", "series", "@@NULL@@"], "hypothesis_tokens": ["Dangerous", "is", "a", "book", ".", "@@NULL@@"], "label_logits": [1.3107753992080688, -1.020453929901123, -1.2800313234329224], "label_probs": [0.8531435132026672, 0.08290526270866394, 0.06395125389099121], "h2p_attention": [[0.0028161462396383286, 0.9195272326469421, 0.003686125623062253, 0.0021803078707307577, 0.005716976709663868, 0.0025053522549569607, 0.006509445607662201, 0.007647052872925997, 0.0025053522549569607, 0.0025053522549569607, 0.005657182075083256, 0.0028161462396383286, 0.01573304831981659, 0.004228856880217791, 0.001882589072920382, 0.002859611762687564, 0.006228974089026451, 0.003563342383131385, 0.0014309047255665064], [0.05907164141535759, 0.09852331876754761, 0.05115555226802826, 0.028659803792834282, 0.056627947837114334, 0.01837046630680561, 0.051479827612638474, 0.2035345584154129, 0.01837046630680561, 0.01837046630680561, 0.10534440726041794, 0.05907164141535759, 0.07600053399801254, 0.018186528235673904, 0.01937977783381939, 0.025698866695165634, 0.03957799822092056, 0.04236932098865509, 0.010206946171820164], [0.04726964607834816, 0.061565130949020386, 0.049048539251089096, 0.04215861111879349, 0.21002499759197235, 0.021084675565361977, 0.08155409246683121, 0.05695554241538048, 0.021084675565361977, 0.021084675565361977, 0.07399618625640869, 0.04726964607834816, 0.0675368681550026, 0.02138667181134224, 0.0183192640542984, 0.040254607796669006, 0.05401861295104027, 0.04997846484184265, 0.015409160405397415], [0.00033504332532174885, 0.0010107720736414194, 0.0016665816074237227, 0.00026740250177681446, 0.0008139763958752155, 0.0003122907073702663, 0.6495363116264343, 0.0010618080850690603, 0.0003122907073702663, 0.0003122907073702663, 0.0011023114202544093, 0.00033504332532174885, 0.0006580550689250231, 0.0005488048773258924, 0.0004266546166036278, 0.0005745699163526297, 0.337637335062027, 0.002856228034943342, 0.00023219207650981843], [0.062026526778936386, 0.05865292251110077, 0.05450629070401192, 0.04042493924498558, 0.05986285209655762, 0.03857545554637909, 0.05716966092586517, 0.06597313284873962, 0.03857545554637909, 0.03857545554637909, 0.07687260210514069, 0.062026526778936386, 0.05098305270075798, 0.045025452971458435, 0.0532979853451252, 0.06077248230576515, 0.04895474389195442, 0.05741613358259201, 0.03030828759074211], [0.05263159051537514, 0.05263159051537514, 0.05263159051537514, 0.05263159051537514, 0.05263159051537514, 0.05263159051537514, 0.05263159051537514, 0.05263159051537514, 0.05263159051537514, 0.05263159051537514, 0.05263159051537514, 0.05263159051537514, 0.05263159051537514, 0.05263159051537514, 0.05263159051537514, 0.05263159051537514, 0.05263159051537514, 0.05263159051537514, 0.05263159051537514]], "p2h_attention": [[0.12852737307548523, 0.3779500722885132, 0.20033395290374756, 0.09423340111970901, 0.13364948332309723, 0.06530571728944778], [0.968448281288147, 0.014546742662787437, 0.006021133624017239, 0.006560370326042175, 0.002916425233706832, 0.0015070321969687939], [0.12416646629571915, 0.2415693998336792, 0.15342356264591217, 0.34595856070518494, 0.08668224513530731, 0.048199765384197235], [0.1443883180618286, 0.26607391238212585, 0.2592580318450928, 0.10912968218326569, 0.12639003992080688, 0.0947599709033966], [0.1347326934337616, 0.1870906949043274, 0.4596308767795563, 0.11821746081113815, 0.06660597771406174, 0.033722300082445145], [0.20510005950927734, 0.21082982420921326, 0.16028602421283722, 0.1575503647327423, 0.14909303188323975, 0.11714066565036774], [0.0016159472288563848, 0.0017915748758241534, 0.0018800117541104555, 0.9936872124671936, 0.0006700355443172157, 0.0003552169364411384], [0.1454961895942688, 0.542888343334198, 0.10062947869300842, 0.12449929863214493, 0.059261664748191833, 0.02722501941025257], [0.20510005950927734, 0.21082982420921326, 0.16028602421283722, 0.1575503647327423, 0.14909303188323975, 0.11714066565036774], [0.20510005950927734, 0.21082982420921326, 0.16028602421283722, 0.1575503647327423, 0.14909303188323975, 0.11714066565036774], [0.14450031518936157, 0.3772203028202057, 0.17551319301128387, 0.1735147386789322, 0.09270209819078445, 0.03654932975769043], [0.12852737307548523, 0.3779500722885132, 0.20033395290374756, 0.09423340111970901, 0.13364948332309723, 0.06530571728944778], [0.38796985149383545, 0.2627341151237488, 0.15465272963047028, 0.10000244528055191, 0.05935537815093994, 0.035285450518131256], [0.26930105686187744, 0.16236025094985962, 0.12647072970867157, 0.21537551283836365, 0.13537001609802246, 0.09112253040075302], [0.1461971551179886, 0.21098284423351288, 0.132106214761734, 0.20418474078178406, 0.19540855288505554, 0.11112050712108612], [0.15850360691547394, 0.19969218969345093, 0.20719510316848755, 0.19626294076442719, 0.15903343260288239, 0.07931271940469742], [0.0029644048772752285, 0.002640520455315709, 0.0023872400633990765, 0.9902269244194031, 0.0010999299120157957, 0.0006809757906012237], [0.09929204732179642, 0.1655096709728241, 0.12932176887989044, 0.49047091603279114, 0.07553359866142273, 0.03987196832895279], [0.1666666716337204, 0.1666666716337204, 0.1666666716337204, 0.1666666716337204, 0.1666666716337204, 0.1666666716337204]], "claim": "Dangerous is a book.", "premise_source_doc_id": "Dangerous_Game", "premise_source_doc_line_num": 22, "premise_source_doc_sentence": "The Dangerous Games , a 2002 novel by Jude Watson in the Star Wars Jedi Quest book series"}
