{"premise_tokens": ["The", "Peanuts", "Movie", ":", "Snoopy", "'s", "Grand", "Adventure", "is", "a", "side", "-", "scrolling", "platform", "video", "game", "based", "on", "The", "Peanuts", "Movie", ".", "@@NULL@@"], "hypothesis_tokens": ["The", "Peanuts", "Movie", "is", "based", "off", "a", "novel", ".", "@@NULL@@"], "label_logits": [0.7584444284439087, 1.8158378601074219, -2.9953672885894775], "label_probs": [0.25626006722450256, 0.737736165523529, 0.006003732793033123], "h2p_attention": [[0.08537212014198303, 0.025997430086135864, 0.035639744251966476, 0.02198953740298748, 0.024436498060822487, 0.06407731026411057, 0.023017827421426773, 0.041781947016716, 0.09293866157531738, 0.04926250874996185, 0.1042628213763237, 0.019336173310875893, 0.03064265288412571, 0.035047464072704315, 0.02361082285642624, 0.051283061504364014, 0.02727571874856949, 0.048094794154167175, 0.08537212014198303, 0.025997430086135864, 0.035639744251966476, 0.03286466747522354, 0.016058804467320442], [0.00019694981165230274, 0.49291181564331055, 0.0005962748546153307, 0.0001738618011586368, 0.0038801711052656174, 0.0001984346890822053, 0.00028560523060150445, 0.001266136416234076, 0.00035341543843969703, 0.0003106235235463828, 0.00046446698252111673, 0.00023957110533956438, 0.0009704907424747944, 0.00044024386443197727, 0.0005568083724938333, 0.001952865393832326, 0.0009183078072965145, 0.00020132464123889804, 0.00019694981165230274, 0.49291181564331055, 0.0005962748546153307, 0.00025591699522919953, 0.00012165734369773418], [0.0015737713547423482, 0.0034755896776914597, 0.46560654044151306, 0.0007823549676686525, 0.0031579083297401667, 0.0015076828422024846, 0.001274686655960977, 0.006970536429435015, 0.0025511938147246838, 0.0033584083430469036, 0.005880378652364016, 0.000842744717374444, 0.006416668184101582, 0.002749741543084383, 0.006753608584403992, 0.007826048880815506, 0.003088741097599268, 0.003301046323031187, 0.0015737713547423482, 0.0034755896776914597, 0.46560654044151306, 0.00151747593190521, 0.0007091209408827126], [0.023753201588988304, 0.011923016048967838, 0.014765970408916473, 0.007160539273172617, 0.00769452191889286, 0.02618023008108139, 0.008921324275434017, 0.015326868742704391, 0.5061597228050232, 0.022770574316382408, 0.11757802218198776, 0.006279660388827324, 0.0336916409432888, 0.016727980226278305, 0.013451718725264072, 0.039895884692668915, 0.021229149773716927, 0.03534620255231857, 0.023753201588988304, 0.011923016048967838, 0.014765970408916473, 0.016597295179963112, 0.004104298539459705], [0.0002565017493907362, 0.0011399277718737721, 0.0006577920285053551, 0.00022630004968959838, 0.0008070412441156805, 0.00055741734104231, 0.0011279501486569643, 0.0007507347036153078, 0.0007811257964931428, 0.0003617328475229442, 0.0006419328856281936, 0.0005315197049640119, 0.0009847256587818265, 0.0005638237344101071, 0.0004347258945927024, 0.0012588055105879903, 0.9854990243911743, 0.0009609986445866525, 0.0002565017493907362, 0.0011399277718737721, 0.0006577920285053551, 0.0002526729367673397, 0.00015101754979696125], [0.027106786146759987, 0.009373989887535572, 0.03300701081752777, 0.01177177857607603, 0.009218643419444561, 0.036320969462394714, 0.011959963478147984, 0.04789148271083832, 0.2468641847372055, 0.023347046226263046, 0.1734081208705902, 0.007221516687422991, 0.08122947812080383, 0.013320651836693287, 0.025177864357829094, 0.1026761382818222, 0.013536160811781883, 0.0315498486161232, 0.027106786146759987, 0.009373989887535572, 0.03300701081752777, 0.018959440290927887, 0.0065711927600204945], [0.03489033132791519, 0.029040072113275528, 0.05386602133512497, 0.015216066502034664, 0.024819383397698402, 0.047655314207077026, 0.018191324546933174, 0.0642637312412262, 0.06310106813907623, 0.15502214431762695, 0.06508783996105194, 0.01820589415729046, 0.036233071237802505, 0.046339746564626694, 0.03895774111151695, 0.07229647040367126, 0.027243461459875107, 0.037935540080070496, 0.03489033132791519, 0.029040072113275528, 0.05386602133512497, 0.022464551031589508, 0.011373699642717838], [0.006575522944331169, 0.04600665345788002, 0.02665024809539318, 0.008451421745121479, 0.009279703721404076, 0.011210257187485695, 0.006287079304456711, 0.33753758668899536, 0.02014976367354393, 0.021144405007362366, 0.0405668243765831, 0.006397134158760309, 0.16772401332855225, 0.03965764492750168, 0.03783233091235161, 0.09423068910837173, 0.014562916941940784, 0.014972376637160778, 0.006575522944331169, 0.04600665345788002, 0.02665024809539318, 0.007535860408097506, 0.003995109349489212], [0.04430124908685684, 0.04553660750389099, 0.0463235005736351, 0.026200177147984505, 0.03678204491734505, 0.04288172349333763, 0.03647454455494881, 0.03873826190829277, 0.08753834664821625, 0.042755886912345886, 0.06820269674062729, 0.023354308679699898, 0.02784656547009945, 0.039572637528181076, 0.028260592371225357, 0.05427446588873863, 0.036218561232089996, 0.05054916813969612, 0.04430124908685684, 0.04553660750389099, 0.0463235005736351, 0.066380076110363, 0.02164711058139801], [0.04347826912999153, 0.04347826912999153, 0.04347826912999153, 0.04347826912999153, 0.04347826912999153, 0.04347826912999153, 0.04347826912999153, 0.04347826912999153, 0.04347826912999153, 0.04347826912999153, 0.04347826912999153, 0.04347826912999153, 0.04347826912999153, 0.04347826912999153, 0.04347826912999153, 0.04347826912999153, 0.04347826912999153, 0.04347826912999153, 0.04347826912999153, 0.04347826912999153, 0.04347826912999153, 0.04347826912999153, 0.04347826912999153]],