{"premise_tokens": ["He", "scored", "one", "goal", "during", "the", "competition", "and", "won", "the", "Young", "Player", "of", "the", "Tournament", "as", "Portugal", "captured", "the", "title", "for", "the", "first", "time", "in", "their", "history", ".", "@@NULL@@"], "hypothesis_tokens": ["Renato", "Sanches", "won", "Young", "Player", "of", "the", "Tournament", "for", "a", "European", "tournament", ".", "@@NULL@@"], "label_logits": [1.0169342756271362, 0.6217503547668457, -2.5638134479522705], "label_probs": [0.5877474546432495, 0.39588090777397156, 0.016371626406908035], "h2p_attention": [[0.048093393445014954, 0.029210049659013748, 0.03193473443388939, 0.03813322260975838, 0.03355107456445694, 0.03435930609703064, 0.034644003957509995, 0.030258018523454666, 0.034256383776664734, 0.03435930609703064, 0.029405642300844193, 0.031953878700733185, 0.028940312564373016, 0.03435930609703064, 0.027489278465509415, 0.033994369208812714, 0.059195347130298615, 0.03394627198576927, 0.03435930609703064, 0.03379664570093155, 0.03177589178085327, 0.03435930609703064, 0.0334768071770668, 0.0345376655459404, 0.03960981220006943, 0.04260524734854698, 0.033176571130752563, 0.03036298044025898, 0.023855842649936676], [0.048093393445014954, 0.029210049659013748, 0.03193473443388939, 0.03813322260975838, 0.03355107456445694, 0.03435930609703064, 0.034644003957509995, 0.030258018523454666, 0.034256383776664734, 0.03435930609703064, 0.029405642300844193, 0.031953878700733185, 0.028940312564373016, 0.03435930609703064, 0.027489278465509415, 0.033994369208812714, 0.059195347130298615, 0.03394627198576927, 0.03435930609703064, 0.03379664570093155, 0.03177589178085327, 0.03435930609703064, 0.0334768071770668, 0.0345376655459404, 0.03960981220006943, 0.04260524734854698, 0.033176571130752563, 0.03036298044025898, 0.023855842649936676], [0.0003193250158801675, 0.0004806737706530839, 0.0003974311985075474, 0.0003951916878577322, 0.0004223802243359387, 0.00019063639047089964, 0.0015086601488292217, 0.00026667045312933624, 0.9824274182319641, 0.00019063639047089964, 0.00027852130006067455, 0.00023082870757207274, 0.00029940676176920533, 0.00019063639047089964, 0.005545592866837978, 0.00016730086645111442, 0.0007286746404133737, 0.0016487172106280923, 0.00019063639047089964, 0.0018134237034246325, 0.0002489641774445772, 0.00019063639047089964, 0.00017494679195806384, 0.00029809304396621883, 0.00030817268998362124, 0.0002524886222090572, 0.0004398476448841393, 0.0002839480002876371, 0.00011020978854503483], [0.03876020759344101, 0.003502431558445096, 0.010359114035964012, 0.003360836999490857, 0.005174301564693451, 0.003318239003419876, 0.006737336982041597, 0.0034061025362461805, 0.005551810842007399, 0.003318239003419876, 0.7644752264022827, 0.0496806800365448, 0.004084223415702581, 0.003318239003419876, 0.005562341306358576, 0.0045751407742500305, 0.005836069583892822, 0.0028222911059856415, 0.003318239003419876, 0.0035838191397488117, 0.006226188503205776, 0.003318239003419876, 0.008539225906133652, 0.009016193449497223, 0.005856559611856937, 0.024988610297441483, 0.004518375266343355, 0.004594775382429361, 0.0021968309301882982], [0.016170524060726166, 0.003224769840016961, 0.0031447026412934065, 0.0024596627335995436, 0.0014476203359663486, 0.0016044186195358634, 0.0019349255599081516, 0.0012075681006535888, 0.0010311820078641176, 0.0016044186195358634, 0.011134137399494648, 0.9003231525421143, 0.0013846408110111952, 0.0016044186195358634, 0.006070803385227919, 0.0033813270274549723, 0.006994131952524185, 0.0019425245700404048, 0.0016044186195358634, 0.002436067210510373, 0.004801928997039795, 0.0016044186195358634, 0.003873977344483137, 0.0034717335365712643, 0.004256330896168947, 0.007541522849351168, 0.002296386519446969, 0.0009559229365549982, 0.0004923406522721052], [0.05536474287509918, 0.026809239760041237, 0.047005705535411835, 0.03901727497577667, 0.021854791790246964, 0.02640925720334053, 0.015979303047060966, 0.027662722393870354, 0.031135259196162224, 0.02640925720334053, 0.02130707912147045, 0.032231640070676804, 0.11373910307884216, 0.02640925720334053, 0.02296055294573307, 0.03189709782600403, 0.028046561405062675, 0.05520709604024887, 0.02640925720334053, 0.03318599984049797, 0.031059591099619865, 0.02640925720334053, 0.05433503910899162, 0.04791123420000076, 0.028077997267246246, 0.04707171022891998, 0.027007857337594032, 0.017625436186790466, 0.011460698209702969], [0.09901861101388931, 0.023715268820524216, 0.051997583359479904, 0.03341399133205414, 0.02040713094174862, 0.054154522716999054, 0.01400304026901722, 0.027082106098532677, 0.017620466649532318, 0.054154522716999054, 0.015386601909995079, 0.0331958532333374, 0.023473449051380157, 0.054154522716999054, 0.016956493258476257, 0.03471434861421585, 0.017530858516693115, 0.03790007159113884, 0.054154522716999054, 0.03290003910660744, 0.026332812383770943, 0.054154522716999054, 0.04161062091588974, 0.051061179488897324, 0.0304486695677042, 0.0289349015802145, 0.020489435642957687, 0.020847206935286522, 0.01018666010349989], [0.0018647961551323533, 0.0015331768663600087, 0.0013885312946513295, 0.0015408768085762858, 0.0011694434797391295, 0.0008146605687215924, 0.01084323599934578, 0.0007634194917045534, 0.024626364931464195, 0.0008146605687215924, 0.0012391775380820036, 0.006034663878381252, 0.0009804917499423027, 0.0008146605687215924, 0.9240307211875916, 0.0007906080572865903, 0.0027089379727840424, 0.001812199829146266, 0.0008146605687215924, 0.004276711959391832, 0.0011588381603360176, 0.0008146605687215924, 0.0010608065640553832, 0.0010220656404271722, 0.0019802465103566647, 0.0016490506241098046, 0.0019059469923377037, 0.0010570876765996218, 0.0004894097219221294], [0.08627376705408096, 0.015827184543013573, 0.02830347791314125, 0.029370173811912537, 0.015242346562445164, 0.019213702529668808, 0.014525840058922768, 0.01821967214345932, 0.016790438443422318, 0.019213702529668808, 0.021065473556518555, 0.07249294966459274, 0.020143281668424606, 0.019213702529668808, 0.01759932190179825, 0.030844412744045258, 0.017391003668308258, 0.022878743708133698, 0.019213702529668808, 0.02137703448534012, 0.2747575640678406, 0.019213702529668808, 0.033050570636987686, 0.04331234470009804, 0.02107040025293827, 0.04141625761985779, 0.020961420610547066, 0.01358512882143259, 0.007432682905346155], [0.08514910191297531, 0.02705777995288372, 0.061336975544691086, 0.04096993803977966, 0.024876456707715988, 0.026760730892419815, 0.022123700007796288, 0.025812039151787758, 0.022666141390800476, 0.026760730892419815, 0.01781739853322506, 0.04618533328175545, 0.023571548983454704, 0.026760730892419815, 0.028691809624433517, 0.050552334636449814, 0.03346872702240944, 0.028649218380451202, 0.026760730892419815, 0.05201344937086105, 0.04140597581863403, 0.026760730892419815, 0.05424186959862709, 0.040861837565898895, 0.04189141094684601, 0.04992208257317543, 0.020977377891540527, 0.017230212688446045, 0.008723577484488487], [0.002590026007965207, 0.005831146612763405, 0.0015833998331800103, 0.001235623494721949, 0.0034760460257530212, 0.0011718082241714, 0.00391419930383563, 0.001454399200156331, 0.002148446161299944, 0.0011718082241714, 0.0012295637279748917, 0.0065702712163329124, 0.0017849639989435673, 0.0011718082241714, 0.002914636628702283, 0.0017729219980537891, 0.9277442693710327, 0.0024682884104549885, 0.0011718082241714, 0.007801073137670755, 0.002089157234877348, 0.0011718082241714, 0.0029121332336217165, 0.0017269786912947893, 0.003636973910033703, 0.0028264597058296204, 0.00464266212657094, 0.0010575082851573825, 0.0007298515411093831], [0.0018647961551323533, 0.0015331768663600087, 0.0013885312946513295, 0.0015408768085762858, 0.0011694434797391295, 0.0008146605687215924, 0.01084323599934578, 0.0007634194917045534, 0.024626364931464195, 0.0008146605687215924, 0.0012391775380820036, 0.006034663878381252, 0.0009804917499423027, 0.0008146605687215924, 0.9240307211875916, 0.0007906080572865903, 