{"premise_tokens": ["El", "Chapo", "is", "an", "American", "crime", "television", "series", "co", "-", "produced", "by", "Netflix", "and", "Univision", "about", "the", "life", "of", "Joaquín", "``", "El", "Chapo", "''", "Guzmán", ".", "@@NULL@@"], "hypothesis_tokens": ["El", "Chapo", "is", "not", "a", "television", "show", ".", "@@NULL@@"], "label_logits": [-0.5999113321304321, 2.7988333702087402, -2.384498119354248], "label_probs": [0.032160159200429916, 0.9624412059783936, 0.005398609675467014], "h2p_attention": [[0.38064154982566833, 0.006084699183702469, 0.018351536244153976, 0.008041552267968655, 0.0296403206884861, 0.011656591668725014, 0.006254027131944895, 0.01370567549020052, 0.005651451181620359, 0.010037927888333797, 0.00876822229474783, 0.014878733083605766, 0.018136553466320038, 0.006851750425994396, 0.006084699183702469, 0.010853668674826622, 0.007733070757240057, 0.009622234851121902, 0.004810963291674852, 0.006084699183702469, 0.006084699183702469, 0.38064154982566833, 0.006084699183702469, 0.006084699183702469, 0.006084699183702469, 0.006894601508975029, 0.004235287196934223], [0.03172454610466957, 0.05103090777993202, 0.03974326327443123, 0.03340858593583107, 0.046149805188179016, 0.036320511251688004, 0.028769968077540398, 0.02783989906311035, 0.028345253318548203, 0.02618921920657158, 0.0414116196334362, 0.030000638216733932, 0.027337538078427315, 0.028008177876472473, 0.05103090777993202, 0.041137345135211945, 0.03180451691150665, 0.03589225187897682, 0.02678845077753067, 0.05103090777993202, 0.05103090777993202, 0.03172454610466957, 0.05103090777993202, 0.05103090777993202, 0.051030900329351425, 0.02810533717274666, 0.02208203822374344], [0.013186131604015827, 0.005477121099829674, 0.37529823184013367, 0.05715985968708992, 0.008837402798235416, 0.03705989569425583, 0.008732862770557404, 0.012632332742214203, 0.0066602895967662334, 0.0046561299823224545, 0.017208922654390335, 0.060683440417051315, 0.04234137386083603, 0.009564684703946114, 0.005477121099829674, 0.2200825959444046, 0.017612097784876823, 0.030771341174840927, 0.010636953637003899, 0.005477121099829674, 0.005477121099829674, 0.013186131604015827, 0.005477121099829674, 0.005477121099829674, 0.005477121099829674, 0.012306270189583302, 0.0030431817285716534], [0.011062665842473507, 0.007104232907295227, 0.27275657653808594, 0.09653902053833008, 0.0115158436819911, 0.033626869320869446, 0.01300379354506731, 0.01378543023020029, 0.024235006421804428, 0.006374144461005926, 0.030493713915348053, 0.07280097156763077, 0.022798016667366028, 0.034721605479717255, 0.007104232907295227, 0.09235839545726776, 0.06491535156965256, 0.09782584756612778, 0.019485801458358765, 0.007104232907295227, 0.007104232907295227, 0.011062665842473507, 0.007104232907295227, 0.007104232907295227, 0.007104231510311365, 0.018141230568289757, 0.002767561934888363], [0.020781679078936577, 0.015729401260614395, 0.06377629190683365, 0.06247197836637497, 0.05375917628407478, 0.028316417708992958, 0.033931173384189606, 0.0372844859957695, 0.03442763164639473, 0.018400708213448524, 0.053605273365974426, 0.042489469051361084, 0.04468648135662079, 0.034013547003269196, 0.015729401260614395, 0.06833810359239578, 0.035263676196336746, 0.17230474948883057, 0.031061163172125816, 0.015729401260614395, 0.015729401260614395, 0.020781679078936577, 0.015729401260614395, 0.015729401260614395, 0.015729401260614395, 0.022704940289258957, 0.011495403945446014], [0.0023573990911245346, 0.0020799669437110424, 0.004581260960549116, 0.005322795826941729, 0.0049577681347727776, 0.003053265390917659, 0.8454603552818298, 0.039685726165771484, 0.002907580928876996, 0.0025883493945002556, 0.010793319903314114, 0.005168259143829346, 0.026498468592762947, 0.002113398863002658, 0.0020799669437110424, 0.003779345890507102, 0.0024726686533540487, 0.014163623563945293, 0.0030604281928390265, 0.0020799669437110424, 0.0020799669437110424, 0.0023573990911245346, 0.0020799669437110424, 0.0020799669437110424, 0.0020799669437110424, 0.0025224837008863688, 0.0015964535996317863], [0.006828848738223314, 0.0067431749776005745, 0.01846388354897499, 0.01846538856625557, 0.010658828541636467, 0.013927715830504894, 0.5033873319625854, 0.1684197038412094, 0.005832688417285681, 0.007652143016457558, 0.032617706805467606, 0.018052635714411736, 0.03651026636362076, 0.005683071445673704, 0.0067431749776005745, 0.011234952136874199, 0.008267671801149845, 0.057476382702589035, 0.008994339033961296, 0.0067431749776005745, 0.0067431749776005745, 0.006828848738223314, 0.0067431749776005745, 0.0067431749776005745, 0.0067431749776005745, 0.009294997900724411, 0.004200308583676815], [0.030890531837940216, 0.02415175922214985, 0.0767357349395752, 0.05247382074594498, 0.026813849806785583, 0.07681655138731003, 0.029982734471559525, 0.03594774752855301, 0.03460915386676788, 0.020472276955842972, 0.040181148797273636, 0.04130521044135094, 0.032545432448387146, 0.036817897111177444, 0.02415175922214985, 0.06327594071626663, 0.038834281265735626, 0.0559978149831295, 0.02918286807835102, 0.02415175922214985, 0.02415175922214985, 0.030890531837940216, 0.02415175922214985, 0.02415175922214985, 0.02415175922214985, 0.058188483119010925, 0.01897575706243515], [0.037037044763565063, 0.037037044763565063, 0.037037044763565063, 0.037037044763565063, 0.037037044763565063, 0.037037044763565063, 0.037037044763565063, 0.037037044763565063, 0.037037044763565063, 0.037037044763565063, 0.037037044763565063, 0.037037044763565063, 0.037037044763565063, 0.037037044763565063, 0.037037044763565063, 0.037037044763565063, 0.037037044763565063, 0.037037044763565063, 0.037037044763565063, 0.037037044763565063, 0.037037044763565063, 0.037037044763565063, 0.037037044763565063, 0.037037044763565063, 0.037037044763565063, 0.037037044763565063, 0.037037044763565063]],