{"premise_tokens": ["Domingo", "Lucenario", "Jr.", "(", "September", "3", ",", "1960", "--", "May", "8", ",", "2015", ")", "was", "a", "Philippine", "diplomat", ".", "@@NULL@@"], "hypothesis_tokens": ["Humans", "clothe", "themselves", ".", "@@NULL@@"], "label_logits": [-3.719219207763672, -1.1560378074645996, 2.820173501968384], "label_probs": [0.0014167452463880181, 0.018385153263807297, 0.980198085308075], "h2p_attention": [[0.012081553228199482, 0.00566098652780056, 0.006954441778361797, 0.004420544020831585, 0.5934397578239441, 0.01065398845821619, 0.009197406470775604, 0.028417369350790977, 0.00907751452177763, 0.17697899043560028, 0.03674793615937233, 0.009197406470775604, 0.031617678701877594, 0.004681240767240524, 0.008741894736886024, 0.017418617382645607, 0.00566098652780056, 0.013948301784694195, 0.011876079253852367, 0.0032272418029606342], [0.05606013163924217, 0.043530505150556564, 0.11728940159082413, 0.04179639741778374, 0.041770610958337784, 0.03480910509824753, 0.03941158950328827, 0.054455459117889404, 0.04277130961418152, 0.038466427475214005, 0.03541574999690056, 0.03941158950328827, 0.03742223232984543, 0.046695467084646225, 0.04677954688668251, 0.0875406563282013, 0.043530505150556564, 0.07469508051872253, 0.046387869864702225, 0.031760286539793015], [0.06257269531488419, 0.0403650626540184, 0.05896259844303131, 0.024696214124560356, 0.047373414039611816, 0.048547275364398956, 0.04143339395523071, 0.05438065901398659, 0.03949185460805893, 0.07555969804525375, 0.06573048233985901, 0.04143339395523071, 0.04087541997432709, 0.029023267328739166, 0.05429910495877266, 0.10489413142204285, 0.0403650626540184, 0.06345874816179276, 0.045452021062374115, 0.021085478365421295], [0.046967897564172745, 0.03659822791814804, 0.04581436887383461, 0.03898492828011513, 0.0665658563375473, 0.04522499069571495, 0.03835291042923927, 0.05305603891611099, 0.030146973207592964, 0.06926286965608597, 0.053872447460889816, 0.03835291042923927, 0.06781527400016785, 0.03881469741463661, 0.06594275683164597, 0.05679451301693916, 0.03659822791814804, 0.05390376225113869, 0.08817555755376816, 0.02875480242073536], [0.04999999329447746, 0.04999999329447746, 0.04999999329447746, 0.04999999329447746, 0.04999999329447746, 0.04999999329447746, 0.04999999329447746, 0.04999999329447746, 0.04999999329447746, 0.04999999329447746, 0.04999999329447746, 0.04999999329447746, 0.04999999329447746, 0.04999999329447746, 0.04999999329447746, 0.04999999329447746, 0.04999999329447746, 0.04999999329447746, 0.04999999329447746, 0.04999999329447746]], "p2h_attention": [[0.33696871995925903, 0.1588795781135559, 0.26711592078208923, 0.14702428877353668, 0.09001156687736511], [0.23990191519260406, 0.18744869530200958, 0.26181548833847046, 0.17406952381134033, 0.13676440715789795], [0.1917611062526703, 0.32862767577171326, 0.2488415539264679, 0.1417819708585739, 0.08898764848709106], [0.22047482430934906, 0.21182113885879517, 0.18852189183235168, 0.21822333335876465, 0.16095885634422302], [0.9639504551887512, 0.006894392892718315, 0.011777712032198906, 0.012135306373238564, 0.005242152139544487], [0.356029748916626, 0.11819911003112793, 0.24830596148967743, 0.16961872577667236, 0.10784641653299332], [0.3396958112716675, 0.14790943264961243, 0.23421964049339294, 0.15898063778877258, 0.11919452250003815], [0.5522669553756714, 0.10753598064184189, 0.1617550104856491, 0.1157233864068985, 0.06271865963935852], [0.34808045625686646, 0.16665272414684296, 0.2317759394645691, 0.1297411024570465, 0.1237497329711914], [0.8698752522468567, 0.019211633130908012, 0.056842558085918427, 0.03820822387933731, 0.015862323343753815], [0.6157441735267639, 0.06029912456870079, 0.16857075691223145, 0.10131068527698517, 0.054075296968221664], [0.3396958112716675, 0.14790943264961243, 0.23421964049339294, 0.15898063778877258, 0.11919452250003815], [0.6020717024803162, 0.07240942120552063, 0.11913203448057175, 0.14493286609649658, 0.06145394593477249], [0.2182215005159378, 0.22118641436100006, 0.20707660913467407, 0.20307382941246033, 0.15044167637825012], [0.26952672004699707, 0.14655454456806183, 0.2562340795993805, 0.2281835973262787, 0.09950105845928192], [0.33516740798950195, 0.17116105556488037, 0.3089209496974945, 0.12265226244926453, 0.06209828332066536], [0.23990191519260406, 0.18744869530200958, 0.26181548833847046, 0.17406952381134033, 0.13676440715789795], [0.34416478872299194, 0.1872769147157669, 0.23965398967266083, 0.14927439391613007, 0.07962998747825623], [0.32386544346809387, 0.12854140996932983, 0.18971110880374908, 0.26987385749816895, 0.08800818026065826], [0.20000000298023224, 0.20000000298023224, 0.20000000298023224, 0.20000000298023224, 0.20000000298023224]], "claim": "Humans clothe themselves.", "premise_source_doc_id": "Domingo_Lucenario_Jr.", "premise_source_doc_line_num": 0, "premise_source_doc_sentence": "Domingo Lucenario Jr.  (  September 3 , 1960 -- May 8 , 2015  )  was a Philippine diplomat ."}
