{"premise_tokens": ["Dame", "Patricia", "Lee", "``", "Patsy", "''", "Reddy", ",", "(", "born", "17", "May", "1954", ")", "is", "the", "21st", "Governor", "-", "General", "of", "New", "Zealand", ",", "sworn", "in", "on", "28", "September", "2016", ".", "@@NULL@@"], "hypothesis_tokens": ["Patsy", "Reddy", "was", "born", "with", "the", "name", "Dame", ".", "@@NULL@@"], "label_logits": [1.201013207435608, 0.8004181981086731, -2.758540391921997], "label_probs": [0.5920687913894653, 0.39663952589035034, 0.011291713453829288], "h2p_attention": [[0.02858666703104973, 0.04527463763952255, 0.02578750252723694, 0.04527463763952255, 0.04527463763952255, 0.04527463763952255, 0.04527463763952255, 0.02177007868885994, 0.021060630679130554, 0.03162557631731033, 0.025191443040966988, 0.025485796853899956, 0.04527463763952255, 0.021858464926481247, 0.03526023402810097, 0.028216974809765816, 0.026384443044662476, 0.03818407654762268, 0.023235084488987923, 0.029597118496894836, 0.023766720667481422, 0.03282307833433151, 0.03662756830453873, 0.02177007868885994, 0.0341944620013237, 0.03252885863184929, 0.030556906014680862, 0.024607418105006218, 0.029665624722838402, 0.03504103422164917, 0.02493506297469139, 0.019591189920902252], [0.02858666703104973, 0.04527463763952255, 0.02578750252723694, 0.04527463763952255, 0.04527463763952255, 0.04527463763952255, 0.04527463763952255, 0.02177007868885994, 0.021060630679130554, 0.03162557631731033, 0.025191443040966988, 0.025485796853899956, 0.04527463763952255, 0.021858464926481247, 0.03526023402810097, 0.028216974809765816, 0.026384443044662476, 0.03818407654762268, 0.023235084488987923, 0.029597118496894836, 0.023766720667481422, 0.03282307833433151, 0.03662756830453873, 0.02177007868885994, 0.0341944620013237, 0.03252885863184929, 0.030556906014680862, 0.024607418105006218, 0.029665624722838402, 0.03504103422164917, 0.02493506297469139, 0.019591189920902252], [0.02480987459421158, 0.020780889317393303, 0.022761689499020576, 0.020780889317393303, 0.020780889317393303, 0.020780889317393303, 0.020780889317393303, 0.024379821494221687, 0.016945168375968933, 0.04343871399760246, 0.03071700781583786, 0.05838663876056671, 0.020780889317393303, 0.01729278638958931, 0.07743500173091888, 0.03396407142281532, 0.03484614938497543, 0.04399965703487396, 0.020788712427020073, 0.033141810446977615, 0.021042976528406143, 0.03292914852499962, 0.026256022974848747, 0.024379821494221687, 0.04729043319821358, 0.0343017615377903, 0.03191705793142319, 0.031566232442855835, 0.04703427478671074, 0.04801252484321594, 0.03320017084479332, 0.014477169141173363], [0.004848537500947714, 0.0018910415237769485, 0.002654868410900235, 0.0018910415237769485, 0.0018910415237769485, 0.0018910415237769485, 0.0018910415237769485, 0.002795462030917406, 0.0017824944807216525, 0.8091757893562317, 0.0031121294014155865, 0.013950630091130733, 0.0018910415237769485, 0.0016749361529946327, 0.016520977020263672, 0.0037561613135039806, 0.008559087291359901, 0.003249366534873843, 0.003123982110992074, 0.003990980330854654, 0.0032325165811926126, 0.010572192259132862, 0.01297649648040533, 0.002795462030917406, 0.0027330368757247925, 0.03275460749864578, 0.0066849603317677975, 0.005946645047515631, 0.01770014315843582, 0.010452884249389172, 0.0024378011003136635, 0.0011714493157342076], [0.02812882885336876, 0.014368563890457153, 0.01825888454914093, 0.014368563890457153, 0.014368563890457153, 0.014368563890457153, 0.014368563890457153, 0.029622940346598625, 0.014190616086125374, 0.0902557298541069, 0.030688321217894554, 0.04152269288897514, 0.014368563890457153, 0.01385047659277916, 0.09250970929861069, 0.0335068441927433, 0.029659993946552277, 0.027660377323627472, 0.016309481114149094, 0.024560503661632538, 0.024665476754307747, 0.04487614706158638, 0.04546815901994705, 0.029622940346598625, 0.017698107287287712, 0.06588663160800934, 0.07645061612129211, 0.02726536989212036, 0.03306231275200844, 0.024525178596377373, 0.02353649027645588, 0.010005858726799488], [0.024613263085484505, 0.02128836326301098, 0.01953706704080105, 0.02128836326301098, 0.02128836326301098, 0.02128836326301098, 0.02128836326301098, 0.030963251367211342, 0.01776403933763504, 0.047392915934324265, 0.0315457321703434, 0.048374153673648834, 0.02128836326301098, 0.017942218109965324, 0.08554129302501678, 0.07857701182365417, 0.030591413378715515, 0.02922649309039116, 0.017797129228711128, 0.032749421894550323, 0.03405945748090744, 0.027920007705688477, 0.021883731707930565, 0.030963251367211342, 0.024163000285625458, 0.04418034851551056, 0.04426673427224159, 0.02956664189696312, 0.03348846361041069, 0.02413337305188179, 0.030248835682868958, 0.014780617319047451], [0.020274505019187927, 0.005705990828573704, 0.005101822316646576, 0.005705990828573704, 0.005705990828573704, 0.005705990828573704, 0.005705990828573704, 0.007617835886776447, 0.00831276923418045, 0.33505794405937195, 0.010638082399964333, 0.20929495990276337, 0.005705990828573704, 0.00758175877854228, 0.04304906725883484, 0.012696962803602219, 0.01669938489794731, 0.012978151440620422, 0.01134401559829712, 0.013708425685763359, 0.007183103356510401, 0.043651994317770004, 0.043861668556928635, 0.007617835886776447, 0.016970504075288773, 0.03870507329702377, 0.012538152746856213, 0.019136086106300354, 0.029886720702052116, 0.020204618573188782, 0.007796134799718857, 0.003856562776491046], [0.9080185890197754, 0.0019129867432639003, 0.005528702400624752, 0.0019129867432639003, 0.0019129867432639003, 0.0019129867432639003, 0.0019129867432639003, 0.0017274824203923345, 0.0027070888318121433, 0.005426206160336733, 0.002356169978156686, 0.00547715974971652, 0.0019129867432639003, 0.002920987317338586, 0.005427883006632328, 0.0021831614430993795, 0.0023436513729393482, 0.002167697995901108, 0.0019900831393897533, 0.003005045000463724, 0.002071388065814972, 0.003773188218474388, 0.007441183552145958, 0.0017274824203923345, 0.00253434875048697, 0.004729125648736954, 0.0031287914607673883, 0.0020413638558238745, 0.0019406701903790236, 0.003877198789268732, 0.0026663928292691708, 0.0013110196450725198], [0.03524715080857277, 0.02205762267112732, 0.02805277332663536, 0.02205762267112732, 0.02205762267112732, 0.02205762267112732, 0.02205762267112732, 0.023115165531635284, 0.023496080189943314, 0.03606482222676277, 0.03334493935108185, 0.04174449294805527, 0.02205762267112732, 0.023393483832478523, 0.0700821653008461, 0.035467054694890976, 0.03667956590652466, 0.03549560159444809, 0.018697183579206467, 0.027584562078118324, 0.026652494445443153, 0.03611378371715546, 0.02482912875711918, 0.023115165531635284, 0.031241562217473984, 0.04395610839128494, 0.04046906903386116, 0.028507743030786514, 0.04011901095509529, 0.03371170163154602, 0.053143102675676346, 0.01733042113482952], [0.03125, 0.03125, 0.03125, 0.03125, 0.03125, 0.03125, 0.03125, 0.03125, 0.03125, 0.03125, 0.03125, 0.03125, 0.03125, 0.03125, 0.03125, 0.03125, 0.03125, 0.03125, 0.03125, 0.03125, 0.03125, 0.03125, 0.03125, 0.03125, 0.03125, 0.03125, 0.03125, 0.03125, 0.03125, 0.03125, 0.03125, 0.03125]],