{"premise_tokens": ["Redcliffe", ",", "Queensland", ",", "the", "central", "suburb", "of", "Redcliffe", "City", ".", "@@NULL@@"], "hypothesis_tokens": ["Redcliffe", ",", "Queensland", "is", "a", "suburb", ".", "@@NULL@@"], "label_logits": [0.23371869325637817, 0.03404651954770088, -1.2732417583465576], "label_probs": [0.4900563657283783, 0.4013557434082031, 0.10858789831399918], "h2p_attention": [[0.11933986097574234, 0.05738396570086479, 0.11933986097574234, 0.05738396570086479, 0.0743774026632309, 0.07393825054168701, 0.09860368818044662, 0.06264694035053253, 0.11933986097574234, 0.1002790704369545, 0.06572658568620682, 0.05164061114192009], [0.03732181340456009, 0.2625012993812561, 0.03732181340456009, 0.2625012993812561, 0.07035865634679794, 0.047246053814888, 0.04000695049762726, 0.06904701888561249, 0.03732181340456009, 0.0579896979033947, 0.04479726776480675, 0.03358641266822815], [0.11933986097574234, 0.05738396570086479, 0.11933986097574234, 0.05738396570086479, 0.0743774026632309, 0.07393825054168701, 0.09860368818044662, 0.06264694035053253, 0.11933986097574234, 0.1002790704369545, 0.06572658568620682, 0.05164061114192009], [0.04501344636082649, 0.07022556662559509, 0.04501344636082649, 0.07022556662559509, 0.1447441726922989, 0.06543183326721191, 0.07943766564130783, 0.0874192863702774, 0.04501344636082649, 0.22132688760757446, 0.10113845765590668, 0.02501024305820465], [0.05297790467739105, 0.10592881590127945, 0.05297790467739105, 0.10592881590127945, 0.11877092719078064, 0.056699857115745544, 0.08447650820016861, 0.10461651533842087, 0.05297790467739105, 0.14945532381534576, 0.07647206634283066, 0.03871745616197586], [0.001678831991739571, 0.001047315075993538, 0.001678831991739571, 0.001047315075993538, 0.00151266239117831, 0.0036153343971818686, 0.9281596541404724, 0.002025753492489457, 0.001678831991739571, 0.05449483543634415, 0.0021812894847244024, 0.0008792362059466541], [0.06104891747236252, 0.06397589296102524, 0.06104891747236252, 0.06397589296102524, 0.09816223382949829, 0.061847198754549026, 0.1189970001578331, 0.07376615703105927, 0.06104891747236252, 0.14107920229434967, 0.14708423614501953, 0.04796542599797249], [0.0833333432674408, 0.0833333432674408, 0.0833333432674408, 0.0833333432674408, 0.0833333432674408, 0.0833333432674408, 0.0833333432674408, 0.0833333432674408, 0.0833333432674408, 0.0833333432674408, 0.0833333432674408, 0.0833333432674408]], "p2h_attention": [[0.17663276195526123, 0.08493296802043915, 0.17663276195526123, 0.13756294548511505, 0.10458395630121231, 0.14594152569770813, 0.09728071838617325, 0.07643233239650726], [0.05815790221095085, 0.40905097126960754, 0.05815790221095085, 0.14695587754249573, 0.1431913822889328, 0.06234209984540939, 0.0698067843914032, 0.05233708769083023], [0.17663276195526123, 0.08493296802043915, 0.17663276195526123, 0.13756294548511505, 0.10458395630121231, 0.14594152569770813, 0.09728071838617325, 0.07643233239650726], [0.05815790221095085, 0.40905097126960754, 0.05815790221095085, 0.14695587754249573, 0.1431913822889328, 0.06234209984540939, 0.0698067843914032, 0.05233708769083023], [0.07744567841291428, 0.11264229565858841, 0.07744567841291428, 0.31119364500045776, 0.1649494469165802, 0.09250900894403458, 0.11004329472780228, 0.05377092584967613], [0.09705542773008347, 0.09535511583089828, 0.09705542773008347, 0.17734268307685852, 0.0992698073387146, 0.27873075008392334, 0.08740450441837311, 0.0677863210439682], [0.001785352942533791, 0.0011137665715068579, 0.001785352942533791, 0.002969826105982065, 0.002040100283920765, 0.9870508909225464, 0.002319691237062216, 0.000935023243073374], [0.07815898209810257, 0.1324499398469925, 0.07815898209810257, 0.22519555687904358, 0.17408601939678192, 0.1484401673078537, 0.09908302873373032, 0.06442737579345703], [0.17663276195526123, 0.08493296802043915, 0.17663276195526123, 0.13756294548511505, 0.10458395630121231, 0.14594152569770813, 0.09728071838617325, 0.07643233239650726], [0.023051319643855095, 0.020495766773819923, 0.023051319643855095, 0.10504929721355438, 0.045822784304618835, 0.7357438802719116, 0.034914955496788025, 0.011870714835822582], [0.07739222049713135, 0.08110275864601135, 0.07739222049713135, 0.2458929717540741, 0.12010019272565842, 0.15085351467132568, 0.18645994365215302, 0.06080617755651474], [0.125, 0.125, 0.125, 0.125, 0.125, 0.125, 0.125, 0.125]], "claim": "Redcliffe, Queensland is a suburb.", "premise_source_doc_id": "Redcliffe", "premise_source_doc_line_num": 14, "premise_source_doc_sentence": "Redcliffe , Queensland , the central suburb of Redcliffe City ."}
{"premise_tokens": ["The", "Redcliffe", "Showgrounds", "is", "a", "showground", "in", "Redcliffe", ",", "Queensland", "for", "the", "annual", "Redcliffe", "Show", "the", "June", "holidays", ".", "@@NULL@@"], "hypothesis_tokens": ["Redcliffe", ",", "Queensland", "is", "a", "suburb", ".", "@@NULL@@"], "label_logits": [-1.4399657249450684, 1.1924585103988647, 0.07896256446838379], "label_probs": [0.051348477602005005, 0.7141261696815491, 0.23452536761760712],