{"premise_tokens": ["Isla", "Salas", "y", "Gómez", ",", "also", "known", "as", "Isla", "Sala", "y", "Gómez", ",", "is", "a", "small", "uninhabited", "Chilean", "island", "in", "the", "Pacific", "Ocean", ".", "@@NULL@@"], "hypothesis_tokens": ["Isla", "Salas", "y", "Gómez", "is", "an", "uninhabited", "island", "off", "the", "coast", "of", "South", "America", ".", "@@NULL@@"], "label_logits": [-0.21866698563098907, -0.008338045328855515, -0.9166972637176514], "label_probs": [0.36607933044433594, 0.45177263021469116, 0.1821480393409729], "h2p_attention": [[0.052812833338975906, 0.052812833338975906, 0.03346000239253044, 0.052812833338975906, 0.025394782423973083, 0.02753327786922455, 0.03720337897539139, 0.03256548196077347, 0.052812833338975906, 0.052812833338975906, 0.03346000239253044, 0.052812833338975906, 0.025394782423973083, 0.04113103821873665, 0.03127038851380348, 0.03592471405863762, 0.05469124764204025, 0.03583569452166557, 0.054529670625925064, 0.037944890558719635, 0.032915081828832626, 0.03631315752863884, 0.05561555549502373, 0.029086733236908913, 0.02285310998558998], [0.052812833338975906, 0.052812833338975906, 0.03346000239253044, 0.052812833338975906, 0.025394782423973083, 0.02753327786922455, 0.03720337897539139, 0.03256548196077347, 0.052812833338975906, 0.052812833338975906, 0.03346000239253044, 0.052812833338975906, 0.025394782423973083, 0.04113103821873665, 0.03127038851380348, 0.03592471405863762, 0.05469124764204025, 0.03583569452166557, 0.054529670625925064, 0.037944890558719635, 0.032915081828832626, 0.03631315752863884, 0.05561555549502373, 0.029086733236908913, 0.02285310998558998], [0.0014042246621102095, 0.0014042246621102095, 0.4747752249240875, 0.0014042246621102095, 0.0016209406312555075, 0.0025420787278562784, 0.0031524449586868286, 0.002255599247291684, 0.0014042246621102095, 0.0014042246621102095, 0.4747752249240875, 0.0014042246621102095, 0.0016209406312555075, 0.0041628326289355755, 0.001509229652583599, 0.0033219079487025738, 0.002393442904576659, 0.002601233310997486, 0.0014362519141286612, 0.0026364228688180447, 0.0014358328189700842, 0.0056110527366399765, 0.003000950440764427, 0.0017640189034864306, 0.0009590823319740593], [0.052812833338975906, 0.052812833338975906, 0.03346000239253044, 0.052812833338975906, 0.025394782423973083, 0.02753327786922455, 0.03720337897539139, 0.03256548196077347, 0.052812833338975906, 0.052812833338975906, 0.03346000239253044, 0.052812833338975906, 0.025394782423973083, 0.04113103821873665, 0.03127038851380348, 0.03592471405863762, 0.05469124764204025, 0.03583569452166557, 0.054529670625925064, 0.037944890558719635, 0.032915081828832626, 0.03631315752863884, 0.05561555549502373, 0.029086733236908913, 0.02285310998558998], [0.007664847653359175, 0.007664847653359175, 0.0184846892952919, 0.007664847653359175, 0.011957940645515919, 0.03938734903931618, 0.03783363103866577, 0.05292646214365959, 0.007664847653359175, 0.007664847653359175, 0.0184846892952919, 0.007664847653359175, 0.011957940645515919, 0.5252035856246948, 0.023627297952771187, 0.016500625759363174, 0.024437474086880684, 0.010022163391113281, 0.030814308673143387, 0.04395362362265587, 0.024646896868944168, 0.014176402240991592, 0.028115378692746162, 0.017221754416823387, 0.004258719738572836], [0.014402925968170166, 0.014402925968170166, 0.023754389956593513, 0.014402925968170166, 0.02518213540315628, 0.05588148161768913, 0.03606405109167099, 0.047139544039964676, 0.014402925968170166, 0.014402925968170166, 0.023754389956593513, 0.014402925968170166, 0.02518213540315628, 0.17881134152412415, 0.05173599720001221, 0.026033639907836914, 0.026635464280843735, 0.017793145030736923, 0.08900690823793411, 0.13175103068351746, 0.03529784828424454, 0.023691358044743538, 0.06002229079604149, 0.0263254102319479, 0.009519887156784534], [0.0016877641901373863, 0.0016877641901373863, 0.0017599740531295538, 0.0016877641901373863, 0.0014518714742735028, 0.0011753694852814078, 0.0022240490652620792, 0.0031126432586461306, 0.0016877641901373863, 0.0016877641901373863, 0.0017599740531295538, 0.0016877641901373863, 0.0014518714742735028, 0.004046844318509102, 0.002506973221898079, 0.00625629210844636, 0.9500290751457214, 0.0017369998386129737, 0.0016566223930567503, 0.0023535238578915596, 0.0016420610481873155, 0.0021912141237407923, 0.0023965088184922934, 0.0014161771396175027, 0.0007052435539662838], [0.00017068682063836604, 0.00017068682063836604, 0.00010712412040447816, 0.00017068682063836604, 9.966133802663535e-05, 0.0003132917918264866, 0.0002579374413471669, 0.00011023354454664513, 0.00017068682063836604, 0.00017068682063836604, 0.00010712412040447816, 0.00017068682063836604, 9.966133802663535e-05, 0.00051759002963081, 0.0003829525376204401, 0.00020306400256231427, 0.00016803399194031954, 0.00011895308853127062, 0.9880357980728149, 0.00043418651330284774, 0.00017234393453691155, 0.0008310170960612595, 0.00678205257281661, 0.00016337640408892184, 7.153399928938597e-05], [0.01625330001115799, 0.01625330001115799, 0.02148268185555935, 0.01625330001115799, 0.01946078985929489, 0.04483630508184433, 0.03375205397605896, 0.07461735606193542, 0.01625330001115799, 0.01625330001115799, 0.02148268185555935, 0.01625330001115799, 0.01946078985929489, 0.27912431955337524, 0.026398029178380966, 0.012842923402786255, 0.06068108230829239, 0.020759638398885727, 0.09435632079839706, 0.029936429113149643, 0.0306490920484066, 0.03442158177495003, 0.04935106635093689, 0.02143705263733864, 0.007429914083331823], [0.02478417567908764, 0.02478417567908764, 0.025761594995856285, 0.02478417567908764, 0.0360478013753891, 0.05172979459166527, 0.05610927566885948, 0.058641087263822556, 0.02478417567908764, 0.02478417567908764, 0.025761594995856285, 0.02478417567908764, 0.0360478013753891, 0.09958823025226593, 0.05278714373707771, 0.03034769557416439, 0.040065914392471313, 0.03069351427257061, 0.04145799204707146, 0.051435306668281555, 0.0914803296327591, 0.028799312189221382, 0.042116738855838776, 0.0352160669863224, 0.017207778990268707], [0.008540690876543522, 0.008540690876543522, 0.010315063409507275, 0.008540690876543522, 0.0053449817933142185, 0.010987096466124058, 0.03273743391036987, 0.010605082847177982, 0.008540690876543522, 0.008540690876543522, 0.010315063409507275, 0.008540690876543522, 0.0053449817933142185, 0.02850111946463585, 0.012237539514899254, 0.00655630137771368, 0.010047893039882183, 0.013768712989985943, 0.14295437932014465, 0.024187345057725906, 0.011319293640553951, 0.23349006474018097, 0.3689967393875122, 0.007277034223079681, 0.0037697581574320793], [0.02727067470550537, 0.02727067470550537, 0.031203938648104668, 0.02727067470550537, 0.04621348902583122, 0.041942402720451355, 0.043503209948539734, 0.0625644400715828, 0.02727067470550537, 0.02727067470550537, 0.031203938648104668, 0.02727067470550537, 0.04621348902583122, 0.07857362926006317, 0.06074085459113121, 0.04614735394716263, 0.058421216905117035, 0.027757778763771057, 0.028820155188441277, 0.05507347732782364, 0.051800332963466644, 0.029429083690047264, 0.03971634432673454, 0.034571342170238495, 0.02247953973710537], [0.01979968324303627, 0.01979968324303627, 0.027271347120404243, 0.01979968324303627, 0.025925805792212486, 0.03222273290157318, 0.062084805220365524, 0.02567952312529087, 0.01979968324303627, 0.01979968324303627, 0.027271347120404243, 0.01979968324303627, 0.025925805792212486, 0.056657612323760986, 0.046001553535461426, 0.017850186675786972, 0.017333513125777245, 0.035023245960474014, 0.05706801265478134, 0.07948043942451477, 0.027791768312454224, 0.09538500010967255, 0.18955163657665253, 0.02178969234228134, 0.010887933894991875], [0.005434333346784115, 0.005434333346784115, 0.022989047691226006, 0.005434333346784115, 0.005257950164377689, 0.01074929442256689, 0.021368276327848434, 0.0060478621162474155, 0.005434333346784115, 0.005434333346784115, 0.022989047691226006, 0.005434333346784115, 0.005257950164377689, 0.007422223687171936, 0.015398746356368065, 