{"premise_tokens": ["John", "Dall", "(", "May", "26", ",", "1920", "--", "January", "15", ",", "1971", ")", "was", "an", "American", "actor", ".", "@@NULL@@"], "hypothesis_tokens": ["John", "Dall", "was", "solely", "Jamaican", ".", "@@NULL@@"], "label_logits": [-3.861238956451416, 3.1013712882995605, 0.540226936340332], "label_probs": [0.0008779957424849272, 0.9275035858154297, 0.07161842286586761], "h2p_attention": [[0.8244312405586243, 0.002725269878283143, 0.003531489986926317, 0.06872013211250305, 0.005083946976810694, 0.006823208648711443, 0.004615460056811571, 0.005978077184408903, 0.025954166427254677, 0.008067208342254162, 0.006823208648711443, 0.002725269878283143, 0.0036995974369347095, 0.0042042843997478485, 0.006917656399309635, 0.005610231310129166, 0.00736084021627903, 0.004368796478956938, 0.0023600647691637278], [0.04171200469136238, 0.08347751945257187, 0.03883165866136551, 0.04699079319834709, 0.04574174806475639, 0.04013974219560623, 0.06865683943033218, 0.046302419155836105, 0.06392959505319595, 0.04975591599941254, 0.04013974219560623, 0.08347751945257187, 0.04030270874500275, 0.05185084789991379, 0.05465052276849747, 0.07549289613962173, 0.046449873596429825, 0.045975349843502045, 0.03612229973077774], [0.03693997487425804, 0.029765218496322632, 0.024271175265312195, 0.08362928777933121, 0.0485076904296875, 0.0349201001226902, 0.07657552510499954, 0.025300364941358566, 0.09233967214822769, 0.04488470032811165, 0.0349201001226902, 0.029765218496322632, 0.02476908452808857, 0.18810218572616577, 0.0638660416007042, 0.0370502844452858, 0.056103408336639404, 0.04755380377173424, 0.020736170932650566], [0.036180514842271805, 0.024527786299586296, 0.01576516032218933, 0.06503131240606308, 0.027853162959218025, 0.023685235530138016, 0.11403416097164154, 0.02326459437608719, 0.09869566559791565, 0.03597765415906906, 0.023685235530138016, 0.024527786299586296, 0.016296768561005592, 0.10044591128826141, 0.1971377283334732, 0.042477890849113464, 0.07433254271745682, 0.044973224401474, 0.011107570491731167], [0.027333075180649757, 0.03248867020010948, 0.018295804038643837, 0.037337809801101685, 0.03285025432705879, 0.016950439661741257, 0.038253992795944214, 0.012400326319038868, 0.018102549016475677, 0.03674421086907387, 0.016950439661741257, 0.03248867020010948, 0.020628413185477257, 0.025014569982886314, 0.03936932235956192, 0.5330755114555359, 0.02997448854148388, 0.02021896466612816, 0.011522503569722176], [0.05586254596710205, 0.03840896114706993, 0.040913745760917664, 0.0726897194981575, 0.05284284055233002, 0.04025045782327652, 0.05033344402909279, 0.03163852542638779, 0.06519675999879837, 0.06439089775085449, 0.04025045782327652, 0.03840896114706993, 0.040735095739364624, 0.06920534372329712, 0.08344998955726624, 0.04264252632856369, 0.050064150243997574, 0.09253813326358795, 0.03017747588455677], [0.05263159051537514, 0.05263159051537514, 0.05263159051537514, 0.05263159051537514, 0.05263159051537514, 0.05263159051537514, 0.05263159051537514, 0.05263159051537514, 0.05263159051537514, 0.05263159051537514, 0.05263159051537514, 0.05263159051537514, 0.05263159051537514, 0.05263159051537514, 0.05263159051537514, 0.05263159051537514, 0.05263159051537514, 0.05263159051537514, 0.05263159051537514]], "p2h_attention": [[0.9683520793914795, 0.0032010197173804045, 0.004938225261867046, 0.009029391221702099, 0.006575738079845905, 0.005131456535309553, 0.002772060688585043], [0.09463798254728317, 0.18939737975597382, 0.11764142662286758, 0.18097524344921112, 0.23108132183551788, 0.10431084036827087, 0.08195582032203674], [0.1643485426902771, 0.11807076632976532, 0.1285565197467804, 0.1558874398469925, 0.17439594864845276, 0.14890804886817932, 0.10983274132013321], [0.6201150417327881, 0.027704458683729172, 0.08588988333940506, 0.12468541413545609, 0.06901033967733383, 0.05129821226000786, 0.02129669487476349], [0.15531766414642334, 0.09130217880010605, 0.1686653345823288, 0.18080033361911774, 0.20555861294269562, 0.12625454366207123, 0.0721014142036438], [0.248728409409523, 0.09560045599937439, 0.1448797583580017, 0.18345072865486145, 0.1265595406293869, 0.11474895477294922, 0.08603215217590332], [0.08215851336717606, 0.07984907925128937, 0.15513968467712402, 0.43129798769950867, 0.13947337865829468, 0.07007050514221191, 0.04201085492968559], [0.24702638387680054, 0.12500686943531036, 0.11898819357156754, 0.20425938069820404, 0.10495226085186005, 0.10224425792694092, 0.09752267599105835], [0.3566237688064575, 0.05739231035113335, 0.1444065421819687, 0.2881416976451874, 0.0509471595287323, 0.07006001472473145, 0.03242851793766022], [0.20689024031162262, 0.08337004482746124, 0.13101181387901306, 0.1960444152355194, 0.1930113136768341, 0.12914638221263885, 0.06052581965923309], [0.248728409409523, 0.09560045599937439, 0.1448797583580017, 0.18345072865486145, 0.1265595406293869, 0.11474895477294922, 0.08603215217590332], [0.09463798254728317, 0.18939737975597382, 0.11764142662286758, 0.18097524344921112, 0.23108132183551788, 0.10431084036827087, 0.08195582032203674], [0.1652679592370987, 0.11762970685958862, 0.1259329915046692, 0.15468227863311768, 0.18874575197696686, 0.14231280982494354, 0.1054285392165184], [0.06648284941911697, 0.053570058196783066, 0.3385375738143921, 0.33748525381088257, 0.08101917803287506, 0.08558513224124908, 0.03731999918818474], [0.09031619876623154, 0.04661756381392479, 0.09490127861499786, 0.5468664765357971, 0.10527896881103516, 0.08520674705505371, 0.030812760815024376], [0.04045874625444412, 0.035570189356803894, 0.03041013702750206, 0.06508775055408478, 0.787403404712677, 0.024050023406744003, 0.017019838094711304], [0.1636122614145279, 0.06745614111423492, 0.14192961156368256, 0.3510526716709137, 0.13646376132965088, 0.08702747523784637, 0.052458081394433975], [0.12108995020389557, 0.08325684815645218, 0.15001234412193298, 0.26485320925712585, 0.11478426307439804, 0.20058947801589966, 0.0654139369726181], [0.1428571492433548, 0.1428571492433548, 0.1428571492433548, 0.1428571492433548, 0.1428571492433548, 0.1428571492433548, 0.1428571492433548]], "claim": "John Dall was solely Jamaican.", "premise_source_doc_id": "John_Dall", "premise_source_doc_line_num": 0, "premise_source_doc_sentence": "John Dall  (  May 26 , 1920 -- January 15 , 1971  )  was an American actor ."}
