{"premise_tokens": ["He", "was", "the", "subject", "of", "the", "2008", "film", "Bronson", "starring", "Tom", "Hardy", ",", "a", "biopic", "based", "loosely", "around", "his", "life", ".", "@@NULL@@"], "hypothesis_tokens": ["Charles", "Salvador", "was", "the", "subject", "of", "a", "film", ".", "@@NULL@@"], "label_logits": [1.8025321960449219, -2.605574607849121, -1.284934639930725], "label_probs": [0.9453622698783875, 0.011512822471559048, 0.04312494024634361], "h2p_attention": [[0.07160951942205429, 0.02764035016298294, 0.015474481508135796, 0.03430439904332161, 0.01863250695168972, 0.015474481508135796, 0.017607569694519043, 0.012086505070328712, 0.01393287256360054, 0.09979896992444992, 0.03901273012161255, 0.01393287256360054, 0.0207502543926239, 0.027422811836004257, 0.01393287256360054, 0.14119523763656616, 0.01656043902039528, 0.03404918313026428, 0.06227719411253929, 0.27514177560806274, 0.01800638809800148, 0.011156615801155567], [0.057360049337148666, 0.040841277688741684, 0.040979672223329544, 0.04076046124100685, 0.03451654314994812, 0.040979672223329544, 0.04100129380822182, 0.054320767521858215, 0.06575261056423187, 0.03525202348828316, 0.04205688461661339, 0.06575261056423187, 0.031616806983947754, 0.03893200680613518, 0.06575261056423187, 0.048593971878290176, 0.05712835490703583, 0.0414864644408226, 0.04600351303815842, 0.04624665901064873, 0.036213334649801254, 0.028452396392822266], [0.16276785731315613, 0.1398540735244751, 0.03616978973150253, 0.05614675581455231, 0.022409560158848763, 0.03616978973150253, 0.030169906094670296, 0.02448488026857376, 0.0221304539591074, 0.05193331092596054, 0.025432134047150612, 0.0221304539591074, 0.025963112711906433, 0.04077081009745598, 0.0221304539591074, 0.04429049789905548, 0.02968459203839302, 0.03697618097066879, 0.07382474839687347, 0.0457867868244648, 0.03535627946257591, 0.015417353250086308], [0.15450473129749298, 0.037290044128894806, 0.08450057357549667, 0.08801814913749695, 0.036627043038606644, 0.08450057357549667, 0.022793224081397057, 0.03780701383948326, 0.02289319597184658, 0.028663326054811478, 0.03930351138114929, 0.02289319597184658, 0.03329743072390556, 0.04875959828495979, 0.02289319597184658, 0.026997270062565804, 0.019544130191206932, 0.030563483014702797, 0.05771562084555626, 0.05201078951358795, 0.032529160380363464, 0.01589486189186573], [0.2030700147151947, 0.014848079532384872, 0.02257724292576313, 0.4558885991573334, 0.011462122201919556, 0.02257724292576313, 0.02273496612906456, 0.010792380198836327, 0.0058408440090715885, 0.016655713319778442, 0.022706249728798866, 0.0058408440090715885, 0.012426857836544514, 0.022498033940792084, 0.0058408440090715885, 0.011729751713573933, 0.009528911672532558, 0.025030450895428658, 0.03294319286942482, 0.04730580374598503, 0.013624739833176136, 0.004077138379216194], [0.07882540673017502, 0.023717425763607025, 0.03760010749101639, 0.04587262496352196, 0.1619357466697693, 0.03760010749101639, 0.046212948858737946, 0.030728992074728012, 0.01979486085474491, 0.050184719264507294, 0.03117309883236885, 0.01979486085474491, 0.033544812351465225, 0.04408973455429077, 0.01979486085474491, 0.04905025288462639, 0.022286511957645416, 0.08443626016378403, 0.0624399334192276, 0.05950538441538811, 0.02509416826069355, 0.016317138448357582], [0.10240000486373901, 0.027743041515350342, 0.03218235820531845, 0.05789002403616905, 0.028347060084342957, 0.03218235820531845, 0.02973831631243229, 0.04879069700837135, 0.014354976825416088, 0.06306641548871994, 0.03731689602136612, 0.014354976825416088, 0.028702640905976295, 0.14299029111862183, 0.014354976825416088, 0.02512899413704872, 0.022144386544823647, 0.03723540157079697, 0.052615389227867126, 0.1572488695383072, 0.020720992237329483, 0.010490942746400833], [0.002827069954946637, 0.0007886629900895059, 0.0011811878066509962, 0.0013145135017111897, 0.0009352069464512169, 0.0011811878066509962, 0.0028946944512426853, 0.9576244950294495, 0.0009480915614403784, 0.003046171274036169, 0.0014967370079830289, 0.0009480915614403784, 0.0006301284302026033, 0.0023095416836440563, 0.0009480915614403784, 0.0019405269995331764, 0.0016873633721843362, 0.0024216461461037397, 0.002193767111748457, 0.011113389395177364, 0.001072943676263094, 0.0004965960397385061], [0.13469059765338898, 0.04630182683467865, 0.041319720447063446, 0.06747053563594818, 0.031050609424710274, 0.041319720447063446, 0.049167320132255554, 0.0436229445040226, 0.025697505101561546, 0.0324193574488163, 0.04047577455639839, 0.025697505101561546, 0.02692956104874611, 0.03987836465239525, 0.025697505101561546, 0.033781010657548904, 0.029125550761818886, 0.049616508185863495, 0.07405339181423187, 0.059581756591796875, 0.061912618577480316, 0.02019023336470127], [0.04545453563332558, 0.04545453563332558, 0.04545453563332558, 0.04545453563332558, 0.04545453563332558, 0.04545453563332558, 0.04545453563332558, 0.04545453563332558, 0.04545453563332558, 0.04545453563332558, 0.04545453563332558, 0.04545453563332558, 0.04545453563332558, 0.04545453563332558, 0.04545453563332558, 0.04545453563332558, 0.04545453563332558, 0.04545453563332558, 0.04545453563332558, 0.04545453563332558, 0.04545453563332558, 0.04545453563332558]],