{"premise_tokens": ["PR", "is", "able", "to", "divide", "to", "many", "types", ",", "for", "example", "the", "product", "public", "relations", ",", "financial", "public", "relations", ",", "corporate", "public", "relations", ",", "employee", "public", "relations", "and", "government", "public", "relations", ".", "@@NULL@@"], "hypothesis_tokens": ["Team", "RadioShack", "organized", "public", "relations", "for", "the", "Giro", "d'Italia", ".", "@@NULL@@"], "label_logits": [1.8251034021377563, 1.5263149738311768, -5.218930244445801], "label_probs": [0.5738587975502014, 0.42564043402671814, 0.0005007490399293602], "h2p_attention": [[0.008510256186127663, 0.07076539099216461, 0.03687843307852745, 0.040410734713077545, 0.008510256186127663, 0.040410734713077545, 0.027661744505167007, 0.01658974029123783, 0.010035611689090729, 0.027208935469388962, 0.025907542556524277, 0.01602306216955185, 0.026383651420474052, 0.04473762586712837, 0.055170487612485886, 0.010035611689090729, 0.010363149456679821, 0.04473762586712837, 0.055170487612485886, 0.010035611689090729, 0.010731678456068039, 0.04473762586712837, 0.055170487612485886, 0.010035611689090729, 0.05046664923429489, 0.04473762586712837, 0.055170487612485886, 0.014011806808412075, 0.013490196317434311, 0.04473762586712837, 0.055170513689517975, 0.012237707152962685, 0.003755229292437434], [0.03502533957362175, 0.027278006076812744, 0.02690807357430458, 0.025445228442549706, 0.03502533957362175, 0.025445228442549706, 0.02015632577240467, 0.01954340562224388, 0.01684175804257393, 0.02018790692090988, 0.019036250188946724, 0.02182920090854168, 0.024395035579800606, 0.03212060406804085, 0.06142116338014603, 0.01684175804257393, 0.02014811523258686, 0.03212060406804085, 0.06142116338014603, 0.01684175804257393, 0.029844485223293304, 0.03212060406804085, 0.06142116338014603, 0.01684175804257393, 0.02818894200026989, 0.03212060406804085, 0.06142116338014603, 0.019223567098379135, 0.03279728442430496, 0.03212060406804085, 0.06142117828130722, 0.019290251657366753, 0.015156127512454987], [0.018350735306739807, 0.050250835716724396, 0.03420741483569145, 0.028449691832065582, 0.018350735306739807, 0.028449691832065582, 0.033387523144483566, 0.054407861083745956, 0.01684810221195221, 0.023008236661553383, 0.02770153619349003, 0.01875697262585163, 0.02956360951066017, 0.042936280369758606, 0.03641067445278168, 0.01684810221195221, 0.02678711712360382, 0.042936280369758606, 0.03641067445278168, 0.01684810221195221, 0.02100239507853985, 0.042936280369758606, 0.03641067445278168, 0.01684810221195221, 0.025894198566675186, 0.042936280369758606, 0.03641067445278168, 0.018708745017647743, 0.038220230489969254, 0.042936280369758606, 0.03641067445278168, 0.026410825550556183, 0.013964451849460602], [0.0005009176093153656, 0.004355788696557283, 0.0057292659766972065, 0.0022677218075841665, 0.0005009176093153656, 0.0022677218075841665, 0.0006049412186257541, 0.000588538940064609, 0.0004487882542889565, 0.004290466662496328, 0.0007845790823921561, 0.0009560736361891031, 0.003631873056292534, 0.18804962933063507, 0.004657283890992403, 0.0004487882542889565, 0.000826260366011411, 0.18804962933063507, 0.004657283890992403, 0.0004487882542889565, 0.0007218153914436698, 0.18804962933063507, 0.004657283890992403, 0.0004487882542889565, 0.0039407117292284966, 0.18804962933063507, 0.004657283890992403, 0.000522518705110997, 0.0012665778631344438, 0.18804962933063507, 0.004657285287976265, 0.0006773744244128466, 0.0002363582607358694], [0.0002085469604935497, 0.00027493058587424457, 0.00035180625854991376, 0.0005780232022516429, 0.0002085469604935497, 0.0005780232022516429, 0.00016944152594078332, 0.00020086573204025626, 6.610212585655972e-05, 0.0003580983029678464, 0.0001432673161616549, 0.0001688738411758095, 0.0003359503170941025, 0.00101399514824152, 0.1978062242269516, 6.610212585655972e-05, 0.00011879214434884489, 0.00101399514824152, 0.1978062242269516, 6.610212585655972e-05, 0.0004953797906637192, 0.00101399514824152, 0.1978062242269516, 6.610212585655972e-05, 0.00035913626197725534, 0.00101399514824152, 0.1978062242269516, 0.00011155578977195546, 0.0008106384775601327, 0.00101399514824152, 0.1978062242269516, 0.00011123082367703319, 5.1460505346767604e-05], [0.005710025783628225, 0.023535367101430893, 0.022839505225419998, 0.025553982704877853, 0.005710025783628225, 0.025553982704877853, 0.010618465952575207, 0.012190312147140503, 0.009023148566484451, 0.158467099070549, 0.014728382229804993, 0.011081550270318985, 0.029479937627911568, 0.07781597971916199, 0.0298306904733181, 0.009023148566484451, 0.007799623534083366, 0.07781597971916199, 0.0298306904733181, 0.009023148566484451, 0.011251256801187992, 0.07781597971916199, 0.0298306904733181, 0.009023148566484451, 0.018047446385025978, 0.07781597971916199, 0.0298306904733181, 0.010508241131901741, 0.020476864650845528, 0.07781597971916199, 0.029830684885382652, 0.007835257798433304, 0.004286818206310272], [0.01525153312832117, 0.06128399074077606, 0.03797311335802078, 0.04171616956591606, 0.01525153312832117, 0.04171616956591606, 0.02297261543571949, 0.01940184459090233, 0.022182872518897057, 0.027373436838388443, 0.027010811492800713, 0.05629459768533707, 0.02575772814452648, 0.04283357411623001, 0.03474977985024452, 0.022182872518897057, 0.015328245237469673, 0.04283357411623001, 0.03474977985024452, 0.022182872518897057, 0.015056083910167217, 0.04283357411623001, 0.03474977985024452, 0.022182872518897057, 0.023746905848383904, 0.04283357411623001, 0.03474977985024452, 0.028152339160442352, 0.01680433191359043, 0.04283357411623001, 0.03474977985024452, 0.021671053022146225, 0.010589215904474258], [0.03502533957362175, 0.027278006076812744, 0.02690807357430458, 0.025445228442549706, 0.03502533957362175, 0.025445228442549706, 0.02015632577240467, 0.01954340562224388, 0.01684175804257393, 0.02018790692090988, 0.019036250188946724, 0.02182920090854168, 0.024395035579800606, 0.03212060406804085, 0.06142116338014603, 0.01684175804257393, 0.02014811523258686, 0.03212060406804085, 0.06142116338014603, 0.01684175804257393, 0.029844485223293304, 0.03212060406804085, 0.06142116338014603, 0.01684175804257393, 0.02818894200026989, 0.03212060406804085, 0.06142116338014603, 0.019223567098379135, 0.03279728442430496, 0.03212060406804085, 0.06142117828130722, 0.019290251657366753, 0.015156127512454987], [0.03502533957362175, 0.027278006076812744, 0.02690807357430458, 0.025445228442549706, 0.03502533957362175, 0.025445228442549706, 0.02015632577240467, 0.01954340562224388, 0.01684175804257393, 0.02018790692090988, 0.019036250188946724, 0.02182920090854168, 0.024395035579800606, 0.03212060406804085, 0.06142116338014603, 0.01684175804257393, 0.02014811523258686, 0.03212060406804085, 0.06142116338014603, 0.01684175804257393, 0.029844485223293304, 0.03212060406804085, 0.06142116338014603, 0.01684175804257393, 0.02818894200026989, 0.03212060406804085, 0.06142116338014603, 0.019223567098379135, 0.03279728442430496, 0.03212060406804085, 0.06142117828130722, 0.019290251657366753, 0.015156127512454987], [0.018524743616580963, 0.05885739251971245, 0.043664440512657166, 0.034001629799604416, 0.018524743616580963, 0.034001629799604416, 0.02745010331273079, 0.025705209001898766, 0.019412904977798462, 0.026602398604154587, 0.025392737239599228, 0.02978644147515297, 0.029623884707689285, 0.0417119562625885, 0.03145964443683624, 0.019412904977798462, 0.021859098225831985, 0.0417119562625885, 0.03145964443683624, 0.019412904977798462, 0.020920405164361, 0.0417119562625885, 0.03145964443683624, 0.019412904977798462, 0.03301629424095154, 0.0417119562625885, 0.03145964443683624, 0.02823984995484352, 0.02113352343440056, 0.0417119562625885, 0.03145964816212654, 0.04463139548897743, 0.014554678462445736], [0.030303046107292175, 0.030303046107292175, 0.030303046107292175, 0.030303046107292175, 0.030303046107292175, 0.030303046107292175, 0.030303046107292175, 0.030303046107292175, 0.030303046107292175, 