{"premise_tokens": ["Jones", "is", "the", "daughter", "of", "composer", "Quincy", "Jones", "and", "actress", "Peggy", "Lipton", ".", "@@NULL@@"], "hypothesis_tokens": ["Kidada", "Jones", "is", "the", "daughter", "of", "actress", "Peggy", "Lipton", ".", "@@NULL@@"], "label_logits": [2.429720640182495, 0.3255223333835602, -4.304631233215332], "label_probs": [0.8903666734695435, 0.10857434570789337, 0.0010589535813778639], "h2p_attention": [[0.05588791146874428, 0.08131550252437592, 0.0650726705789566, 0.07980166375637054, 0.054809704422950745, 0.0682121142745018, 0.10441025346517563, 0.05588791146874428, 0.057305287569761276, 0.06579223275184631, 0.10441025346517563, 0.10441025346517563, 0.0575040802359581, 0.04518028348684311], [0.20302730798721313, 0.13837260007858276, 0.05540894344449043, 0.04868336766958237, 0.04276888072490692, 0.041105374693870544, 0.03144233673810959, 0.20302730798721313, 0.044610846787691116, 0.06566720455884933, 0.03144233673810959, 0.03144233673810959, 0.0375828854739666, 0.025418268516659737], [0.030858950689435005, 0.6990780234336853, 0.03280652314424515, 0.06337226182222366, 0.019813736900687218, 0.013166720047593117, 0.010202379897236824, 0.030858950689435005, 0.017816392704844475, 0.033029478043317795, 0.010202379897236824, 0.010202379897236824, 0.022923212498426437, 0.00566861592233181], [0.06490806490182877, 0.17232491075992584, 0.15829519927501678, 0.0725138783454895, 0.06861355900764465, 0.04694421589374542, 0.04288589954376221, 0.06490806490182877, 0.07916177064180374, 0.052959732711315155, 0.04288589954376221, 0.04288589954376221, 0.060936979949474335, 0.029775897040963173], [2.5555223146511707e-06, 1.4916519830876496e-05, 3.2493865091964835e-06, 0.9998804330825806, 3.866909082717029e-06, 6.449936790886568e-06, 2.3567220068798633e-06, 2.5555223146511707e-06, 4.851389348914381e-06, 6.620703061344102e-05, 2.3567220068798633e-06, 2.3567220068798633e-06, 6.408433819160564e-06, 1.3342745432964875e-06], [0.048451147973537445, 0.10064947605133057, 0.06635402143001556, 0.08345282822847366, 0.28577280044555664, 0.04327438026666641, 0.03493257611989975, 0.048451147973537445, 0.06950339674949646, 0.07621344923973083, 0.03493257611989975, 0.03493257611989975, 0.04428442195057869, 0.028795337304472923], [0.001346801407635212, 0.0030375656206160784, 0.000927218294236809, 0.02586783468723297, 0.001379781519062817, 0.0008267651428468525, 0.0007591483881697059, 0.001346801407635212, 0.0009035540279000998, 0.9604909420013428, 0.0007591483881697059, 0.0007591483881697059, 0.0010739914141595364, 0.0005213159020058811], [0.05588791146874428, 0.08131550252437592, 0.0650726705789566, 0.07980166375637054, 0.054809704422950745, 0.0682121142745018, 0.10441025346517563, 0.05588791146874428, 0.057305287569761276, 0.06579223275184631, 0.10441025346517563, 0.10441025346517563, 0.0575040802359581, 0.04518028348684311], [0.05588791146874428, 0.08131550252437592, 0.0650726705789566, 0.07980166375637054, 0.054809704422950745, 0.0682121142745018, 0.10441025346517563, 0.05588791146874428, 0.057305287569761276, 0.06579223275184631, 0.10441025346517563, 0.10441025346517563, 0.0575040802359581, 0.04518028348684311], [0.05136675387620926, 0.14048711955547333, 0.0710974633693695, 0.16685724258422852, 0.05342774838209152, 0.05249767377972603, 0.04421684518456459, 0.05136675387620926, 0.06740589439868927, 0.07157117128372192, 0.04421684518456459, 0.04421684518456459, 0.10653097927570343, 0.03474066033959389], [0.0714285671710968, 0.0714285671710968, 0.0714285671710968, 0.0714285671710968, 0.0714285671710968, 0.0714285671710968, 0.0714285671710968, 0.0714285671710968, 0.0714285671710968, 0.0714285671710968, 0.0714285671710968, 0.0714285671710968, 0.0714285671710968, 0.0714285671710968]], "p2h_attention": [[0.04420675337314606, 0.28544881939888, 0.19454671442508698, 0.0779029056429863, 0.06844699382781982, 0.06013144925236702, 0.09232563525438309, 0.04420675337314606, 0.04420675337314606, 0.05284012481570244, 0.035737138241529465], [0.010874906554818153, 0.03289312869310379, 0.7451602816581726, 0.034969083964824677, 0.0675496757030487, 0.02111983112990856, 0.035206735134124756, 0.010874906554818153, 0.010874906554818153, 0.024434272199869156, 0.0060422830283641815], [0.053011924028396606, 0.0802338644862175, 0.21301348507404327, 0.19567114114761353, 0.08963552117347717, 0.08481428027153015, 0.06546434760093689, 0.053011924028396606, 0.053011924028396606, 0.0753251388669014, 0.03680644556879997], [2.3567545213154517e-06, 2.55555778494454e-06, 1.4916726286173798e-05, 3.249431301810546e-06, 0.9998942613601685, 3.866962742904434e-06, 6.620794738410041e-05, 2.3567545213154517e-06, 2.3567545213154517e-06, 6.408528406609548e-06, 1.3342929605641984e-06], [0.041647326201200485, 0.0577644407749176, 0.11999635398387909, 0.07910861819982529, 0.09949415922164917, 0.34070414304733276, 0.09086322784423828, 0.041647326201200485, 0.041647326201200485, 0.05279678478837013, 0.03433038666844368], [0.07372050732374191, 0.07896387577056885, 0.11341653764247894, 0.07698268443346024, 0.23604030907154083, 0.07338114827871323, 0.07743851840496063, 0.07372050732374191, 0.07372050732374191, 0.07378663867712021, 0.048828769475221634], [0.12754814326763153, 0.06827297806739807, 0.09933546930551529, 0.07949313521385193, 0.09748616069555283, 0.06695584207773209, 0.0803721621632576, 0.12754814326763153, 0.12754814326763153, 0.07024729996919632, 0.0551924891769886], [0.04420675337314606, 0.28544881939888, 0.19454671442508698, 0.0779029056429863, 0.06844699382781982, 0.06013144925236702, 0.09232563525438309, 0.04420675337314606, 0.04420675337314606, 0.05284012481570244, 0.035737138241529465], [0.05743149667978287, 0.07946920394897461, 0.1423138678073883, 0.1203802078962326, 0.16463617980480194, 0.10929198563098907, 0.07847972959280014, 0.05743149667978287, 0.05743149667978287, 0.0878545418381691, 0.045279793441295624], [0.0007614914793521166, 0.0013509583659470081, 0.0030469410121440887, 0.0009300801320932806, 0.025947675108909607, 0.0013840403407812119, 0.9634554982185364, 0.0007614914793521166, 0.0007614914793521166, 0.0010773069225251675, 0.000522924936376512], [0.12754814326763153, 0.06827297806739807, 0.09933546930551529, 0.07949313521385193, 0.09748616069555283, 0.06695584207773209, 0.0803721621632576, 0.12754814326763153, 0.12754814326763153, 0.07024729996919632, 0.0551924891769886], [0.12754814326763153, 0.06827297806739807, 0.09933546930551529, 0.07949313521385193, 0.09748616069555283, 0.06695584207773209, 0.0803721621632576, 0.12754814326763153, 0.12754814326763153, 0.07024729996919632, 0.0551924891769886], [0.05335496738553047, 0.06198253482580185, 0.16952107846736908, 0.08579092472791672, 0.2013409435749054, 0.06446947157382965, 0.08636250346899033, 0.05335496738553047, 0.05335496738553047, 0.12854734063148499, 0.04192038252949715], [0.09090908616781235, 0.09090908616781235, 0.09090908616781235, 0.09090908616781235, 0.09090908616781235, 0.09090908616781235, 0.09090908616781235, 0.09090908616781235, 0.09090908616781235, 0.09090908616781235, 0.09090908616781235]], "claim": "Kidada Jones  is the daughter of actress Peggy Lipton.", "premise_source_doc_id": "Kidada_Jones", "premise_source_doc_line_num": 2, "premise_source_doc_sentence": "Jones is the daughter of composer Quincy Jones and actress Peggy Lipton ."}
