{"premise_tokens": ["Agriculture", "in", "Indonesia", "is", "one", "of", "the", "key", "sectors", "of", "Indonesian", "economy", ".", "@@NULL@@"], "hypothesis_tokens": ["Agriculture", "in", "Indonesia", "is", "a", "key", "sector", "of", "19th", "century", "Indonesian", "economy", ".", "@@NULL@@"], "label_logits": [2.734262466430664, 0.4986104369163513, -6.784675121307373], "label_probs": [0.9033457636833191, 0.0965878963470459, 6.634859892074019e-05], "h2p_attention": [[0.9308291077613831, 0.0045445808209478855, 0.003349647391587496, 0.004719903226941824, 0.0024543404579162598, 0.001591018633916974, 0.0034058070741593838, 0.006049259100109339, 0.003349647391587496, 0.001591018633916974, 0.00699416920542717, 0.02739194594323635, 0.0022380040027201176, 0.0014915288193151355], [0.037296928465366364, 0.4896391034126282, 0.020324459299445152, 0.12633587419986725, 0.05127275362610817, 0.02998928166925907, 0.036588747054338455, 0.030086148530244827, 0.020324459299445152, 0.02998928166925907, 0.03508516028523445, 0.04977984353899956, 0.031047120690345764, 0.012240834534168243], [0.09006556868553162, 0.06658851355314255, 0.09267988801002502, 0.07217980176210403, 0.05368586257100105, 0.04865190014243126, 0.05776183307170868, 0.06420793384313583, 0.09267988801002502, 0.04865190014243126, 0.10061277449131012, 0.12108629196882248, 0.0510435625910759, 0.04010433703660965], [0.016779977828264236, 0.05472750961780548, 0.009543649852275848, 0.6539411544799805, 0.06875292211771011, 0.01853443682193756, 0.03068832866847515, 0.055760759860277176, 0.009543649852275848, 0.01853443682193756, 0.012289993464946747, 0.024157464504241943, 0.021443145349621773, 0.005302614066749811], [0.05164291709661484, 0.11195465922355652, 0.031900666654109955, 0.1293441653251648, 0.16392286121845245, 0.06299488246440887, 0.07151796668767929, 0.06306294351816177, 0.031900666654109955, 0.06299488246440887, 0.07426976412534714, 0.07513221353292465, 0.046047698706388474, 0.02331373281776905], [0.022842958569526672, 0.013843233697116375, 0.00901735294610262, 0.059227105230093, 0.03586367517709732, 0.015811406075954437, 0.01624738983809948, 0.7351055145263672, 0.00901735294610262, 0.015811406075954437, 0.017931967973709106, 0.032256126403808594, 0.011392313987016678, 0.00563224870711565], [0.0521203875541687, 0.034025825560092926, 0.02867969684302807, 0.2257167249917984, 0.11657992750406265, 0.02348306216299534, 0.05342283472418785, 0.17632071673870087, 0.02867969684302807, 0.02348306216299534, 0.03185659274458885, 0.1655985414981842, 0.030313629657030106, 0.009719393216073513], [0.024064255878329277, 0.0552692785859108, 0.02736762911081314, 0.07885297387838364, 0.09252694249153137, 0.22388626635074615, 0.05198449641466141, 0.06333115696907043, 0.02736762911081314, 0.22388626635074615, 0.037885334342718124, 0.036324068903923035, 0.03469425439834595, 0.02255946211516857], [0.09006556868553162, 0.06658851355314255, 0.09267988801002502, 0.07217980176210403, 0.05368586257100105, 0.04865190014243126, 0.05776183307170868, 0.06420793384313583, 0.09267988801002502, 0.04865190014243126, 0.10061277449131012, 0.12108629196882248, 0.0510435625910759, 0.04010433703660965], [0.08470671623945236, 0.12833751738071442, 0.03903164342045784, 0.0846598744392395, 0.07411914318799973, 0.06416840851306915, 0.04925176873803139, 0.07306914031505585, 0.03903164342045784, 0.06416840851306915, 0.05453307554125786, 0.161037877202034, 0.05743701756000519, 0.026447782292962074], [0.002103182254359126, 0.0012855379609391093, 0.0011252114782109857, 0.0010395227000117302, 0.0006259442889131606, 0.000753208005335182, 0.0008516114321537316, 0.0014279682654887438, 0.0011252114782109857, 0.000753208005335182, 0.984329879283905, 0.0034516635350883007, 0.0006794013315811753, 0.00044851028360426426], [0.0018170889234170318, 0.00040237174835056067, 0.0002987366751767695, 0.0004507611447479576, 0.0001909849961521104, 0.00015931285452097654, 0.00021769630257040262, 0.0005666507058776915, 0.0002987366751767695, 0.00015931285452097654, 0.000761449511628598, 0.994398295879364, 0.00017964220023714006, 9.894299728330225e-05], [0.053501859307289124, 0.09043777734041214, 0.04538258537650108, 0.1441909670829773, 0.10259018838405609, 0.05483633279800415, 0.0729719027876854, 0.07212232053279877, 0.04538258537650108, 0.05483633279800415, 0.054012395441532135, 0.06473851948976517, 0.1093396246433258, 0.03565657138824463], [0.0714285671710968, 0.0714285671710968, 0.0714285671710968, 0.0714285671710968, 0.0714285671710968, 0.0714285671710968, 0.0714285671710968, 0.0714285671710968, 0.0714285671710968, 0.0714285671710968, 0.0714285671710968, 0.0714285671710968, 0.0714285671710968, 0.0714285671710968]],