{"premise_tokens": ["Wild", "at", "Heart", "(", "film", ")", ",", "a", "1990", "film", "by", "David", "Lynch", ",", "adapted", "from", "the", "novel", "@@NULL@@"], "hypothesis_tokens": ["Wild", "at", "Heart", "was", "produced", "by", "David", "Lynch", ".", "@@NULL@@"], "label_logits": [-0.6235256195068359, -0.2943834364414215, -0.5068299770355225], "label_probs": [0.2846122086048126, 0.3955470621585846, 0.31984075903892517], "h2p_attention": [[0.9464687705039978, 0.002795878332108259, 0.003546912921592593, 0.0014776153257116675, 0.004361745435744524, 0.0017242993926629424, 0.0012190240668132901, 0.004396617412567139, 0.0036688796244561672, 0.004361745435744524, 0.0026469153817743063, 0.0031140954233705997, 0.003617148846387863, 0.0012190240668132901, 0.003506019711494446, 0.004448129329830408, 0.0020182649604976177, 0.004490491934120655, 0.0009184138034470379], [0.012226169928908348, 0.794538676738739, 0.007779160980135202, 0.005759586114436388, 0.018336087465286255, 0.005625162273645401, 0.006413809023797512, 0.012758534401655197, 0.009695532731711864, 0.018336087465286255, 0.014458526857197285, 0.011827717535197735, 0.006981828715652227, 0.006413809023797512, 0.01442635152488947, 0.013081899844110012, 0.018937762826681137, 0.018387021496891975, 0.00401615584269166], [0.00312076136469841, 0.0015652028378099203, 0.952622652053833, 0.0009496627608314157, 0.0028946539387106895, 0.0010656958911567926, 0.0011316848685964942, 0.0030503738671541214, 0.008848024532198906, 0.0028946539387106895, 0.0011307381791993976, 0.0008961435523815453, 0.0009681641822680831, 0.0011316848685964942, 0.0018945704214274883, 0.006003722082823515, 0.0017609515925869346, 0.007262446917593479, 0.0008080690167844296], [0.07067060470581055, 0.08702731132507324, 0.04549666866660118, 0.028980661183595657, 0.03932186961174011, 0.029575176537036896, 0.04169585928320885, 0.06547650694847107, 0.061671044677495956, 0.03932186961174011, 0.09086979180574417, 0.048424020409584045, 0.04610390216112137, 0.04169585928320885, 0.04479542002081871, 0.09267325699329376, 0.05808743089437485, 0.04335310682654381, 0.02475973777472973], [0.06758227199316025, 0.04693788290023804, 0.05438103899359703, 0.02079465240240097, 0.057652704417705536, 0.02278146892786026, 0.02433733642101288, 0.04574468731880188, 0.07002770900726318, 0.057652704417705536, 0.09640662372112274, 0.03277398645877838, 0.02131250873208046, 0.02433733642101288, 0.07024519145488739, 0.0826333537697792, 0.023871609941124916, 0.17071720957756042, 0.009809738025069237], [0.004177975933998823, 0.005218885838985443, 0.00202851346693933, 0.0016637099906802177, 0.0033375502098351717, 0.0018170493422076106, 0.005215348210185766, 0.005358231253921986, 0.0036223724018782377, 0.0033375502098351717, 0.897437572479248, 0.0076657868921756744, 0.004496901761740446, 0.005215348210185766, 0.008643636479973793, 0.026900270953774452, 0.0037379697896540165, 0.00867556780576706, 0.0014496538788080215], [0.017008792608976364, 0.014773055911064148, 0.005563000217080116, 0.007369496859610081, 0.009240308776497841, 0.006860795430839062, 0.006971848197281361, 0.008758332580327988, 0.008924148976802826, 0.009240308776497841, 0.026526033878326416, 0.7998846173286438, 0.016543373465538025, 0.006971848197281361, 0.00845333281904459, 0.011710715480148792, 0.007476916536688805, 0.022706884890794754, 0.005016258917748928], [0.06595499813556671, 0.02911241352558136, 0.020064115524291992, 0.019682127982378006, 0.02400900050997734, 0.018874868750572205, 0.03378999978303909, 0.03322046622633934, 0.030468188226222992, 0.02400900050997734, 0.05194798856973648, 0.05522855371236801, 0.3724047839641571, 0.03378999978303909, 0.03367380425333977, 0.0724426656961441, 0.02383248321712017, 0.040748242288827896, 0.01674632728099823], [0.06139472872018814, 0.0876823216676712, 0.04847349226474762, 0.039051417261362076, 0.062233470380306244, 0.03888089954853058, 0.038418322801589966, 0.05689137801527977, 0.05823077633976936, 0.062233470380306244, 0.0626983568072319, 0.05129675939679146, 0.04236307740211487, 0.038418322801589966, 0.04253083094954491, 0.06711887568235397, 0.05894764885306358, 0.05433187261223793, 0.02880384586751461], [0.05263159051537514, 0.05263159051537514, 0.05263159051537514, 0.05263159051537514, 0.05263159051537514, 0.05263159051537514, 0.05263159051537514, 0.05263159051537514, 0.05263159051537514, 0.05263159051537514, 0.05263159051537514, 0.05263159051537514, 0.05263159051537514, 0.05263159051537514, 0.05263159051537514, 0.05263159051537514, 0.05263159051537514, 0.05263159051537514, 0.05263159051537514]],