{"premise_tokens": ["Grigori", "Yefimovich", "Rasputin", "(", "Григорий", "Ефимович", "Распутин", "-LSB-", "ɡrʲɪˈɡorʲɪj", "jɪˈfʲiməvʲɪtɕ", "rɐˈsputʲɪn", "-RSB-", ")", "was", "a", "Russian", "mystic", "and", "self", "-", "proclaimed", "holy", "man", "who", "befriended", "the", "family", "of", "Tsar", "Nicholas", "II", "and", "gained", "considerable", "influence", "in", "late", "imperial", "Russia", ".", "@@NULL@@"], "hypothesis_tokens": ["Grigori", "Rasputin", "befriended", "the", "family", "of", "Donald", "Trump", ".", "@@NULL@@"], "label_logits": [-0.05534102022647858, -0.5263352394104004, -1.105004072189331], "label_probs": [0.5064735412597656, 0.3162325620651245, 0.17729392647743225], "h2p_attention": [[0.031640276312828064, 0.031640276312828064, 0.026520105078816414, 0.01471826620399952, 0.031640276312828064, 0.031640276312828064, 0.031640276312828064, 0.031640276312828064, 0.031640276312828064, 0.031640276312828064, 0.031640276312828064, 0.031640276312828064, 0.015275835059583187, 0.019652897492051125, 0.018734153360128403, 0.029235105961561203, 0.031640276312828064, 0.017365681007504463, 0.021147634834051132, 0.016237888485193253, 0.031640276312828064, 0.023180412128567696, 0.021302595734596252, 0.017370136454701424, 0.031640276312828064, 0.01971949264407158, 0.03403545171022415, 0.016609424725174904, 0.02064313367009163, 0.017869800329208374, 0.016639307141304016, 0.017365681007504463, 0.024514179676771164, 0.02317550592124462, 0.01900181546807289, 0.022732863202691078, 0.02934475801885128, 0.031640276312828064, 0.023526839911937714, 0.01742592267692089, 0.013691345229744911], [0.0017385018290951848, 0.0017385018290951848, 0.8830003142356873, 0.0014638081192970276, 0.0017385018290951848, 0.0017385018290951848, 0.0017385018290951848, 0.0017385018290951848, 0.0017385018290951848, 0.0017385018290951848, 0.0017385018290951848, 0.0017385018290951848, 0.001698160544037819, 0.001705971546471119, 0.0031101610511541367, 0.014261975884437561, 0.0017385018290951848, 0.0012811245396733284, 0.002518444787710905, 0.0015304171247407794, 0.0017385018290951848, 0.0029442706145346165, 0.0019080344354733825, 0.001988613046705723, 0.0017385018290951848, 0.0019533801823854446, 0.019465191289782524, 0.0016663121059536934, 0.0014375882456079125, 0.0021025293972343206, 0.0018533834954723716, 0.0012811245396733284, 0.002563328016549349, 0.006527329329401255, 0.0038568784948438406, 0.004586927127093077, 0.004088884219527245, 0.0017385018290951848, 0.00442810682579875, 0.001541299861855805, 0.0008975241216830909], [0.031640276312828064, 0.031640276312828064, 0.026520105078816414, 0.01471826620399952, 0.031640276312828064, 0.031640276312828064, 0.031640276312828064, 0.031640276312828064, 0.031640276312828064, 0.031640276312828064, 0.031640276312828064, 0.031640276312828064, 0.015275835059583187, 0.019652897492051125, 0.018734153360128403, 0.029235105961561203, 0.031640276312828064, 0.017365681007504463, 0.021147634834051132, 0.016237888485193253, 0.031640276312828064, 0.023180412128567696, 0.021302595734596252, 0.017370136454701424, 0.031640276312828064, 0.01971949264407158, 0.03403545171022415, 0.016609424725174904, 0.02064313367009163, 0.017869800329208374, 0.016639307141304016, 0.017365681007504463, 0.024514179676771164, 0.02317550592124462, 0.01900181546807289, 0.022732863202691078, 0.02934475801885128, 0.031640276312828064, 0.023526839911937714, 0.01742592267692089, 0.013691345229744911], [0.017755914479494095, 0.017755914479494095, 0.026830822229385376, 0.014816394075751305, 0.017755914479494095, 0.017755914479494095, 0.017755914479494095, 0.017755914479494095, 0.017755914479494095, 0.017755914479494095, 0.017755914479494095, 0.017755914479494095, 0.014965007081627846, 0.028922080993652344, 0.03781784698367119, 0.027359778061509132, 0.017755914479494095, 0.03277510404586792, 0.032852333039045334, 0.014843994751572609, 0.017755914479494095, 0.020207690075039864, 0.028034351766109467, 0.033844899386167526, 0.017755914479494095, 0.06553847342729568, 0.04516929015517235, 0.028407860547304153, 0.016077816486358643, 0.021194135770201683, 0.024313969537615776, 0.03277510404586792, 0.020542286336421967, 0.02757989428937435, 0.024819811806082726, 0.036849360913038254, 0.03545239195227623, 0.017755914479494095, 0.021868955343961716, 0.025229547172784805, 0.012328023090958595], [0.0009551423718221486, 0.0009551423718221486, 0.008332883007824421, 0.0005265690269879997, 0.0009551423718221486, 0.0009551423718221486, 0.0009551423718221486, 0.0009551423718221486, 0.0009551423718221486, 0.0009551423718221486, 0.0009551423718221486, 0.0009551423718221486, 0.000618410122115165, 0.0011194810504093766, 0.0015576004516333342, 0.0027574854902923107, 0.0009551423718221486, 0.0011235224083065987, 0.0012470915680751204, 0.0010080615757033229, 0.0009551423718221486, 0.0017274533165618777, 0.0034377274569123983, 0.0016781450249254704, 0.0009551423718221486, 0.0014077728847041726, 0.9422361254692078, 0.0008337966282851994, 0.000771373393945396, 0.002184240147471428, 0.0007191660697571933, 0.0011235224083065987, 0.0018008049810305238, 0.0019780294969677925, 0.0012262938544154167, 0.002488338388502598, 0.0012312026228755713, 0.0009551423718221486, 0.0017920008394867182, 0.001316735870204866, 0.00038422245415858924], [0.014694695360958576, 0.014694695360958576, 0.022488592192530632, 0.013325213454663754, 0.014694695360958576, 0.014694695360958576, 0.014694695360958576, 0.014694695360958576, 0.014694695360958576, 0.014694695360958576, 0.014694695360958576, 0.014694695360958576, 0.014330001547932625, 0.01760660670697689, 0.032729972153902054, 0.0289963036775589, 0.014694695360958576, 0.02923721633851528, 0.051305487751960754, 0.015962665900588036, 0.014694695360958576, 0.020668715238571167, 0.02955976128578186, 0.024289069697260857, 0.014694695360958576, 0.027912404388189316, 0.026286298409104347, 0.1202128455042839, 0.023677747696638107, 0.02304818481206894, 0.04287872090935707, 0.02923721633851528, 0.02598375454545021, 0.024238774552941322, 0.021787911653518677, 0.029676126316189766, 0.05058883875608444, 0.014694695360958576, 0.017504211515188217, 0.01862863078713417, 0.012113012373447418], [0.014470432884991169, 0.014470432884991169, 0.023522015661001205, 0.01618196815252304, 0.014470432884991169, 0.014470432884991169, 0.014470432884991169, 0.014470432884991169, 0.014470432884991169, 0.014470432884991169, 0.014470432884991169, 0.014470432884991169, 0.018185334280133247, 0.019162887707352638, 0.03183693811297417, 0.060929421335458755, 0.014470432884991169, 0.030063703656196594, 0.06061984598636627, 0.012772226706147194, 0.014470432884991169, 0.01931065507233143, 0.023692939430475235, 0.06069570034742355, 0.014470432884991169, 0.023380745202302933, 0.029528263956308365, 0.022328652441501617, 0.018429279327392578, 0.05642262473702431, 0.020676901564002037, 0.030063703656196594, 0.017667751759290695, 0.024199021980166435, 0.02238861843943596, 0.021984191611409187, 0.02444353513419628, 0.014470432884991169, 0.07907754927873611, 0.01707722619175911, 0.012772226706147194], [0.020343812182545662, 0.020343812182545662, 0.039811354130506516, 0.016394810751080513, 0.020343812182545662, 0.020343812182545662, 0.020343812182545662, 0.020343812182545662, 0.020343812182545662, 0.020343812182545662, 0.020343812182545662, 0.020343812182545662, 0.017432115972042084, 0.024318499490618706, 0.027792179957032204, 0.04726680740714073, 0.020343812182545662, 0.01937270537018776, 0.02625785581767559, 0.01964355632662773, 0.020343812182545662, 0.028407661244273186, 0.028879797086119652, 0.021641865372657776, 0.020343812182545662, 0.019182294607162476, 0.06319819390773773, 0.02131674811244011, 0.028412852436304092, 0.01873132586479187, 0.02702624909579754, 0.01937270537018776, 0.027701999992132187, 0.02282794564962387, 0.029878195375204086, 0.02256188914179802, 0.03549639508128166, 0.020343812182545662, 0.02773880958557129, 0.020685233175754547, 0.013836542144417763], [0.018022170290350914, 0.018022170290350914, 