{"premise_tokens": ["In", "2003", ",", "Yang", "Liwei", "was", "launched", "aboard", "Shenzhou", "5", ",", "becoming", "the", "first", "person", "sent", "into", "space", "by", "the", "Chinese", "space", "program", ".", "@@NULL@@"], "hypothesis_tokens": ["Orion", "(", "spacecraft", ")", "was", "announced", "by", "the", "Chinese", "Space", "Program", "in", "2012", ".", "@@NULL@@"], "label_logits": [-0.4036889672279358, 1.7690398693084717, -2.208960771560669], "label_probs": [0.10053640604019165, 0.8829324245452881, 0.01653117500245571], "h2p_attention": [[0.030192198231816292, 0.02176889032125473, 0.020196864381432533, 0.07813013345003128, 0.02176889032125473, 0.030748337507247925, 0.2502852976322174, 0.02737058885395527, 0.02176889032125473, 0.025054020807147026, 0.020196864381432533, 0.024621324613690376, 0.01638864167034626, 0.033048197627067566, 0.049683745950460434, 0.02834889106452465, 0.027420584112405777, 0.054274145513772964, 0.04567691683769226, 0.01638864167034626, 0.020142043009400368, 0.054274145513772964, 0.0459405742585659, 0.021062497049570084, 0.015248704701662064], [0.04608168825507164, 0.03362135589122772, 0.03550438955426216, 0.050224050879478455, 0.03362135589122772, 0.03660723194479942, 0.04621439054608345, 0.035859253257513046, 0.03362135589122772, 0.05678994208574295, 0.03550438955426216, 0.0422246940433979, 0.037588395178318024, 0.04683531075716019, 0.040606606751680374, 0.04696453735232353, 0.04050159454345703, 0.03211972117424011, 0.03589368984103203, 0.037588395178318024, 0.04771706834435463, 0.03211972117424011, 0.04251296818256378, 0.04240245744585991, 0.03127552941441536], [0.009867358952760696, 0.00743219256401062, 0.006168471649289131, 0.029096761718392372, 0.00743219256401062, 0.015435337089002132, 0.030278973281383514, 0.019807271659374237, 0.00743219256401062, 0.0063660419546067715, 0.006168471649289131, 0.01023468840867281, 0.005547915119677782, 0.03787925839424133, 0.025575712323188782, 0.010631151497364044, 0.02948233298957348, 0.332720547914505, 0.025000913068652153, 0.005547915119677782, 0.02078821323812008, 0.332720547914505, 0.008884756825864315, 0.005706567317247391, 0.0037942782510071993], [0.04749666526913643, 0.03305748105049133, 0.03335079178214073, 0.06163565069437027, 0.03305748105049133, 0.035390954464673996, 0.054145414382219315, 0.03507319092750549, 0.03305748105049133, 0.05222718045115471, 0.03335079178214073, 0.0423707477748394, 0.035966191440820694, 0.04766226187348366, 0.03849039599299431, 0.049139637500047684, 0.03905048593878746, 0.030839674174785614, 0.03713756427168846, 0.035966191440820694, 0.04893191158771515, 0.030839674174785614, 0.04213942214846611, 0.03999417647719383, 0.029628587886691093], [0.033567581325769424, 0.020336104556918144, 0.02385800890624523, 0.04800858721137047, 0.020336104556918144, 0.1285146176815033, 0.056604109704494476, 0.0440085344016552, 0.020336104556918144, 0.023209167644381523, 0.02385800890624523, 0.03192979842424393, 0.03323712199926376, 0.042973097413778305, 0.12028143554925919, 0.036780115216970444, 0.03979567810893059, 0.030266201123595238, 0.05199490487575531, 0.03323712199926376, 0.03237171843647957, 0.030266201123595238, 0.027572784572839737, 0.03248957172036171, 0.014167306013405323], [0.03109588287770748, 0.02666870504617691, 0.01637142151594162, 0.03221278637647629, 0.02666870504617691, 0.034430958330631256, 0.07916755974292755, 0.04607021063566208, 0.02666870504617691, 0.03255332261323929, 0.01637142151594162, 0.0430121123790741, 0.018032800406217575, 0.06404197216033936, 0.03717032074928284, 0.03744383156299591, 0.04188937321305275, 0.08035919815301895, 0.05181862786412239, 0.018032800406217575, 0.06476700305938721, 0.08035919815301895, 0.06260329484939575, 0.019650712609291077, 0.012539170682430267], [0.005461023189127445, 0.0018621084745973349, 0.004930973052978516, 0.01873873919248581, 0.0018621084745973349, 0.005030222702771425, 0.01542119774967432, 0.0037259734235703945, 0.0018621084745973349, 0.0031207355204969645, 0.004930973052978516, 0.0023808893747627735, 0.0035341510083526373, 0.01565876230597496, 0.011468878947198391, 0.007106216624379158, 0.009627317078411579, 0.004165719263255596, 0.8485033512115479, 0.0035341510083526373, 0.01322361920028925, 0.004165719263255596, 0.005330984480679035, 0.0029834534507244825, 0.001370609039440751], [0.05049192160367966, 0.024329600855708122, 0.03538663685321808, 0.02450312301516533, 0.024329600855708122, 0.03962976485490799, 0.03173687309026718, 0.029701855033636093, 0.024329600855708122, 0.02069070003926754, 0.03538663685321808, 0.03357336297631264, 0.08980246633291245, 0.06900137662887573, 0.07103281468153, 0.03451576456427574, 0.05783633142709732, 0.026854556053876877, 0.04355689138174057, 0.08980246633291245, 0.03273221477866173, 0.026854556053876877, 0.03245854750275612, 0.03457016125321388, 0.016892166808247566], [4.4536503992276266e-05, 1.1122855539724696e-05, 1.4096011000219733e-05, 0.00024448917247354984, 1.1122855539724696e-05, 1.6206331565626897e-05, 5.446806608233601e-05, 8.983623411040753e-05, 1.1122855539724696e-05, 1.2934301594214048e-05, 1.4096011000219733e-05, 2.152418892364949e-05, 1.3743461749982089e-05, 2.541992762417067e-05, 1.694597267487552e-05, 3.6148128856439143e-05, 3.575964365154505e-05, 7.555733463959768e-05, 6.842943548690528e-05, 1.3743461749982089e-05, 0.9990419149398804, 7.555733463959768e-05, 3.42934945365414e-05, 9.850591595750302e-06, 7.09261212250567e-06], [0.0057838913053274155, 0.0023545389994978905, 0.0024601470213383436, 0.005079410504549742, 0.0023545389994978905, 0.002770320512354374, 0.007775771897286177, 0.005119810346513987, 0.0023545389994978905, 0.002330397954210639, 0.0024601470213383436, 0.0036667778622359037, 0.002061540959402919, 0.007083561271429062, 0.004683560226112604, 0.0030592067632824183, 0.009425321593880653, 0.4507758617401123, 0.00394126633182168, 0.002061540959402919, 0.013814332894980907, 0.4507758617401123, 0.004736775998026133, 0.0017741384217515588, 0.0012967593502253294], [0.025783073157072067, 0.012928587384521961, 0.014063756912946701, 0.018412698060274124, 0.012928587384521961, 0.017558082938194275, 0.043513186275959015, 0.021213429048657417, 0.012928587384521961, 0.03803142532706261, 0.014063756912946701, 0.01714872010052204, 0.017335139214992523, 0.03200395032763481, 0.03598369285464287, 0.02669575996696949, 0.028520876541733742, 0.03295392543077469, 0.03508952632546425, 0.017335139214992523, 0.043620336800813675, 0.03295392543077469, 0.4241621792316437, 0.015750115737318993, 0.00902160257101059], [0.3130573332309723, 0.012994716875255108, 0.017219750210642815, 0.029378052800893784, 0.012994716875255108, 0.01854349672794342, 0.045346956700086594, 0.02648906037211418, 0.012994716875255108, 0.017597036436200142, 0.017219750210642815, 0.021364521235227585, 0.023393506184220314, 0.03231579810380936, 0.09506195038557053, 0.015282480046153069, 0.0651668980717659, 0.03490755334496498, 0.031183090060949326, 0.023393506184220314, 0.049143802374601364, 0.03490755334496498, 0.02236710675060749, 0.019850384443998337, 0.00782634224742651], [0.03465325012803078, 0.015913015231490135, 0.016423556953668594, 0.08011885732412338, 0.015913015231490135, 0.031089287251234055, 0.1077108383178711, 0.03254251554608345, 0.015913015231490135, 0.03430468961596489, 0.016423556953668594, 0.04495541378855705, 0.01442972756922245, 0.038156602531671524, 0.22267839312553406, 0.014340425841510296, 0.02995573729276657, 0.039002176374197006, 0.02992110326886177, 0.01442972756922245, 0.03042151965200901, 0.039002176374197006, 0.04772886633872986, 0.02481316216289997, 0.009159368462860584], [0.050588253885507584, 0.025385688990354538, 0.02660280279815197, 0.04759872332215309, 0.025385688990354538, 0.04573998227715492, 0.055933766067028046, 0.033518340438604355, 0.025385688990354538, 0.034039586782455444, 0.02660280279815197, 0.03642381727695465, 0.04081835597753525, 0.04544658958911896, 0.10125217586755753, 0.03341928496956825, 0.06342075765132904, 