{"premise_tokens": ["It", "was", "the", "fourth", "moon", "of", "Pluto", "to", "be", "discovered", "and", "its", "existence", "was", "announced", "on", "20", "July", "2011", ".", "@@NULL@@"], "hypothesis_tokens": ["Kerberos", "was", "the", "fourth", "moon", "of", "the", "eight", "moons", "of", "Pluto", "to", "be", "discovered", ".", "@@NULL@@"], "label_logits": [1.1905488967895508, 2.3310964107513428, -4.796011924743652], "label_probs": [0.24207253754138947, 0.7573192715644836, 0.0006081561441533267], "h2p_attention": [[0.057030320167541504, 0.04238096997141838, 0.04252457618713379, 0.036411408334970474, 0.043294988572597504, 0.03581779822707176, 0.06719477474689484, 0.04956880956888199, 0.05502641573548317, 0.050054047256708145, 0.03744864463806152, 0.058973122388124466, 0.07041393965482712, 0.04238096997141838, 0.0627947673201561, 0.046050988137722015, 0.04059814661741257, 0.043417155742645264, 0.051514651626348495, 0.03757854923605919, 0.0295250304043293], [0.07409777492284775, 0.12260488420724869, 0.031708721071481705, 0.029376858845353127, 0.028867248445749283, 0.019645633175969124, 0.06692370027303696, 0.03978361561894417, 0.0663943737745285, 0.052298568189144135, 0.029033273458480835, 0.028816360980272293, 0.05065849795937538, 0.12260488420724869, 0.03711271658539772, 0.02979762852191925, 0.02714213728904724, 0.05899595469236374, 0.03962589427828789, 0.030995536595582962, 0.013515823520720005], [0.1469920128583908, 0.03712104260921478, 0.08411760628223419, 0.042483847588300705, 0.029029732570052147, 0.03646104410290718, 0.04429801553487778, 0.06233394518494606, 0.07253635674715042, 0.030231913551688194, 0.04206633195281029, 0.03705514222383499, 0.0805775448679924, 0.03712104260921478, 0.022755078971385956, 0.04738806188106537, 0.03150641545653343, 0.04191027954220772, 0.025810005143284798, 0.03238173946738243, 0.015822824090719223], [0.0006946790381334722, 0.0001895793539006263, 0.00023418990895152092, 0.990607500076294, 0.000634964439086616, 0.0004704709572251886, 0.0002001700340770185, 0.0006516303401440382, 0.0009311931789852679, 0.00011868224100908265, 0.0007957420311868191, 0.0001678856206126511, 0.0005813137977384031, 0.0001895793539006263, 0.00019952470029238611, 0.00020765021326951683, 0.00172200717497617, 0.0008110065246000886, 0.00027191208209842443, 0.0002331681316718459, 8.72224336490035e-05], [0.025998232886195183, 0.01445884257555008, 0.0124202286824584, 0.049282390624284744, 0.5428507924079895, 0.01383669488132, 0.025626081973314285, 0.015336240641772747, 0.036228276789188385, 0.02502906508743763, 0.011761344037950039, 0.015340606682002544, 0.04138973727822304, 0.01445884257555008, 0.021173661574721336, 0.03812078759074211, 0.01601524092257023, 0.027576597407460213, 0.03456702455878258, 0.011759600602090359, 0.006769717670977116], [0.046958453953266144, 0.02271558716893196, 0.03601185977458954, 0.08429563790559769, 0.031942009925842285, 0.15509548783302307, 0.03714356571435928, 0.0515688918530941, 0.03925269842147827, 0.0309776458889246, 0.037721093744039536, 0.039297256618738174, 0.04763875529170036, 0.02271558716893196, 0.03722099959850311, 0.043590839952230453, 0.08050068467855453, 0.06277550011873245, 0.0529153011739254, 0.024034177884459496, 0.015627892687916756], [0.1469920128583908, 0.03712104260921478, 0.08411760628223419, 0.042483847588300705, 0.029029732570052147, 0.03646104410290718, 0.04429801553487778, 0.06233394518494606, 0.07253635674715042, 0.030231913551688194, 0.04206633195281029, 0.03705514222383499, 0.0805775448679924, 0.03712104260921478, 0.022755078971385956, 0.04738806188106537, 0.03150641545653343, 0.04191027954220772, 0.025810005143284798, 0.03238173946738243, 0.015822824090719223], [0.013071916066110134, 0.007069687824696302, 0.006751173175871372, 0.7292167544364929, 0.010649377480149269, 0.012767401523888111, 0.006051899865269661, 0.012254735454916954, 0.023432251065969467, 0.005442340392619371, 0.014893721789121628, 0.009495752863585949, 0.0067555648274719715, 0.007069687824696302, 0.00798935815691948, 0.006951084826141596, 0.09369520097970963, 0.0054888348095119, 0.008305268362164497, 0.00782780908048153, 0.00482023274526], [0.03977755084633827, 0.029420172795653343, 0.024242475628852844, 0.02850460074841976, 0.13687466084957123, 0.022204861044883728, 0.13425485789775848, 0.01986604742705822, 0.054308414459228516, 0.14810776710510254, 0.022361069917678833, 0.02472422644495964, 0.06088724732398987, 0.029420172795653343, 0.031809281557798386, 0.07334530353546143, 0.02023889683187008, 0.032411109656095505, 0.031328409910202026, 0.021177634596824646, 0.014735366217792034], [0.046958453953266144, 0.02271558716893196, 0.03601185977458954, 0.08429563790559769, 0.031942009925842285, 0.15509548783302307, 0.03714356571435928, 0.0515688918530941, 0.03925269842147827, 0.0309776458889246, 0.037721093744039536, 0.039297256618738174, 0.04763875529170036, 0.02271558716893196, 0.03722099959850311, 0.043590839952230453, 0.08050068467855453, 0.06277550011873245, 0.0529153011739254, 0.024034177884459496, 0.015627892687916756], [0.0004487930564209819, 0.00025560936774127185, 0.00014452387404162437, 0.00011847045971080661, 0.00019541177607607096, 0.00012269371654838324, 0.9923862814903259, 0.00029933135374449193, 0.0004281224973965436, 0.0008089352631941438, 0.00012557051377370954, 0.00025222604745067656, 0.002543497597798705, 0.00025560936774127185, 0.0005909462342970073, 0.0001806805084925145, 8.930875628720969e-05, 0.0003700218512676656, 0.0002063032879959792, 0.0001260840945178643, 5.162251909496263e-05], [0.17631781101226807, 0.020793331786990166, 0.02782934159040451, 0.05277587100863457, 0.01600334420800209, 0.023310400545597076, 0.040961459279060364, 0.22789013385772705, 0.06686875224113464, 0.01648878864943981, 0.024824976921081543, 0.024689985439181328, 0.07045262306928635, 0.020793331786990166, 0.014967371709644794, 0.02878345176577568, 0.04468380659818649, 0.054627154022455215, 0.023371092975139618, 0.016502875834703445, 0.007064190227538347], [0.04733014851808548, 0.006083933170884848, 0.005677635315805674, 0.01322230976074934, 0.006627852562814951, 0.0031107475515455008, 0.010271280072629452, 0.011723476462066174, 0.8242339491844177, 0.0038632871583104134, 0.003272409550845623, 0.0074568819254636765, 0.007982674986124039, 0.006083933170884848, 0.005270239431411028, 0.010361666791141033, 0.011780933476984501, 0.0041291615925729275, 0.005532019305974245, 0.004746989347040653, 0.001238499186001718], [0.0070923445746302605, 0.008199507370591164, 0.0040487609803676605, 0.0028833530377596617, 0.007834560237824917, 0.004200378432869911, 0.03320588544011116, 0.004946143366396427, 0.006610003765672445, 0.7975784540176392, 0.00386925064958632, 0.0048683625645935535, 0.03764733672142029, 0.008199507370591164, 0.005546427331864834, 0.010266123339533806, 0.0037678817752748728, 0.02583170123398304, 0.017493529245257378, 0.0037914104759693146, 0.00211904663592577], [0.09381220489740372, 0.04595847427845001, 0.04101331904530525, 0.05357346683740616, 0.03481214866042137, 0.03082035481929779, 0.04894743114709854, 0.04681725800037384, 0.07681237906217575, 0.03585660830140114, 0.038883794099092484, 0.03625185042619705, 0.0620344877243042, 0.04595847427845001, 0.03140641003847122, 0.04679753631353378, 0.04448362812399864, 0.042799212038517, 0.06146695837378502, 0.06145351752638817, 0.020040513947606087], [0.0476190485060215, 0.0476190485060215, 0.0476190485060215, 0.0476190485060215, 0.0476190485060215, 0.0476190485060215, 0.0476190485060215, 0.0476190485060215, 0.0476190485060215, 0.0476190485060215, 0.0476190485060215, 0.0476190485060215, 0.0476190485060215, 0.0476190485060215, 0.0476190485060215, 0.0476190485060215, 0.0476190485060215, 0.0476190485060215, 0.0476190485060215, 0.0476190485060215, 0.0476190485060215]],