{"premise_tokens": ["The", "University", "of", "Colorado", "Denver", "is", "located", "on", "Auraria", "Campus", "in", "Downtown", "Denver", ",", "Colorado", "while", "the", "CU", "Anschutz", "Medical", "Campus", "is", "located", "on", "the", "Anschutz", "Medical", "Campus", "in", "Aurora", ",", "Colorado", ",", "nearly", "10", "miles", "away", ".", "@@NULL@@"], "hypothesis_tokens": ["Denver", "is", "larger", "than", "Colorado", ".", "@@NULL@@"], "label_logits": [2.7415964603424072, 1.19887375831604, -5.323379993438721], "label_probs": [0.8236468434333801, 0.1760942041873932, 0.0002589203359093517], "h2p_attention": [[0.00021088490029796958, 0.0004315805563237518, 0.0002620574668981135, 0.001884389785118401, 0.48855358362197876, 0.00041952714673243463, 0.00035131198819726706, 0.0002071963099297136, 0.0002538273693062365, 0.00046116000157780945, 0.0005041914992034435, 0.0008424748084507883, 0.48855358362197876, 0.0002038429374806583, 0.001884389785118401, 0.00038223632145673037, 0.00021088490029796958, 0.0002538273693062365, 0.0002538273693062365, 0.001514944015070796, 0.00046116000157780945, 0.00041952714673243463, 0.00035131198819726706, 0.0002071963099297136, 0.00021088490029796958, 0.0002538273693062365, 0.001514944015070796, 0.00046116000157780945, 0.0005041914992034435, 0.002358033787459135, 0.0002038429374806583, 0.001884389785118401, 0.0002038429374806583, 0.00033108817297033966, 0.0007150840247049928, 0.0008206053753383458, 0.0009432404767721891, 0.0003829985798802227, 0.00013280767598189414], [0.011924768798053265, 0.0071102529764175415, 0.007202050182968378, 0.006591564975678921, 0.006508840247988701, 0.2541062831878662, 0.027753980830311775, 0.017744777724146843, 0.003708439879119396, 0.008390364237129688, 0.02126583456993103, 0.009982981719076633, 0.006508840247988701, 0.005785543005913496, 0.006591564975678921, 0.06038285046815872, 0.011924768798053265, 0.003708439879119396, 0.003708439879119396, 0.01150600053369999, 0.008390364237129688, 0.2541062831878662, 0.027753980830311775, 0.017744777724146843, 0.011924768798053265, 0.003708439879119396, 0.01150600053369999, 0.008390364237129688, 0.02126583456993103, 0.013527452014386654, 0.005785543005913496, 0.006591564975678921, 0.005785543005913496, 0.01734398864209652, 0.015821198001503944, 0.017149033024907112, 0.050405554473400116, 0.008332308381795883, 0.0020604722667485476], [0.016655756160616875, 0.023295093327760696, 0.02318737469613552, 0.018011968582868576, 0.018619786947965622, 0.03809598460793495, 0.06208393722772598, 0.0348164401948452, 0.013545150868594646, 0.0335148386657238, 0.0367155522108078, 0.030860459432005882, 0.018619786947965622, 0.01511944830417633, 0.018011968582868576, 0.02310548909008503, 0.016655756160616875, 0.013545150868594646, 0.013545150868594646, 0.014683530665934086, 0.0335148386657238, 0.03809598460793495, 0.06208393722772598, 0.0348164401948452, 0.016655756160616875, 0.013545150868594646, 0.014683530665934086, 0.0335148386657238, 0.0367155522108078, 0.019346846267580986, 0.01511944830417633, 0.018011968582868576, 0.01511944830417633, 0.05028551071882248, 0.019102301448583603, 0.031375497579574585, 0.038777608424425125, 0.017706284299492836, 0.008840435184538364], [0.01119748130440712, 0.004479527473449707, 0.02245505526661873, 0.00575965316966176, 0.010332061909139156, 0.0314127616584301, 0.00879930704832077, 0.012675615027546883, 0.004935503471642733, 0.004572735633701086, 0.013497424311935902, 0.01225958950817585, 0.010332061909139156, 0.015538941137492657, 0.00575965316966176, 0.11905861645936966, 0.01119748130440712, 0.004935503471642733, 0.004935503471642733, 0.008211445063352585, 0.004572735633701086, 0.0314127616584301, 0.00879930704832077, 0.012675615027546883, 0.01119748130440712, 0.004935503471642733, 0.008211445063352585, 0.004572735633701086, 0.013497424311935902, 0.0057188039645552635, 0.015538941137492657, 0.00575965316966176, 0.015538941137492657, 0.3100122809410095, 0.10503427684307098, 0.07447906583547592, 0.03252747282385826, 0.009622976183891296, 0.003546732012182474], [0.0006792075582779944, 0.002781412098556757, 0.0007360471645370126, 0.31144604086875916, 0.007005390711128712, 0.0015794525388628244, 0.0017227178905159235, 0.0009511352400295436, 0.0006629073177464306, 0.0019386667991057038, 0.0021277526393532753, 0.0020973244681954384, 0.007005390711128712, 0.0008271628757938743, 0.31144604086875916, 0.0012823904398828745, 0.0006792075582779944, 0.0006629073177464306, 0.0006629073177464306, 0.0034606349654495716, 0.0019386667991057038, 0.0015794525388628244, 0.0017227178905159235, 0.0009511352400295436, 0.0006792075582779944, 0.0006629073177464306, 0.0034606349654495716, 0.0019386667991057038, 0.0021277526393532753, 0.002303406363353133, 0.0008271628757938743, 0.31144604086875916, 0.0008271628757938743, 0.002089238492771983, 0.0020784642547369003, 0.0021247342228889465, 0.0020481948740780354, 0.0009459636057727039, 0.0004937246558256447], [0.02249830774962902, 0.020149070769548416, 0.016906846314668655, 0.021063154563307762, 0.03170355409383774, 0.04445619136095047, 0.030976837500929832, 0.025671305134892464, 0.013992116786539555, 0.022558487951755524, 0.027883287519216537, 0.02506394311785698, 0.03170355409383774, 0.014662963338196278, 0.021063154563307762, 0.035372477024793625, 0.02249830774962902, 0.013992116786539555, 0.013992116786539555, 0.04095664992928505, 0.022558487951755524, 0.04445619136095047, 0.030976837500929832, 0.025671305134892464, 0.02249830774962902, 0.013992116786539555, 0.04095664992928505, 0.022558487951755524, 0.027883287519216537, 0.026468148455023766, 0.014662963338196278, 0.021063154563307762, 0.014662963338196278, 0.03388652950525284, 0.024616718292236328, 0.029165539890527725, 0.04205331578850746, 0.03371100500226021, 0.010993445292115211], [0.025641025975346565, 0.025641025975346565, 0.025641025975346565, 0.025641025975346565, 0.025641025975346565, 0.025641025975346565, 0.025641025975346565, 0.025641025975346565, 0.025641025975346565, 0.025641025975346565, 0.025641025975346565, 0.025641025975346565, 0.025641025975346565, 0.025641025975346565, 0.025641025975346565, 0.025641025975346565, 0.025641025975346565, 0.025641025975346565, 0.025641025975346565, 0.025641025975346565, 0.025641025975346565, 0.025641025975346565, 0.025641025975346565, 0.025641025975346565, 0.025641025975346565, 0.025641025975346565, 0.025641025975346565, 0.025641025975346565, 0.025641025975346565, 0.025641025975346565, 0.025641025975346565, 0.025641025975346565, 0.025641025975346565, 0.025641025975346565, 0.025641025975346565, 0.025641025975346565, 0.025641025975346565, 0.025641025975346565, 0.025641025975346565]],