{"premise_tokens": ["This", "industry", "employs", "thousands", "of", "performers", "along", "with", "support", "and", "production", "staff", ".", "@@NULL@@"], "hypothesis_tokens": ["Pornography", "employs", "thousands", "of", "performers", "and", "hundreds", "of", "directors", ".", "@@NULL@@"], "label_logits": [1.4587360620498657, -1.4788193702697754, -1.6061935424804688], "label_probs": [0.9093784093856812, 0.048192624002695084, 0.042428985238075256], "h2p_attention": [[0.06877206265926361, 0.11951363831758499, 0.030715519562363625, 0.08253863453865051, 0.04378660395741463, 0.21046166121959686, 0.05911235883831978, 0.06966082751750946, 0.10589209198951721, 0.032712437212467194, 0.08260418474674225, 0.041521281003952026, 0.0343392975628376, 0.018369318917393684], [0.06312882155179977, 0.09758947044610977, 0.09608741849660873, 0.08094222098588943, 0.05044066533446312, 0.06816951930522919, 0.065069280564785, 0.05970783904194832, 0.1175600066781044, 0.05273732542991638, 0.08105456829071045, 0.0730137974023819, 0.05292026326060295, 0.04157883673906326], [0.006879905238747597, 0.016375895589590073, 0.007623641286045313, 0.8036512732505798, 0.009626355953514576, 0.05585859343409538, 0.017406942322850227, 0.009518547914922237, 0.02995217777788639, 0.006340846884995699, 0.016851993277668953, 0.009912573732435703, 0.006085067987442017, 0.003916153218597174], [0.07852068543434143, 0.05834288150072098, 0.031340233981609344, 0.06350326538085938, 0.256384938955307, 0.07825642079114914, 0.09841947257518768, 0.06368379294872284, 0.04168423265218735, 0.06235591322183609, 0.04823525995016098, 0.05370837450027466, 0.03973037004470825, 0.02583412639796734], [0.0027407389134168625, 0.003189353970810771, 0.0008078925311565399, 0.007028556894510984, 0.001492663286626339, 0.9617037177085876, 0.003388151992112398, 0.003168463008478284, 0.008049946278333664, 0.001071151695214212, 0.0038943036925047636, 0.0019697342067956924, 0.001002417877316475, 0.0004927602712996304], [0.0854707583785057, 0.051914114505052567, 0.03601633757352829, 0.04597708582878113, 0.06853898614645004, 0.06172613799571991, 0.08276887238025665, 0.08259579539299011, 0.06445261836051941, 0.23406751453876495, 0.05231490731239319, 0.05066579952836037, 0.055095184594392776, 0.02839578129351139], [0.021875737234950066, 0.04881842061877251, 0.01855609007179737, 0.5050823092460632, 0.02879679948091507, 0.10728231817483902, 0.04528547450900078, 0.02545432560145855, 0.07004081457853317, 0.01827264204621315, 0.05728098750114441, 0.02354440651834011, 0.017587164416909218, 0.01212260127067566], [0.07852068543434143, 0.05834288150072098, 0.031340233981609344, 0.06350326538085938, 0.256384938955307, 0.07825642079114914, 0.09841947257518768, 0.06368379294872284, 0.04168423265218735, 0.06235591322183609, 0.04823525995016098, 0.05370837450027466, 0.03973037004470825, 0.02583412639796734], [0.0988665372133255, 0.02377323806285858, 0.01908937841653824, 0.026392489671707153, 0.0440358966588974, 0.16205738484859467, 0.08695662021636963, 0.045288097113370895, 0.025647837668657303, 0.030421432107686996, 0.14320939779281616, 0.2572733163833618, 0.023900680243968964, 0.013087701983749866], [0.1106938049197197, 0.06572147458791733, 0.04347890987992287, 0.0530804805457592, 0.052536092698574066, 0.06949314475059509, 0.05668584257364273, 0.08035560697317123, 0.08921056240797043, 0.06628096103668213, 0.061658091843128204, 0.11189111322164536, 0.10475308448076248, 0.03416087478399277], [0.0714285671710968, 0.0714285671710968, 0.0714285671710968, 0.0714285671710968, 0.0714285671710968, 0.0714285671710968, 0.0714285671710968, 0.0714285671710968, 0.0714285671710968, 0.0714285671710968, 0.0714285671710968, 0.0714285671710968, 0.0714285671710968, 0.0714285671710968]], "p2h_attention": [[0.10615190863609314, 0.043049104511737823, 0.04981173202395439, 0.08617853373289108, 0.15770329535007477, 0.08534391224384308, 0.05116531625390053, 0.08617853373289108, 0.21418780088424683, 0.09187623113393784, 0.02835364080965519], [0.18793238699436188, 0.06779658794403076, 0.12078766524791718, 0.06523358076810837, 0.18695807456970215, 0.05280911549925804, 0.11632288247346878, 0.06523358076810837, 0.0524689257144928, 0.05557192862033844, 0.02888532169163227], [0.10118056833744049, 0.13983838260173798, 0.11779721081256866, 0.07340754568576813, 0.09920879453420639, 0.07674992084503174, 0.09262385964393616, 0.07340754568576813, 0.08825933933258057, 0.07701616734266281, 0.06051070615649223], [0.016122978180646896, 0.006985280197113752, 0.7363580465316772, 0.008820299059152603, 0.05118131265044212, 0.005809899885207415, 0.14950211346149445, 0.008820299059152603, 0.007235990837216377, 0.0055755386129021645, 0.003588236402720213], [0.060156892985105515, 0.030615799129009247, 0.06203537806868553, 0.25045856833457947, 0.0764475092291832, 0.060914546251297, 0.05994950607419014, 0.25045856833457947, 0.08491425961256027, 0.03881199285387993, 0.02523696795105934], [0.0056957947090268135, 0.0008150651701726019, 0.007090958300977945, 0.00150591554120183, 0.9702419638633728, 0.0010806615464389324, 0.004399534780532122, 0.00150591554120183, 0.006155733019113541, 0.0010113170137628913, 0.0004971351008862257], [0.08110469579696655, 0.03944249451160431, 0.11202722787857056, 0.09601696580648422, 0.1732957512140274, 0.07346389442682266, 0.09415073692798615, 0.09601696580648422, 0.16745570302009583, 0.041822146624326706, 0.025203490629792213], [0.12296421080827713, 0.046563129872083664, 0.07881233841180801, 0.07993155717849731, 0.20849521458148956, 0.09431640803813934, 0.06808460503816605, 0.07993155717849731, 0.11220283061265945, 0.07627291977405548, 0.03242523595690727], [0.1166393905878067, 0.05720868334174156, 0.15475457906723022, 0.032647714018821716, 0.33054617047309875, 0.0459262989461422, 0.11690418422222137, 0.032647714018821716, 0.039651721715927124, 0.05283990502357483, 0.020233672112226486], [0.06673592329025269, 0.047531936317682266, 0.060677457600831985, 0.090453140437603, 0.08146200329065323, 0.30890655517578125, 0.056486576795578, 0.090453140437603, 0.08710760623216629, 0.07271090894937515, 0.03747484087944031], [0.10530921071767807, 0.04565228149294853, 0.10077410191297531, 0.04372483864426613, 0.18507657945156097, 0.04314485564827919, 0.11065524071455002, 0.04372483864426613, 0.25625094771385193, 0.04226865991950035, 0.023418407887220383], [0.05335770919919014, 0.041452620178461075, 0.05975114926695824, 0.049075834453105927, 0.09436074644327164, 0.04211924225091934, 0.04584703966975212, 0.049075834453105927, 0.4640350937843323, 0.07731897383928299, 0.023605842143297195], [0.09792587906122208, 0.06667280197143555, 0.08139634132385254, 0.0805615708231926, 0.10656440258026123, 0.10163865983486176, 0.07599747180938721, 0.0805615708231926, 0.09566342085599899, 0.16063378751277924, 0.05238405242562294], [0.09090908616781235, 0.09090908616781235, 0.09090908616781235, 0.09090908616781235, 0.09090908616781235, 0.09090908616781235, 0.09090908616781235, 0.09090908616781235, 0.09090908616781235, 0.09090908616781235, 0.09090908616781235]], "claim": "Pornography employs thousands of performers and hundreds of directors.", "premise_source_doc_id": "Pornography", "premise_source_doc_line_num": 15, "premise_source_doc_sentence": "This industry employs thousands of performers along with support and production staff ."}
