{"premise_tokens": ["He", "is", "traditionally", "associated", "with", "the", "promotion", "of", "Confucianism", "as", "the", "official", "ideology", "of", "the", "Chinese", "imperial", "state", ".", "@@NULL@@"], "hypothesis_tokens": ["Dong", "Zhongshu", "is", "traditionally", "unassociated", "with", "the", "promotion", "of", "Confucianism", ".", "@@NULL@@"], "label_logits": [0.8894784450531006, 1.3112610578536987, -3.3557450771331787], "label_probs": [0.3938543498516083, 0.6005007028579712, 0.005644930060952902], "h2p_attention": [[0.060407109558582306, 0.0498383566737175, 0.0633319690823555, 0.03792910277843475, 0.039635222405195236, 0.030108526349067688, 0.1275952309370041, 0.052201226353645325, 0.02881251834332943, 0.02568802610039711, 0.030108526349067688, 0.07892056554555893, 0.02881251834332943, 0.052201226353645325, 0.030108526349067688, 0.1109374389052391, 0.02881251834332943, 0.06500981748104095, 0.036058902740478516, 0.023482659831643105], [0.0584755465388298, 0.05220450833439827, 0.0679488405585289, 0.049819465726614, 0.041652653366327286, 0.0417766198515892, 0.08100561797618866, 0.035187799483537674, 0.06703132390975952, 0.041332896798849106, 0.0417766198515892, 0.05123937502503395, 0.06703132390975952, 0.035187799483537674, 0.0417766198515892, 0.045487649738788605, 0.06703132390975952, 0.04811078682541847, 0.036917585879564285, 0.029005717486143112], [0.3310747742652893, 0.35319456458091736, 0.046317048370838165, 0.014226892963051796, 0.026478800922632217, 0.016574809327721596, 0.06352627277374268, 0.010010476224124432, 0.005154539365321398, 0.03559255599975586, 0.016574809327721596, 0.007387497927993536, 0.005154539365321398, 0.010010476224124432, 0.016574809327721596, 0.007774052210152149, 0.005154539365321398, 0.014772988855838776, 0.011581473983824253, 0.002863949630409479], [0.002768875565379858, 0.00294111086986959, 0.979354202747345, 0.0014642176683992147, 0.00104366650339216, 0.0004818382440134883, 0.0031145350076258183, 0.000383941427571699, 0.0004260242567397654, 0.0011299904435873032, 0.0004818382440134883, 0.000497999950312078, 0.0004260242567397654, 0.000383941427571699, 0.0004818382440134883, 0.0026845233514904976, 0.0004260242567397654, 0.0008346186368726194, 0.0004928320995531976, 0.00018185947556048632], [0.0584755465388298, 0.05220450833439827, 0.0679488405585289, 0.049819465726614, 0.041652653366327286, 0.0417766198515892, 0.08100561797618866, 0.035187799483537674, 0.06703132390975952, 0.041332896798849106, 0.0417766198515892, 0.05123937502503395, 0.06703132390975952, 0.035187799483537674, 0.0417766198515892, 0.045487649738788605, 0.06703132390975952, 0.04811078682541847, 0.036917585879564285, 0.029005717486143112], [0.1716054081916809, 0.09376876056194305, 0.05820376053452492, 0.04435456916689873, 0.19338655471801758, 0.03396286815404892, 0.04830551519989967, 0.025001175701618195, 0.014564119279384613, 0.03902304917573929, 0.03396286815404892, 0.030159760266542435, 0.014564119279384613, 0.025001175701618195, 0.03396286815404892, 0.06297405064105988, 0.014564119279384613, 0.028636537492275238, 0.02385682240128517, 0.010142037644982338], [0.1503443866968155, 0.08951285481452942, 0.04097958281636238, 0.044284887611866, 0.051794227212667465, 0.08222523331642151, 0.045740384608507156, 0.035640787333250046, 0.022276749834418297, 0.052708350121974945, 0.08222523331642151, 0.030231717973947525, 0.022276749834418297, 0.035640787333250046, 0.08222523331642151, 0.029970377683639526, 0.022276749834418297, 0.03252566605806351, 0.03165324777364731, 0.015466861426830292], [0.0025508496910333633, 0.00211791368201375, 0.0016352254897356033, 0.0003546937368810177, 0.00045476999366655946, 0.0002823696122504771, 0.9879453778266907, 0.0003325344296172261, 0.00026665619225241244, 0.0007380217430181801, 0.0002823696122504771, 0.00034596878685988486, 0.00026665619225241244, 0.0003325344296172261, 0.0002823696122504771, 0.0005273492424748838, 0.00026665619225241244, 0.0006657951744273305, 0.0002565085014794022, 9.548173693474382e-05], [0.08094479143619537, 0.05856741592288017, 0.03537494316697121, 0.021847201511263847, 0.041304923593997955, 0.038611069321632385, 0.0583556666970253, 0.16628973186016083, 0.020327087491750717, 0.04663444682955742, 0.038611069321632385, 0.02776562236249447, 0.020327087491750717, 0.16628973186016083, 0.038611069321632385, 0.042868997901678085, 0.020327087491750717, 0.03441736102104187, 0.025768879801034927, 0.016755860298871994], [0.0584755465388298, 0.05220450833439827, 0.0679488405585289, 0.049819465726614, 0.041652653366327286, 0.0417766198515892, 0.08100561797618866, 0.035187799483537674, 0.06703132390975952, 0.041332896798849106, 0.0417766198515892, 0.05123937502503395, 0.06703132390975952, 0.035187799483537674, 0.0417766198515892, 0.045487649738788605, 0.06703132390975952, 0.04811078682541847, 0.036917585879564285, 0.029005717486143112], [0.14964592456817627, 0.09071255475282669, 0.06078999862074852, 0.0472092442214489, 0.05276624113321304, 0.0459076426923275, 0.06026293337345123, 0.03449830412864685, 0.02855082042515278, 0.04662405326962471, 0.0459076426923275, 0.03230415657162666, 0.02855082042515278, 0.03449830412864685, 0.0459076426923275, 0.03115479275584221, 0.02855082042515278, 0.04493892565369606, 0.06878706812858582, 0.022432049736380577], [0.04999999329447746, 0.04999999329447746, 0.04999999329447746, 0.04999999329447746, 0.04999999329447746, 0.04999999329447746, 0.04999999329447746, 0.04999999329447746, 0.04999999329447746, 0.04999999329447746, 0.04999999329447746, 0.04999999329447746, 0.04999999329447746, 0.04999999329447746, 0.04999999329447746, 0.04999999329447746, 0.04999999329447746, 0.04999999329447746, 0.04999999329447746, 0.04999999329447746]],