{"premise_tokens": ["The", "Secret", "Life", "of", "Bees", "(", "film", ")", ",", "a", "2008", "film", "based", "on", "the", "novel", "@@NULL@@"], "hypothesis_tokens": ["The", "Secret", "Life", "of", "Bees", "(", "film", ")", "is", "noted", "for", "a", "critically", "praised", "performance", "by", "an", "American", "actress", ".", "@@NULL@@"], "label_logits": [-2.77668833732605, -4.568990230560303, 2.723676919937134], "label_probs": [0.004065901972353458, 0.000677282630931586, 0.9952568411827087], "h2p_attention": [[0.13051539659500122, 0.03893136605620384, 0.08033327758312225, 0.0565723180770874, 0.044905513525009155, 0.029505837708711624, 0.058394841849803925, 0.029801789671182632, 0.05142955854535103, 0.07531166076660156, 0.035205282270908356, 0.058394841849803925, 0.0416986383497715, 0.07352647185325623, 0.13051539659500122, 0.04040736332535744, 0.024550415575504303], [0.032950978726148605, 0.3707827925682068, 0.0680113136768341, 0.02721371501684189, 0.03750801086425781, 0.02278997376561165, 0.05074166879057884, 0.023047342896461487, 0.02697884663939476, 0.04538053274154663, 0.0526154600083828, 0.05074166879057884, 0.03725694864988327, 0.030576907098293304, 0.032950978726148605, 0.06967373192310333, 0.020779138430953026], [0.001789551810361445, 0.0017900331877171993, 0.9239789843559265, 0.001994434976950288, 0.002211306942626834, 0.0006806713063269854, 0.012239138595759869, 0.0008190786466002464, 0.0012083427282050252, 0.008197483606636524, 0.005206942092627287, 0.012239138595759869, 0.0031016606371849775, 0.009496605023741722, 0.001789551810361445, 0.012710042297840118, 0.0005468995659612119], [0.05352170020341873, 0.030419014394283295, 0.08470266312360764, 0.23050668835639954, 0.03706955537199974, 0.02555093541741371, 0.04374104365706444, 0.027477605268359184, 0.04774920642375946, 0.06275932490825653, 0.0657816082239151, 0.04374104365706444, 0.0698203593492508, 0.06478576362133026, 0.05352170020341873, 0.035625211894512177, 0.023226555436849594], [0.027448005974292755, 0.027087340131402016, 0.06067522615194321, 0.02394983544945717, 0.5081900358200073, 0.01939672976732254, 0.05225653946399689, 0.020890604704618454, 0.01777566783130169, 0.036998648196458817, 0.028512319549918175, 0.05225653946399689, 0.027324475347995758, 0.027026450261473656, 0.027448005974292755, 0.027757491916418076, 0.015006174333393574], [0.04579552263021469, 0.04179172217845917, 0.047424618154764175, 0.04191755875945091, 0.049252983182668686, 0.1310385763645172, 0.051220670342445374, 0.11519421637058258, 0.0432564914226532, 0.04067044332623482, 0.06839537620544434, 0.051220670342445374, 0.053170591592788696, 0.05011117085814476, 0.04579552263021469, 0.08563952147960663, 0.03810429573059082], [0.0006065823836252093, 0.0006227465928532183, 0.005707125179469585, 0.00048026235890574753, 0.0008880652603693306, 0.0003428035997785628, 0.4917745888233185, 0.0004185861616861075, 0.0003235936164855957, 0.0011860326630994678, 0.0014865297125652432, 0.4917745888233185, 0.0009965302888303995, 0.0009557708981446922, 0.0006065823836252093, 0.0015745814889669418, 0.0002550199278630316], [0.04374277591705322, 0.0399683453142643, 0.053968556225299835, 0.0426301546394825, 0.05016534775495529, 0.10893804579973221, 0.05914711952209473, 0.1184677854180336, 0.04056187719106674, 0.0424632653594017, 0.06990203261375427, 0.05914711952209473, 0.049624890089035034, 0.05146340653300285, 0.04374277591705322, 0.09003172069787979, 0.03603485971689224], [0.07966843992471695, 0.024892320856451988, 0.13919435441493988, 0.048116326332092285, 0.03138025850057602, 0.020764492452144623, 0.05308425799012184, 0.01948084682226181, 0.038652755320072174, 0.07637269794940948, 0.06269096583127975, 0.05308425799012184, 0.07120274007320404, 0.11855144798755646, 0.07966843992471695, 0.06942955404520035, 0.013765851967036724], [0.05898989364504814, 0.05877893790602684, 0.0665716752409935, 0.04968627542257309, 0.05452404171228409, 0.04402896761894226, 0.0781942829489708, 0.04569690674543381, 0.0455121286213398, 0.05604229122400284, 0.05902101472020149, 0.0781942829489708, 0.06995061039924622, 0.06388171017169952, 0.05898989364504814, 0.07098014652729034, 0.04095698148012161], [0.05602693185210228, 0.0488111712038517, 0.09366219490766525, 0.05873757228255272, 0.04423285275697708, 0.024566171690821648, 0.05227318033576012, 0.028217023238539696, 0.0456199087202549, 0.10287261009216309, 0.10124456882476807, 0.05227318033576012, 0.03765580430626869, 0.053357213735580444, 0.05602693185210228, 0.12274905294179916, 0.021673614159226418], [0.043056420981884, 0.030653255060315132, 0.21038150787353516, 0.03792521730065346, 0.03460592031478882, 0.014980955980718136, 0.06527652591466904, 0.01653960533440113, 0.03840094432234764, 0.19130511581897736, 0.03978656604886055, 0.06527652591466904, 0.033619802445173264, 0.046814367175102234, 0.043056420981884, 0.07428504526615143, 0.014035715721547604], [0.024397028610110283, 0.02494073286652565, 0.1181359812617302, 0.019310612231492996, 0.024618282914161682, 0.017231561243534088, 0.1759580671787262, 0.018909752368927002, 0.018311988562345505, 0.053875766694545746, 0.11484303325414658, 0.1759580671787262, 0.0876157283782959, 0.027163870632648468, 0.024397028610110283, 0.0645473375916481, 0.009785258211195469], [0.046522658318281174, 0.03620840609073639, 0.15982255339622498, 0.021230759099125862, 0.025195596739649773, 0.0221992377191782, 0.06648750603199005, 0.02274722419679165, 0.026662033051252365, 0.07718097418546677, 0.0922180637717247, 0.06648750603199005, 0.058629654347896576, 0.03919703885912895, 0.046522658318281174, 0.1797892302274704, 0.012898832559585571], [0.019145002588629723, 0.008593421429395676, 0.3913637697696686, 0.021915581077337265, 0.01183727290481329, 0.007066030986607075, 0.11546401679515839, 0.007707432843744755, 0.02143741026520729, 0.06400972604751587, 0.019187668338418007, 0.11546401679515839, 0.10069289058446884, 0.040798358619213104, 0.019145002588629723, 0.0314556285738945, 0.004716778639703989], [0.034553855657577515, 0.0222591832280159, 0.1536499708890915, 0.028714504092931747, 0.018447713926434517, 0.015379366464912891, 0.030852369964122772, 0.016796836629509926, 0.0482107549905777, 0.04953156039118767, 0.03122078999876976, 0.030852369964122772, 0.2531225085258484, 0.13825654983520508, 0.034553855657577515, 0.08019708096981049, 0.013400621712207794], [0.05325055122375488, 0.026132699102163315, 0.1918066442012787, 0.044122494757175446, 0.04455207288265228, 0.01761554181575775, 0.06036565452814102, 0.01979595609009266, 0.03798992931842804, 0.07804924249649048, 0.03670407831668854, 0.06036565452814102, 0.06927258521318436, 0.1137227714061737, 0.05325055122375488, 0.07864189147949219, 0.014361758716404438], [0.04745139926671982, 0.03664618358016014, 0.08853635936975479, 0.0368703193962574, 0.039014074951410294, 0.02505507320165634, 0.05503534898161888, 0.024237094447016716, 0.049780603498220444, 0.09565947949886322, 0.04761693254113197, 0.05503534898161888, 0.14047174155712128, 0.06449232250452042, 0.04745139926671982, 0.12619128823280334, 0.020455006510019302], [0.023196827620267868, 0.043338097631931305, 0.0978279709815979, 0.03451890870928764, 0.05106290802359581, 0.021404769271612167, 0.16894729435443878, 0.0255629513412714, 0.027230001986026764, 0.05064628645777702, 0.07134493440389633, 0.16894729435443878, 0.07989044487476349, 0.03251319378614426, 0.023196827620267868, 0.06732923537492752, 0.013042103499174118], [0.06515113264322281, 0.0490795336663723, 0.09394588321447372, 0.04895923659205437, 0.05166067183017731, 0.0431610643863678, 0.0687827542424202, 0.04297259449958801, 0.04246135056018829, 0.06287845969200134, 0.07752488553524017, 0.0687827542424202, 0.053264401853084564, 0.07433956116437912, 0.06515113264322281, 0.06004958972334862, 0.03183506801724434], [0.05882352963089943, 0.05882352963089943, 0.05882352963089943, 0.05882352963089943, 0.05882352963089943, 0.05882352963089943, 0.05882352963089943, 0.05882352963089943, 0.05882352963089943, 