{"premise_tokens": ["Scott", "Free", "Productions", "has", "offices", "in", "London", "and", "Los", "Angeles", ".", "@@NULL@@"], "hypothesis_tokens": ["Scott", "Free", "Productions", "has", "an", "office", "in", "Los", "Angeles", ".", "@@NULL@@"], "label_logits": [2.3779373168945312, -0.4342907965183258, -3.942451238632202], "label_probs": [0.9417346715927124, 0.05657093599438667, 0.001694410340860486], "h2p_attention": [[0.9869363307952881, 0.0020465196575969458, 0.00032472831662744284, 0.0007295086979866028, 0.00024126534117385745, 0.0009898984571918845, 0.0012702362146228552, 0.000372995127690956, 0.004079209640622139, 0.0022398903965950012, 0.0005360470386222005, 0.0002333734300918877], [0.016962260007858276, 0.9172331094741821, 0.003476160578429699, 0.010924583300948143, 0.0030160045716911554, 0.007743820548057556, 0.011683941818773746, 0.012497815303504467, 0.005582049489021301, 0.003872342174872756, 0.005073612555861473, 0.0019342793384566903], [0.0705803632736206, 0.0911581963300705, 0.11722201108932495, 0.08913099765777588, 0.1255009025335312, 0.08422151207923889, 0.07116944342851639, 0.06433699280023575, 0.08800940960645676, 0.08338585495948792, 0.064560167491436, 0.050724178552627563], [0.034837815910577774, 0.06294447183609009, 0.019583282992243767, 0.5691612958908081, 0.028092036023736, 0.09320425242185593, 0.025472491979599, 0.021056191995739937, 0.04973548278212547, 0.05528014898300171, 0.02948784828186035, 0.011144787073135376], [0.0805891901254654, 0.11419501900672913, 0.022865798324346542, 0.1992386281490326, 0.035573117434978485, 0.2091653048992157, 0.0792553499341011, 0.04040150344371796, 0.06985187530517578, 0.09195691347122192, 0.04179369658231735, 0.015113581903278828], [0.014830880798399448, 0.03939703106880188, 0.03273212909698486, 0.041114725172519684, 0.6707702875137329, 0.052143875509500504, 0.032058779150247574, 0.029293972998857498, 0.025587638840079308, 0.02827637828886509, 0.023067621514201164, 0.010726741515100002], [0.04165402054786682, 0.03931459039449692, 0.01630517840385437, 0.08212616294622421, 0.03462747111916542, 0.3928101062774658, 0.2259354442358017, 0.022069796919822693, 0.0520625077188015, 0.058367203921079636, 0.02490735985338688, 0.009820138104259968], [0.0032349422108381987, 0.0005340923671610653, 0.000321111612720415, 0.0008259173482656479, 0.0003095617576036602, 0.0009811815107241273, 0.0011691567488014698, 0.0002931944327428937, 0.8268836736679077, 0.16493822634220123, 0.00032391573768109083, 0.00018507249478716403], [0.005831829272210598, 0.0012164212530478835, 0.0009988651145249605, 0.003013887442648411, 0.0013603297993540764, 0.0036114430986344814, 0.004347895737737417, 0.0009271787130273879, 0.5415130257606506, 0.43533626198768616, 0.001235334319062531, 0.0006076163263060153], [0.09422791749238968, 0.10760343819856644, 0.05221289396286011, 0.10854241997003555, 0.060293860733509064, 0.10404908657073975, 0.07145390659570694, 0.07959537953138351, 0.07179897278547287, 0.08340328186750412, 0.12579573690891266, 0.04102306440472603], [0.0833333432674408, 0.0833333432674408, 0.0833333432674408, 0.0833333432674408, 0.0833333432674408, 0.0833333432674408, 0.0833333432674408, 0.0833333432674408, 0.0833333432674408, 0.0833333432674408, 0.0833333432674408, 0.0833333432674408]], "p2h_attention": [[0.9872497320175171, 0.0020471694879233837, 0.00032483143149875104, 0.0007297403062693775, 0.0012447976041585207, 0.00032276648562401533, 0.0009902127785608172, 0.004080505110323429, 0.002240601694211364, 0.0005362172960303724, 0.00023344754299614578], [0.017055701464414597, 0.9222859144210815, 0.003495309967547655, 0.01098476443439722, 0.014695517718791962, 0.0071433293633162975, 0.007786479312926531, 0.005612799432128668, 0.00389367388561368, 0.005101562011986971, 0.0019449348328635097], [0.07272449880838394, 0.09392743557691574, 0.12078303843736649, 0.09183866530656815, 0.0790734589099884, 0.15948441624641418, 0.08678003400564194, 0.09068300575017929, 0.08591899275779724, 0.06652141362428665, 0.05226510390639305], [0.031244248151779175, 0.05645166337490082, 0.017563242465257645, 0.5104515552520752, 0.13176408410072327, 0.03831072896718979, 0.08359011262655258, 0.04460520297288895, 0.04957792907953262, 0.026446137577295303, 0.009995187632739544], [0.012549134902656078, 0.018927056342363358, 0.030033232644200325, 0.030597204342484474, 0.028570955619215965, 0.759060263633728, 0.04280293732881546, 0.02030372805893421, 0.027175968512892723, 0.017840838059782982, 0.012138646095991135], [0.04623034596443176, 0.04363389313220978, 0.018096551299095154, 0.09114896506071091, 0.1508377492427826, 0.05298139154911041, 0.43596625328063965, 0.0577823631465435, 0.06477972865104675, 0.027643810957670212, 0.010899028740823269], [0.08691058307886124, 0.09645168483257294, 0.022403618320822716, 0.03649549186229706, 0.08373378962278366, 0.04772201180458069, 0.3673722743988037, 0.10087194293737411, 0.11425868421792984, 0.027812333777546883, 0.0159675981849432], [0.06413852423429489, 0.2592878043651581, 0.05089942365884781, 0.0758185163140297, 0.10727468132972717, 0.10959167778491974, 0.09018782526254654, 0.06357420980930328, 0.06123519688844681, 0.07786225527524948, 0.04012981802225113], [0.003236479824408889, 0.0005343462689779699, 0.0003212642332073301, 0.0008263099007308483, 0.0008557736873626709, 0.0004416829615365714, 0.000981647870503366, 0.8272767066955566, 0.16501662135124207, 0.00032406969694420695, 0.0001851604611147195], [0.005839635152369738, 0.001218049437738955, 0.001000202028080821, 0.0030179214663803577, 0.0037019215524196625, 0.0016038594767451286, 0.003616277128458023, 0.5422378182411194, 0.4359189569950104, 0.0012369878822937608, 0.0006084296037442982], [0.0951492190361023, 0.10865551233291626, 0.05272339656949043, 0.10960367321968079, 0.11455053091049194, 0.08908174186944962, 0.10506641119718552, 0.07250098139047623, 0.08421874791383743, 0.12702569365501404, 0.041424162685871124], [0.09090908616781235, 0.09090908616781235, 0.09090908616781235, 0.09090908616781235, 0.09090908616781235, 0.09090908616781235, 0.09090908616781235, 0.09090908616781235, 0.09090908616781235, 0.09090908616781235, 0.09090908616781235]], "claim": "Scott Free Productions has an office in Los Angeles.", "premise_source_doc_id": "Scott_Free_Productions", "premise_source_doc_line_num": 7, "premise_source_doc_sentence": "Scott Free Productions has offices in London and Los Angeles ."}
