{"premise_tokens": ["Seasons", "2", "is", "mainly", "written", "by", "American", "screenwriters", ".", "@@NULL@@"], "hypothesis_tokens": ["Dark", "City", "was", "written", "by", "American", "screenwriters", ".", "@@NULL@@"], "label_logits": [-0.4861937165260315, 1.0308759212493896, -1.216963768005371], "label_probs": [0.16555237770080566, 0.754727840423584, 0.07971975952386856], "h2p_attention": [[0.11220686882734299, 0.05776003375649452, 0.0968291312456131, 0.157016783952713, 0.18543311953544617, 0.044239964336156845, 0.1936337649822235, 0.060086656361818314, 0.05841526389122009, 0.034378308802843094], [0.4964638948440552, 0.031120482832193375, 0.16522571444511414, 0.03867660462856293, 0.021493587642908096, 0.10159791260957718, 0.0355793796479702, 0.036256033927202225, 0.054915651679039, 0.018670732155442238], [0.1024843081831932, 0.0684170126914978, 0.21756085753440857, 0.10329011082649231, 0.09395241737365723, 0.1492796391248703, 0.07267583161592484, 0.05838584899902344, 0.09327898919582367, 0.04067495837807655], [0.0016655726358294487, 0.00037440392770804465, 0.0014284639619290829, 0.0037992638535797596, 0.9889573454856873, 0.0019391532987356186, 0.0008197633433155715, 0.00038339945604093373, 0.00038200910785235465, 0.00025063854991458356], [0.006035306490957737, 0.0021887917537242174, 0.02990368753671646, 0.006730598397552967, 0.011602368205785751, 0.9283727407455444, 0.008365188725292683, 0.0020373882725834846, 0.0032642849255353212, 0.0014996241079643369], [3.194629243807867e-05, 3.230064976378344e-05, 5.545774183701724e-05, 0.0002056072698906064, 6.246053089853376e-05, 0.00010652674973243847, 0.9994196891784668, 3.991131961811334e-05, 2.698518983379472e-05, 1.909700768010225e-05], [0.10697264224290848, 0.08797700703144073, 0.11362100392580032, 0.08778552711009979, 0.0965690016746521, 0.08576805889606476, 0.1319364309310913, 0.1458909511566162, 0.0803496465086937, 0.06312977522611618], [0.16413815319538116, 0.07378821074962616, 0.18786638975143433, 0.0885850116610527, 0.07080704718828201, 0.10112447291612625, 0.06564635038375854, 0.05912895128130913, 0.14245851337909698, 0.04645692929625511], [0.09999998658895493, 0.09999998658895493, 0.09999998658895493, 0.09999998658895493, 0.09999998658895493, 0.09999998658895493, 0.09999998658895493, 0.09999998658895493, 0.09999998658895493, 0.09999998658895493]], "p2h_attention": [[0.06406774371862411, 0.5219523310661316, 0.04945781081914902, 0.130442813038826, 0.07899896800518036, 0.032836705446243286, 0.03326158598065376, 0.06935273855924606, 0.019629286602139473], [0.12303559482097626, 0.12205985188484192, 0.12317565083503723, 0.10939067602157593, 0.10688327997922897, 0.12386080622673035, 0.10205228626728058, 0.1163119450211525, 0.07322979718446732], [0.05374883487820625, 0.16887438297271729, 0.10207071900367737, 0.10875990241765976, 0.38053083419799805, 0.05541715770959854, 0.034345660358667374, 0.07716956734657288, 0.019083037972450256], [0.10406620800495148, 0.04719925671815872, 0.05786018446087837, 0.34538209438323975, 0.1022631898522377, 0.24531352519989014, 0.03168376907706261, 0.04344680905342102, 0.02278495393693447], [0.0013587785651907325, 0.000289997027721256, 0.0005818710196763277, 0.9939752221107483, 0.0019489923724904656, 0.0008239227463491261, 0.0003853446105495095, 0.00038394753937609494, 0.000251910270890221], [0.001987978583201766, 0.008406302891671658, 0.005669635720551014, 0.011952142231166363, 0.9563602209091187, 0.008617372252047062, 0.0020988089963793755, 0.003362692892551422, 0.0015448329504579306], [0.0001075785476132296, 3.639705028035678e-05, 3.4126547689083964e-05, 6.246972770895809e-05, 0.00010654243669705465, 0.9995668530464172, 3.9917154936119914e-05, 2.6989162506652065e-05, 1.9099819837720133e-05], [0.1190033033490181, 0.13221611082553864, 0.09773405641317368, 0.10415233671665192, 0.09250321239233017, 0.14229713380336761, 0.1573473960161209, 0.08665928989648819, 0.06808719784021378], [0.09772810339927673, 0.16916576027870178, 0.13189685344696045, 0.08766041696071625, 0.12519396841526031, 0.08127139508724213, 0.07320275157690048, 0.17636628448963165, 0.05751454457640648], [0.1111111119389534, 0.1111111119389534, 0.1111111119389534, 0.1111111119389534, 0.1111111119389534, 0.1111111119389534, 0.1111111119389534, 0.1111111119389534, 0.1111111119389534]], "claim": "Dark City was written by American screenwriters.", "premise_source_doc_id": "Heroes_of_the_City", "premise_source_doc_line_num": 6, "premise_source_doc_sentence": "Seasons 2 is mainly written by American screenwriters ."}
