{"premise_tokens": ["Billy", "Ray", "(", "screenwriter", ")", ",", "American", "screenwriter", "and", "director", "@@NULL@@"], "hypothesis_tokens": ["Billy", "Ray", "is", "a", "Chinese", "American", "screenwriter", ".", "@@NULL@@"], "label_logits": [-6.293899059295654, 2.9396920204162598, 2.33014178276062], "label_probs": [6.329091411316767e-05, 0.647797167301178, 0.35213950276374817], "h2p_attention": [[0.7867802977561951, 0.014011114835739136, 0.010842863470315933, 0.016503959894180298, 0.011462070047855377, 0.013747913762927055, 0.022539401426911354, 0.016503959894180298, 0.013151715509593487, 0.08524071425199509, 0.009216011501848698], [0.0682760626077652, 0.3651718497276306, 0.04721163958311081, 0.057780053466558456, 0.04724583774805069, 0.06087556853890419, 0.07092338055372238, 0.057780053466558456, 0.05547110736370087, 0.1243547648191452, 0.04490956664085388], [0.17945148050785065, 0.06419401615858078, 0.046322841197252274, 0.055271513760089874, 0.043459195643663406, 0.08622919768095016, 0.08918128162622452, 0.055271513760089874, 0.0965205579996109, 0.2533886134624481, 0.030709799379110336], [0.11597082763910294, 0.07042846083641052, 0.04584679380059242, 0.0587749108672142, 0.0506167896091938, 0.11751987785100937, 0.20087802410125732, 0.0587749108672142, 0.12709595263004303, 0.11113943159580231, 0.04295404255390167], [0.0029382086358964443, 0.0014070533215999603, 0.0011703185737133026, 0.0012029428035020828, 0.001266823965124786, 0.0015244926325976849, 0.9846977591514587, 0.0012029428035020828, 0.0011593725066632032, 0.0026629911735653877, 0.0007670702179893851], [4.671470378525555e-05, 3.01651034533279e-05, 2.339646380278282e-05, 3.9919494156492874e-05, 2.263264286739286e-05, 4.648520553018898e-05, 0.9996244311332703, 3.9919494156492874e-05, 4.200914554530755e-05, 6.523390766233206e-05, 1.910092032630928e-05], [0.10674921423196793, 0.07669351249933243, 0.0640811175107956, 0.13775698840618134, 0.0665086880326271, 0.06623975187540054, 0.1245804876089096, 0.13775698840618134, 0.07560756057500839, 0.08441563695669174, 0.05961005762219429], [0.12170027941465378, 0.07910966873168945, 0.08480226248502731, 0.07961057126522064, 0.0844319686293602, 0.08342748880386353, 0.08838552981615067, 0.07961057126522064, 0.12136152386665344, 0.11501100659370422, 0.06254910677671432], [0.09090908616781235, 0.09090908616781235, 0.09090908616781235, 0.09090908616781235, 0.09090908616781235, 0.09090908616781235, 0.09090908616781235, 0.09090908616781235, 0.09090908616781235, 0.09090908616781235, 0.09090908616781235]], "p2h_attention": [[0.8020031452178955, 0.014282206073403358, 0.054895367473363876, 0.025363566353917122, 0.035984303802251816, 0.02297550067305565, 0.016823284327983856, 0.01827831193804741, 0.009394325315952301], [0.07472068071365356, 0.39964061975479126, 0.10273744910955429, 0.08058521151542664, 0.09015434235334396, 0.07761787623167038, 0.06323394179344177, 0.062161240726709366, 0.04914860799908638], [0.10710380971431732, 0.09570050239562988, 0.13731633126735687, 0.09716477990150452, 0.13889065384864807, 0.11150645464658737, 0.09786209464073181, 0.12342134118080139, 0.09103406965732574], [0.12361036986112595, 0.08880732953548431, 0.12423217296600342, 0.09444906562566757, 0.10824792832136154, 0.14425817131996155, 0.159515842795372, 0.0878535658121109, 0.06902552396059036], [0.11113238334655762, 0.09400375932455063, 0.12645184993743896, 0.10529579967260361, 0.14757123589515686, 0.10587694495916367, 0.09969636052846909, 0.1206163689494133, 0.08935532718896866], [0.09175904095172882, 0.08337949216365814, 0.172715961933136, 0.1682915836572647, 0.12224897742271423, 0.14969787001609802, 0.06835247576236725, 0.08204330503940582, 0.0615113265812397], [4.559968874673359e-05, 2.944510561064817e-05, 5.41451336175669e-05, 8.719489414943382e-05, 0.023934833705425262, 0.975764811038971, 3.896663474733941e-05, 2.6346488084527664e-05, 1.8645008822204545e-05], [0.12361036986112595, 0.08880732953548431, 0.12423217296600342, 0.09444906562566757, 0.10824792832136154, 0.14425817131996155, 0.159515842795372, 0.0878535658121109, 0.06902552396059036], [0.08553675562143326, 0.07403572648763657, 0.18838928639888763, 0.17735402286052704, 0.09059437364339828, 0.1318265199661255, 0.07602546364068985, 0.11629828065633774, 0.05993953347206116], [0.27204805612564087, 0.0814451351761818, 0.24268986284732819, 0.07610368728637695, 0.10211186856031418, 0.1004524901509285, 0.041652861982584, 0.05408288165926933, 0.029413148760795593], [0.1111111119389534, 0.1111111119389534, 0.1111111119389534, 0.1111111119389534, 0.1111111119389534, 0.1111111119389534, 0.1111111119389534, 0.1111111119389534, 0.1111111119389534]], "claim": "Billy Ray is a Chinese American screenwriter.", "premise_source_doc_id": "Billy_Ray", "premise_source_doc_line_num": 2, "premise_source_doc_sentence": "Billy Ray  (  screenwriter  )  , American screenwriter and director"}
