{"premise_tokens": ["Christopher", "Michael", "``", "Chris", "''", "Richardson", "(", "born", "February", "19", ",", "1984", ")", "is", "an", "American", "singer", "-", "songwriter", "who", "was", "the", "fifth", "-", "place", "finalist", "on", "the", "sixth", "season", "of", "American", "Idol", ".", "@@NULL@@"], "hypothesis_tokens": ["Chris", "Richardson", "is", "an", "elderly", "singer", ".", "@@NULL@@"], "label_logits": [0.767539918422699, -2.1951212882995605, 0.6776588559150696], "label_probs": [0.5087191462516785, 0.026291215792298317, 0.4649896025657654], "h2p_attention": [[0.003919709473848343, 0.014679295010864735, 0.003919709473848343, 0.6854690909385681, 0.003919709473848343, 0.01034824550151825, 0.0035220154095441103, 0.011908678337931633, 0.0055975355207920074, 0.024078713729977608, 0.009893315844237804, 0.004025387577712536, 0.0038773680571466684, 0.017333462834358215, 0.013315621763467789, 0.006242048926651478, 0.008162095211446285, 0.00403128657490015, 0.008938283659517765, 0.01452677696943283, 0.006119186524301767, 0.005352834705263376, 0.021465633064508438, 0.00403128657490015, 0.006495094392448664, 0.010137205943465233, 0.01795443892478943, 0.005352834705263376, 0.01921207830309868, 0.014584759250283241, 0.006023412104696035, 0.006242048926651478, 0.009372052736580372, 0.0066999890841543674, 0.003248730441555381], [0.008363544940948486, 0.011671358719468117, 0.008363544940948486, 0.02091505005955696, 0.008363544940948486, 0.3449399173259735, 0.007242739666253328, 0.039779845625162125, 0.0465940497815609, 0.02050592564046383, 0.02358510158956051, 0.01813480816781521, 0.007770739030092955, 0.028483513742685318, 0.022391756996512413, 0.058281559497117996, 0.01387016661465168, 0.00988166406750679, 0.012004963122308254, 0.02380184642970562, 0.009233375079929829, 0.013256145641207695, 0.020681289955973625, 0.00988166406750679, 0.013524610549211502, 0.018544379621744156, 0.018272317945957184, 0.013256145641207695, 0.023502059280872345, 0.023188909515738487, 0.014581422321498394, 0.058281559497117996, 0.013733859173953533, 0.008550670929253101, 0.006566075142472982], [0.005627162754535675, 0.012531165033578873, 0.005627162754535675, 0.016681557521224022, 0.005627162754535675, 0.013562904670834541, 0.004716101102530956, 0.044093769043684006, 0.017555443570017815, 0.01786530762910843, 0.008778945542871952, 0.010030937381088734, 0.004424557089805603, 0.3855792284011841, 0.058725710958242416, 0.009079496376216412, 0.015173649415373802, 0.004783680662512779, 0.011824935674667358, 0.03511326387524605, 0.01672317273914814, 0.018094567582011223, 0.03564302623271942, 0.004783680662512779, 0.02230038121342659, 0.01000277977436781, 0.026925811544060707, 0.018094567582011223, 0.03032863140106201, 0.08561847358942032, 0.01092834398150444, 0.009079496376216412, 0.008305005729198456, 0.012643384747207165, 0.0031265472061932087], [0.007659898605197668, 0.024040527641773224, 0.007659898605197668, 0.020751606673002243, 0.007659898605197668, 0.017265787348151207, 0.006210011430084705, 0.04691942408680916, 0.014371894299983978, 0.019624950364232063, 0.013392598368227482, 0.018530724570155144, 0.00697867339476943, 0.09509710967540741, 0.15946637094020844, 0.012586027383804321, 0.016227005049586296, 0.008255808614194393, 0.021798530593514442, 0.03196645528078079, 0.015593567863106728, 0.018772432580590248, 0.029903927817940712, 0.008255808614194393, 0.03728511184453964, 0.013867751695215702, 0.04009072110056877, 0.018772432580590248, 0.024326683953404427, 0.17148779332637787, 0.015554512850940228, 0.012586027383804321, 0.017976466566324234, 0.014000623486936092, 0.005062954965978861], [0.016335876658558846, 0.018589766696095467, 0.016335876658558846, 0.048512764275074005, 0.016335876658558846, 0.03533851355314255, 0.015758223831653595, 0.04269822686910629, 0.027450338006019592, 0.022763455286622047, 0.021758750081062317, 0.02267729863524437, 0.01590886525809765, 0.041532546281814575, 0.028213324025273323, 0.02367722988128662, 0.06960389018058777, 0.03428732603788376, 0.06391341239213943, 0.05338685214519501, 0.030849333852529526, 0.01945321261882782, 0.015853047370910645, 0.03428732603788376, 0.019733067601919174, 0.024688947945833206, 0.02765190787613392, 0.01945321261882782, 0.01717093400657177, 0.03682410717010498, 0.028650395572185516, 0.02367722988128662, 0.03161502256989479, 0.023900384083390236, 0.011113478802144527], [0.001494497642852366, 0.0034076247829943895, 0.001494497642852366, 0.0018572318367660046, 0.001494497642852366, 0.0015615428565070033, 0.0014041935792192817, 0.0035687291529029608, 0.001669268123805523, 0.0011482695117592812, 0.001226407359354198, 0.0016918265027925372, 0.0014076251536607742, 0.00358759262599051, 0.002369258087128401, 0.0027744469698518515, 0.7025144100189209, 0.0010651594493538141, 0.17249727249145508, 0.0030919655691832304, 0.001905073644593358, 0.0016600430244579911, 0.0033511172514408827, 0.0010651594493538141, 0.004569473676383495, 0.008451851084828377, 0.0025758319534361362, 0.0016600430244579911, 0.004225468263030052, 0.00298513937741518, 0.0012620819034054875, 0.0027744469698518515, 0.05004269629716873, 0.001406099763698876, 0.0007392276311293244], [0.018143145367503166, 0.022789426147937775, 0.018143145367503166, 0.029398392885923386, 0.018143145367503166, 0.018563397228717804, 0.01932632550597191, 0.029664546251296997, 0.02910931035876274, 0.03129506856203079, 0.019013015553355217, 0.02656528539955616, 0.01924193650484085, 0.05764497071504593, 0.039419081062078476, 0.020142948254942894, 0.027114450931549072, 0.015379069373011589, 0.024653293192386627, 0.028470700606703758, 0.03269035369157791, 0.0291728638112545, 0.04173345863819122, 0.015379069373011589, 0.0435180589556694, 0.025243239477276802, 0.03328719362616539, 0.0291728638112545, 0.038593191653490067, 0.07290542870759964, 0.021922586485743523, 0.020142948254942894, 0.026051264256238937, 0.043712008744478226, 0.014254860579967499], [0.02857142873108387, 0.02857142873108387, 0.02857142873108387, 0.02857142873108387, 0.02857142873108387, 0.02857142873108387, 0.02857142873108387, 0.02857142873108387, 0.02857142873108387, 0.02857142873108387, 0.02857142873108387, 0.02857142873108387, 0.02857142873108387, 0.02857142873108387, 0.02857142873108387, 0.02857142873108387, 0.02857142873108387, 0.02857142873108387, 0.02857142873108387, 0.02857142873108387, 0.02857142873108387, 0.02857142873108387, 0.02857142873108387, 0.02857142873108387, 0.02857142873108387, 0.02857142873108387, 0.02857142873108387, 0.02857142873108387, 0.02857142873108387, 0.02857142873108387, 0.02857142873108387, 0.02857142873108387, 0.02857142873108387, 0.02857142873108387, 0.02857142873108387]],