{"premise_tokens": ["Kate", "Morgan", "is", "a", "fictional", "character", "in", "the", "TV", "series", "24", ".", "@@NULL@@"], "hypothesis_tokens": ["Kate", "Morgan", "is", "a", "fictional", "character", ".", "@@NULL@@"], "label_logits": [3.3919904232025146, -0.6290614008903503, -3.9775850772857666], "label_probs": [0.9817741513252258, 0.017607225105166435, 0.0006186508107930422], "h2p_attention": [[0.8933386206626892, 0.006737494375556707, 0.016637533903121948, 0.005617538001388311, 0.012284108437597752, 0.015569421462714672, 0.009309054352343082, 0.004934208933264017, 0.009657359682023525, 0.011447543278336525, 0.005305389408022165, 0.0063281492330133915, 0.002833473961800337], [0.02994486689567566, 0.6626002788543701, 0.04763701930642128, 0.027129996567964554, 0.02365771494805813, 0.05933060869574547, 0.03650364279747009, 0.02306211367249489, 0.017719212919473648, 0.02060168795287609, 0.019267017021775246, 0.01995229534804821, 0.012593401595950127], [0.032550908625125885, 0.020969828590750694, 0.6836628317832947, 0.030755894258618355, 0.02329847402870655, 0.031775906682014465, 0.057214878499507904, 0.032083116471767426, 0.018517673015594482, 0.023011714220046997, 0.018197569996118546, 0.022417733445763588, 0.0055436184629797935], [0.03836754709482193, 0.04169114679098129, 0.10736732929944992, 0.26377227902412415, 0.10725853592157364, 0.06889384239912033, 0.09293247014284134, 0.0593663714826107, 0.06277353316545486, 0.06276839971542358, 0.037232331931591034, 0.038223739713430405, 0.0193525031208992], [0.014495857991278172, 0.006281296256929636, 0.014052500016987324, 0.01853165403008461, 0.7593773007392883, 0.10081687569618225, 0.020083565264940262, 0.006089420523494482, 0.03002658486366272, 0.01698974519968033, 0.004511187318712473, 0.005400435533374548, 0.0033436394296586514], [0.022495610639452934, 0.01928769052028656, 0.02346654236316681, 0.014574299566447735, 0.123440682888031, 0.7170708775520325, 0.014774467796087265, 0.008976336568593979, 0.013886761851608753, 0.024261292070150375, 0.005934236105531454, 0.007737299893051386, 0.004093968775123358], [0.08200249820947647, 0.05817273259162903, 0.14848002791404724, 0.07252131402492523, 0.05930329114198685, 0.0693928450345993, 0.09312791377305984, 0.075142502784729, 0.0656215250492096, 0.06955721229314804, 0.057369083166122437, 0.11259196698665619, 0.03671720251441002], [0.07692307978868484, 0.07692307978868484, 0.07692307978868484, 0.07692307978868484, 0.07692307978868484, 0.07692307978868484, 0.07692307978868484, 0.07692307978868484, 0.07692307978868484, 0.07692307978868484, 0.07692307978868484, 0.07692307978868484, 0.07692307978868484]], "p2h_attention": [[0.9311951398849487, 0.0070230052806437016, 0.017342573031783104, 0.005855589173734188, 0.012804665602743626, 0.01622919738292694, 0.006596313789486885, 0.002953546354547143], [0.033918555825948715, 0.7505274415016174, 0.0539584644138813, 0.030730154365301132, 0.02679709903895855, 0.06720378994941711, 0.022599969059228897, 0.014264549128711224], [0.038251299411058426, 0.024642115458846092, 0.8033875226974487, 0.03614193946123123, 0.027378559112548828, 0.03734057769179344, 0.026343585923314095, 0.00651443051174283], [0.056016989052295685, 0.060869473963975906, 0.15675733983516693, 0.3851100504398346, 0.15659849345684052, 0.10058566927909851, 0.05580703541636467, 0.028254840523004532], [0.01571708358824253, 0.006810473743826151, 0.01523637305945158, 0.020092882215976715, 0.8233521580696106, 0.1093103438615799, 0.0058554005809128284, 0.003625329351052642], [0.02413259819149971, 0.020691238343715668, 0.025174181908369064, 0.01563485898077488, 0.13242335617542267, 0.7692515254020691, 0.008300341665744781, 0.004391883499920368], [0.09534285962581635, 0.08411914855241776, 0.29951414465904236, 0.1393580436706543, 0.17431026697158813, 0.10472948849201202, 0.07360579818487167, 0.029020285233855247], [0.08935750275850296, 0.09396985918283463, 0.2969721853733063, 0.15741130709648132, 0.09345212578773499, 0.11250901222229004, 0.10501433908939362, 0.0513136051595211], [0.12833067774772644, 0.05297765135765076, 0.1257721185684204, 0.12213238328695297, 0.33812546730041504, 0.1277167797088623, 0.0672927275300026, 0.037652287632226944], [0.14978791773319244, 0.0606517568230629, 0.15390026569366455, 0.12025069445371628, 0.18838706612586975, 0.21971167623996735, 0.07023543864488602, 0.037075214087963104], [0.13402992486953735, 0.10951539129018784, 0.23497618734836578, 0.13771678507328033, 0.09657730907201767, 0.10375857353210449, 0.11184383928775787, 0.07158198952674866], [0.12829290330410004, 0.09101123362779617, 0.23229698836803436, 0.11345957964658737, 0.09278000146150589, 0.1085650771856308, 0.1761501431465149, 0.05744406580924988], [0.125, 0.125, 0.125, 0.125, 0.125, 0.125, 0.125, 0.125]], "claim": "Kate Morgan is a fictional character.", "premise_source_doc_id": "Kate_Morgan_-LRB-24_character-RRB-", "premise_source_doc_line_num": 0, "premise_source_doc_sentence": "Kate Morgan is a fictional character in the TV series 24 ."}
