{"premise_tokens": ["They", "are", "phylogenetically", "intermediate", "between", "peafowl", "and", "the", "Odontophoridae", ".", "@@NULL@@"], "hypothesis_tokens": ["Guineafowl", "are", "outside", "peafowl", "and", "the", "Odontophoridae", ".", "@@NULL@@"], "label_logits": [-2.0584139823913574, 0.4564945697784424, 0.42836886644363403], "label_probs": [0.03938866779208183, 0.48705968260765076, 0.4735516309738159], "h2p_attention": [[0.09101653099060059, 0.07415439188480377, 0.11968930065631866, 0.11968930065631866, 0.09807468205690384, 0.11968930065631866, 0.06569115072488785, 0.07459519058465958, 0.11968930065631866, 0.06591903418302536, 0.05179182067513466], [0.06641413271427155, 0.7688342332839966, 0.01234284695237875, 0.01234284695237875, 0.03414057195186615, 0.01234284695237875, 0.02114129438996315, 0.025492768734693527, 0.01234284695237875, 0.02598479948937893, 0.008620641194283962], [0.18633902072906494, 0.23607245087623596, 0.04613203927874565, 0.04613203927874565, 0.14024761319160461, 0.04613203927874565, 0.06397117674350739, 0.08850426226854324, 0.04613203927874565, 0.07490061223506927, 0.025436772033572197], [0.09101653099060059, 0.07415439188480377, 0.11968930065631866, 0.11968930065631866, 0.09807468205690384, 0.11968930065631866, 0.06569115072488785, 0.07459519058465958, 0.11968930065631866, 0.06591903418302536, 0.05179182067513466], [0.16295313835144043, 0.0843316912651062, 0.04361587017774582, 0.04361587017774582, 0.1022658720612526, 0.04361587017774582, 0.28345632553100586, 0.09142173081636429, 0.04361587017774582, 0.0667203962802887, 0.03438735753297806], [0.17972750961780548, 0.10692688822746277, 0.052078571170568466, 0.052078571170568466, 0.10651758313179016, 0.052078571170568466, 0.09613025933504105, 0.1922260969877243, 0.052078571170568466, 0.07399894297122955, 0.03615842014551163], [0.09101653844118118, 0.07415439933538437, 0.11968929320573807, 0.11968929320573807, 0.09807468205690384, 0.11968929320573807, 0.06569115817546844, 0.07459519058465958, 0.11968929320573807, 0.06591904163360596, 0.05179182440042496], [0.1628236472606659, 0.13231590390205383, 0.05587038770318031, 0.05587038770318031, 0.1278679221868515, 0.05587038770318031, 0.08517104387283325, 0.08983554691076279, 0.05587038770318031, 0.1346077173948288, 0.04389672353863716], [0.09090908616781235, 0.09090908616781235, 0.09090908616781235, 0.09090908616781235, 0.09090908616781235, 0.09090908616781235, 0.09090908616781235, 0.09090908616781235, 0.09090908616781235, 0.09090908616781235, 0.09090908616781235]], "p2h_attention": [[0.050614628940820694, 0.22189007699489594, 0.21098847687244415, 0.050614628940820694, 0.13648371398448944, 0.1431601196527481, 0.050614628940820694, 0.10683224350214005, 0.02880162186920643], [0.012762632220983505, 0.7949826121330261, 0.0827270969748497, 0.012762632220983505, 0.021860318258404732, 0.026359787210822105, 0.012762632220983505, 0.026868559420108795, 0.008913831785321236], [0.15244151651859283, 0.09444626420736313, 0.11963266134262085, 0.15244151651859283, 0.08366712182760239, 0.09500768035650253, 0.15244150161743164, 0.08395735919475555, 0.06596431881189346], [0.15244151651859283, 0.09444626420736313, 0.11963266134262085, 0.15244151651859283, 0.08366712182760239, 0.09500768035650253, 0.15244150161743164, 0.08395735919475555, 0.06596431881189346], [0.0757831260561943, 0.15849220752716064, 0.22065317630767822, 0.0757831260561943, 0.11901690065860748, 0.11789315938949585, 0.07578311115503311, 0.1165752112865448, 0.040019966661930084], [0.15244151651859283, 0.09444626420736313, 0.11963266134262085, 0.15244151651859283, 0.08366712182760239, 0.09500768035650253, 0.15244150161743164, 0.08395735919475555, 0.06596431881189346], [0.056087031960487366, 0.10844480246305466, 0.11120878905057907, 0.056087031960487366, 0.36450549960136414, 0.11756211519241333, 0.056087031960487366, 0.08579790592193604, 0.04421979933977127], [0.06613276153802872, 0.13578271865844727, 0.15976043045520782, 0.06613276153802872, 0.12207245081663132, 0.24410119652748108, 0.06613276153802872, 0.09396868944168091, 0.04591631516814232], [0.15244151651859283, 0.09444626420736313, 0.11963266134262085, 0.15244151651859283, 0.08366712182760239, 0.09500768035650253, 0.15244150161743164, 0.08395735919475555, 0.06596431881189346], [0.07138203084468842, 0.16905152797698975, 0.1651439368724823, 0.07138203084468842, 0.10881757736206055, 0.11477711796760559, 0.07138204574584961, 0.17197968065738678, 0.0560840368270874], [0.1111111119389534, 0.1111111119389534, 0.1111111119389534, 0.1111111119389534, 0.1111111119389534, 0.1111111119389534, 0.1111111119389534, 0.1111111119389534, 0.1111111119389534]], "claim": "Guineafowl are outside peafowl and the Odontophoridae.", "premise_source_doc_id": "Guineafowl", "premise_source_doc_line_num": 2, "premise_source_doc_sentence": "They are phylogenetically intermediate between peafowl and the Odontophoridae ."}
