{"premise_tokens": ["Thunder", "Road", "Pictures", "is", "a", "film", "and", "television", "financing", "and", "production", "company", "founded", "by", "Basil", "Iwanyk", ".", "@@NULL@@"], "hypothesis_tokens": ["Thunder", "Road", "Pictures", "is", "a", "television", "casting", "company", ".", "@@NULL@@"], "label_logits": [2.9113099575042725, -3.176194429397583, -1.4148529767990112], "label_probs": [0.9847469925880432, 0.002236428903415799, 0.013016554526984692], "h2p_attention": [[0.9421445727348328, 0.003437342820689082, 0.0026692997198551893, 0.002717073541134596, 0.004402585327625275, 0.0029384009540081024, 0.00221893098205328, 0.00384565070271492, 0.0013420635368674994, 0.00221893098205328, 0.004435552284121513, 0.009320588782429695, 0.010360540822148323, 0.0011796077014878392, 0.0027285146061331034, 0.0013420635368674994, 0.001858532428741455, 0.000839845510199666], [0.01566922292113304, 0.7643811702728271, 0.006799470633268356, 0.03245411813259125, 0.009882642887532711, 0.012158558703958988, 0.0060543459840118885, 0.013977689668536186, 0.005494937766343355, 0.0060543459840118885, 0.011706909164786339, 0.00982753001153469, 0.033185023814439774, 0.049443986266851425, 0.0061389910988509655, 0.005494937766343355, 0.00744763296097517, 0.0038284589536488056], [0.0032279144506901503, 0.0018037441186606884, 0.9026926159858704, 0.002390238456428051, 0.0024095976259559393, 0.03020358830690384, 0.001844811369664967, 0.0319843553006649, 0.0014179160352796316, 0.001844811369664967, 0.003123405622318387, 0.004202682990580797, 0.00404008524492383, 0.0026929047890007496, 0.002008069772273302, 0.0014179160352796316, 0.0016797862481325865, 0.001015602727420628], [0.01631365343928337, 0.04274594783782959, 0.011867698282003403, 0.6218674778938293, 0.027975911274552345, 0.019445175305008888, 0.015848638489842415, 0.014470313675701618, 0.00907556526362896, 0.015848638489842415, 0.02643151953816414, 0.022790715098381042, 0.010799353010952473, 0.10055218636989594, 0.009457654319703579, 0.00907556526362896, 0.020391425117850304, 0.00504253851249814], [0.07798110693693161, 0.03839989751577377, 0.0352940671145916, 0.08253078907728195, 0.2027556598186493, 0.06918364763259888, 0.04401580989360809, 0.043909210711717606, 0.020354898646473885, 0.04401580989360809, 0.03611151874065399, 0.1014624610543251, 0.0479750894010067, 0.054984211921691895, 0.036413293331861496, 0.020354898646473885, 0.029381705448031425, 0.014875822700560093], [0.006677529308944941, 0.005324226804077625, 0.04592602327466011, 0.004184792283922434, 0.004304471891373396, 0.11312374472618103, 0.001930502476170659, 0.7722930908203125, 0.0018999638268724084, 0.001930502476170659, 0.009885099716484547, 0.010408341884613037, 0.007942923344671726, 0.004720991011708975, 0.0037854905240237713, 0.0018999638268724084, 0.002304184716194868, 0.0014582942239940166], [0.0532260462641716, 0.10276754200458527, 0.04709380865097046, 0.0951700508594513, 0.05136193707585335, 0.05686798319220543, 0.020967327058315277, 0.0691869929432869, 0.02499464899301529, 0.020967327058315277, 0.06715913861989975, 0.03594148904085159, 0.10521151125431061, 0.14192765951156616, 0.04364221170544624, 0.02499464899301529, 0.023537442088127136, 0.01498227659612894], [0.02332594431936741, 0.0053953006863594055, 0.008697573095560074, 0.009499574080109596, 0.014335723593831062, 0.00803819578140974, 0.00509183295071125, 0.015001396648585796, 0.0033343222457915545, 0.00509183295071125, 0.026480508968234062, 0.8306389451026917, 0.02028491534292698, 0.00922627653926611, 0.0061094858683645725, 0.0033343222457915545, 0.004012047778815031, 0.0021018190309405327], [0.06329110264778137, 0.05563734099268913, 0.047304462641477585, 0.11565659940242767, 0.05648953467607498, 0.06179389730095863, 0.055492181330919266, 0.04519018530845642, 0.036401696503162384, 0.055492181330919266, 0.05162179470062256, 0.05459374934434891, 0.048426251858472824, 0.06225549802184105, 0.03764943778514862, 0.036401696503162384, 0.08770207315683365, 0.02860039286315441], [0.055555541068315506, 0.055555541068315506, 0.055555541068315506, 0.055555541068315506, 0.055555541068315506, 0.055555541068315506, 0.055555541068315506, 0.055555541068315506, 0.055555541068315506, 0.055555541068315506, 0.055555541068315506, 0.055555541068315506, 0.055555541068315506, 0.055555541068315506, 0.055555541068315506, 0.055555541068315506, 0.055555541068315506, 0.055555541068315506]],