{"premise_tokens": ["She", "won", "the", "silver", "medal", "in", "the", "keirin", "event", "at", "the", "2004", "UCI", "Track", "Cycling", "World", "Championships", "and", "2005", "UCI", "Track", "Cycling", "World", "Championships", ".", "@@NULL@@"], "hypothesis_tokens": ["UCI", "Track", "Cycling", "World", "Championships", "brings", "millions", "of", "competitors", "worldwide", "to", "the", "event", ".", "@@NULL@@"], "label_logits": [1.8951221704483032, -0.06934218108654022, -3.185851573944092], "label_probs": [0.8722617626190186, 0.12231812626123428, 0.005420108791440725], "h2p_attention": [[0.05381767824292183, 0.03376723453402519, 0.033868689090013504, 0.028234129771590233, 0.02796984650194645, 0.03904422000050545, 0.033868689090013504, 0.05434291064739227, 0.03248130530118942, 0.043925922363996506, 0.033868689090013504, 0.05434291064739227, 0.05434291064739227, 0.04706188291311264, 0.04312461242079735, 0.028644567355513573, 0.032009679824113846, 0.029825961217284203, 0.03682993724942207, 0.05434291064739227, 0.04706188291311264, 0.04312461242079735, 0.028644567355513573, 0.032009679824113846, 0.029929427430033684, 0.023515203967690468], [0.0005350346327759326, 0.00023940006212797016, 6.993699935264885e-05, 8.915925718611106e-05, 0.00011608724889811128, 0.00018796577933244407, 6.993699935264885e-05, 5.950143531663343e-05, 0.0004932012525387108, 7.23051416571252e-05, 6.993699935264885e-05, 5.950143531663343e-05, 5.950143531663343e-05, 0.4938109815120697, 0.0029754736460745335, 0.00047694711247459054, 0.0013160929083824158, 7.821196777513251e-05, 0.0004861180204898119, 5.950143531663343e-05, 0.4938109815120697, 0.0029754736460745335, 0.00047694711247459054, 0.0013160929083824158, 6.595725426450372e-05, 2.973081973323133e-05], [0.00014061796537134796, 4.6104985813144594e-05, 2.068808680633083e-05, 2.0121349734836258e-05, 5.495592995430343e-05, 6.54576942906715e-05, 2.068808680633083e-05, 2.5239462047466077e-05, 0.00015356432413682342, 4.069654823979363e-05, 2.068808680633083e-05, 2.5239462047466077e-05, 2.5239462047466077e-05, 0.001377377542667091, 0.4977233409881592, 0.0001737783313728869, 0.0003147544339299202, 2.2769054339732975e-05, 7.157427171478048e-05, 2.5239462047466077e-05, 0.001377377542667091, 0.4977233409881592, 0.0001737783313728869, 0.0003147544339299202, 2.8824810215155594e-05, 1.3762705748376902e-05], [0.0037431903183460236, 0.0032849335111677647, 0.0013175476342439651, 0.002917410572990775, 0.006218534428626299, 0.0030355253256857395, 0.0013175476342439651, 0.0009867125190794468, 0.004704801365733147, 0.0011373221641406417, 0.0013175476342439651, 0.0009867125190794468, 0.0009867125190794468, 0.012994524091482162, 0.010227956809103489, 0.4375557005405426, 0.01824602112174034, 0.0015756721841171384, 0.005291783716529608, 0.0009867125190794468, 0.012994524091482162, 0.010227956809103489, 0.4375557005405426, 0.01824602112174034, 0.0013329742942005396, 0.0008100224658846855], [0.0031542363576591015, 0.010348853655159473, 0.00041159914690069854, 0.0008614904945716262, 0.016244100406765938, 0.0015060360310599208, 0.00041159914690069854, 0.00034761964343488216, 0.014247994869947433, 0.0006272416212595999, 0.00041159914690069854, 0.00034761964343488216, 0.00034761964343488216, 0.011304497718811035, 0.005840360186994076, 0.0057523176074028015, 0.45048460364341736, 0.0003834740782622248, 0.0023598831612616777, 0.00034761964343488216, 0.011304497718811035, 0.005840360186994076, 0.0057523176074028015, 0.45048460364341736, 0.000622509338427335, 0.00025537112378515303], [0.10277485847473145, 0.030409984290599823, 0.04653529077768326, 0.017396092414855957, 0.027404701337218285, 0.06629418581724167, 0.04653529077768326, 0.021743519231677055, 0.03825343772768974, 0.0762886255979538, 0.04653529077768326, 0.021743519231677055, 0.021743519231677055, 0.05729852244257927, 0.04188123345375061, 0.022394882515072823, 0.027194702997803688, 0.0259496308863163, 0.0474158339202404, 0.021743519231677055, 0.05729852244257927, 0.04188123345375061, 0.022394882515072823, 0.027194702997803688, 0.0329476073384285, 0.010746286250650883], [0.018658703193068504, 0.026845760643482208, 0.011191805824637413, 0.011239354498684406, 0.014008738100528717, 0.02404523827135563, 0.011191805824637413, 0.012396550737321377, 0.013857297599315643, 0.027118466794490814, 0.011191805824637413, 0.012396550737321377, 0.012396550737321377, 0.04076972231268883, 0.2872820496559143, 0.027397817000746727, 0.012437653727829456, 0.01014548446983099, 0.019238512963056564, 0.012396550737321377, 0.04076972231268883, 0.2872820496559143, 0.027397817000746727, 0.012437653727829456, 0.009651034139096737, 0.006255214102566242], [0.04734222590923309, 0.04782148450613022, 0.04056268930435181, 0.027509672567248344, 0.030438384041190147, 0.04312575235962868, 0.04056268930435181, 0.02135453373193741, 0.03007238544523716, 0.026615390554070473, 0.04056268930435181, 0.02135453373193741, 0.02135453373193741, 0.0626230239868164, 0.03653058782219887, 0.0461624339222908, 0.042922064661979675, 0.04248793050646782, 0.07633013278245926, 0.02135453373193741, 0.0626230239868164, 0.03653058782219887, 0.0461624339222908, 0.042922064661979675, 0.027071386575698853, 0.017602795735001564], [0.08630659431219101, 0.054240632802248, 0.01860828697681427, 0.030357852578163147, 0.04889203980565071, 0.044906359165906906, 0.01860828697681427, 0.021101778373122215, 0.03422168642282486, 0.021488601341843605, 0.01860828697681427, 0.021101778373122215, 0.021101778373122215, 0.04908289760351181, 0.06304003298282623, 0.058907780796289444, 0.05875081196427345, 0.027121203020215034, 0.019826658070087433, 0.021101778373122215, 0.04908289760351181, 0.06304003298282623, 0.058907780796289444, 0.05875081196427345, 0.02077621966600418, 0.01206717174500227], [0.023858454078435898, 0.016099706292152405, 0.012796144001185894, 0.016255518421530724, 0.017378371208906174, 0.04288333281874657, 0.012796144001185894, 0.012665876187384129, 0.05025441199541092, 0.016987809911370277, 0.012796144001185894, 0.012665876187384129, 0.012665876187384129, 0.03953556716442108, 0.050902605056762695, 0.06119880825281143, 0.029828371480107307, 0.013522280380129814, 0.32053279876708984, 0.012665876187384129, 0.03953556716442108, 0.050902605056762695, 0.06119880825281143, 0.029828371480107307, 0.020250868052244186, 0.009993749670684338], [0.1876000165939331, 0.027835864573717117, 0.04413525387644768, 0.0269386675208807, 0.017849445343017578, 0.04845042526721954, 0.04413525387644768, 0.018808890134096146, 0.02290228009223938, 0.055883243680000305, 0.04413525387644768, 0.018808890134096146, 0.018808890134096146, 0.07233967632055283, 0.029126854613423347, 0.016892896965146065, 0.022880716249346733, 0.03937055170536041, 0.045672159641981125, 0.018808890134096146, 0.07233967632055283, 0.029126854613423347, 0.016892896965146065, 0.022880716249346733, 0.026172319427132607, 0.011203275993466377], [0.09584630280733109, 0.027328094467520714, 0.08398981392383575, 0.02219300903379917, 0.02390977554023266, 0.04722372442483902, 0.08398981392383575, 0.022754818201065063, 0.024999281391501427, 0.0744975283741951, 0.08398981392383575, 0.022754818201065063, 0.022754818201065063, 0.037164121866226196, 0.023748716339468956, 0.02569761872291565, 0.02546398900449276, 0.04200242459774017, 0.026731081306934357, 0.022754818201065063, 0.037164121866226196, 0.023748716339468956, 0.02569761872291565, 0.02546398900449276, 0.032332539558410645, 0.015798786655068398], [0.01512707769870758, 0.039412569254636765, 0.004553450271487236, 0.007843036204576492, 0.030449233949184418, 0.014611153863370419, 0.004553450271487236, 0.0039748563431203365, 0.30506888031959534, 0.007102861534804106, 0.004553450271487236, 0.0039748563431203365, 0.0039748563431203365, 0.04773687571287155, 0.032108746469020844, 0.016714036464691162, 0.16055308282375336, 0.004589146003127098, 0.021577779203653336, 0.0039748563431203365, 0.04773687571287155, 0.032108746469020844, 0.016714036464691162, 0.16055308282375336, 