{"premise_tokens": ["Malaysians", "are", "the", "people", "who", "are", "identified", "with", "the", "country", "of", "Malaysia", ".", "@@NULL@@"], "hypothesis_tokens": ["Malaysians", "are", "from", "Malaysia", ".", "@@NULL@@"], "label_logits": [0.7763899564743042, -1.3169310092926025, -0.9494249820709229], "label_probs": [0.7684593796730042, 0.09473341703414917, 0.13680721819400787], "h2p_attention": [[0.11446910351514816, 0.0709201768040657, 0.07134175300598145, 0.06654361635446548, 0.06284217536449432, 0.0709201768040657, 0.0576447919011116, 0.07113005220890045, 0.07134175300598145, 0.08744794875383377, 0.06009005382657051, 0.08273147791624069, 0.0630440041422844, 0.0495329424738884], [0.006667037960141897, 0.41528889536857605, 0.013770020566880703, 0.008694833144545555, 0.025331571698188782, 0.41528889536857605, 0.01749868504703045, 0.025781558826565742, 0.013770020566880703, 0.010109474882483482, 0.01344777550548315, 0.01565892994403839, 0.014035796746611595, 0.0046564736403524876], [0.035090092569589615, 0.10029798001050949, 0.05741695314645767, 0.0405597947537899, 0.06747208535671234, 0.10029798001050949, 0.04687957093119621, 0.09686464816331863, 0.05741695314645767, 0.20525288581848145, 0.07896797358989716, 0.06147406995296478, 0.036391548812389374, 0.0156173100695014], [0.009585332125425339, 0.01929902285337448, 0.010412253439426422, 0.011935168877243996, 0.017852194607257843, 0.01929902285337448, 0.01531450729817152, 0.019447289407253265, 0.010412253439426422, 0.02687932923436165, 0.00641655595973134, 0.8174378871917725, 0.009970276616513729, 0.005738923326134682], [0.04358460381627083, 0.10321985930204391, 0.07008087635040283, 0.07664798945188522, 0.06839409470558167, 0.10321985930204391, 0.0727260485291481, 0.08055094629526138, 0.07008087635040283, 0.06008722633123398, 0.052663806825876236, 0.059492237865924835, 0.10500773042440414, 0.03424391895532608], [0.0714285671710968, 0.0714285671710968, 0.0714285671710968, 0.0714285671710968, 0.0714285671710968, 0.0714285671710968, 0.0714285671710968, 0.0714285671710968, 0.0714285671710968, 0.0714285671710968, 0.0714285671710968, 0.0714285671710968, 0.0714285671710968, 0.0714285671710968]], "p2h_attention": [[0.23266462981700897, 0.14414909482002258, 0.22621136903762817, 0.1681561917066574, 0.12814034521579742, 0.10067837685346603], [0.01371220126748085, 0.8541311621665955, 0.06150597333908081, 0.032205965369939804, 0.028867637738585472, 0.009577041491866112], [0.11134989559650421, 0.22862179577350616, 0.2842327356338501, 0.14026668667793274, 0.158218115568161, 0.07731080055236816], [0.12074866145849228, 0.16783174872398376, 0.23343154788017273, 0.18692539632320404, 0.20118117332458496, 0.08988144993782043], [0.07403206825256348, 0.31744447350502014, 0.2521045506000519, 0.1815197765827179, 0.1165461465716362, 0.05835294723510742], [0.01371220126748085, 0.8541311621665955, 0.06150597333908081, 0.032205965369939804, 0.028867637738585472, 0.009577041491866112], [0.08484885841608047, 0.27398601174354553, 0.21885548532009125, 0.19455961883068085, 0.15484122931957245, 0.07290881872177124], [0.07210340350866318, 0.2780025005340576, 0.31142669916152954, 0.17014743387699127, 0.11810926347970963, 0.050210755318403244], [0.11134989559650421, 0.22862179577350616, 0.2842327356338501, 0.14026668667793274, 0.158218115568161, 0.07731080055236816], [0.0720076709985733, 0.08855123817920685, 0.5360512137413025, 0.19103427231311798, 0.07156850397586823, 0.04078713804483414], [0.09467600286006927, 0.22538481652736664, 0.3946172893047333, 0.08725754916667938, 0.12002182006835938, 0.07804254442453384], [0.010835518129169941, 0.021816138178110123, 0.025536339730024338, 0.9240539073944092, 0.011270670220255852, 0.006487434264272451], [0.10246913135051727, 0.24267403781414032, 0.18760208785533905, 0.1398685872554779, 0.24687732756137848, 0.08050880581140518], [0.1666666716337204, 0.1666666716337204, 0.1666666716337204, 0.1666666716337204, 0.1666666716337204, 0.1666666716337204]], "claim": "Malaysians are from Malaysia.", "premise_source_doc_id": "Malaysians", "premise_source_doc_line_num": 0, "premise_source_doc_sentence": "Malaysians are the people who are identified with the country of Malaysia ."}
