{"premise_tokens": ["Bono", "was", "born", "and", "raised", "in", "Dublin", ",", "Ireland", ".", "@@NULL@@"], "hypothesis_tokens": ["Bono", "was", "born", "in", "France", ".", "@@NULL@@"], "label_logits": [-3.50844144821167, 5.751214504241943, -2.650437116622925], "label_probs": [9.515765123069286e-05, 0.9996803998947144, 0.00022442452609539032], "h2p_attention": [[0.9359126687049866, 0.003873141249641776, 0.006677684374153614, 0.007187818642705679, 0.0192888043820858, 0.006450742948800325, 0.004599701147526503, 0.0030825911089777946, 0.00768757238984108, 0.0033682845532894135, 0.0018710220465436578], [0.07086296379566193, 0.310527503490448, 0.10271363705396652, 0.07353401929140091, 0.07071385532617569, 0.08110873401165009, 0.04913775250315666, 0.05764766409993172, 0.07101769000291824, 0.07850395143032074, 0.03423219919204712], [0.0047709462232887745, 0.004010983742773533, 0.9233726263046265, 0.003101010574027896, 0.00924520194530487, 0.03737717866897583, 0.0021579191088676453, 0.003189978189766407, 0.008655544370412827, 0.0027818414382636547, 0.0013367728097364306], [0.037702858448028564, 0.025910522788763046, 0.3057681620121002, 0.024576731026172638, 0.06579846888780594, 0.43742987513542175, 0.01815730333328247, 0.024060873314738274, 0.021922985091805458, 0.027736617252230644, 0.010935619473457336], [0.006211367901414633, 0.003194593358784914, 0.016371814534068108, 0.003757696831598878, 0.026572277769446373, 0.00429157167673111, 0.0017651400994509459, 0.005929938983172178, 0.9289796352386475, 0.0016660912660881877, 0.001259914948605001], [0.08755181729793549, 0.11153008043766022, 0.10120687633752823, 0.0943615511059761, 0.09563841670751572, 0.12335179001092911, 0.06189918890595436, 0.06486691534519196, 0.06182717904448509, 0.14913278818130493, 0.048633474856615067], [0.09090908616781235, 0.09090908616781235, 0.09090908616781235, 0.09090908616781235, 0.09090908616781235, 0.09090908616781235, 0.09090908616781235, 0.09090908616781235, 0.09090908616781235, 0.09090908616781235, 0.09090908616781235]], "p2h_attention": [[0.9674739241600037, 0.004003752954304218, 0.006902872119098902, 0.00666827755048871, 0.00953517947345972, 0.0034818712156265974, 0.001934117404744029], [0.09266198426485062, 0.4060526490211487, 0.13431063294410706, 0.10605957359075546, 0.11349887400865555, 0.10265350341796875, 0.044762782752513885], [0.004814173094928265, 0.0040473248809576035, 0.9317387938499451, 0.03771582990884781, 0.01752791367471218, 0.0028070462867617607, 0.0013488845434039831], [0.23311451077461243, 0.1303480714559555, 0.14076566696166992, 0.1363740861415863, 0.18098044395446777, 0.11773642897605896, 0.06068077310919762], [0.2088371068239212, 0.041845716536045074, 0.1401006579399109, 0.12188596278429031, 0.42723700404167175, 0.03983623906970024, 0.020257288590073586], [0.04271151125431061, 0.029352616518735886, 0.3463880717754364, 0.49554041028022766, 0.04219772666692734, 0.031421296298503876, 0.012388365343213081], [0.22674183547496796, 0.13239191472530365, 0.14888761937618256, 0.1531401127576828, 0.12921680510044098, 0.11738987267017365, 0.0922318622469902], [0.11014077812433243, 0.11257915198802948, 0.15952961146831512, 0.14708861708641052, 0.314644455909729, 0.08916594088077545, 0.06685148924589157], [0.005447331350296736, 0.0027504584286361933, 0.008584407158195972, 0.002657845616340637, 0.9775487184524536, 0.0016854570712894201, 0.0013257859973236918], [0.12767885625362396, 0.16264691948890686, 0.14759235084056854, 0.1798868030309677, 0.09378786385059357, 0.21748380362987518, 0.0709233283996582], [0.1428571492433548, 0.1428571492433548, 0.1428571492433548, 0.1428571492433548, 0.1428571492433548, 0.1428571492433548, 0.1428571492433548]], "claim": "Bono was born in France.", "premise_source_doc_id": "Bono", "premise_source_doc_line_num": 4, "premise_source_doc_sentence": "Bono was born and raised in Dublin , Ireland ."}
