{"premise_tokens": ["Animals", "such", "as", "bats", "and", "porpoises", "use", "ultrasound", "for", "locating", "prey", "and", "obstacles", ".", "@@NULL@@"], "hypothesis_tokens": ["Ultrasound", "is", "used", "for", "locating", "prey", "and", "obstacles", ".", "@@NULL@@"], "label_logits": [3.328977346420288, -1.0614765882492065, -5.17639684677124], "label_probs": [0.9875592589378357, 0.012240897864103317, 0.0001998601364903152], "h2p_attention": [[0.057280514389276505, 0.02913687191903591, 0.030433543026447296, 0.024469245225191116, 0.0330924354493618, 0.025582293048501015, 0.033067040145397186, 0.5330319404602051, 0.03014027327299118, 0.03889667987823486, 0.029990918934345245, 0.0330924354493618, 0.05733935162425041, 0.026103513315320015, 0.018342982977628708], [0.10802317410707474, 0.11611513793468475, 0.11345752328634262, 0.048639118671417236, 0.028693415224552155, 0.016430994495749474, 0.04221412166953087, 0.014333325438201427, 0.05012165755033493, 0.07062003761529922, 0.06813936680555344, 0.028693415224552155, 0.24847136437892914, 0.03691798821091652, 0.009129341691732407], [0.0707198828458786, 0.10629669576883316, 0.06357380747795105, 0.07169587910175323, 0.05268165469169617, 0.029639074578881264, 0.24863362312316895, 0.038629308342933655, 0.05190630257129669, 0.03897503763437271, 0.035840779542922974, 0.05268165469169617, 0.08319371193647385, 0.03288697823882103, 0.02264566905796528], [0.13275529444217682, 0.03015417419373989, 0.051361214369535446, 0.029890993610024452, 0.030338864773511887, 0.016485698521137238, 0.03478911146521568, 0.020336750894784927, 0.45751824975013733, 0.03482012823224068, 0.04889366775751114, 0.030338864773511887, 0.0473187156021595, 0.02262156270444393, 0.012376685626804829], [0.014152138493955135, 0.02377566508948803, 0.021210448816418648, 0.022143946960568428, 0.007272724062204361, 0.006737963762134314, 0.014585825614631176, 0.010993268340826035, 0.014585127122700214, 0.7934728264808655, 0.02092069946229458, 0.007272724062204361, 0.02950858511030674, 0.008183847181499004, 0.005184229929000139], [0.004401810001581907, 0.002109797904267907, 0.002546449890360236, 0.004368260502815247, 0.0007077183108776808, 0.0004693696682807058, 0.0007532149902544916, 0.0005385724361985922, 0.0013012854615226388, 0.00132927973754704, 0.9787459969520569, 0.0007077183108776808, 0.0009556389413774014, 0.0007354731787927449, 0.0003294006164651364], [0.058022357523441315, 0.08932758867740631, 0.09620954096317291, 0.04348864406347275, 0.17643707990646362, 0.027148649096488953, 0.04376915842294693, 0.03861546516418457, 0.05246835947036743, 0.03002723678946495, 0.045987360179424286, 0.17643707990646362, 0.05912703648209572, 0.041530050337314606, 0.02140437439084053], [0.0025042297784239054, 0.004621089901775122, 0.0019650431349873543, 0.0009312836918979883, 0.0006052579847164452, 0.000614827498793602, 0.0010349604999646544, 0.0006849193596281111, 0.0008376942714676261, 0.001247157109901309, 0.0006356623489409685, 0.0006052579847164452, 0.9829748272895813, 0.0005186954513192177, 0.00021910729992669076], [0.09736459702253342, 0.06723108142614365, 0.07031727582216263, 0.08250743895769119, 0.0656418427824974, 0.043059661984443665, 0.05164753273129463, 0.0481448695063591, 0.061835676431655884, 0.053406525403261185, 0.07553759962320328, 0.0656418427824974, 0.08008965849876404, 0.10374300926923752, 0.033831480890512466], [0.06666667014360428, 0.06666667014360428, 0.06666667014360428, 0.06666667014360428, 0.06666667014360428, 0.06666667014360428, 0.06666667014360428, 0.06666667014360428, 0.06666667014360428, 0.06666667014360428, 0.06666667014360428, 0.06666667014360428, 0.06666667014360428, 0.06666667014360428, 0.06666667014360428]], "p2h_attention": [[0.0496341772377491, 0.18807080388069153, 0.04963640496134758, 0.17048706114292145, 0.0433892123401165, 0.21239818632602692, 0.043086059391498566, 0.18166080117225647, 0.045742932707071304, 0.015894390642642975], [0.026177523657679558, 0.2096066176891327, 0.07735532522201538, 0.0401512049138546, 0.07557950168848038, 0.10555336624383926, 0.06877628713846207, 0.3475707173347473, 0.03274950385093689, 0.016479939222335815], [0.033580560237169266, 0.25153544545173645, 0.05681963637471199, 0.08399169147014618, 0.0828077420592308, 0.1564646065235138, 0.09097477793693542, 0.18151839077472687, 0.04206747189164162, 0.020239761099219322], [0.03377482295036316, 0.1348927766084671, 0.08015886694192886, 0.06114748492836952, 0.10814671218395233, 0.335758239030838, 0.05144177004694939, 0.107613705098629, 0.061746831983327866, 0.02531876601278782], [0.06627391278743744, 0.11545869708061218, 0.08545906096696854, 0.09004897624254227, 0.05153433606028557, 0.07892594486474991, 0.3028106689453125, 0.1014770045876503, 0.07127605378627777, 0.03673532232642174], [0.09355700761079788, 0.12073445320129395, 0.0877983570098877, 0.08935315907001495, 0.08718692511320114, 0.09558669477701187, 0.08508492261171341, 0.188236266374588, 0.08538007736206055, 0.06708213686943054], [0.05208330973982811, 0.13359540700912476, 0.3172107934951782, 0.08121049404144287, 0.08128678798675537, 0.06606445461511612, 0.05907978489995003, 0.1364709436893463, 0.04410642385482788, 0.028891708701848984], [0.6445159316062927, 0.034822333604097366, 0.03783399984240532, 0.036444131284952164, 0.0470319464802742, 0.036263540387153625, 0.040013741701841354, 0.06933187693357468, 0.031563080847263336, 0.022179430350661278], [0.026392737403512, 0.08818468451499939, 0.036816470324993134, 0.5937604904174805, 0.04518905282020569, 0.06345348805189133, 0.039373334497213364, 0.061409566551446915, 0.029357926920056343, 0.016062282025814056], [0.011705595999956131, 0.04270113259553909, 0.009500626474618912, 0.015530195087194443, 0.8448872566223145, 0.022276291623711586, 0.0077439723536372185, 0.03142065182328224, 0.008714133873581886, 0.005520150996744633], [0.0005453217308968306, 0.0024893824011087418, 0.0005278681637719274, 0.0013175929198041558, 0.0013459380716085434, 0.9910115003585815, 0.0007165873539634049, 0.0009676152840256691, 0.0007446896634064615, 0.00033352861646562815], [0.06627391278743744, 0.11545869708061218, 0.08545906096696854, 0.09004897624254227, 0.05153433606028557, 0.07892594486474991, 0.3028106689453125, 0.1014770045876503, 0.07127605378627777, 0.03673532232642174], [0.0006887133349664509, 0.005996427498757839, 0.0008093960932455957, 0.0008423341787420213, 0.0012540644966065884, 0.0006391828646883368, 0.0006086104549467564, 0.9884194135665894, 0.000521568232215941, 0.00022032091510482132], [0.06798463314771652, 0.19318808615207672, 0.06937780231237411, 0.08731725066900253, 0.07541453838348389, 0.10666554421186447, 0.09269187599420547, 0.11309342831373215, 0.14649394154548645, 0.04777291789650917], [0.09999998658895493, 0.09999998658895493, 0.09999998658895493, 0.09999998658895493, 0.09999998658895493, 0.09999998658895493, 0.09999998658895493, 0.09999998658895493, 0.09999998658895493, 0.09999998658895493]], "claim": "Ultrasound is used for locating prey and obstacles.", "premise_source_doc_id": "Ultrasound", "premise_source_doc_line_num": 11, "premise_source_doc_sentence": "Animals such as bats and porpoises use ultrasound for locating prey and obstacles ."}
