{"premise_tokens": ["In", "subsequent", "years", ",", "Twin", "Peaks", "has", "often", "been", "listed", "among", "the", "greatest", "television", "dramas", "of", "all", "time", ".", "@@NULL@@"], "hypothesis_tokens": ["Twin", "Peaks", "is", "considered", "by", "American", "scholars", "to", "be", "one", "of", "the", "greatest", "television", "dramas", ".", "@@NULL@@"], "label_logits": [1.0814672708511353, -0.7031281590461731, -0.9863835573196411], "label_probs": [0.7726051211357117, 0.12969331443309784, 0.0977015346288681], "h2p_attention": [[7.686714411647699e-07, 4.5840758389203984e-07, 2.834397719198023e-06, 5.666535685122653e-07, 0.999970018863678, 5.792884167021839e-06, 1.1172610356879886e-06, 9.66671905189287e-07, 7.715503897998133e-07, 8.747548463361454e-07, 7.726799253759964e-07, 5.260222337710729e-07, 2.0801685423066374e-06, 1.1102180224042968e-06, 4.5840758389203984e-07, 1.092562797566643e-06, 7.349975021497812e-06, 1.3966989627078874e-06, 7.643300818926946e-07, 2.8282346420382964e-07], [0.0017209900543093681, 0.0004079473146703094, 0.002258547116070986, 0.00046341668348759413, 0.004060845356434584, 0.9741740822792053, 0.002592875389382243, 0.0013162132818251848, 0.0014381295768544078, 0.0012501080054789782, 0.002976400312036276, 0.0004200722905807197, 0.0017292300472036004, 0.0008093569194898009, 0.0004079473146703094, 0.0006658076890744269, 0.0017139610135927796, 0.0009592314017936587, 0.0004366719222161919, 0.00019826088100671768], [0.05792561173439026, 0.010101348161697388, 0.03543099761009216, 0.01575913466513157, 0.016364170238375664, 0.04592776671051979, 0.10282603651285172, 0.08668853342533112, 0.0853242501616478, 0.020246610045433044, 0.07997274398803711, 0.032481659203767776, 0.10347644984722137, 0.016105854883790016, 0.010101348161697388, 0.019617531448602676, 0.12212757766246796, 0.11121383309364319, 0.02269621565937996, 0.005612482316792011], [0.026608604937791824, 0.011259526014328003, 0.0156530924141407, 0.0124076958745718, 0.010939039289951324, 0.18367266654968262, 0.024842673912644386, 0.06898991763591766, 0.037323810160160065, 0.01567958854138851, 0.12753410637378693, 0.02058732882142067, 0.3305553197860718, 0.007553591392934322, 0.011259526014328003, 0.012544238939881325, 0.039814263582229614, 0.02356806769967079, 0.013852468691766262, 0.005354543682187796], [0.03368173912167549, 0.011484854854643345, 0.03235546499490738, 0.030412567779421806, 0.05256153270602226, 0.09705530852079391, 0.10393047332763672, 0.05411422625184059, 0.14944982528686523, 0.021617047488689423, 0.06178096681833267, 0.02179744839668274, 0.0963648110628128, 0.027366675436496735, 0.011484854854643345, 0.018113842234015465, 0.07918179780244827, 0.0703921914100647, 0.01840093545615673, 0.008453452959656715], [0.04743353649973869, 0.0203767791390419, 0.023911455646157265, 0.023728225380182266, 0.1968800127506256, 0.0796523466706276, 0.03841474652290344, 0.07994537800550461, 0.03791064769029617, 0.04924691095948219, 0.093770332634449, 0.022617999464273453, 0.10349107533693314, 0.03027852065861225, 0.0203767791390419, 0.01757446490228176, 0.05423598363995552, 0.03662746027112007, 0.013777323998510838, 0.00975000485777855], [0.053234562277793884, 0.07409345358610153, 0.04326651990413666, 0.035627465695142746, 0.05196632072329521, 0.06597094237804413, 0.05633774399757385, 0.0437847375869751, 0.051941052079200745, 0.03721807524561882, 0.039420224726200104, 0.046178024262189865, 0.0742437019944191, 0.04177206754684448, 0.07409345358610153, 0.03889503329992294, 0.05267015099525452, 0.046417731791734695, 0.04080706462264061, 0.032061636447906494], [0.0471668541431427, 0.01831059530377388, 0.05658130347728729, 0.023828839883208275, 0.027184275910258293, 0.0391346774995327, 0.08901899307966232, 0.08231569826602936, 0.04310452938079834, 0.02665891870856285, 0.0380103625357151, 0.04296599701046944, 0.06609553843736649, 0.01937618851661682, 0.01831059530377388, 0.03598916158080101, 0.14509548246860504, 0.1444665938615799, 0.025478951632976532, 0.01090647280216217], [0.0440775491297245, 0.00937872938811779, 0.034226495772600174, 0.013168241828680038, 0.01683429256081581, 0.09303868561983109, 0.15670131146907806, 0.034754205495119095, 0.18378673493862152, 0.011258304119110107, 0.044231776148080826, 0.023069316521286964, 0.0724143385887146, 0.023512927815318108, 0.00937872938811779, 0.012639567255973816, 0.13325199484825134, 0.05995651334524155, 0.019287925213575363, 0.005032259970903397], [0.0216364748775959, 0.006914796307682991, 0.0518474206328392, 0.03693632036447525, 0.0813852921128273, 0.027585476636886597, 0.024538634344935417, 0.02948675863444805, 0.017721103504300117, 0.008087518624961376, 0.03389184549450874, 0.02636709250509739, 0.04125199466943741, 0.010675827041268349, 0.006914796307682991, 0.021186070516705513, 0.41901540756225586, 0.11452958732843399, 0.014861996285617352, 0.005165481939911842], [0.040634527802467346, 0.020120954141020775, 0.08252691477537155, 0.03409741818904877, 0.06407240778207779, 0.05569956824183464, 0.046110253781080246, 0.0290013886988163, 0.03048035316169262, 0.03509216010570526, 0.03340940177440643, 0.038219522684812546, 0.03622661530971527, 0.031795527786016464, 0.020120954141020775, 0.16460342705249786, 0.12635792791843414, 0.06933721899986267, 0.02550756372511387, 0.01658594235777855], [0.04957897961139679, 0.023889701813459396, 0.03544208034873009, 0.034746818244457245, 0.030849626287817955, 0.03514375537633896, 0.05666342005133629, 0.05418289452791214, 0.04113684222102165, 0.024131527170538902, 0.03981862962245941, 0.08817875385284424, 0.09988974034786224, 0.025690384209156036, 0.023889701813459396, 0.038221362978219986, 0.16487208008766174, 0.08314193040132523, 0.03394510596990585, 0.01658674143254757], [0.004789212252944708, 0.0016801441088318825, 0.001441781991161406, 0.001749828108586371, 0.0053364890627563, 0.006328319665044546, 0.004919541068375111, 0.006427035667002201, 0.00497604301199317, 0.0022567969281226397, 0.011104181408882141, 0.004369506612420082, 0.923011064529419, 0.002443585079163313, 0.0016801441088318825, 0.0015847482718527317, 0.009478246793150902, 0.00365630560554564, 0.0020413228776305914, 0.0007255589589476585], [0.007885233499109745, 0.002262939466163516, 0.008346913382411003, 0.002233714796602726, 0.006818132009357214, 0.0070904833264648914, 0.004911525174975395, 0.004227211233228445, 0.004338133614510298, 0.002852189587429166, 0.0028774861712008715, 0.0026901867240667343, 0.005849617999047041, 0.919834554195404, 0.002262939466163516, 0.0033296504989266396, 0.003837019670754671, 0.003870807122439146, 0.0027443841099739075, 0.0017368918051943183], [0.053234562277793884, 0.07409345358610153, 0.04326651990413666, 0.035627465695142746, 0.05196632072329521, 0.06597094237804413, 0.05633774399757385, 0.0437847375869751, 0.051941052079200745, 0.03721807524561882, 0.039420224726200104, 0.046178024262189865, 0.0742437019944191, 0.04177206754684448, 0.07409345358610153, 0.03889503329992294, 0.05267015099525452, 0.046417731791734695, 0.04080706462264061, 0.032061636447906494], [0.05781850591301918, 0.029013916850090027, 0.05661235749721527, 0.03040497377514839, 0.06160586699843407, 0.05020824074745178, 0.06031538546085358, 0.06114128232002258, 0.05760328471660614, 0.03139934688806534, 0.05803203955292702, 0.04665226489305496, 0.06413505971431732, 0.03601876646280289, 0.029013916850090027, 0.03505786880850792, 0.07781577110290527, 0.06445245444774628, 0.06990279257297516, 0.022795898839831352], [0.04999999329447746, 0.04999999329447746, 0.04999999329447746, 0.04999999329447746, 0.04999999329447746, 0.04999999329447746, 0.04999999329447746, 0.04999999329447746, 0.04999999329447746, 0.04999999329447746, 0.04999999329447746, 0.04999999329447746, 0.04999999329447746, 0.04999999329447746, 0.04999999329447746, 0.04999999329447746, 0.04999999329447746, 0.04999999329447746, 0.04999999329447746, 0.04999999329447746]],