{"premise_tokens": ["For", "instance", ",", "many", "viruses", "(", "the", "bacteriophages", ")", "actually", "infect", "bacteria", ".", "@@NULL@@"], "hypothesis_tokens": ["Bacteriophages", "infect", "bacteria", ".", "@@NULL@@"], "label_logits": [0.09634190052747726, -1.4964860677719116, -0.28225386142730713], "label_probs": [0.5296127200126648, 0.10769660770893097, 0.36269065737724304], "h2p_attention": [[0.06182516738772392, 0.10726460069417953, 0.05157763883471489, 0.06172845885157585, 0.07125318050384521, 0.04989681392908096, 0.06685161590576172, 0.10726460069417953, 0.05178704112768173, 0.09183164685964584, 0.10726460069417953, 0.06596294045448303, 0.05907611548900604, 0.04641541838645935], [0.06182516738772392, 0.10726460069417953, 0.05157763883471489, 0.06172845885157585, 0.07125318050384521, 0.04989681392908096, 0.06685161590576172, 0.10726460069417953, 0.05178704112768173, 0.09183164685964584, 0.10726460069417953, 0.06596294045448303, 0.05907611548900604, 0.04641541838645935], [0.00016739951388444752, 9.172692807624117e-05, 7.725228351773694e-05, 0.0002680808538571, 0.0165395550429821, 0.00013145995035301894, 0.00010754464165074751, 9.172692807624117e-05, 0.00011327897664159536, 0.00023365774541161954, 9.172692807624117e-05, 0.98188716173172, 0.00013486843090504408, 6.454447429860011e-05], [0.06929419189691544, 0.048253439366817474, 0.05056693032383919, 0.07150230556726456, 0.092433400452137, 0.05140022188425064, 0.0775880217552185, 0.048253439366817474, 0.051175784319639206, 0.15789121389389038, 0.048253439366817474, 0.07921914756298065, 0.11625629663467407, 0.037912171334028244], [0.0714285671710968, 0.0714285671710968, 0.0714285671710968, 0.0714285671710968, 0.0714285671710968, 0.0714285671710968, 0.0714285671710968, 0.0714285671710968, 0.0714285671710968, 0.0714285671710968, 0.0714285671710968, 0.0714285671710968, 0.0714285671710968, 0.0714285671710968]], "p2h_attention": [[0.16474296152591705, 0.16474296152591705, 0.32077378034591675, 0.22605912387371063, 0.12368124723434448], [0.2778993248939514, 0.2778993248939514, 0.17089568078517914, 0.1530534029006958, 0.12025228142738342], [0.19315075874328613, 0.19315075874328613, 0.20804116129875183, 0.23183830082416534, 0.17381900548934937], [0.1371149718761444, 0.1371149718761444, 0.42822152376174927, 0.1944478303194046, 0.1031007245182991], [0.005842312704771757, 0.005842312704771757, 0.9752308130264282, 0.009278826415538788, 0.0038057714700698853], [0.16431069374084473, 0.16431069374084473, 0.31130746006965637, 0.2072247564792633, 0.15284642577171326], [0.18967874348163605, 0.18967874348163605, 0.2194312959909439, 0.26951631903648376, 0.13169491291046143], [0.2778993248939514, 0.2778993248939514, 0.17089568078517914, 0.1530534029006958, 0.12025228142738342], [0.17608357965946198, 0.17608357965946198, 0.27698108553886414, 0.21303248405456543, 0.1578192561864853], [0.155275359749794, 0.155275359749794, 0.28411445021629333, 0.3268524408340454, 0.07848242670297623], [0.2778993248939514, 0.2778993248939514, 0.17089568078517914, 0.1530534029006958, 0.12025228142738342], [9.338260133517906e-05, 9.338260133517906e-05, 0.9996102452278137, 0.0001373029372189194, 6.570950790774077e-05], [0.14626933634281158, 0.14626933634281158, 0.24013474583625793, 0.35240450501441956, 0.11492212116718292], [0.20000000298023224, 0.20000000298023224, 0.20000000298023224, 0.20000000298023224, 0.20000000298023224]], "claim": "Bacteriophages infect bacteria.", "premise_source_doc_id": "Human_virome", "premise_source_doc_line_num": 3, "premise_source_doc_sentence": "For instance , many viruses  (  the bacteriophages  )  actually infect bacteria ."}
