{"premise_tokens": ["Neku", "Sakuraba", ",", "a", "fictional", "character", "in", "The", "World", "Ends", "With", "You", "@@NULL@@"], "hypothesis_tokens": ["The", "World", "Ends", "with", "You", "has", "a", "character", "called", "Neku", "Sakuraba", ".", "@@NULL@@"], "label_logits": [1.5194100141525269, -0.7280966639518738, -2.681060552597046], "label_probs": [0.8923385739326477, 0.09428659081459045, 0.013374838046729565], "h2p_attention": [[0.044018976390361786, 0.044018976390361786, 0.06402420997619629, 0.0937548354268074, 0.05566047877073288, 0.06701084226369858, 0.09135384857654572, 0.1624774932861328, 0.04971179738640785, 0.06963153928518295, 0.10234567523002625, 0.1254287213087082, 0.03056260198354721], [0.002165629994124174, 0.002165629994124174, 0.002279436681419611, 0.005000513046979904, 0.0030855366494506598, 0.004101622849702835, 0.0066623506136238575, 0.0028917447198182344, 0.9603443145751953, 0.0034576975740492344, 0.003129073651507497, 0.002938657533377409, 0.001777831930667162], [0.00794349517673254, 0.00794349517673254, 0.008970347233116627, 0.013634919188916683, 0.011597857810556889, 0.01251752395182848, 0.02229786105453968, 0.010536344721913338, 0.008994366973638535, 0.8464024066925049, 0.018508603796362877, 0.026028141379356384, 0.004624601453542709], [0.024278374388813972, 0.024278374388813972, 0.050053492188453674, 0.06472539156675339, 0.04704747721552849, 0.08525160700082779, 0.11132775992155075, 0.05661607161164284, 0.029756762087345123, 0.06766436994075775, 0.32237520813941956, 0.09971839189529419, 0.016906768083572388], [0.020557817071676254, 0.020557817071676254, 0.028069401159882545, 0.03394510596990585, 0.031030811369419098, 0.05049595981836319, 0.07515627890825272, 0.04545418918132782, 0.01830735243856907, 0.06233559176325798, 0.06532537937164307, 0.5376887321472168, 0.011075599119067192], [0.03370856121182442, 0.03370856121182442, 0.03515840694308281, 0.05602394416928291, 0.03877245634794235, 0.07599710673093796, 0.16043178737163544, 0.06553423404693604, 0.03476982191205025, 0.12226423621177673, 0.13342531025409698, 0.1910221427679062, 0.019183440133929253], [0.027515679597854614, 0.027515679597854614, 0.055017340928316116, 0.2740843892097473, 0.11145178228616714, 0.0715872272849083, 0.09656564146280289, 0.06168728321790695, 0.05656086280941963, 0.05928851664066315, 0.07698504626750946, 0.061631422489881516, 0.020109083503484726], [0.005788544658571482, 0.005788544658571482, 0.01033638883382082, 0.015120323747396469, 0.12806537747383118, 0.7439358234405518, 0.015327990986406803, 0.00931263342499733, 0.009799025021493435, 0.011496404185891151, 0.021417060866951942, 0.01936454512178898, 0.004247348289936781], [0.031277887523174286, 0.031277887523174286, 0.04149350896477699, 0.11496968567371368, 0.2521302103996277, 0.13518761098384857, 0.08348771184682846, 0.058087777346372604, 0.02913244068622589, 0.052964791655540466, 0.07803082466125488, 0.07256700098514557, 0.01939273253083229], [0.11459343135356903, 0.11459343135356903, 0.0551016703248024, 0.06785057485103607, 0.06811888515949249, 0.06757984310388565, 0.08233293145895004, 0.07141923904418945, 0.06040308251976967, 0.08517318218946457, 0.07120730727910995, 0.09203974157571793, 0.049586739391088486], [0.11459343135356903, 0.11459343135356903, 0.0551016703248024, 0.06785057485103607, 0.06811888515949249, 0.06757984310388565, 0.08233293145895004, 0.07141923904418945, 0.06040308251976967, 0.08517318218946457, 0.07120730727910995, 0.09203974157571793, 0.049586739391088486], [0.05188975855708122, 0.05188975855708122, 0.054377589374780655, 0.0805244967341423, 0.06584779173135757, 0.07705078274011612, 0.10340515524148941, 0.08343496918678284, 0.06708981841802597, 0.12121710926294327, 0.09590013325214386, 0.10660335421562195, 0.04076918587088585], [0.07692307978868484, 0.07692307978868484, 0.07692307978868484, 0.07692307978868484, 0.07692307978868484, 0.07692307978868484, 0.07692307978868484, 0.07692307978868484, 0.07692307978868484, 0.07692307978868484, 0.07692307978868484, 0.07692307978868484, 0.07692307978868484]], "p2h_attention": [[0.06969986855983734, 0.05894891917705536, 0.08312270045280457, 0.06949304044246674, 0.08982394635677338, 0.08503467589616776, 0.06621711701154709, 0.06595290452241898, 0.07805140316486359, 0.11183467507362366, 0.11183467507362366, 0.06159308925271034, 0.048392973840236664], [0.06969986855983734, 0.05894891917705536, 0.08312270045280457, 0.06949304044246674, 0.08982394635677338, 0.08503467589616776, 0.06621711701154709, 0.06595290452241898, 0.07805140316486359, 0.11183467507362366, 0.11183467507362366, 0.06159308925271034, 0.048392973840236664], [0.08547016978263855, 0.05231153592467308, 0.07913993299007416, 0.12079095840454102, 0.10340142995119095, 0.07477618753910065, 0.11162666231393814, 0.0992913767695427, 0.08729749172925949, 0.0453377328813076, 0.0453377328813076, 0.05441875010728836, 0.04080004245042801], [0.06461925059556961, 0.05924917384982109, 0.06210647150874138, 0.08064410835504532, 0.06456073373556137, 0.061518505215644836, 0.2871114909648895, 0.07498973608016968, 0.12488287687301636, 0.02882348746061325, 0.02882348746061325, 0.0416058674454689, 0.02106485888361931], [0.026889722794294357, 0.025625338777899742, 0.03702825680375099, 0.04108709841966629, 0.04136713966727257, 0.02984190173447132, 0.08183223754167557, 0.44518807530403137, 0.1919621378183365, 0.02028297260403633, 0.02028297260403633, 0.02384728565812111, 0.014764873310923576], [0.010338959284126759, 0.010878955945372581, 0.012763399630784988, 0.023777389898896217, 0.021498672664165497, 0.018680686131119728, 0.01678670197725296, 0.8259234428405762, 0.0328715480864048, 0.0064264885149896145, 0.0064264885149896145, 0.00891183502972126, 0.004715439863502979], [0.05654178559780121, 0.07088752090930939, 0.0912056714296341, 0.12455921620130539, 0.12836039066314697, 0.15819652378559113, 0.09083712100982666, 0.06826534122228622, 0.08143601566553116, 0.031408049166202545, 0.031408049166202545, 0.04797811061143875, 0.018916159868240356], [0.1551155149936676, 0.04745931923389435, 0.0664764791727066, 0.0977083146572113, 0.11974544078111649, 0.09967680275440216, 0.08950673043727875, 0.063974529504776, 0.08739730715751648, 0.04202444106340408, 0.04202444106340408, 0.05971292778849602, 0.02917778678238392], [0.002901053288951516, 0.963435709476471, 0.0034688280429691076, 0.003139146137982607, 0.002948117209598422, 0.0032326774671673775, 0.005016609560698271, 0.004114826209843159, 0.00267931935377419, 0.0021726011764258146, 0.0021726011764258146, 0.0029350207187235355, 0.0017835547914728522], [0.010401242412626743, 0.008879037573933601, 0.8355494141578674, 0.018271278589963913, 0.02569439634680748, 0.029096614569425583, 0.013460085727274418, 0.012357017956674099, 0.012468600645661354, 0.007841640152037144, 0.007841640152037144, 0.013573802076280117, 0.00456530274823308], [0.05567191541194916, 0.029260525479912758, 0.06653596460819244, 0.3169991374015808, 0.09805544465780258, 0.11562953144311905, 0.06364600360393524, 0.08382991701364517, 0.06689354032278061, 0.023873496800661087, 0.023873496800661087, 0.03910607099533081, 0.016624823212623596], [0.04343715310096741, 0.017494963482022285, 0.05956944450736046, 0.06242655962705612, 0.5138287544250488, 0.10539303719997406, 0.03243878856301308, 0.04825519770383835, 0.03960544243454933, 0.019645562395453453, 0.019645562395453453, 0.027675379067659378, 0.010584118776023388], [0.07692307978868484, 0.07692307978868484, 0.07692307978868484, 0.07692307978868484, 0.07692307978868484, 0.07692307978868484, 0.07692307978868484, 0.07692307978868484, 0.07692307978868484, 0.07692307978868484, 0.07692307978868484, 0.07692307978868484, 0.07692307978868484]], "claim": "The World Ends with You has a character called Neku Sakuraba.", "premise_source_doc_id": "Neku", "premise_source_doc_line_num": 5,