{"premise_tokens": ["Isla", "Salas", "y", "Gómez", ",", "also", "known", "as", "Isla", "Sala", "y", "Gómez", ",", "is", "a", "small", "uninhabited", "Chilean", "island", "in", "the", "Pacific", "Ocean", ".", "@@NULL@@"], "hypothesis_tokens": ["Isla", "Salas", "y", "Gómez", "is", "an", "island", "far", "from", "the", "Pacific", "Ocean", ".", "@@NULL@@"], "label_logits": [-1.2179492712020874, 1.030491590499878, -0.866736888885498], "label_probs": [0.08407782763242722, 0.7964653372764587, 0.11945684254169464], "h2p_attention": [[0.052812833338975906, 0.052812833338975906, 0.03346000239253044, 0.052812833338975906, 0.025394782423973083, 0.02753327786922455, 0.03720337897539139, 0.03256548196077347, 0.052812833338975906, 0.052812833338975906, 0.03346000239253044, 0.052812833338975906, 0.025394782423973083, 0.04113103821873665, 0.03127038851380348, 0.03592471405863762, 0.05469124764204025, 0.03583569452166557, 0.054529670625925064, 0.037944890558719635, 0.032915081828832626, 0.03631315752863884, 0.05561555549502373, 0.029086733236908913, 0.02285310998558998], [0.052812833338975906, 0.052812833338975906, 0.03346000239253044, 0.052812833338975906, 0.025394782423973083, 0.02753327786922455, 0.03720337897539139, 0.03256548196077347, 0.052812833338975906, 0.052812833338975906, 0.03346000239253044, 0.052812833338975906, 0.025394782423973083, 0.04113103821873665, 0.03127038851380348, 0.03592471405863762, 0.05469124764204025, 0.03583569452166557, 0.054529670625925064, 0.037944890558719635, 0.032915081828832626, 0.03631315752863884, 0.05561555549502373, 0.029086733236908913, 0.02285310998558998], [0.0014042246621102095, 0.0014042246621102095, 0.4747752249240875, 0.0014042246621102095, 0.0016209406312555075, 0.0025420787278562784, 0.0031524449586868286, 0.002255599247291684, 0.0014042246621102095, 0.0014042246621102095, 0.4747752249240875, 0.0014042246621102095, 0.0016209406312555075, 0.0041628326289355755, 0.001509229652583599, 0.0033219079487025738, 0.002393442904576659, 0.002601233310997486, 0.0014362519141286612, 0.0026364228688180447, 0.0014358328189700842, 0.0056110527366399765, 0.003000950440764427, 0.0017640189034864306, 0.0009590823319740593], [0.052812833338975906, 0.052812833338975906, 0.03346000239253044, 0.052812833338975906, 0.025394782423973083, 0.02753327786922455, 0.03720337897539139, 0.03256548196077347, 0.052812833338975906, 0.052812833338975906, 0.03346000239253044, 0.052812833338975906, 0.025394782423973083, 0.04113103821873665, 0.03127038851380348, 0.03592471405863762, 0.05469124764204025, 0.03583569452166557, 0.054529670625925064, 0.037944890558719635, 0.032915081828832626, 0.03631315752863884, 0.05561555549502373, 0.029086733236908913, 0.02285310998558998], [0.007664847653359175, 0.007664847653359175, 0.0184846892952919, 0.007664847653359175, 0.011957940645515919, 0.03938734903931618, 0.03783363103866577, 0.05292646214365959, 0.007664847653359175, 0.007664847653359175, 0.0184846892952919, 0.007664847653359175, 0.011957940645515919, 0.5252035856246948, 0.023627297952771187, 0.016500625759363174, 0.024437474086880684, 0.010022163391113281, 0.030814308673143387, 0.04395362362265587, 0.024646896868944168, 0.014176402240991592, 0.028115378692746162, 0.017221754416823387, 0.004258719738572836], [0.014402925968170166, 0.014402925968170166, 0.023754389956593513, 0.014402925968170166, 0.02518213540315628, 0.05588148161768913, 0.03606405109167099, 0.047139544039964676, 0.014402925968170166, 0.014402925968170166, 0.023754389956593513, 0.014402925968170166, 0.02518213540315628, 0.17881134152412415, 0.05173599720001221, 0.026033639907836914, 0.026635464280843735, 0.017793145030736923, 0.08900690823793411, 0.13175103068351746, 0.03529784828424454, 0.023691358044743538, 0.06002229079604149, 0.0263254102319479, 0.009519887156784534], [0.00017068682063836604, 0.00017068682063836604, 0.00010712412040447816, 0.00017068682063836604, 9.966133802663535e-05, 0.0003132917918264866, 0.0002579374413471669, 0.00011023354454664513, 0.00017068682063836604, 0.00017068682063836604, 0.00010712412040447816, 0.00017068682063836604, 9.966133802663535e-05, 0.00051759002963081, 0.0003829525376204401, 0.00020306400256231427, 0.00016803399194031954, 0.00011895308853127062, 0.9880357980728149, 0.00043418651330284774, 0.00017234393453691155, 0.0008310170960612595, 0.00678205257281661, 0.00016337640408892184, 7.153399928938597e-05], [0.014144458808004856, 0.014144458808004856, 0.01532671693712473, 0.014144458808004856, 0.03556062653660774, 0.052534110844135284, 0.06929291784763336, 0.11585391312837601, 0.014144458808004856, 0.014144458808004856, 0.01532671693712473, 0.014144458808004856, 0.03556062653660774, 0.1674252152442932, 0.03941724821925163, 0.04122348129749298, 0.08240926265716553, 0.023140747100114822, 0.03146647661924362, 0.062134891748428345, 0.055340204387903214, 0.013605771586298943, 0.028282662853598595, 0.024190252646803856, 0.007041518576443195], [0.01968555524945259, 0.01968555524945259, 0.03167478367686272, 0.01968555524945259, 0.03198746219277382, 0.049278706312179565, 0.049151577055454254, 0.06186258792877197, 0.01968555524945259, 0.01968555524945259, 0.03167478367686272, 0.01968555524945259, 0.03198746219277382, 0.13403108716011047, 0.054115504026412964, 0.02380078285932541, 0.05226464197039604, 0.03076956234872341, 0.05668081343173981, 0.08845001459121704, 0.03221093490719795, 0.034224651753902435, 0.05854429677128792, 0.020415669307112694, 0.00876131746917963], [0.02478417567908764, 0.02478417567908764, 0.025761594995856285, 0.02478417567908764, 0.0360478013753891, 0.05172979459166527, 0.05610927566885948, 0.058641087263822556, 0.02478417567908764, 0.02478417567908764, 0.025761594995856285, 0.02478417567908764, 0.0360478013753891, 0.09958823025226593, 0.05278714373707771, 0.03034769557416439, 0.040065914392471313, 0.03069351427257061, 0.04145799204707146, 0.051435306668281555, 0.0914803296327591, 0.028799312189221382, 0.042116738855838776, 0.0352160669863224, 0.017207778990268707], [0.0007148240692913532, 0.0007148240692913532, 0.002631897572427988, 0.0007148240692913532, 0.0006377492100000381, 0.0010245214216411114, 0.001874386565759778, 0.0007119998917914927, 0.0007148240692913532, 0.0007148240692913532, 0.002631897572427988, 0.0007148240692913532, 0.0006377492100000381, 0.0014975027879700065, 0.0013882709899917245, 0.002197595778852701, 0.0013977396301925182, 0.0026294966228306293, 0.005226103123277426, 0.0019830612000077963, 0.0007529008435085416, 0.96085125207901, 0.006456967908889055, 0.0007301598088815808, 0.0004498632624745369], [0.0009937299182638526, 0.0009937299182638526, 0.00127767538651824, 0.0009937299182638526, 0.0005374245811253786, 0.0011462700786069036, 0.0017740424955263734, 0.0008377630147151649, 0.0009937299182638526, 0.0009937299182638526, 0.00127767538651824, 0.0009937299182638526, 0.0005374245811253786, 0.0026957665104418993, 0.0015577367739751935, 0.0007523680687882006, 0.0013875776203349233, 0.0007159458473324776, 0.03871382027864456, 0.002508374396711588, 0.000999418436549604, 0.005860918201506138, 0.929785430431366, 0.0012636840110644698, 0.000408335734391585], [0.027081266045570374, 0.027081266045570374, 0.03913510590791702, 0.027081266045570374, 0.028379671275615692, 0.039099402725696564, 0.05572786182165146, 0.04422425106167793, 0.027081266045570374, 0.027081266045570374, 0.03913510590791702, 0.027081266045570374, 0.028379671275615692, 0.08604344725608826, 0.042025744915008545, 0.030960489064455032, 0.0427265390753746, 0.0286614578217268, 0.04859548434615135, 0.05396716669201851, 0.0435447096824646, 0.03453478962182999, 0.06584764271974564, 0.06524649262428284, 0.02127743884921074], [0.03999999538064003, 0.03999999538064003, 0.03999999538064003, 0.03999999538064003, 0.03999999538064003, 0.03999999538064003, 0.03999999538064003, 0.03999999538064003, 0.03999999538064003, 0.03999999538064003, 0.03999999538064003, 0.03999999538064003, 0.03999999538064003, 0.03999999538064003, 0.03999999538064003, 0.03999999538064003, 