{"premise_tokens": ["Holi", ",", "a", "spring", "festival", "in", "India", "@@NULL@@"], "hypothesis_tokens": ["Thimphu", "is", "a", "spring", "festival", ".", "@@NULL@@"], "label_logits": [1.6927847862243652, -0.9985101819038391, -2.3919055461883545], "label_probs": [0.9219806790351868, 0.06250391900539398, 0.015515417791903019], "h2p_attention": [[0.19030599296092987, 0.09150766581296921, 0.1126798540353775, 0.1297624558210373, 0.12789414823055267, 0.13673079013824463, 0.1287701576948166, 0.08234899491071701], [0.05522187054157257, 0.08615176379680634, 0.1702243983745575, 0.17385201156139374, 0.06802438944578171, 0.31666672229766846, 0.09917670488357544, 0.030682219192385674], [0.04197036847472191, 0.08391935378313065, 0.41806790232658386, 0.09382521361112595, 0.08747933059930801, 0.1472940444946289, 0.09677090495824814, 0.030672898516058922], [0.004475416615605354, 0.00343416933901608, 0.008687752299010754, 0.9225197434425354, 0.01819891296327114, 0.029066620394587517, 0.010777246206998825, 0.0028401599265635014], [6.14120508544147e-05, 3.9945349271874875e-05, 0.000112774723675102, 0.0002533748629502952, 0.9991688132286072, 0.00023077524383552372, 9.339193638879806e-05, 3.9542221202282235e-05], [0.09249750524759293, 0.09693224728107452, 0.1435411274433136, 0.17236708104610443, 0.1465757042169571, 0.18432767689228058, 0.09108436107635498, 0.0726742148399353], [0.125, 0.125, 0.125, 0.125, 0.125, 0.125, 0.125, 0.125]], "p2h_attention": [[0.212391659617424, 0.16541224718093872, 0.12575674057006836, 0.14482183754444122, 0.14273670315742493, 0.11697497218847275, 0.091905876994133], [0.09914357215166092, 0.2505201995372772, 0.24410274624824524, 0.1078808531165123, 0.0901302620768547, 0.11900173872709274, 0.08922065049409866], [0.04649058356881142, 0.1885003000497818, 0.4630938768386841, 0.10393020510673523, 0.09690087288618088, 0.06710780411958694, 0.033976372331380844], [0.004568844102323055, 0.016428910195827484, 0.008869116194546223, 0.9417780041694641, 0.018578827381134033, 0.006876852363348007, 0.0028994502499699593], [6.142412894405425e-05, 8.768477709963918e-05, 0.00011279690806986764, 0.00025342468870803714, 0.9993653297424316, 7.976788037922233e-05, 3.95499992009718e-05], [0.0456274151802063, 0.2836178243160248, 0.13196180760860443, 0.2812351584434509, 0.16037848591804504, 0.0696992427110672, 0.027480071410536766], [0.0955769345164299, 0.1975691318511963, 0.19283515214920044, 0.23193231225013733, 0.14435924589633942, 0.07660544663667679, 0.06112181022763252], [0.1428571492433548, 0.1428571492433548, 0.1428571492433548, 0.1428571492433548, 0.1428571492433548, 0.1428571492433548, 0.1428571492433548]], "claim": "Thimphu is a spring festival.", "premise_source_doc_id": "Spring_Festival", "premise_source_doc_line_num": 5, "premise_source_doc_sentence": "Holi , a spring festival in India"}
