{"premise_tokens": ["It", "is", "a", "panel", "made", "of", "plywood", ",", "spanned", "canvas", "or", "similar", "material", ",", "which", "is", "placed", "vertically", ",", "diagonally", "across", "the", "playing", "table", ",", "with", "a", "small", "door", "in", "the", "center", "and", "a", "slit", "beneath", "it", ".", "@@NULL@@"], "hypothesis_tokens": ["Garage", "(", "residential", ")", "is", "a", "small", "door", "only", ".", "@@NULL@@"], "label_logits": [-4.798061370849609, 3.296548843383789, 1.185762882232666], "label_probs": [0.00027212995337322354, 0.8917043805122375, 0.10802348703145981], "h2p_attention": [[0.03425169736146927, 0.030449053272604942, 0.01907781884074211, 0.012021079659461975, 0.015092642046511173, 0.010242227464914322, 0.03421469032764435, 0.006618543062359095, 0.016891522333025932, 0.018699321895837784, 0.017329778522253036, 0.017320213839411736, 0.035160817205905914, 0.006618543062359095, 0.026399707421660423, 0.030449053272604942, 0.06472442299127579, 0.020850075408816338, 0.006618543062359095, 0.015032528899610043, 0.026858242228627205, 0.012660288251936436, 0.027224401012063026, 0.05064786225557327, 0.006618543062359095, 0.017315737903118134, 0.01907781884074211, 0.021501239389181137, 0.09903762489557266, 0.04927198216319084, 0.012660288251936436, 0.014917354099452496, 0.008276073262095451, 0.01907781884074211, 0.04927904158830643, 0.07838556915521622, 0.034251704812049866, 0.010165104642510414, 0.0047109974548220634], [0.026454636827111244, 0.030448248609900475, 0.021545127034187317, 0.025007879361510277, 0.02411397360265255, 0.022205784916877747, 0.026917561888694763, 0.022915085777640343, 0.0338662713766098, 0.02682960219681263, 0.03013843297958374, 0.02741939201951027, 0.0240244809538126, 0.022915085777640343, 0.026693031191825867, 0.030448248609900475, 0.025512734428048134, 0.02308567427098751, 0.022915085777640343, 0.02169974520802498, 0.02361348085105419, 0.024260131642222404, 0.030725043267011642, 0.037477120757102966, 0.022915085777640343, 0.028627995401620865, 0.021545127034187317, 0.022601643577218056, 0.023381458595395088, 0.029741838574409485, 0.024260131642222404, 0.02808094397187233, 0.022752972319722176, 0.021545127034187317, 0.024776164442300797, 0.024532010778784752, 0.026454636827111244, 0.027367202565073967, 0.020185712724924088], [0.030529528856277466, 0.028145896270871162, 0.017225321382284164, 0.016900567337870598, 0.014908865094184875, 0.012210000306367874, 0.03534410148859024, 0.01213192380964756, 0.02135487273335457, 0.05680513754487038, 0.014616619795560837, 0.027897056192159653, 0.02457418292760849, 0.01213192380964756, 0.025178782641887665, 0.028145896270871162, 0.06698324531316757, 0.024283558130264282, 0.01213192380964756, 0.01634119637310505, 0.020975522696971893, 0.015153888612985611, 0.031387586146593094, 0.05085994675755501, 0.01213192380964756, 0.02303634025156498, 0.017225321382284164, 0.06332376599311829, 0.055094704031944275, 0.03638291731476784, 0.015153888612985611, 0.025280222296714783, 0.013582772575318813, 0.017225321382284164, 0.026172799989581108, 0.02164098061621189, 0.03052952140569687, 0.017756817862391472, 0.009245173074305058], [0.024833181872963905, 0.027270954102277756, 0.022708380594849586, 0.02612786740064621, 0.025794172659516335, 0.02279762737452984, 0.0256956797093153, 0.021691560745239258, 0.03667955845594406, 0.02354024536907673, 0.027317851781845093, 0.027908930554986, 0.026675676926970482, 0.021691560745239258, 0.02775975689291954, 0.027270954102277756, 0.024066008627414703, 0.023139407858252525, 0.021691560745239258, 0.021500790491700172, 0.028081871569156647, 0.023392632603645325, 0.0306116733700037, 0.04360993951559067, 0.021691560745239258, 0.026675092056393623, 0.022708380594849586, 0.0211047250777483, 0.02227221243083477, 0.030892126262187958, 0.023392632603645325, 0.027062619104981422, 0.021570054814219475, 0.022708380594849586, 0.027247942984104156, 0.030699964612722397, 0.024833181872963905, 0.02601245790719986, 0.01927061751484871], [0.0962507352232933, 0.21604207158088684, 0.009719070047140121, 0.01122925616800785, 0.009951991960406303, 0.006123208906501532, 0.004666198045015335, 0.004918889608234167, 0.003910341765731573, 0.009419932961463928, 0.015023152343928814, 0.00820449460297823, 0.0043339915573596954, 0.004918889608234167, 0.02025061659514904, 0.21604207158088684, 0.023759709671139717, 0.031874898821115494, 0.004918889608234167, 0.0031529287807643414, 0.008534119464457035, 0.010138480924069881, 0.0210280604660511, 0.021788522601127625, 0.004918889608234167, 0.01619655452668667, 0.009719070047140121, 0.006787518505007029, 0.031071119010448456, 0.01808028854429722, 0.010138480924069881, 0.003692272584885359, 0.0055059525184333324, 0.009719070047140121, 0.007367908488959074, 0.0055156853049993515, 0.09625069051980972, 0.00708415824919939, 0.0017518209060654044], [0.04499293491244316, 0.03322651982307434, 0.08162850886583328, 0.013724070973694324, 0.02790406532585621, 0.016182413324713707, 0.012936796061694622, 0.016385404393076897, 0.02063329890370369, 0.016675256192684174, 0.023039434105157852, 0.023837242275476456, 0.015679355710744858, 0.016385404393076897, 0.03208934888243675, 0.03322651982307434, 0.02170899510383606, 0.017497101798653603, 0.016385404393076897, 0.008194789290428162, 0.020260227844119072, 0.018371863290667534, 0.03711717203259468, 0.02562638930976391, 0.016385404393076897, 0.02292788214981556, 0.08162850886583328, 0.01768558658659458, 0.01832021214067936, 0.0287594236433506, 0.018371863290667534, 0.011350898072123528, 0.01772056333720684, 0.08162850886583328, 0.01204192079603672, 0.016659827902913094, 0.044992927461862564, 0.011828943155705929, 0.005988938268274069], [0.0030521268490701914, 0.003144732443615794, 0.0023968005552887917, 0.0027240512426942587, 0.0029509603045880795, 0.001666179159656167, 0.003147842362523079, 0.0027029297780245543, 0.001352800172753632, 0.02561059035360813, 0.0018441849388182163, 0.00967683270573616, 0.0020920762326568365, 0.0027029297780245543, 0.002777829999104142, 0.003144732443615794, 0.016131186857819557, 0.0024599265307188034, 0.0027029297780245543, 0.001275881426408887, 0.002814113162457943, 0.0014314071740955114, 0.004518259782344103, 0.0043613906018435955, 0.0027029297780245543, 0.002510091522708535, 0.0023968005552887917, 0.8615581393241882, 0.002581140724942088, 0.0029738922603428364, 0.0014314071740955114, 0.0014175366377457976, 0.0016462140483781695, 0.0023968005552887917, 0.0021208873949944973, 0.004536681342869997, 0.0030521268490701914, 0.0011810028227046132, 0.000811637903098017], [0.023788297548890114, 0.011547435075044632, 0.001991584897041321, 0.002554693492129445, 0.00326288933865726, 0.0010219474788755178, 0.009089481085538864, 0.0013854325516149402, 0.0009143226779997349, 0.0035648932680487633, 0.0030946761835366488, 0.0014890186721459031, 0.004644808359444141, 0.0013854325516149402, 0.006090144626796246, 0.011547435075044632, 0.006886922754347324, 0.016430620104074478, 0.0013854325516149402, 0.0015965175116434693, 0.002925846492871642, 0.0036862511187791824, 0.0032943503465503454, 0.0264604389667511, 0.0013854325516149402, 0.005363028962165117, 0.001991584897041321, 0.0020704634953290224, 0.7844288349151611, 0.005320004653185606, 0.0036862511187791824, 0.002888607559725642, 0.001349903759546578, 0.001991584897041321, 0.00998611282557249, 0.0030355246271938086, 0.02378828637301922, 0.002024473389610648, 0.0006510558305308223], [0.14887794852256775, 0.09363467991352081, 0.023486996069550514, 0.002518879249691963, 0.009586315602064133, 0.009582363069057465, 0.003084153402596712, 0.02239411137998104, 0.0031923544593155384, 0.008834254927933216, 0.02758978307247162, 0.010781779885292053, 0.003358717542141676, 0.02239411137998104, 0.025802407413721085, 0.09363467991352081, 0.011190332472324371, 0.0211967620998621, 0.02239411137998104, 0.002866531955078244, 0.008527672849595547, 0.02000332809984684, 0.011024536564946175, 0.010220738127827644, 0.02239411137998104, 