{"premise_tokens": ["The", "National", "Bank", "of", "Canada", "(", "Banque", "Nationale", "du", "Canada", ")", "is", "the", "sixth", "largest", "commercial", "bank", "in", "Canada", ".", "@@NULL@@"], "hypothesis_tokens": ["The", "National", "Bank", "of", "Canada", "is", "in", "Italy", ".", "@@NULL@@"], "label_logits": [-0.07853511720895767, 2.0739059448242188, -2.2497873306274414], "label_probs": [0.10288198292255402, 0.8853858709335327, 0.011732119135558605], "h2p_attention": [[0.11554735153913498, 0.03640156239271164, 0.02629353664815426, 0.05008436739444733, 0.028084250167012215, 0.02612198516726494, 0.0313045009970665, 0.0313045009970665, 0.032817866653203964, 0.028084250167012215, 0.02638399787247181, 0.12578831613063812, 0.11554735153913498, 0.051191285252571106, 0.055372800678014755, 0.03411145135760307, 0.02629353664815426, 0.06496712565422058, 0.028084250167012215, 0.04448087140917778, 0.021734872832894325], [0.0017540756380185485, 0.912026047706604, 0.002980973105877638, 0.001849039806984365, 0.012416085228323936, 0.0013709116028621793, 0.0014991177013143897, 0.0014991177013143897, 0.007114186882972717, 0.012416085228323936, 0.0017223706236109138, 0.002659926889464259, 0.0017540756380185485, 0.0027470930945128202, 0.010671081952750683, 0.003040962154045701, 0.002980973105877638, 0.004258578643202782, 0.012416079640388489, 0.0017759078182280064, 0.001047334517352283], [0.025971272960305214, 0.06110461428761482, 0.19870790839195251, 0.029479455202817917, 0.026471061632037163, 0.022722329944372177, 0.025534596294164658, 0.025534596294164658, 0.03711283951997757, 0.026471061632037163, 0.025260910391807556, 0.03018612414598465, 0.025971272960305214, 0.03173181042075157, 0.069256491959095, 0.0313601978123188, 0.19870790839195251, 0.03191765025258064, 0.026471061632037163, 0.028558416292071342, 0.02146848291158676], [0.04601351171731949, 0.03525341674685478, 0.027419427409768105, 0.1981704980134964, 0.035309016704559326, 0.02196657285094261, 0.024224158376455307, 0.024224158376455307, 0.0318148173391819, 0.035309016704559326, 0.023622961714863777, 0.06979585438966751, 0.04601351171731949, 0.08289173990488052, 0.09099084883928299, 0.04465353116393089, 0.027419427409768105, 0.048921000212430954, 0.035309020429849625, 0.030709246173501015, 0.019968261942267418], [3.235647056953894e-07, 2.968620492538321e-06, 3.087632194365142e-07, 4.4279312305661733e-07, 0.33332619071006775, 2.7867736207554117e-07, 4.264798008080106e-07, 4.264798008080106e-07, 6.0384477365005296e-06, 0.33332619071006775, 3.048021710583271e-07, 5.132127398610464e-07, 3.235647056953894e-07, 1.0340324934077216e-06, 4.563575203064829e-06, 1.6070961237346637e-06, 3.087632194365142e-07, 9.245188152817718e-07, 0.33332619071006775, 3.337498242217407e-07, 2.504122846858081e-07], [0.030466897413134575, 0.013369938358664513, 0.007402034010738134, 0.018400702625513077, 0.010789134539663792, 0.007940780371427536, 0.00947478786110878, 0.00947478786110878, 0.013828644528985023, 0.010789134539663792, 0.0074498895555734634, 0.6492226719856262, 0.030466897413134575, 0.051066119223833084, 0.016809089109301567, 0.013971824198961258, 0.007402034010738134, 0.05433262139558792, 0.010789134539663792, 0.021288428455591202, 0.005264353472739458], [0.029736172407865524, 0.04045085608959198, 0.014790340326726437, 0.02437269687652588, 0.036728955805301666, 0.014657918363809586, 0.016517965123057365, 0.016517965123057365, 0.026546301320195198, 0.036728955805301666, 0.015947796404361725, 0.10267488658428192, 0.029736172407865524, 0.032997146248817444, 0.03888394311070442, 0.03807555139064789, 0.014790340326726437, 0.3979363739490509, 0.036728955805301666, 0.02523241937160492, 0.00994829274713993], [0.0009314079070463777, 0.004020878579467535, 0.0007543473038822412, 0.0012789388420060277, 0.31985917687416077, 0.0008246561628766358, 0.0014227171195670962, 0.0014227171195670962, 0.004280423279851675, 0.31985917687416077, 0.0008363323868252337, 0.0017223786562681198, 0.0009314079070463777, 0.0021607920061796904, 0.0054312641732394695, 0.008002987131476402, 0.0007543473038822412, 0.00404054019600153, 0.3198593258857727, 0.001010129228234291, 0.0005961684510111809], [0.053583066910505295, 0.04439627751708031, 0.03482925891876221, 0.04026617109775543, 0.03489609435200691, 0.0354975089430809, 0.033324308693408966, 0.033324308693408966, 0.048974838107824326, 0.03489609435200691, 0.0353425070643425, 0.1058790311217308, 0.053583066910505295, 0.0708857849240303, 0.049123361706733704, 0.04859445244073868, 0.03482925891876221, 0.0664082020521164, 0.034896090626716614, 0.08028777688741684, 0.026182526722550392], [0.0476190485060215, 0.0476190485060215, 0.0476190485060215, 0.0476190485060215, 0.0476190485060215, 0.0476190485060215, 0.0476190485060215, 0.0476190485060215, 0.0476190485060215, 0.0476190485060215, 0.0476190485060215, 0.0476190485060215, 0.0476190485060215, 0.0476190485060215, 0.0476190485060215, 0.0476190485060215, 0.0476190485060215, 0.0476190485060215, 0.0476190485060215, 0.0476190485060215, 0.0476190485060215]],