{"premise_tokens": ["The", "plant", "has", "open", "flowers", "on", "the", "stem", "inflorescence", "and", "cleistogamous", ",", "unopening", "flowers", "which", "grow", "underground", "on", "white", ",", "self", "-", "pollinating", "spikelets", ".", "@@NULL@@"], "hypothesis_tokens": ["Apples", "grow", "underground", ".", "@@NULL@@"], "label_logits": [1.0265876054763794, 0.9410521388053894, -2.7922470569610596], "label_probs": [0.5154708623886108, 0.473212867975235, 0.011316320858895779], "h2p_attention": [[0.022372497245669365, 0.02604013681411743, 0.03698030859231949, 0.03665168955922127, 0.13412870466709137, 0.02831658534705639, 0.022372497245669365, 0.029820401221513748, 0.018664352595806122, 0.016168901696801186, 0.018664352595806122, 0.01868937723338604, 0.018664352595806122, 0.13412870466709137, 0.07331981509923935, 0.08796867728233337, 0.06027716025710106, 0.02831658534705639, 0.03346382826566696, 0.01868937723338604, 0.02224934659898281, 0.022040879353880882, 0.032277386635541916, 0.018664352595806122, 0.02849848009645939, 0.012571179307997227], [0.0064525483176112175, 0.01859707199037075, 0.012352344579994678, 0.02074352651834488, 0.04592297226190567, 0.009278272278606892, 0.0064525483176112175, 0.01264778058975935, 0.006766283418983221, 0.007229189854115248, 0.006766283418983221, 0.006805685814470053, 0.006766283418983221, 0.04592297226190567, 0.011628203094005585, 0.6645763516426086, 0.024405403062701225, 0.009278272278606892, 0.01670207269489765, 0.006805685814470053, 0.008796333335340023, 0.006854348350316286, 0.01661357469856739, 0.006766283418983221, 0.00946098193526268, 0.005408668890595436], [0.000605258159339428, 0.00686336774379015, 0.0014011773746460676, 0.0009608108084648848, 0.0032237085979431868, 0.001204491825774312, 0.000605258159339428, 0.0013157359790056944, 0.0005908261518925428, 0.00048170529771596193, 0.0005908261518925428, 0.0004535243206191808, 0.0005908261518925428, 0.0032237085979431868, 0.0009301406680606306, 0.0016937458422034979, 0.9632554650306702, 0.001204491825774312, 0.0010512620210647583, 0.0004535243206191808, 0.0011058958480134606, 0.0007950439467094839, 0.005732267163693905, 0.0005908261518925428, 0.0007007768144831061, 0.0003753639757633209], [0.03884479030966759, 0.03724166750907898, 0.050221316516399384, 0.061484262347221375, 0.06326980143785477, 0.04432317242026329, 0.03884479030966759, 0.04780534282326698, 0.024158300831913948, 0.03682786226272583, 0.024158300831913948, 0.02531655691564083, 0.024158300831913948, 0.06326980143785477, 0.051906127482652664, 0.03320186585187912, 0.035435937345027924, 0.04432317242026329, 0.033645112067461014, 0.02531655691564083, 0.04103213921189308, 0.02047782391309738, 0.03339362516999245, 0.024158300831913948, 0.058204229921102524, 0.018980897963047028], [0.03846152499318123, 0.03846152499318123, 0.03846152499318123, 0.03846152499318123, 0.03846152499318123, 0.03846152499318123, 0.03846152499318123, 0.03846152499318123, 0.03846152499318123, 0.03846152499318123, 0.03846152499318123, 0.03846152499318123, 0.03846152499318123, 0.03846152499318123, 0.03846152499318123, 0.03846152499318123, 0.03846152499318123, 0.03846152499318123, 0.03846152499318123, 0.03846152499318123, 0.03846152499318123, 0.03846152499318123, 0.03846152499318123, 0.03846152499318123, 0.03846152499318123, 0.03846152499318123]], "p2h_attention": [[0.23319560289382935, 0.15632298588752747, 0.21128562092781067, 0.26816242933273315, 0.13103336095809937], [0.07741750776767731, 0.12850680947303772, 0.6833710074424744, 0.07333046197891235, 0.03737420588731766], [0.23338808119297028, 0.18119370937347412, 0.2961588501930237, 0.20992083847522736, 0.07933853566646576], [0.21517297625541687, 0.28304919600486755, 0.18891005218029022, 0.23906555771827698, 0.07380226999521255], [0.3325737714767456, 0.26465609669685364, 0.26769813895225525, 0.10390153527259827, 0.031170392408967018], [0.2142798751592636, 0.1631898730993271, 0.30525854229927063, 0.22214196622371674, 0.09512978047132492], [0.23319560289382935, 0.15632298588752747, 0.21128562092781067, 0.26816242933273315, 0.13103336095809937], [0.20215162634849548, 0.19927996397018433, 0.2987143099308014, 0.2146344780921936, 0.08521965146064758], [0.22555239498615265, 0.19005106389522552, 0.2391209751367569, 0.19335712492465973, 0.1519184559583664], [0.18786503374576569, 0.19522729516029358, 0.18744340538978577, 0.28340089321136475, 0.1460634171962738], [0.22555239498615265, 0.19005106389522552, 0.2391209751367569, 0.19335712492465973, 0.1519184559583664], [0.23646987974643707, 0.20014210045337677, 0.19217857718467712, 0.2121509164571762, 0.15905852615833282], [0.22555239498615265, 0.19005106389522552, 0.2391209751367569, 0.19335712492465973, 0.1519184559583664], [0.3325737714767456, 0.26465609669685364, 0.26769813895225525, 0.10390153527259827, 0.031170392408967018], [0.41087767481803894, 0.15145699679851532, 0.17456744611263275, 0.19265003502368927, 0.07044775784015656], [0.05102870613336563, 0.8960185050964355, 0.03290471434593201, 0.012755817733705044, 0.0072922660037875175], [0.001859655138105154, 0.0017500534886494279, 0.9952783584594727, 0.0007240737904794514, 0.00038784273783676326], [0.2142798751592636, 0.1631898730993271, 0.30525854229927063, 0.22214196622371674, 0.09512978047132492], [0.23508816957473755, 0.27271634340286255, 0.2473372220993042, 0.15654398500919342, 0.08831432461738586], [0.23646987974643707, 0.20014210045337677, 0.19217857718467712, 0.2121509164571762, 0.15905852615833282], [0.18622039258480072, 0.1711186319589615, 0.3099900186061859, 0.22745391726493835, 0.10521702468395233], [0.24292151629924774, 0.17558561265468597, 0.2934618294239044, 0.1494790017604828, 0.13855208456516266], [0.10847461223602295, 0.12977127730846405, 0.6451781392097473, 0.07432802766561508, 0.042247965931892395], [0.22555239498615265, 0.19005106389522552, 0.2391209751367569, 0.19335712492465973, 0.1519184559583664], [0.22784565389156342, 0.17580890655517578, 0.18763862550258636, 0.3082001507282257, 0.10050670057535172], [0.20000000298023224, 0.20000000298023224, 0.20000000298023224, 0.20000000298023224, 0.20000000298023224]], "claim": "Apples grow underground.", "premise_source_doc_id": "Amphicarpum_muehlenbergianum", "premise_source_doc_line_num": 10, "premise_source_doc_sentence": "The plant has open flowers on the stem inflorescence and cleistogamous , unopening flowers which grow underground on white , self-pollinating spikelets ."}
