{"premise_tokens": ["Bhool", "Bhulaiyaa", "(", "English", ":", "The", "Maze", ")", "is", "a", "2007", "Indian", "drama", "/", "comedy", "horror", "film", "directed", "by", "Priyadarshan", ".", "@@NULL@@"], "hypothesis_tokens": ["Bhool", "Bhulaiyaa", "was", "directed", "by", "Priyadarshan", ".", "@@NULL@@"], "label_logits": [0.18632084131240845, 1.611788034439087, -2.9525179862976074], "label_probs": [0.19219185411930084, 0.7994799017906189, 0.008328265510499477], "h2p_attention": [[0.06589683145284653, 0.06589683145284653, 0.030653560534119606, 0.04559994861483574, 0.030518075451254845, 0.04106955602765083, 0.03018886409699917, 0.031814802438020706, 0.05132095515727997, 0.03901740163564682, 0.04271063953638077, 0.050802092999219894, 0.05064574256539345, 0.03635704517364502, 0.06305563449859619, 0.05562492832541466, 0.05443991348147392, 0.04494258388876915, 0.038740187883377075, 0.06589683145284653, 0.03629276528954506, 0.0285148024559021], [0.06589683145284653, 0.06589683145284653, 0.030653560534119606, 0.04559994861483574, 0.030518075451254845, 0.04106955602765083, 0.03018886409699917, 0.031814802438020706, 0.05132095515727997, 0.03901740163564682, 0.04271063953638077, 0.050802092999219894, 0.05064574256539345, 0.03635704517364502, 0.06305563449859619, 0.05562492832541466, 0.05443991348147392, 0.04494258388876915, 0.038740187883377075, 0.06589683145284653, 0.03629276528954506, 0.0285148024559021], [0.029434259980916977, 0.029434259980916977, 0.02400130406022072, 0.05328550934791565, 0.026110658422112465, 0.048107046633958817, 0.03082006610929966, 0.02449367381632328, 0.1096797063946724, 0.05422656610608101, 0.0417192280292511, 0.026583116501569748, 0.06443783640861511, 0.030712557956576347, 0.07035575807094574, 0.036919042468070984, 0.032565727829933167, 0.09489176422357559, 0.07525686919689178, 0.029434259980916977, 0.047025054693222046, 0.02050560712814331], [1.0147853572561871e-05, 1.0147853572561871e-05, 6.946975190658122e-06, 1.868805702542886e-05, 1.592427543073427e-05, 1.7456219211453572e-05, 1.5555673599010333e-05, 6.922512056917185e-06, 0.00014533587091136724, 1.6734427845221944e-05, 6.623797526117414e-05, 1.6586569472565316e-05, 4.111425732844509e-05, 3.717471190611832e-05, 1.6393705664086156e-05, 2.1847426978638396e-05, 3.257263233535923e-05, 0.9990131855010986, 0.0004607275186572224, 1.0147853572561871e-05, 1.369985784549499e-05, 6.438524906116072e-06], [0.001782502164132893, 0.001782502164132893, 0.0015057472046464682, 0.01738106459379196, 0.0029847947880625725, 0.00338306394405663, 0.003954721614718437, 0.0016445275396108627, 0.026162609457969666, 0.004849487449973822, 0.00293753226287663, 0.008058304898440838, 0.0029748997185379267, 0.002332294825464487, 0.001641583163291216, 0.0015389608452096581, 0.0030206625815480947, 0.09388505667448044, 0.812229335308075, 0.001782502164132893, 0.0028559090569615364, 0.0013120147632434964], [0.06589683145284653, 0.06589683145284653, 0.030653560534119606, 0.04559994861483574, 0.030518075451254845, 0.04106955602765083, 0.03018886409699917, 0.031814802438020706, 0.05132095515727997, 0.03901740163564682, 0.04271063953638077, 0.050802092999219894, 0.05064574256539345, 0.03635704517364502, 0.06305563449859619, 0.05562492832541466, 0.05443991348147392, 0.04494258388876915, 0.038740187883377075, 0.06589683145284653, 0.03629276528954506, 0.0285148024559021], [0.028885772451758385, 0.028885772451758385, 0.03076951578259468, 0.03822753205895424, 0.027468735352158546, 0.04644622653722763, 0.034202512353658676, 0.030635161325335503, 0.0917767807841301, 0.044826045632362366, 0.06819207966327667, 0.027444709092378616, 0.08589624613523483, 0.045422159135341644, 0.05414198711514473, 0.048876237124204636, 0.0490352101624012, 0.04829077422618866, 0.04940149560570717, 0.028885772451758385, 0.06959406286478043, 0.02269521728157997], [0.04545453563332558, 0.04545453563332558, 0.04545453563332558, 0.04545453563332558, 0.04545453563332558, 0.04545453563332558, 0.04545453563332558, 0.04545453563332558, 0.04545453563332558, 0.04545453563332558, 0.04545453563332558, 0.04545453563332558, 0.04545453563332558, 0.04545453563332558, 0.04545453563332558, 0.04545453563332558, 0.04545453563332558, 0.04545453563332558, 0.04545453563332558, 0.04545453563332558, 0.04545453563332558, 0.04545453563332558]], "p2h_attention": [[0.17022693157196045, 0.17022693157196045, 0.10573398321866989, 0.11609720438718796, 0.10007496923208237, 0.17022693157196045, 0.09375269711017609, 0.07366040349006653], [0.17022693157196045, 0.17022693157196045, 0.10573398321866989, 0.11609720438718796, 0.10007496923208237, 0.17022693157196045, 0.09375269711017609, 0.07366040349006653], [0.11973913013935089, 0.11973913013935089, 0.1303730458021164, 0.12018077075481415, 0.12783183157444, 0.11973913013935089, 0.15101215243339539, 0.11138469725847244], [0.06096566841006279, 0.06096566841006279, 0.09906674921512604, 0.11065449565649033, 0.5050438642501831, 0.06096566841006279, 0.0642145425081253, 0.03812338039278984], [0.09353168308734894, 0.09353168308734894, 0.11128004640340805, 0.21614505350589752, 0.19881443679332733, 0.09353168308734894, 0.10577335953712463, 0.08739206194877625], [0.09599898010492325, 0.09599898010492325, 0.1563698798418045, 0.18070939183235168, 0.17186540365219116, 0.09599898010492325, 0.13640587031841278, 0.0666525810956955], [0.08391503244638443, 0.08391503244638443, 0.11913087964057922, 0.19149857759475708, 0.23891347646713257, 0.08391503244638443, 0.11945024132728577, 0.07926169782876968], [0.12101010978221893, 0.12101010978221893, 0.12955202162265778, 0.11661120504140854, 0.1359456479549408, 0.12101010978221893, 0.14640255272388458, 0.10845831036567688], [0.030868345871567726, 0.030868345871567726, 0.09173660725355148, 0.3871467113494873, 0.34200409054756165, 0.030868345871567726, 0.06935654580593109, 0.017150981351733208], [0.0854138731956482, 0.0854138731956482, 0.16507448256015778, 0.1622425615787506, 0.23072651028633118, 0.0854138731956482, 0.1232924610376358, 0.06242239847779274], [0.06495565176010132, 0.06495565176010132, 0.0882297158241272, 0.4461405873298645, 0.09709460288286209, 0.06495565176010132, 0.13030192255973816, 0.04336618632078171], [0.10140874981880188, 0.10140874981880188, 0.07378999888896942, 0.14663398265838623, 0.3495981693267822, 0.10140874981880188, 0.06883169710636139, 0.05691991001367569], [0.08106929808855057, 0.08106929808855057, 0.14343400299549103, 0.2914673686027527, 0.1034945622086525, 0.08106929808855057, 0.17275221645832062, 0.04564401134848595], [0.0803130641579628, 0.0803130641579628, 0.09434337913990021, 0.3636881709098816, 0.11197283864021301, 0.0803130641579628, 0.12606699764728546, 0.0629894807934761], [0.12820766866207123, 0.12820766866207123, 0.19892413914203644, 0.1476219743490219, 0.07254119217395782, 0.12820766866207123, 0.13831213116645813, 0.05797763168811798], [0.12689831852912903, 0.12689831852912903, 0.11712095886468887, 0.22073473036289215, 0.07630369812250137, 0.12689831852912903, 0.14009420573711395, 0.06505142152309418], [0.10703124850988388, 0.10703124850988388, 0.08903313428163528, 0.283615380525589, 0.12907053530216217, 0.10703124850988388, 0.1211259514093399, 0.05606134608387947], [1.0152378308703192e-05, 1.0152378308703192e-05, 2.9808214094373398e-05, 0.9994586706161499, 0.0004609329625964165, 1.0152378308703192e-05, 1.3705966921406798e-05, 6.441396180889569e-06], [0.0019365658517926931, 0.0019365658517926931, 0.005231359042227268, 0.10199964791536331, 0.8824312090873718, 0.0019365658517926931, 0.0031027484219521284, 0.0014254136476665735], [0.17022693157196045, 0.17022693157196045, 0.10573398321866989, 0.11609720438718796, 0.10007496923208237, 0.17022693157196045, 0.09375269711017609, 0.07366040349006653], [0.08788277208805084, 0.08788277208805084, 0.15834735333919525, 0.14692096412181854, 0.1503002792596817, 0.08788277208805084, 0.21173463761806488, 0.06904847174882889], [0.125, 0.125, 0.125, 0.125, 0.125, 0.125, 0.125, 0.125]],