{"premise_tokens": ["He", "is", "one", "of", "the", "three", "noted", "guitarists", "to", "have", "played", "with", "The", "Yardbirds", "(", "the", "other", "two", "being", "Eric", "Clapton", "and", "Jimmy", "Page", ")", ".", "@@NULL@@"], "hypothesis_tokens": ["Jeff", "Beck", "played", "with", "The", "Yardbirds", ".", "@@NULL@@"], "label_logits": [1.5430504083633423, -1.8450486660003662, -1.4092148542404175], "label_probs": [0.9208153486251831, 0.03109852224588394, 0.048086151480674744], "h2p_attention": [[0.07910707592964172, 0.05009029805660248, 0.0399712435901165, 0.02612963691353798, 0.026215480640530586, 0.036323823034763336, 0.02012425661087036, 0.05947473645210266, 0.03999587520956993, 0.05315445736050606, 0.05457266420125961, 0.0381932407617569, 0.026215480640530586, 0.02012425661087036, 0.01867363043129444, 0.026215480640530586, 0.03454079106450081, 0.04206482321023941, 0.04822560399770737, 0.045142870396375656, 0.0526653528213501, 0.024254556745290756, 0.027848515659570694, 0.05171334370970726, 0.019474493339657784, 0.023471666499972343, 0.01601622998714447], [0.13619349896907806, 0.08465839177370071, 0.04676533862948418, 0.013216730207204819, 0.027503030374646187, 0.03545204550027847, 0.013296637684106827, 0.027325762435793877, 0.0390445739030838, 0.04320043697953224, 0.03941021487116814, 0.03314590826630592, 0.027503030374646187, 0.013296637684106827, 0.012351135723292828, 0.027503030374646187, 0.0280089620500803, 0.04375169426202774, 0.058524344116449356, 0.05145431309938431, 0.07969091832637787, 0.0192257147282362, 0.030965911224484444, 0.019794726744294167, 0.012770101428031921, 0.02683963067829609, 0.009107280522584915], [0.10632354766130447, 0.052574969828128815, 0.027607331052422523, 0.01415914949029684, 0.016375970095396042, 0.016313394531607628, 0.006827529054135084, 0.028286585584282875, 0.018276603892445564, 0.030207062140107155, 0.3859160244464874, 0.03332281485199928, 0.016375970095396042, 0.006827529054135084, 0.006701537873595953, 0.016375970095396042, 0.029389306902885437, 0.01726532354950905, 0.0421077162027359, 0.012066061608493328, 0.02614828571677208, 0.010904518887400627, 0.0264382716268301, 0.03139789402484894, 0.006778254173696041, 0.010072684846818447, 0.004959789104759693], [0.126727893948555, 0.06924674659967422, 0.03882177919149399, 0.018462972715497017, 0.02508104220032692, 0.031433627009391785, 0.010755372233688831, 0.028995966538786888, 0.04671129584312439, 0.05039750784635544, 0.05032050237059593, 0.14281290769577026, 0.02508104220032692, 0.010755372233688831, 0.010622169822454453, 0.02508104220032692, 0.037958960980176926, 0.04503098502755165, 0.034322045743465424, 0.0207153782248497, 0.036853186786174774, 0.02178564853966236, 0.023283135145902634, 0.03326821327209473, 0.010367564857006073, 0.017617885023355484, 0.0074897343292832375], [0.11526709794998169, 0.06862834841012955, 0.06053014099597931, 0.027325330302119255, 0.06304102391004562, 0.025441281497478485, 0.017079297453165054, 0.016814546659588814, 0.04671549052000046, 0.03545413911342621, 0.03915291652083397, 0.039709966629743576, 0.06304102391004562, 0.017079297453165054, 0.014251790940761566, 0.06304102391004562, 0.041501376777887344, 0.03749789670109749, 0.0408187173306942, 0.020067472010850906, 0.02491484209895134, 0.03152615204453468, 0.018957039341330528, 0.02162265218794346, 0.014394741505384445, 0.024268142879009247, 0.011858242563903332], [0.05045151337981224, 0.04504098743200302, 0.03350056707859039, 0.030359316617250443, 0.03604401648044586, 0.027550118044018745, 0.05783326178789139, 0.04245651513338089, 0.04201473668217659, 0.04176938533782959, 0.03444957733154297, 0.03593705967068672, 0.03604401648044586, 0.05783326178789139, 0.026902589946985245, 0.03604401648044586, 0.029309244826436043, 0.02947147749364376, 0.04221419617533684, 0.02893812768161297, 0.046794671565294266, 0.031741634011268616, 0.03760990872979164, 0.03489086031913757, 0.027921732515096664, 0.031851742416620255, 0.025025544688105583], [0.11289609968662262, 0.06843548268079758, 0.048691049218177795, 0.026026258245110512, 0.034633710980415344, 0.03335178270936012, 0.021539347246289253, 0.024890322238206863, 0.03953484818339348, 0.04607081785798073, 0.034368839114904404, 0.039807986468076706, 0.034633710980415344, 0.021539347246289253, 0.022944005206227303, 0.034633710980415344, 0.03567647933959961, 0.038305360823869705, 0.05082053318619728, 0.026185134425759315, 0.03085717000067234, 0.03283543512225151, 0.02718750201165676, 0.022473685443401337, 0.022843820974230766, 0.05189444124698639, 0.016923217102885246], [0.037037044763565063, 0.037037044763565063, 0.037037044763565063, 0.037037044763565063, 0.037037044763565063, 0.037037044763565063, 0.037037044763565063, 0.037037044763565063, 0.037037044763565063, 0.037037044763565063, 0.037037044763565063, 0.037037044763565063, 0.037037044763565063, 0.037037044763565063, 0.037037044763565063, 0.037037044763565063, 0.037037044763565063, 0.037037044763565063, 0.037037044763565063, 0.037037044763565063, 0.037037044763565063, 0.037037044763565063, 0.037037044763565063, 0.037037044763565063, 0.037037044763565063, 0.037037044763565063, 0.037037044763565063]],