{"premise_tokens": ["The", "system", "allows", "users", "to", "make", "hands", "-", "free", "telephone", "calls", "and", "control", "music", "and", "other", "functions", "using", "voice", "commands", "--", "in", "conjunction", "with", "a", "paired", "Bluetooth", "-", "compatible", "phone", "and", "augmented", "by", "steering", "-", "wheel", "mounted", "controls", ".", "@@NULL@@"], "hypothesis_tokens": ["IOS", "can", "be", "interacted", "with", "using", "voice", "commands", ".", "@@NULL@@"], "label_logits": [1.8195605278015137, 0.2356356680393219, -3.392056465148926], "label_probs": [0.8260222673416138, 0.1694735437631607, 0.004504174925386906], "h2p_attention": [[0.022315818816423416, 0.022296657785773277, 0.023342624306678772, 0.020649833604693413, 0.026012450456619263, 0.025277486070990562, 0.024515151977539062, 0.018375812098383904, 0.027844784781336784, 0.04107891768217087, 0.0385371632874012, 0.019652096554636955, 0.026821065694093704, 0.02433171682059765, 0.019652096554636955, 0.01814614050090313, 0.030940430238842964, 0.02087189257144928, 0.02902795560657978, 0.017500579357147217, 0.019860560074448586, 0.02572593465447426, 0.03580612316727638, 0.022249598056077957, 0.021200746297836304, 0.020202798768877983, 0.02494608238339424, 0.018375812098383904, 0.03580612316727638, 0.03560389578342438, 0.019652096554636955, 0.03580612316727638, 0.021050116047263145, 0.023553431034088135, 0.018375812098383904, 0.029922008514404297, 0.031133728101849556, 0.028324062004685402, 0.01972026936709881, 0.015493986196815968], [0.01261567510664463, 0.024970147758722305, 0.02661767415702343, 0.11686967313289642, 0.027706203982234, 0.017908116802573204, 0.02957337535917759, 0.009353932924568653, 0.03270458057522774, 0.022788528352975845, 0.029702886939048767, 0.009635364636778831, 0.044425204396247864, 0.023458309471607208, 0.009635364636778831, 0.02137175388634205, 0.014059720560908318, 0.018330996856093407, 0.01882791332900524, 0.020872410386800766, 0.006641463376581669, 0.03796780854463577, 0.007043754681944847, 0.028517695143818855, 0.019291799515485764, 0.019847549498081207, 0.03564829379320145, 0.009353932924568653, 0.007043754681944847, 0.05718313902616501, 0.009635364636778831, 0.007043754681944847, 0.050469331443309784, 0.023879272863268852, 0.009353932924568653, 0.057377319782972336, 0.041620124131441116, 0.021097959950566292, 0.014627080410718918, 0.004928696900606155], [0.017605263739824295, 0.019296910613775253, 0.014619221910834312, 0.01978934556245804, 0.03635227307677269, 0.030956776812672615, 0.019206319004297256, 0.006549516227096319, 0.056369222700595856, 0.018228208646178246, 0.029488498345017433, 0.010147118009626865, 0.06649643927812576, 0.01013191882520914, 0.010147118009626865, 0.022601211443543434, 0.015268493443727493, 0.01908644661307335, 0.012561296112835407, 0.01721862517297268, 0.005214083474129438, 0.03363761305809021, 0.007157338783144951, 0.0199245847761631, 0.017705734819173813, 0.03479648008942604, 0.013793779537081718, 0.006549516227096319, 0.007157338783144951, 0.03368604555726051, 0.010147118009626865, 0.007157338783144951, 0.16240514814853668, 0.0268133245408535, 0.006549516227096319, 0.06183166801929474, 0.03916318342089653, 0.035630159080028534, 0.01471950113773346, 0.0038403496146202087], [0.022315818816423416, 0.022296657785773277, 0.023342624306678772, 0.020649833604693413, 0.026012450456619263, 0.025277486070990562, 0.024515151977539062, 0.018375812098383904, 0.027844784781336784, 0.04107891768217087, 0.0385371632874012, 0.019652096554636955, 0.026821065694093704, 0.02433171682059765, 0.019652096554636955, 0.01814614050090313, 0.030940430238842964, 0.02087189257144928, 0.02902795560657978, 0.017500579357147217, 0.019860560074448586, 0.02572593465447426, 0.03580612316727638, 0.022249598056077957, 0.021200746297836304, 0.020202798768877983, 0.02494608238339424, 0.018375812098383904, 0.03580612316727638, 0.03560389578342438, 0.019652096554636955, 0.03580612316727638, 0.021050116047263145, 0.023553431034088135, 0.018375812098383904, 0.029922008514404297, 0.031133728101849556, 0.028324062004685402, 0.01972026936709881, 0.015493986196815968], [0.01998833194375038, 0.018798962235450745, 0.013869970105588436, 0.03278965502977371, 0.03722655773162842, 0.02026083879172802, 0.026743514463305473, 0.009729336015880108, 0.04269079118967056, 0.021370146423578262, 0.024647850543260574, 0.017362069338560104, 0.03312208503484726, 0.019484445452690125, 0.017362069338560104, 0.030251385644078255, 0.01032464113086462, 0.0234661977738142, 0.03608350083231926, 0.019025428220629692, 0.008767434395849705, 0.03930431976914406, 0.008571491576731205, 0.11381471902132034, 0.022851329296827316, 0.044347770512104034, 0.026830540969967842, 0.009729336015880108, 0.008571491576731205, 0.030511124059557915, 0.017362069338560104, 0.008571491576731205, 0.03270774707198143, 0.029978452250361443, 0.009729336015880108, 0.03379888832569122, 0.039290472865104675, 0.020654678344726562, 0.014040563255548477, 0.005968942306935787], [0.00959582906216383, 0.040559038519859314, 0.016749165952205658, 0.06610129773616791, 0.01721027120947838, 0.016365280374884605, 0.015486890450119972, 0.015861909836530685, 0.01668781042098999, 0.021089857444167137, 0.019234925508499146, 0.009459604509174824, 0.03561815619468689, 0.01752454973757267, 0.009459604509174824, 0.015937818214297295, 0.013969813473522663, 0.1259801983833313, 0.008762205019593239, 0.01768043078482151, 0.01699981838464737, 0.015217957086861134, 0.006650097202509642, 0.0194077268242836, 0.012901761569082737, 0.0317649319767952, 0.0492037795484066, 0.015861909836530685, 0.006650097202509642, 0.0253020990639925, 0.009459604509174824, 0.006650097202509642, 0.06581572443246841, 0.05520552024245262, 0.015861909836530685, 0.05449060723185539, 0.04022201523184776, 0.030329827219247818, 0.007733189035207033, 0.0049366154707968235], [0.0012163271894678473, 0.000787347205914557, 0.000795570551417768, 0.0023035795893520117, 0.0018100343877449632, 0.0016321355942636728, 0.0018974152626469731, 0.0004181941912975162, 0.004817098844796419, 0.006559909321367741, 0.003746570786461234, 0.0016586135607212782, 0.0016359706642106175, 0.001205227803438902, 0.0016586135607212782, 0.002405402483418584, 0.0005858909571543336, 0.0006474577821791172, 0.9252561926841736, 0.001616530236788094, 0.0006391187780536711, 0.0011567063629627228, 0.000683408637996763, 0.002205152064561844, 0.001242898404598236, 0.0008845035918056965, 0.005741751752793789, 0.0004181941912975162, 0.000683408637996763, 0.011412370018661022, 0.0016586135607212782, 0.000683408637996763, 0.0013079355703666806, 0.0023187415208667517, 0.0004181941912975162, 0.0011625051265582442, 0.0027584307827055454, 0.000631675764452666, 0.0009740179521031678, 0.00036477690446190536], [0.010454241186380386, 0.029905514791607857, 0.016978584229946136, 0.03488517925143242, 0.016859469935297966, 0.01564907468855381, 0.011363159865140915, 0.010616117157042027, 0.027307460084557533, 0.018795449286699295, 0.02137225680053234, 0.009878585115075111, 0.04933564364910126, 0.011108356527984142, 0.009878585115075111, 0.015924567356705666, 0.015100882388651371, 0.020680751651525497, 0.02558935061097145, 0.3251688778400421, 0.007636202033609152, 0.012287729419767857, 0.006522170267999172, 0.01840517297387123, 0.015577810816466808, 0.011769229546189308, 0.019218333065509796, 0.010616117157042027, 0.006522170267999172, 0.026934292167425156, 0.009878585115075111, 0.006522170267999172, 0.031574103981256485, 0.019386939704418182, 0.010616117157042027, 0.024687496945261955, 0.026245640590786934, 0.023593250662088394, 0.009380004368722439, 0.005774346645921469], [0.02653627283871174, 0.02101026102900505, 0.021026326343417168, 0.023223554715514183, 0.030291514471173286, 0.02763323485851288, 0.02829592302441597, 0.013989138416945934, 0.034011196345090866, 0.029937151819467545, 0.03560378775000572, 0.025158436968922615, 0.034668900072574615, 0.023228848353028297, 0.025158436968922615, 0.027335241436958313, 