{"premise_tokens": ["Ammassalik", "Municipality", "@@NULL@@"], "hypothesis_tokens": ["Kujalleq", "used", "to", "belong", "to", "Ammassalik", "Municipality", ".", "@@NULL@@"], "label_logits": [-4.596960544586182, -5.098211765289307, 5.584839344024658], "label_probs": [3.7850713852094486e-05, 2.2928912585484795e-05, 0.9999392032623291], "h2p_attention": [[0.41106268763542175, 0.41106268763542175, 0.1778746098279953], [0.36178824305534363, 0.36178824305534363, 0.27642354369163513], [0.3852618336677551, 0.3852618336677551, 0.22947636246681213], [0.3887682259082794, 0.3887682259082794, 0.22246353328227997], [0.3852618336677551, 0.3852618336677551, 0.22947636246681213], [0.41106268763542175, 0.41106268763542175, 0.1778746098279953], [0.41106268763542175, 0.41106268763542175, 0.1778746396303177], [0.35897770524024963, 0.35897770524024963, 0.2820446193218231], [0.3333333432674408, 0.3333333432674408, 0.3333333432674408]], "p2h_attention": [[0.14795126020908356, 0.08379228413105011, 0.10748369246721268, 0.11188104003667831, 0.10748369246721268, 0.14795126020908356, 0.14795123040676117, 0.081484355032444, 0.06402131170034409], [0.14795126020908356, 0.08379228413105011, 0.10748369246721268, 0.11188104003667831, 0.10748369246721268, 0.14795126020908356, 0.14795123040676117, 0.081484355032444, 0.06402131170034409], [0.1111111119389534, 0.1111111119389534, 0.1111111119389534, 0.1111111119389534, 0.1111111119389534, 0.1111111119389534, 0.1111111119389534, 0.1111111119389534, 0.1111111119389534]], "claim": "Kujalleq used to belong to Ammassalik Municipality.", "premise_source_doc_id": "Sermersooq", "premise_source_doc_line_num": 5, "premise_source_doc_sentence": "Ammassalik Municipality"}
{"premise_tokens": ["The", "area", "previously", "belonged", "to", "Ammassalik", "Municipality", "and", "is", "uninhabited", ".", "@@NULL@@"], "hypothesis_tokens": ["Kujalleq", "used", "to", "belong", "to", "Ammassalik", "Municipality", ".", "@@NULL@@"], "label_logits": [0.8273203372955322, -1.5389339923858643, -0.9404025077819824], "label_probs": [0.7907933592796326, 0.07420135289430618, 0.13500528037548065], "h2p_attention": [[0.07016299664974213, 0.0754886269569397, 0.08276424556970596, 0.08787975460290909, 0.08178555965423584, 0.11257776618003845, 0.11257776618003845, 0.061788007616996765, 0.08767643570899963, 0.11658187210559845, 0.06200234219431877, 0.0487145259976387], [0.07986096292734146, 0.12891130149364471, 0.12353712320327759, 0.06687281280755997, 0.1639142483472824, 0.04384011775255203, 0.04384011775255203, 0.07792314141988754, 0.11323651671409607, 0.07592358440160751, 0.04864419251680374, 0.03349594399333], [0.05248402804136276, 0.04847629740834236, 0.056848619133234024, 0.03507709503173828, 0.42978349328041077, 0.022366845980286598, 0.022366845980286598, 0.046818021684885025, 0.19811312854290009, 0.04322003200650215, 0.031123163178563118, 0.013322526589035988], [0.01816447451710701, 0.021697644144296646, 0.03277070075273514, 0.7672728896141052, 0.017305904999375343, 0.013278037309646606, 0.013278037309646606, 0.01623024418950081, 0.03454052656888962, 0.03931019827723503, 0.01855328679084778, 0.007598044350743294], [0.05248402804136276, 0.04847629740834236, 0.056848619133234024, 0.03507709503173828, 0.42978349328041077, 0.022366845980286598, 0.022366845980286598, 0.046818021684885025, 0.19811312854290009, 0.04322003200650215, 0.031123163178563118, 0.013322526589035988], [0.07016299664974213, 0.0754886269569397, 0.08276424556970596, 0.08787975460290909, 0.08178555965423584, 0.11257776618003845, 0.11257776618003845, 0.061788007616996765, 0.08767643570899963, 0.11658187210559845, 0.06200234219431877, 0.0487145259976387], [0.07016299664974213, 0.0754886344075203, 0.08276423811912537, 0.08787975460290909, 0.08178554475307465, 0.11257775872945786, 0.11257775872945786, 0.061788007616996765, 0.08767643570899963, 0.11658190190792084, 0.06200235337018967, 0.048714529722929], [0.07469700276851654, 0.09832936525344849, 0.06962277740240097, 0.13903656601905823, 0.08526765555143356, 0.04645545035600662, 0.04645545035600662, 0.07081853598356247, 0.1475997418165207, 0.07329349219799042, 0.1119244396686554, 0.0364995077252388], [0.0833333432674408, 0.0833333432674408, 0.0833333432674408, 0.0833333432674408, 0.0833333432674408, 0.0833333432674408, 0.0833333432674408, 0.0833333432674408, 0.0833333432674408, 0.0833333432674408, 0.0833333432674408, 0.0833333432674408]], "p2h_attention": [[0.07193800806999207, 0.11908337473869324, 0.1967656910419464, 0.11940700560808182, 0.1967656910419464, 0.07193800806999207, 0.07193800806999207, 0.1022174209356308, 0.04994692653417587], [0.06941331177949905, 0.1723925620317459, 0.16299062967300415, 0.12791766226291656, 0.16299062967300415, 0.06941331177949905, 0.06941331177949905, 0.12067461758852005, 0.0447939932346344], [0.06923311203718185, 0.15029166638851166, 0.1738852858543396, 0.17575733363628387, 0.1738852858543396, 0.06923311203718185, 0.06923309713602066, 0.0777309313416481, 0.040750183165073395], [0.015227725729346275, 0.01685241237282753, 0.022224998101592064, 0.8524183034896851, 0.022224998101592064, 0.015227725729346275, 0.015227725729346275, 0.0321548692882061, 0.008441210724413395], [0.020969202741980553, 0.06112069636583328, 0.4029274880886078, 0.02844829484820366, 0.4029274880886078, 0.020969202741980553, 0.020969197154045105, 0.02917836606502533, 0.012490037828683853], [0.14795124530792236, 0.08379227668046951, 0.10748369246721268, 0.11188101768493652, 0.10748369246721268, 0.14795124530792236, 0.14795123040676117, 0.08148433268070221, 0.06402129679918289], [0.14795124530792236, 0.08379227668046951, 0.10748369246721268, 0.11188101768493652, 0.10748369246721268, 0.14795124530792236, 0.14795123040676117, 0.08148433268070221, 0.06402129679918289], [0.06955219805240631, 0.127567321062088, 0.19270439445972443, 0.11713545024394989, 0.19270439445972443, 0.06955219805240631, 0.06955219805240631, 0.10639594495296478, 0.05483592301607132], [0.03740938380360603, 0.07026685774326324, 0.30908849835395813, 0.0944894552230835, 0.30908849835395813, 0.03740938380360603, 0.03740938380360603, 0.08405330032110214, 0.020785296335816383], [0.09923472255468369, 0.09398870170116425, 0.13452085852622986, 0.21453320980072021, 0.13452085852622986, 0.09923472255468369, 0.09923474490642548, 0.08326634764671326, 0.04146590456366539], [0.07736669480800629, 0.08827611804008484, 0.14200431108474731, 0.14843058586120605, 0.14200431108474731, 0.07736669480800629, 0.07736670970916748, 0.186398446559906, 0.06078612059354782], [0.1111111119389534, 0.1111111119389534, 0.1111111119389534, 0.1111111119389534, 0.1111111119389534, 0.1111111119389534, 0.1111111119389534, 0.1111111119389534, 0.1111111119389534]], "claim": "Kujalleq used to belong to Ammassalik Municipality.", "premise_source_doc_id": "Kujalleq", "premise_source_doc_line_num": 13, "premise_source_doc_sentence": "The area previously belonged to Ammassalik Municipality and is uninhabited ."}
