{"premise_tokens": ["Rum", "is", "a", "distilled", "alcoholic", "beverage", "made", "from", "sugarcane", "byproducts", ",", "such", "as", "molasses", ",", "or", "directly", "from", "sugarcane", "juice", ",", "by", "a", "process", "of", "fermentation", "and", "distillation", ".", "@@NULL@@"], "hypothesis_tokens": ["Rum", "is", "made", "from", "salt", "byproducts", ".", "@@NULL@@"], "label_logits": [1.771701693534851, 1.6040079593658447, -4.839332580566406], "label_probs": [0.5414307713508606, 0.45784077048301697, 0.0007284624734893441], "h2p_attention": [[0.9674279689788818, 0.00022323137091007084, 0.0001628658501431346, 7.850714609958231e-05, 0.0040375650860369205, 0.012323371134698391, 0.000767986464779824, 0.00046650529839098454, 0.002259135013446212, 7.850714609958231e-05, 5.28949785802979e-05, 0.0003151166602037847, 0.00010031033161794767, 0.0007224589353427291, 5.28949785802979e-05, 0.00011871025344589725, 0.0010449416004121304, 0.00046650529839098454, 0.002259135013446212, 0.004984600469470024, 5.28949785802979e-05, 0.00024122431932482868, 0.0001628658501431346, 0.00012744315608870238, 6.331019540084526e-05, 0.0011358819901943207, 5.9302816225681454e-05, 7.850714609958231e-05, 0.00010015795851359144, 3.530157482600771e-05], [0.016428710892796516, 0.32039886713027954, 0.014413762837648392, 0.004675917327404022, 0.05489782616496086, 0.011958793736994267, 0.014759195037186146, 0.039744630455970764, 0.007070895750075579, 0.004675917327404022, 0.007294905837625265, 0.03304393216967583, 0.03228762745857239, 0.0050952197052538395, 0.007294905837625265, 0.022279923781752586, 0.13997720181941986, 0.039744630455970764, 0.007070895750075579, 0.015309029258787632, 0.007294905837625265, 0.05180654674768448, 0.014413762837648392, 0.08066476881504059, 0.009080958552658558, 0.012370713986456394, 0.008165543898940086, 0.004675917327404022, 0.010506079532206059, 0.0025980190839618444], [0.07563602179288864, 0.01975102350115776, 0.016198953613638878, 0.005288459826260805, 0.033036213368177414, 0.04011688008904457, 0.3123806118965149, 0.044491201639175415, 0.024154076352715492, 0.005288459826260805, 0.009472078643739223, 0.04430704936385155, 0.01503134984523058, 0.014847734943032265, 0.009472078643739223, 0.013930591754615307, 0.038502197712659836, 0.044491201639175415, 0.024154076352715492, 0.047701310366392136, 0.009472078643739223, 0.07847961783409119, 0.016198953613638878, 0.015322295017540455, 0.008119677193462849, 0.010900658555328846, 0.00768519751727581, 0.005288459826260805, 0.006804679520428181, 0.0034767158795148134], [0.012271631509065628, 0.01420613843947649, 0.005735776852816343, 0.0020864990074187517, 0.011087549850344658, 0.005398270674049854, 0.011883512139320374, 0.4090207517147064, 0.0021248571574687958, 0.0020864990074187517, 0.0033903946168720722, 0.007316491566598415, 0.006556900683790445, 0.0037653257604688406, 0.0033903946168720722, 0.006414426956325769, 0.013771607540547848, 0.4090207517147064, 0.0021248571574687958, 0.005626650992780924, 0.0033903946168720722, 0.017231866717338562, 0.005735776852816343, 0.018899183720350266, 0.004695529583841562, 0.0037596060428768396, 0.00382931437343359, 0.0020864990074187517, 0.0021638846956193447, 0.0009286240674555302], [0.025442324578762054, 0.04111428186297417, 0.03735979273915291, 0.013876602984964848, 0.13697989284992218, 0.04260185733437538, 0.03532588854432106, 0.04974352940917015, 0.029079409316182137, 0.013876602984964848, 0.020546473562717438, 0.03296712413430214, 0.037041161209344864, 0.061846889555454254, 0.020546473562717438, 0.028588658198714256, 0.03712707385420799, 0.04974352940917015, 0.029079409316182137, 0.03541736304759979, 0.020546473562717438, 0.018179789185523987, 0.03735979273915291, 0.02863946370780468, 0.018826721236109734, 0.024794001132249832, 0.030637918040156364, 0.013876602984964848, 0.018442708998918533, 0.010392275638878345], [0.044478639960289, 0.03599654138088226, 0.027366820722818375, 0.04622006416320801, 0.05235709622502327, 0.041644513607025146, 0.03042261116206646, 0.044938091188669205, 0.026295609772205353, 0.04622006416320801, 0.022224683314561844, 0.024520758539438248, 0.02850024402141571, 0.031993310898542404, 0.022224683314561844, 0.034086331725120544, 0.049619290977716446, 0.044938091188669205, 0.026295609772205353, 0.03711133450269699, 0.022224683314561844, 0.027172382920980453, 0.027366820722818375, 0.029454676434397697, 0.02426302060484886, 0.03502025082707405, 0.02536776103079319, 0.04622006416320801, 0.025455757975578308, 0.020000295713543892], [0.044210705906152725, 0.06301366537809372, 0.030777432024478912, 0.019832884892821312, 0.05879361182451248, 0.03931224346160889, 0.030498236417770386, 0.036310359835624695, 0.02835976704955101, 0.019832884892821312, 0.020783768966794014, 0.030966024845838547, 0.03238749876618385, 0.021854117512702942, 0.020783768966794014, 0.03333776071667671, 0.07695659250020981, 0.036310359835624695, 0.02835976704955101, 0.03594941645860672, 0.020783768966794014, 0.033918920904397964, 0.030777432024478912, 0.0351458378136158, 0.023964321240782738, 0.03334633633494377, 0.030234038829803467, 0.019832884892821312, 0.047783076763153076, 0.015582469291985035], [0.033333323895931244, 0.033333323895931244, 0.033333323895931244, 0.033333323895931244, 0.033333323895931244, 0.033333323895931244, 0.033333323895931244, 0.033333323895931244, 0.033333323895931244, 0.033333323895931244, 0.033333323895931244, 0.033333323895931244, 0.033333323895931244, 0.033333323895931244, 0.033333323895931244, 0.033333323895931244, 0.033333323895931244, 0.033333323895931244, 0.033333323895931244, 0.033333323895931244, 0.033333323895931244, 0.033333323895931244, 0.033333323895931244, 0.033333323895931244, 0.033333323895931244, 0.033333323895931244, 0.033333323895931244, 0.033333323895931244, 0.033333323895931244, 0.033333323895931244]],