{"premise_tokens": ["He", "has", "been", "a", "frequent", "guest", "of", "Sean", "Hannity", "on", "Fox", "News", ".", "@@NULL@@"], "hypothesis_tokens": ["Mark", "Fuhrman", "has", "been", "on", "Fox", "News", ".", "@@NULL@@"], "label_logits": [2.3188562393188477, 0.09576225280761719, -4.201886177062988], "label_probs": [0.9011069536209106, 0.09756609052419662, 0.0013269480550661683], "h2p_attention": [[0.14791752398014069, 0.34634077548980713, 0.07151603698730469, 0.027370955795049667, 0.03468479588627815, 0.04345831647515297, 0.061415497213602066, 0.049472466111183167, 0.02981630712747574, 0.07273571193218231, 0.035664983093738556, 0.030070096254348755, 0.03265633434057236, 0.016880283132195473], [0.0898418202996254, 0.07830718159675598, 0.07219596207141876, 0.060978375375270844, 0.06674325466156006, 0.08710647374391556, 0.05406252667307854, 0.05861489847302437, 0.1029869094491005, 0.06950826197862625, 0.08301237225532532, 0.07535738497972488, 0.05672017112374306, 0.0445643812417984], [0.19960127770900726, 0.37743616104125977, 0.12167531996965408, 0.021583760157227516, 0.03019440360367298, 0.05795634537935257, 0.02054647170007229, 0.019803903996944427, 0.012986546382308006, 0.054696131497621536, 0.03288522735238075, 0.023689134046435356, 0.019554704427719116, 0.007390603888779879], [0.1404777467250824, 0.1634024977684021, 0.3550628125667572, 0.025462936609983444, 0.059697475284338, 0.061346717178821564, 0.01823962852358818, 0.023686733096837997, 0.01607907935976982, 0.042636170983314514, 0.03164016455411911, 0.027263035997748375, 0.025079945102334023, 0.00992512796074152], [0.11521784216165543, 0.07805033028125763, 0.04530435800552368, 0.035175684839487076, 0.03427748754620552, 0.04895535856485367, 0.029416624456644058, 0.02001696079969406, 0.01644926704466343, 0.40020516514778137, 0.04157732427120209, 0.10018032789230347, 0.024627042934298515, 0.010546248406171799], [0.015489509329199791, 0.005743906367570162, 0.004115181975066662, 0.010117575526237488, 0.007159145548939705, 0.009006492793560028, 0.00308777904137969, 0.003462061984464526, 0.0024045915342867374, 0.005089146550744772, 0.9054445624351501, 0.025151878595352173, 0.0024373603519052267, 0.0012908817734569311], [0.0009458949789404869, 0.00011491993791423738, 9.848361514741555e-05, 0.00020872913592029363, 0.0002500637492630631, 0.00026889806031249464, 6.723406841047108e-05, 6.715679046465084e-05, 6.0626680351560935e-05, 0.0003405731695238501, 0.0006985702202655375, 0.9967493414878845, 9.362681157654151e-05, 3.585304148145951e-05], [0.19735929369926453, 0.07827677577733994, 0.07475703209638596, 0.0584329254925251, 0.06936091929674149, 0.06185232475399971, 0.045497797429561615, 0.054305825382471085, 0.037654004991054535, 0.06908372789621353, 0.05585920810699463, 0.07725664973258972, 0.09071924537420273, 0.029584314674139023], [0.0714285671710968, 0.0714285671710968, 0.0714285671710968, 0.0714285671710968, 0.0714285671710968, 0.0714285671710968, 0.0714285671710968, 0.0714285671710968, 0.0714285671710968, 0.0714285671710968, 0.0714285671710968, 0.0714285671710968, 0.0714285671710968, 0.0714285671710968]], "p2h_attention": [[0.0804528146982193, 0.018509382382035255, 0.24796174466609955, 0.1299489289522171, 0.10030510276556015, 0.11016727983951569, 0.24222464859485626, 0.061248768121004105, 0.009181239642202854], [0.18908467888832092, 0.016193702816963196, 0.47064778208732605, 0.15172424912452698, 0.0682038888335228, 0.04100656136870384, 0.029539410024881363, 0.02438393421471119, 0.009215787053108215], [0.05896388366818428, 0.022546932101249695, 0.22913159430027008, 0.4978877604007721, 0.059786681085824966, 0.04436750337481499, 0.03822966665029526, 0.035168420523405075, 0.013917536474764347], [0.05700235068798065, 0.048102810978889465, 0.10266672819852829, 0.09018925577402115, 0.11725383996963501, 0.2755323648452759, 0.20466306805610657, 0.06943503767251968, 0.03515462949872017], [0.06270592659711838, 0.04570551961660385, 0.12467965483665466, 0.18355615437030792, 0.09918823838233948, 0.16924810409545898, 0.21285004913806915, 0.07154881954193115, 0.030517514795064926], [0.06315986812114716, 0.047952428460121155, 0.19238407909870148, 0.15163631737232208, 0.11388074606657028, 0.17116588354110718, 0.18399666249752045, 0.05129116773605347, 0.024532850831747055], [0.19084958732128143, 0.06363579630851746, 0.1458311676979065, 0.09639906138181686, 0.1463146209716797, 0.12547370791435242, 0.0983685627579689, 0.08067181706428528, 0.052455734461545944], [0.1575613021850586, 0.07071082293987274, 0.1440577507019043, 0.1283024102449417, 0.1020389273762703, 0.14418305456638336, 0.10070007294416428, 0.09868490695953369, 0.05376080423593521], [0.11901962012052536, 0.1557179093360901, 0.11840175092220306, 0.10916148871183395, 0.10509764403104782, 0.12551607191562653, 0.11394161731004715, 0.08576183766126633, 0.0673820748925209], [0.059606388211250305, 0.02157612144947052, 0.10237680375576019, 0.05942467227578163, 0.5249398350715637, 0.054536011070013046, 0.13140425086021423, 0.032302722334861755, 0.013833269476890564], [0.002857695799320936, 0.002519466681405902, 0.006018310785293579, 0.00431177718564868, 0.005332271568477154, 0.9487005472183228, 0.026353469118475914, 0.002553800819441676, 0.001352551276795566], [6.397926335921511e-05, 6.0732607380487025e-05, 0.00011512072524055839, 9.865569154499099e-05, 0.00034116822644136846, 0.000699790776707232, 0.9984908699989319, 9.37903969315812e-05, 3.5915683838538826e-05], [0.10033470392227173, 0.06601051986217499, 0.13722553849220276, 0.13105513155460358, 0.12110936641693115, 0.09792570769786835, 0.13543717563152313, 0.15903820097446442, 0.05186370387673378], [0.1111111119389534, 0.1111111119389534, 0.1111111119389534, 0.1111111119389534, 0.1111111119389534, 0.1111111119389534, 0.1111111119389534, 0.1111111119389534, 0.1111111119389534]], "claim": "Mark Fuhrman has been on Fox News.", "premise_source_doc_id": "Mark_Fuhrman", "premise_source_doc_line_num": 21, "premise_source_doc_sentence": "He has been a frequent guest of Sean Hannity on Fox News ."}
