{"premise_tokens": ["Carlin", "on", "Campus", "is", "the", "10th", "album", "and", "fourth", "HBO", "special", "by", "American", "comedian", "George", "Carlin", "recorded", "April", "18", "--", "19", ",", "1984", ".", "@@NULL@@"], "hypothesis_tokens": ["George", "Carlin", "is", "dead", ".", "@@NULL@@"], "label_logits": [0.23264124989509583, 1.820046067237854, -1.8081560134887695], "label_probs": [0.166086345911026, 0.8123348951339722, 0.02157878689467907], "h2p_attention": [[0.010323864407837391, 0.012687009759247303, 0.005687672179192305, 0.010995728895068169, 0.005633099470287561, 0.016615422442555428, 0.006446461193263531, 0.0052662803791463375, 0.014185137115418911, 0.004870023112744093, 0.011009464040398598, 0.02697521075606346, 0.01322517916560173, 0.005605327431112528, 0.7675327062606812, 0.010323864407837391, 0.013817103579640388, 0.01028344314545393, 0.009310868568718433, 0.010812364518642426, 0.00776132894679904, 0.007759282365441322, 0.006835035514086485, 0.0034076145384460688, 0.0026305222418159246], [0.08829186856746674, 0.02939447946846485, 0.027315296232700348, 0.03297270089387894, 0.02346627600491047, 0.05669692903757095, 0.02802114561200142, 0.024297615513205528, 0.05043867975473404, 0.03198227658867836, 0.027733048424124718, 0.03147473931312561, 0.02610727585852146, 0.03698793053627014, 0.07325205206871033, 0.08829186856746674, 0.03624768182635307, 0.07108905166387558, 0.03502398356795311, 0.03553695231676102, 0.04191051796078682, 0.02390172705054283, 0.03727845475077629, 0.023622827604413033, 0.018664631992578506], [0.007078581489622593, 0.034507621079683304, 0.016316436231136322, 0.49415120482444763, 0.023189662024378777, 0.029307058081030846, 0.013377010822296143, 0.012593718245625496, 0.037598032504320145, 0.031131651252508163, 0.02198503352701664, 0.07990124821662903, 0.011636114679276943, 0.016055310145020485, 0.016749169677495956, 0.007078581489622593, 0.024470536038279533, 0.025442013517022133, 0.025924742221832275, 0.004293626174330711, 0.022895846515893936, 0.011250934563577175, 0.012855463661253452, 0.01620352827012539, 0.004006925504654646], [0.009969581849873066, 0.009569059126079082, 0.011374915950000286, 0.012248028069734573, 0.0066910008899867535, 0.020819276571273804, 0.03056895174086094, 0.007812277413904667, 0.06423749774694443, 0.008785378187894821, 0.009783442132174969, 0.0044912067241966724, 0.00853561982512474, 0.02478497289121151, 0.012270106002688408, 0.009969581849873066, 0.07958592474460602, 0.337332546710968, 0.053771063685417175, 0.009458137676119804, 0.2261960208415985, 0.0058763339184224606, 0.020589444786310196, 0.011601438745856285, 0.003678198205307126], [0.025867240503430367, 0.04772564396262169, 0.04193858802318573, 0.08264870941638947, 0.04182671010494232, 0.03806136175990105, 0.03711553290486336, 0.03965495154261589, 0.05463595315814018, 0.03404826298356056, 0.033590782433748245, 0.044488050043582916, 0.028880031779408455, 0.03757920116186142, 0.026475615799427032, 0.025867240503430367, 0.06083521619439125, 0.04427756741642952, 0.03972824290394783, 0.021427474915981293, 0.04486943036317825, 0.027259983122348785, 0.03808809071779251, 0.06267227977514267, 0.02043796516954899], [0.03999999538064003, 0.03999999538064003, 0.03999999538064003, 0.03999999538064003, 0.03999999538064003, 0.03999999538064003, 0.03999999538064003, 0.03999999538064003, 0.03999999538064003, 0.03999999538064003, 0.03999999538064003, 0.03999999538064003, 0.03999999538064003, 0.03999999538064003, 0.03999999538064003, 0.03999999538064003, 0.03999999538064003, 0.03999999538064003, 0.03999999538064003, 0.03999999538064003, 0.03999999538064003, 0.03999999538064003, 0.03999999538064003, 0.03999999538064003, 0.03999999538064003]], "p2h_attention": [[0.2548840045928955, 0.30721575021743774, 0.11473008245229721, 0.17602893710136414, 0.08219674974679947, 0.06494447588920593], [0.23025237023830414, 0.07518534362316132, 0.41114088892936707, 0.12419984489679337, 0.11148104816675186, 0.04774048924446106], [0.15620185434818268, 0.10572558641433716, 0.2941763401031494, 0.22341212630271912, 0.14824150502681732, 0.07224264740943909], [0.030368441715836525, 0.01283439714461565, 0.8959609866142273, 0.02419198304414749, 0.029379121959209442, 0.007265081163495779], [0.15239696204662323, 0.08947372436523438, 0.4118642210960388, 0.12945738434791565, 0.14564208686351776, 0.07116571813821793], [0.2507438659667969, 0.12058712542057037, 0.2903500497341156, 0.22469395399093628, 0.07392776757478714, 0.03969728946685791], [0.13306207954883575, 0.08151569217443466, 0.18126864731311798, 0.45125311613082886, 0.09860361367464066, 0.05429686978459358], [0.17392009496688843, 0.11309199035167694, 0.2730426788330078, 0.1845143735408783, 0.168557271361351, 0.08687357604503632], [0.13964538276195526, 0.06998085230588913, 0.24299027025699615, 0.4522603154182434, 0.06922704726457596, 0.025896135717630386], [0.1129647046327591, 0.10455469787120819, 0.47407230734825134, 0.1457400768995285, 0.10165083408355713, 0.06101738661527634], [0.25424960255622864, 0.09026392549276352, 0.3333128094673157, 0.1615818738937378, 0.09984320402145386, 0.06074857339262962], [0.28265753388404846, 0.046481527388095856, 0.5496421456336975, 0.03365623578429222, 0.05999890714883804, 0.027563709765672684], [0.35747918486595154, 0.09945651143789291, 0.20648470520973206, 0.165002703666687, 0.10047341883182526, 0.071103535592556], [0.12041234225034714, 0.11198314279317856, 0.2264224737882614, 0.38077226281166077, 0.10390152037143707, 0.056508276611566544], [0.955039918422699, 0.012845970690250397, 0.013681970536708832, 0.01091892272233963, 0.004240090027451515, 0.0032731553073972464], [0.2548840045928955, 0.30721575021743774, 0.11473008245229721, 0.17602893710136414, 0.08219674974679947, 0.06494447588920593], [0.13497471809387207, 0.04990431293845177, 0.1569312959909439, 0.5560047030448914, 0.07648825645446777, 0.02569669857621193], [0.03588293865323067, 0.03496025502681732, 0.05828161537647247, 0.8418107032775879, 0.019885540008544922, 0.00917891412973404], [0.12019366025924683, 0.06372055411338806, 0.2197033315896988, 0.496417373418808, 0.06600778549909592, 0.03395732492208481], [0.3511410057544708, 0.16265356540679932, 0.09154102206230164, 0.2196713089942932, 0.08956455439329147, 0.08542851358652115], [0.03902669996023178, 0.02970101684331894, 0.07558110356330872, 0.8134251236915588, 0.0290389284491539, 0.013227193616330624], [0.2688993513584137, 0.11674007028341293, 0.2559690773487091, 0.1456402987241745, 0.12159004807472229, 0.09116121381521225], [0.1597490906715393, 0.1227942407131195, 0.19724953174591064, 0.34415102005004883, 0.11457530409097672, 0.0614808015525341], [0.09369730949401855, 0.0915442630648613, 0.29249411821365356, 0.22813686728477478, 0.22179745137691498, 0.072330042719841], [0.1666666716337204, 0.1666666716337204, 0.1666666716337204, 0.1666666716337204, 0.1666666716337204, 0.1666666716337204]], "claim": "George Carlin is dead.", "premise_source_doc_id": "Carlin_on_Campus", "premise_source_doc_line_num": 0, "premise_source_doc_sentence": "Carlin on Campus is the 10th album and fourth HBO special by American comedian George Carlin recorded April 18 -- 19 , 1984 ."}
