{"premise_tokens": ["Al", "-", "Qaeda", "also", "opposes", "what", "it", "regards", "as", "man", "-", "made", "laws", ",", "and", "wants", "to", "replace", "them", "with", "a", "strict", "form", "of", "sharia", "law", ".", "@@NULL@@"], "hypothesis_tokens": ["Al", "-", "Qaeda", "opposes", "man", "-", "made", "laws", ".", "@@NULL@@"], "label_logits": [2.04956316947937, -2.096510648727417, -2.3050642013549805], "label_probs": [0.9721255898475647, 0.015385279431939125, 0.01248911488801241], "h2p_attention": [[0.9758771657943726, 0.0004269546770956367, 0.000618856109213084, 0.0007850154070183635, 0.000618856109213084, 0.0006178464973345399, 0.000807974545750767, 0.001084757735952735, 0.0009739497327245772, 0.0007136554922908545, 0.0004269546770956367, 0.0006940297898836434, 0.0012757573276758194, 0.0005547268083319068, 0.0004975824267603457, 0.0006870013894513249, 0.0005394953768700361, 0.0033219996839761734, 0.001373877632431686, 0.0006805635057389736, 0.0005068187019787729, 0.0020609775092452765, 0.0006323846173472703, 0.0006659547798335552, 0.000618856109213084, 0.0019025387009605765, 0.0006780431140214205, 0.00035738523001782596], [0.017276335507631302, 0.22460664808750153, 0.017151014879345894, 0.016280215233564377, 0.017151014879345894, 0.03457675129175186, 0.02188858576118946, 0.016114365309476852, 0.019605698063969612, 0.028444672003388405, 0.22460664808750153, 0.03369612991809845, 0.018096916377544403, 0.02231566421687603, 0.019659196957945824, 0.0180871170014143, 0.01893589273095131, 0.027419399470090866, 0.021731259301304817, 0.02357177622616291, 0.023148175328969955, 0.02571704052388668, 0.025221876800060272, 0.019057227298617363, 0.017151014879345894, 0.018426351249217987, 0.015601756051182747, 0.014461271464824677], [0.03583366051316261, 0.02454265020787716, 0.0478224940598011, 0.02493162825703621, 0.0478224940598011, 0.03394411504268646, 0.03997178003191948, 0.058596644550561905, 0.02948833629488945, 0.03219766914844513, 0.02454265020787716, 0.031477347016334534, 0.05785854533314705, 0.022995201870799065, 0.02624724805355072, 0.044222090393304825, 0.03474210575222969, 0.04004877805709839, 0.03498047590255737, 0.029716456308960915, 0.02831561490893364, 0.05050604045391083, 0.03144219145178795, 0.025104207918047905, 0.0478224940598011, 0.047795094549655914, 0.026338297873735428, 0.020693695172667503], [0.03583366051316261, 0.02454265020787716, 0.0478224940598011, 0.02493162825703621, 0.0478224940598011, 0.03394411504268646, 0.03997178003191948, 0.058596644550561905, 0.02948833629488945, 0.03219766914844513, 0.02454265020787716, 0.031477347016334534, 0.05785854533314705, 0.022995201870799065, 0.02624724805355072, 0.044222090393304825, 0.03474210575222969, 0.04004877805709839, 0.03498047590255737, 0.029716456308960915, 0.02831561490893364, 0.05050604045391083, 0.03144219145178795, 0.025104207918047905, 0.0478224940598011, 0.047795094549655914, 0.026338297873735428, 0.020693695172667503], [0.007480586413294077, 0.00736848171800375, 0.0058286734856665134, 0.0112701915204525, 0.0058286734856665134, 0.03503115102648735, 0.04022781178355217, 0.025219643488526344, 0.01177151594310999, 0.5996357798576355, 0.00736848171800375, 0.020206283777952194, 0.023048684000968933, 0.007128293626010418, 0.010279829613864422, 0.020331870764493942, 0.020687654614448547, 0.006815404165536165, 0.030867692083120346, 0.012567118741571903, 0.01182632613927126, 0.01356285810470581, 0.008672577328979969, 0.009141810238361359, 0.0058286734856665134, 0.024952610954642296, 0.013305206783115864, 0.0037461351603269577], [0.017276335507631302, 0.22460664808750153, 0.017151014879345894, 0.016280215233564377, 0.017151014879345894, 0.03457675129175186, 0.02188858576118946, 0.016114365309476852, 0.019605698063969612, 0.028444672003388405, 0.22460664808750153, 0.03369612991809845, 0.018096916377544403, 0.02231566421687603, 0.019659196957945824, 0.0180871170014143, 0.01893589273095131, 0.027419399470090866, 0.021731259301304817, 0.02357177622616291, 0.023148175328969955, 0.02571704052388668, 0.025221876800060272, 0.019057227298617363, 0.017151014879345894, 0.018426351249217987, 0.015601756051182747, 0.014461271464824677], [0.011203130707144737, 0.013442235067486763, 0.008775217458605766, 0.029162533581256866, 0.008775217458605766, 0.03112342208623886, 0.03891221061348915, 0.02026122249662876, 0.024941734969615936, 0.03111722692847252, 0.013442235067486763, 0.5183376669883728, 0.009423745796084404, 0.0157171580940485, 0.01275215856730938, 0.012400584295392036, 0.01666881889104843, 0.008780374191701412, 0.027774211019277573, 0.02300560101866722, 0.02687915600836277, 0.034655503928661346, 0.010282627306878567, 0.01347309723496437, 0.008775217458605766, 0.012857756577432156, 0.011291103437542915, 0.005768964998424053], [0.0003768294118344784, 0.00013210269389674067, 0.00029515012283809483, 0.00017535714141558856, 0.00029515012283809483, 0.00020685384515672922, 0.0004041141364723444, 0.0012493630638346076, 0.0002530036144889891, 0.0006494953413493931, 0.00013210269389674067, 0.00017244037007912993, 0.9412519335746765, 0.00013424393546301872, 0.0001600056275492534, 0.0006894947728142142, 0.00048167898785322905, 0.002934824675321579, 0.0005822894163429737, 0.00020702042093034834, 0.00029517969232983887, 0.0035362932831048965, 0.000532366510014981, 0.00021926981571596116, 0.00029515012283809483, 0.044054627418518066, 0.00017816379840951413, 0.00010556339111644775], [0.03335145488381386, 0.01896536536514759, 0.02237400785088539, 0.03230314701795578, 0.02237400785088539, 0.05762607231736183, 0.08228953927755356, 0.0422859750688076, 0.03653719276189804, 0.06243560463190079, 0.01896536536514759, 0.034405872225761414, 0.029668821021914482, 0.023446718230843544, 0.034107815474271774, 0.036382291465997696, 0.041066836565732956, 0.026883071288466454, 0.05358860641717911, 0.041350558400154114, 0.034720830619335175, 0.03315908461809158, 0.02824431285262108, 0.027034783735871315, 0.02237400785088539, 0.032574258744716644, 0.05390536040067673, 0.01757899858057499], [0.035714294761419296, 0.035714294761419296, 0.035714294761419296, 0.035714294761419296, 0.035714294761419296, 0.035714294761419296, 0.035714294761419296, 0.035714294761419296, 0.035714294761419296, 0.035714294761419296, 0.035714294761419296, 0.035714294761419296, 0.035714294761419296, 0.035714294761419296, 0.035714294761419296, 0.035714294761419296, 0.035714294761419296, 0.035714294761419296, 0.035714294761419296, 0.035714294761419296, 0.035714294761419296, 0.035714294761419296, 0.035714294761419296, 0.035714294761419296, 0.035714294761419296, 0.035714294761419296, 0.035714294761419296, 0.035714294761419296]],