{"premise_tokens": ["Jorma", "Christopher", "``", "Jorm", "''", "Taccone", "(", "-LSB-", "`", "jɔrmə_tə", "`", "koʊni", "-RSB-", "born", "March", "19", ",", "1977", ")", "is", "an", "American", "actor", ",", "comedian", ",", "director", ",", "producer", ",", "writer", ",", "record", "producer", ",", "and", "musician", ".", "@@NULL@@"], "hypothesis_tokens": ["Jorma", "Taccone", "'s", "middle", "name", "is", "Jorm", ".", "@@NULL@@"], "label_logits": [1.6105432510375977, 1.1580606698989868, -3.8648383617401123], "label_probs": [0.6096684336662292, 0.3877778649330139, 0.0025536748580634594], "h2p_attention": [[0.0357305072247982, 0.0357305072247982, 0.0357305072247982, 0.0357305072247982, 0.0357305072247982, 0.0357305072247982, 0.01662093959748745, 0.0357305072247982, 0.019994840025901794, 0.0357305072247982, 0.019994840025901794, 0.0357305072247982, 0.0357305072247982, 0.024958739057183266, 0.02194676734507084, 0.019173528999090195, 0.017180832102894783, 0.0357305072247982, 0.017250586301088333, 0.027827192097902298, 0.023391814902424812, 0.03231288492679596, 0.019881729036569595, 0.017180832102894783, 0.025367986410856247, 0.017180832102894783, 0.02189517579972744, 0.017180832102894783, 0.030622459948062897, 0.017180832102894783, 0.024826690554618835, 0.017180832102894783, 0.02979866974055767, 0.030622459948062897, 0.017180832102894783, 0.01961059309542179, 0.02546098455786705, 0.019678622484207153, 0.015461264178156853], [0.0357305072247982, 0.0357305072247982, 0.0357305072247982, 0.0357305072247982, 0.0357305072247982, 0.0357305072247982, 0.01662093959748745, 0.0357305072247982, 0.019994840025901794, 0.0357305072247982, 0.019994840025901794, 0.0357305072247982, 0.0357305072247982, 0.024958739057183266, 0.02194676734507084, 0.019173528999090195, 0.017180832102894783, 0.0357305072247982, 0.017250586301088333, 0.027827192097902298, 0.023391814902424812, 0.03231288492679596, 0.019881729036569595, 0.017180832102894783, 0.025367986410856247, 0.017180832102894783, 0.02189517579972744, 0.017180832102894783, 0.030622459948062897, 0.017180832102894783, 0.024826690554618835, 0.017180832102894783, 0.02979866974055767, 0.030622459948062897, 0.017180832102894783, 0.01961059309542179, 0.02546098455786705, 0.019678622484207153, 0.015461264178156853], [0.015599550679326057, 0.015599550679326057, 0.015599550679326057, 0.015599550679326057, 0.015599550679326057, 0.015599550679326057, 0.012382050044834614, 0.015599550679326057, 0.030558209866285324, 0.015599550679326057, 0.030558209866285324, 0.015599550679326057, 0.015599550679326057, 0.03598006069660187, 0.017272692173719406, 0.018071243539452553, 0.02811914123594761, 0.015599550679326057, 0.012724997475743294, 0.06292305141687393, 0.03892560303211212, 0.03222540393471718, 0.028820998966693878, 0.02811914123594761, 0.03225568309426308, 0.02811914123594761, 0.048116423189640045, 0.02811914123594761, 0.03523184359073639, 0.02811914123594761, 0.03709864243865013, 0.02811914123594761, 0.032659221440553665, 0.03523184359073639, 0.02811914123594761, 0.03269299492239952, 0.02843627892434597, 0.019541040062904358, 0.00986450631171465], [0.014127012342214584, 0.014127012342214584, 0.014127012342214584, 0.014127012342214584, 0.014127012342214584, 0.014127012342214584, 0.014273714274168015, 0.014127012342214584, 0.015023376792669296, 0.014127012342214584, 0.015023376792669296, 0.014127012342214584, 0.014127012342214584, 0.036014948040246964, 0.042083799839019775, 0.0255952849984169, 0.015144892036914825, 0.014127012342214584, 0.012774511240422726, 0.12042227387428284, 0.04749995470046997, 0.02978263609111309, 0.029935292899608612, 0.015144892036914825, 0.046342089772224426, 0.015144892036914825, 0.04078994691371918, 0.015144892036914825, 0.06731466203927994, 0.015144892036914825, 0.028345579281449318, 0.015144892036914825, 0.020975571125745773, 0.06731466203927994, 0.015144892036914825, 0.018044905737042427, 0.0298767127096653, 0.023020822554826736, 0.008134580217301846], [0.006657065823674202, 0.006657065823674202, 0.006657065823674202, 0.006657065823674202, 0.006657065823674202, 0.006657065823674202, 0.009698341600596905, 0.006657065823674202, 0.019165294244885445, 0.006657065823674202, 0.019165294244885445, 0.006657065823674202, 0.006657065823674202, 0.3909054398536682, 0.07969190180301666, 0.013247126713395119, 0.008887577801942825, 0.006657065823674202, 0.008845487609505653, 0.05022449418902397, 0.027521224692463875, 0.098270483314991, 0.03670192137360573, 0.008887577801942825, 0.01676388829946518, 0.008887577801942825, 0.006053306628018618, 0.008887577801942825, 0.014077629894018173, 0.008887577801942825, 0.012539675459265709, 0.008887577801942825, 0.009405703283846378, 0.014077629894018173, 0.008887577801942825, 0.008662047795951366, 0.01594735123217106, 0.009095595218241215, 0.004499375354498625], [0.006676351185888052, 0.006676351185888052, 0.006676351185888052, 0.006676351185888052, 0.006676351185888052, 0.006676351185888052, 0.005595421884208918, 0.006676351185888052, 0.009356209076941013, 0.006676351185888052, 0.009356209076941013, 0.006676351185888052, 0.006676351185888052, 0.05231508985161781, 0.031378403306007385, 0.021196307614445686, 0.010415786877274513, 0.006676351185888052, 0.005249519366770983, 0.45747077465057373, 0.06967516243457794, 0.010772375389933586, 0.01790436916053295, 0.010415786877274513, 0.01486353762447834, 0.010415786877274513, 0.03060728684067726, 0.010415786877274513, 0.02085915207862854, 0.010415786877274513, 0.012932234443724155, 0.010415786877274513, 0.014911163598299026, 0.02085915207862854, 0.010415786877274513, 0.011658897623419762, 0.017978129908442497, 0.015000760555267334, 0.0037094943691045046], [0.035730499774217606, 0.035730499774217606, 0.035730499774217606, 0.035730499774217606, 0.035730499774217606, 0.035730499774217606, 0.0166209377348423, 0.035730499774217606, 0.019994843751192093, 0.035730499774217606, 0.019994843751192093, 0.035730499774217606, 0.035730499774217606, 0.024958739057183266, 0.021946752443909645, 0.019173523411154747, 0.017180830240249634, 0.035730499774217606, 0.017250586301088333, 0.02782719023525715, 0.023391814902424812, 0.03231286630034447, 0.019881725311279297, 0.017180830240249634, 0.02536798268556595, 0.017180830240249634, 0.02189517207443714, 0.017180830240249634, 0.03062245063483715, 0.017180830240249634, 0.024826684966683388, 0.017180830240249634, 0.029798664152622223, 0.03062245063483715, 0.017180830240249634, 0.019610591232776642, 0.02546098083257675, 0.019678620621562004, 0.015461264178156853], [0.01946122571825981, 0.01946122571825981, 0.01946122571825981, 0.01946122571825981, 0.01946122571825981, 0.01946122571825981, 0.020730361342430115, 0.01946122571825981, 0.02658924274146557, 0.01946122571825981, 0.02658924274146557, 0.01946122571825981, 0.01946122571825981, 0.03181964159011841, 0.03415966033935547, 0.0335686169564724, 0.02039428800344467, 0.01946122571825981, 0.02063983865082264, 0.06183282658457756, 0.042282834649086, 0.021606307476758957, 0.025366732850670815, 0.02039428800344467, 0.028114495798945427, 0.02039428800344467, 0.02811504900455475, 0.02039428800344467, 0.03440827876329422, 0.02039428800344467, 0.021168608218431473, 0.02039428800344467, 0.03242512047290802, 0.03440827876329422, 0.02039428800344467, 0.029667465016245842, 0.02749589830636978, 0.04688765108585358, 0.0152904586866498], [0.025641025975346565, 0.025641025975346565, 0.025641025975346565, 0.025641025975346565, 0.025641025975346565, 0.025641025975346565, 0.025641025975346565, 0.025641025975346565, 0.025641025975346565, 0.025641025975346565, 0.025641025975346565, 0.025641025975346565, 0.025641025975346565, 0.025641025975346565, 0.025641025975346565, 0.025641025975346565, 0.025641025975346565, 0.025641025975346565, 0.025641025975346565, 0.025641025975346565, 0.025641025975346565, 0.025641025975346565, 0.025641025975346565, 0.025641025975346565, 0.025641025975346565, 0.025641025975346565, 0.025641025975346565, 0.025641025975346565, 0.025641025975346565, 