{"premise_tokens": ["Californian", "readers", "were", "merged", "into", "the", "U", "-", "T", "Californian", ",", "which", "includes", "a", "front", "section", "of", "Southwest", "Riverside", "County", "-", "specific", "content", "with", "the", "remaining", "content", "from", "the", "U", "-", "T", "North", "County", "edition", ".", "@@NULL@@"], "hypothesis_tokens": ["B.o", ".", "B", "is", "a", "Californian", ".", "@@NULL@@"], "label_logits": [0.7521016597747803, -1.6917617321014404, 0.6656394600868225], "label_probs": [0.49900323152542114, 0.04332583770155907, 0.4576708972454071], "h2p_attention": [[0.03993204981088638, 0.03980482742190361, 0.027114620432257652, 0.03980482742190361, 0.03113989159464836, 0.024807970970869064, 0.026604419574141502, 0.02042796090245247, 0.025393281131982803, 0.03993204981088638, 0.01913994923233986, 0.028418170288205147, 0.021425189450383186, 0.023568371310830116, 0.029043789952993393, 0.026798177510499954, 0.020895371213555336, 0.032908953726291656, 0.033928800374269485, 0.026185723021626472, 0.02042796090245247, 0.021041665226221085, 0.021460825577378273, 0.02473435364663601, 0.024807970970869064, 0.03511098027229309, 0.021460825577378273, 0.03870079293847084, 0.024807970970869064, 0.026604419574141502, 0.02042796090245247, 0.025393281131982803, 0.030295316129922867, 0.026185723021626472, 0.0221185814589262, 0.021922560408711433, 0.017224300652742386], [0.024662170559167862, 0.01723865605890751, 0.03222490847110748, 0.01723865605890751, 0.043067120015621185, 0.02771850675344467, 0.029559701681137085, 0.014612375758588314, 0.023710010573267937, 0.024662170559167862, 0.018065154552459717, 0.03703869506716728, 0.02335437946021557, 0.026751600205898285, 0.028247250244021416, 0.0341523177921772, 0.02082967758178711, 0.035346619784832, 0.03832504153251648, 0.03367209434509277, 0.014612375758588314, 0.030842574313282967, 0.021762436255812645, 0.03185964748263359, 0.02771850675344467, 0.03432692587375641, 0.021762436255812645, 0.03156079724431038, 0.02771850675344467, 0.029559701681137085, 0.014612375758588314, 0.023710010573267937, 0.029806027188897133, 0.03367209434509277, 0.020921573042869568, 0.04153283312916756, 0.013544213958084583], [0.022810302674770355, 0.017601486295461655, 0.0175907164812088, 0.017601486295461655, 0.08676155656576157, 0.019028767943382263, 0.022334638983011246, 0.017306581139564514, 0.02070791833102703, 0.022810302674770355, 0.013640832155942917, 0.04456755518913269, 0.034936413168907166, 0.03109711967408657, 0.028583334758877754, 0.030724570155143738, 0.023257914930582047, 0.019665734842419624, 0.029665272682905197, 0.02920864336192608, 0.017306581139564514, 0.030277671292424202, 0.029133692383766174, 0.026575664058327675, 0.019028767943382263, 0.06803364306688309, 0.029133692383766174, 0.051780056208372116, 0.019028767943382263, 0.022334638983011246, 0.017306581139564514, 0.02070791833102703, 0.01986960880458355, 0.02920864336192608, 0.01812894456088543, 0.020544420927762985, 0.011699586175382137], [0.028449274599552155, 0.008221721276640892, 0.02668614871799946, 0.008221721276640892, 0.053344063460826874, 0.02643757127225399, 0.01243503950536251, 0.006989330518990755, 0.0152302086353302, 0.028449274599552155, 0.012826724909245968, 0.05280644819140434, 0.041101012378931046, 0.025343896821141243, 0.02797122113406658, 0.04214787483215332, 0.01596716418862343, 0.021835070103406906, 0.03123430348932743, 0.027546802535653114, 0.006989330518990755, 0.08747260272502899, 0.030082134529948235, 0.042234886437654495, 0.02643757127225399, 0.040077582001686096, 0.030082134529948235, 0.06988348066806793, 0.02643757127225399, 0.01243503950536251, 0.006989330518990755, 0.0152302086353302, 0.03338838741183281, 0.027546802535653114, 0.008427082560956478, 0.018472973257303238, 0.004568129312247038], [0.03259170427918434, 0.010700021870434284, 0.017638983204960823, 0.010700021870434284, 0.026649178937077522, 0.023988330736756325, 0.013144182041287422, 0.012517193332314491, 0.018947934731841087, 0.03259170427918434, 0.02139459364116192, 0.04189939424395561, 0.02924514189362526, 0.10658318549394608, 0.02286427840590477, 0.026330282911658287, 0.0211295448243618, 0.021662624552845955, 0.025266200304031372, 0.01963725872337818, 0.012517193332314491, 0.04214589297771454, 0.05349471792578697, 0.029937172308564186, 0.023988330736756325, 0.0378388985991478, 0.05349471792578697, 0.04830020293593407, 0.023988330736756325, 0.013144182041287422, 0.012517193332314491, 0.018947934731841087, 0.028141047805547714, 0.01963725872337818, 0.023160036653280258, 0.015445170924067497, 0.007819819264113903], [0.4727065861225128, 0.0008479551179334521, 0.0009019955759868026, 0.0008479551179334521, 0.002694749739021063, 0.0012157916789874434, 0.0006693770410493016, 0.0006929370574653149, 0.0007612406625412405, 0.4727065861225128, 0.0006638478371314704, 0.0022499121259897947, 0.0028749341145157814, 0.0015244150999933481, 0.0021768456790596247, 0.001206009415909648, 0.0006236706976778805, 0.0025532508734613657, 0.0019902950152754784, 0.0016904500080272555, 0.0006929370574653149, 0.002212142338976264, 0.002611844800412655, 0.0025807733181864023, 0.0012157916789874434, 0.0010725691681727767, 0.002611844800412655, 0.0043511902913451195, 0.0012157916789874434, 0.0006693770410493016, 0.0006929370574653149, 0.0007612406625412405, 0.003601907519623637, 0.0016904500080272555, 0.001388681586831808, 0.0006659943028353155, 0.00036575723788701], [0.024662168696522713, 0.01723865419626236, 0.032224904745817184, 0.01723865419626236, 0.04306711629033089, 0.027718504890799522, 0.029559694230556488, 0.014612373895943165, 0.023710012435913086, 0.024662168696522713, 0.018065158277750015, 0.037038691341876984, 0.02335437759757042, 0.026751602068543434, 0.028247252106666565, 0.0341523252427578, 0.02082967758178711, 0.0353466160595417, 0.03832504153251648, 0.033672090619802475, 0.014612373895943165, 0.030842578038573265, 0.021762434393167496, 0.03185965493321419, 0.027718504890799522, 0.03432692959904671, 0.021762434393167496, 0.03156080096960068, 0.027718504890799522, 0.029559694230556488, 0.014612373895943165, 0.023710012435913086, 0.02980603091418743, 0.033672090619802475, 0.02092156559228897, 0.04153282940387726, 0.01354421116411686], [0.027027033269405365, 0.027027033269405365, 0.027027033269405365, 0.027027033269405365, 0.027027033269405365, 0.027027033269405365, 0.027027033269405365, 0.027027033269405365, 0.027027033269405365, 0.027027033269405365, 0.027027033269405365, 0.027027033269405365, 0.027027033269405365, 0.027027033269405365, 0.027027033269405365, 0.027027033269405365, 0.027027033269405365, 0.027027033269405365, 0.027027033269405365, 0.027027033269405365, 0.027027033269405365, 0.027027033269405365, 0.027027033269405365, 0.027027033269405365, 0.027027033269405365, 0.027027033269405365, 0.027027033269405365, 0.027027033269405365, 0.027027033269405365, 0.027027033269405365, 0.027027033269405365, 0.027027033269405365, 0.027027033269405365, 0.027027033269405365, 0.027027033269405365, 0.027027033269405365, 0.027027033269405365]],