{"premise_tokens": ["The", "second", "novel", "is", "about", "group", "of", "young", "people", "living", "in", "community", "dedicated", "to", "arts", "and", "folkloristics", "founded", "around", "1882", "by", "Matúš", "Beňa", "(", "1861", "--", "1944", ")", ",", "a", "teacher", "from", "Súchová", ".", "@@NULL@@"], "hypothesis_tokens": ["Dortmund", "was", "founded", "around", "1882", ".", "@@NULL@@"], "label_logits": [0.9842562675476074, 0.9808911681175232, -2.8704323768615723], "label_probs": [0.4955841600894928, 0.4939192831516266, 0.010496570728719234], "h2p_attention": [[0.024384645745158195, 0.022505013272166252, 0.02934105694293976, 0.0304713137447834, 0.0315401628613472, 0.02860632911324501, 0.02053881250321865, 0.020869053900241852, 0.022744642570614815, 0.03457830101251602, 0.02811090461909771, 0.025590946897864342, 0.034625448286533356, 0.028423983603715897, 0.02835800126194954, 0.021473979577422142, 0.03912559896707535, 0.0344693697988987, 0.024686207994818687, 0.03912559896707535, 0.02300160750746727, 0.03912559896707535, 0.03912559896707535, 0.018200252205133438, 0.03912559896707535, 0.021701769903302193, 0.03912559896707535, 0.01888972707092762, 0.018813345581293106, 0.023166200146079063, 0.03451038524508476, 0.0380403995513916, 0.03912559896707535, 0.021548474207520485, 0.016930384561419487], [0.029538316652178764, 0.036749064922332764, 0.022045699879527092, 0.06734468042850494, 0.04558052495121956, 0.024584637954831123, 0.01830092817544937, 0.03144340217113495, 0.0248126070946455, 0.047914694994688034, 0.029832003638148308, 0.026398582383990288, 0.03453584015369415, 0.03706050291657448, 0.02871580608189106, 0.027046004310250282, 0.01807299442589283, 0.040830619633197784, 0.030196866020560265, 0.01807299442589283, 0.04620863497257233, 0.01807299442589283, 0.01807299442589283, 0.014737095683813095, 0.01807299442589283, 0.01536200474947691, 0.01807299442589283, 0.015039416030049324, 0.02120296098291874, 0.03329577296972275, 0.036122165620326996, 0.04712572693824768, 0.01807299442589283, 0.02887396141886711, 0.012590693309903145], [3.5665765608428046e-05, 4.386645741760731e-05, 6.857592961750925e-05, 4.685329258791171e-05, 4.80235212307889e-05, 0.00024430305347777903, 8.579188579460606e-05, 6.791442865505815e-05, 8.880251698428765e-05, 0.00032769079552963376, 0.00014335807645693421, 9.013517410494387e-05, 0.00014420176739804447, 9.258674253942445e-05, 6.558680615853518e-05, 7.441121124429628e-05, 4.454081135918386e-05, 0.9970587491989136, 0.0001666694734012708, 4.454081135918386e-05, 3.929026206606068e-05, 4.454081135918386e-05, 4.454081135918386e-05, 4.014287333120592e-05, 4.454081135918386e-05, 8.562620496377349e-05, 4.454081135918386e-05, 6.212826701812446e-05, 2.5989991627284326e-05, 7.055480091366917e-05, 7.593458576593548e-05, 0.0003365666780155152, 4.454081135918386e-05, 3.704251867020503e-05, 2.1877189283259213e-05], [0.006250483449548483, 0.030451210215687752, 0.015522208996117115, 0.03107040375471115, 0.1563887596130371, 0.08300457149744034, 0.01682102680206299, 0.015242254361510277, 0.026244832202792168, 0.016986476257443428, 0.0158110111951828, 0.013071104884147644, 0.011376162059605122, 0.028052112087607384, 0.005814617499709129, 0.0075790779665112495, 0.004739745985716581, 0.024764634668827057, 0.3621337115764618, 0.004739745985716581, 0.012266791425645351, 0.004739745985716581, 0.004739745985716581, 0.0042970129288733006, 0.004739745985716581, 0.009095791727304459, 0.004739745985716581, 0.004683711100369692, 0.00674433121457696, 0.011537425220012665, 0.009820631705224514, 0.030552294105291367, 0.004739745985716581, 0.007988262921571732, 0.003250629873946309], [0.024384645745158195, 0.022505013272166252, 0.02934105694293976, 0.0304713137447834, 0.0315401628613472, 0.02860632911324501, 0.02053881250321865, 0.020869053900241852, 0.022744642570614815, 0.03457830101251602, 0.02811090461909771, 0.025590946897864342, 0.034625448286533356, 0.028423983603715897, 0.02835800126194954, 0.021473979577422142, 0.03912559896707535, 0.0344693697988987, 0.024686207994818687, 0.03912559896707535, 0.02300160750746727, 0.03912559896707535, 0.03912559896707535, 0.018200252205133438, 0.03912559896707535, 0.021701769903302193, 0.03912559896707535, 0.01888972707092762, 0.018813345581293106, 0.023166200146079063, 0.03451038524508476, 0.0380403995513916, 0.03912559896707535, 0.021548474207520485, 0.016930384561419487], [0.02875656634569168, 0.03653613477945328, 0.026504840701818466, 0.05682237818837166, 0.04685547575354576, 0.04974675178527832, 0.021609751507639885, 0.029389265924692154, 0.0314512737095356, 0.043612148612737656, 0.03563946485519409, 0.03340240940451622, 0.030902152881026268, 0.0328260101377964, 0.03408385068178177, 0.027263447642326355, 0.01788424514234066, 0.02379193715751171, 0.03453073650598526, 0.01788424514234066, 0.030586283653974533, 0.01788424514234066, 0.01788424514234066, 0.019050542265176773, 0.01788424514234066, 0.014731749892234802, 0.01788424514234066, 0.01896735653281212, 0.018741697072982788, 0.027753449976444244, 0.03137204051017761, 0.032742757350206375, 0.01788424514234066, 0.04308824986219406, 0.014051444828510284], [0.02857142873108387, 0.02857142873108387, 0.02857142873108387, 0.02857142873108387, 0.02857142873108387, 0.02857142873108387, 0.02857142873108387, 0.02857142873108387, 0.02857142873108387, 0.02857142873108387, 0.02857142873108387, 0.02857142873108387, 0.02857142873108387, 0.02857142873108387, 0.02857142873108387, 0.02857142873108387, 0.02857142873108387, 0.02857142873108387, 0.02857142873108387, 0.02857142873108387, 0.02857142873108387, 0.02857142873108387, 0.02857142873108387, 0.02857142873108387, 0.02857142873108387, 0.02857142873108387, 0.02857142873108387, 0.02857142873108387, 0.02857142873108387, 0.02857142873108387, 0.02857142873108387, 0.02857142873108387, 0.02857142873108387, 0.02857142873108387, 0.02857142873108387]],