{"premise_tokens": ["Gone", "in", "60", "Seconds", "(", "1974", "film", ")", ",", "an", "action", "film", "written", ",", "directed", ",", "produced", "by", "and", "starring", "H.B.", "``", "Toby", "''", "Halicki", "@@NULL@@"], "hypothesis_tokens": ["Badri", "(", "2000", "film", ")", "is", "an", "action", "film", ".", "@@NULL@@"], "label_logits": [-0.06552449613809586, 0.7252020239830017, -0.7179073095321655], "label_probs": [0.268398642539978, 0.5918184518814087, 0.13978292047977448], "h2p_attention": [[0.051229193806648254, 0.038757067173719406, 0.03697136417031288, 0.03948436304926872, 0.02509305253624916, 0.053943246603012085, 0.04456459358334541, 0.026043646037578583, 0.025938335806131363, 0.03531521558761597, 0.04629288241267204, 0.04456459358334541, 0.03570643067359924, 0.025938335806131363, 0.036790065467357635, 0.025938335806131363, 0.043774981051683426, 0.03171277791261673, 0.02960660494863987, 0.028920654207468033, 0.053943246603012085, 0.053943246603012085, 0.03429914265871048, 0.053943246603012085, 0.053943246603012085, 0.023342259228229523], [0.03547145053744316, 0.03920428827404976, 0.03481099009513855, 0.039177726954221725, 0.09150294959545135, 0.028603581711649895, 0.03576688840985298, 0.080438993871212, 0.030205581337213516, 0.032636094838380814, 0.03821896016597748, 0.03576688840985298, 0.043534960597753525, 0.030205581337213516, 0.028709080070257187, 0.030205581337213516, 0.056403253227472305, 0.03053678199648857, 0.02999189682304859, 0.05299682542681694, 0.028603581711649895, 0.028603581711649895, 0.03458946943283081, 0.028603581711649895, 0.028603581711649895, 0.026607856154441833], [0.04664475843310356, 0.11260400712490082, 0.1848273128271103, 0.10909704118967056, 0.01037034671753645, 0.010222761891782284, 0.08010488748550415, 0.010500275529921055, 0.016442861407995224, 0.03227277845144272, 0.019851261749863625, 0.08010488748550415, 0.01585371047258377, 0.016442861407995224, 0.0280282162129879, 0.016442861407995224, 0.04004170373082161, 0.017312539741396904, 0.019335579127073288, 0.06597214192152023, 0.010222761891782284, 0.010222761891782284, 0.020758062601089478, 0.010222761891782284, 0.010222764685750008, 0.005878264084458351], [0.0008941733976826072, 0.002270554192364216, 0.0018515294650569558, 0.0023729747626930475, 0.0003412450896576047, 0.0004846655938308686, 0.4895388185977936, 0.00041668314952403307, 0.00032212244695983827, 0.0010670317569747567, 0.0009086107020266354, 0.4895388185977936, 0.0007823885534889996, 0.00032212244695983827, 0.001284284982830286, 0.00032212244695983827, 0.0014919613022357225, 0.0005844652187079191, 0.00039255854790098965, 0.0015572065021842718, 0.0004846655938308686, 0.0004846655938308686, 0.0010631384793668985, 0.0004846655938308686, 0.0004846655938308686, 0.0002538605185691267], [0.03675134479999542, 0.04059094563126564, 0.03841707855463028, 0.040462903678417206, 0.07654798030853271, 0.028251128271222115, 0.04156116768717766, 0.08324427902698517, 0.028501790016889572, 0.034901637583971024, 0.03515583649277687, 0.04156116768717766, 0.04346269369125366, 0.028501790016889572, 0.02722415328025818, 0.028501790016889572, 0.058803245425224304, 0.03173799067735672, 0.028342140838503838, 0.05455448850989342, 0.028251128271222115, 0.028251128271222115, 0.03459923341870308, 0.028251128271222115, 0.028251128271222115, 0.02532077208161354], [0.05981253460049629, 0.06231272965669632, 0.03531947359442711, 0.04646396264433861, 0.009107084944844246, 0.010866396129131317, 0.023282187059521675, 0.008544091135263443, 0.01695268601179123, 0.11340297013521194, 0.0750482901930809, 0.023282187059521675, 0.03440982103347778, 0.01695268601179123, 0.13628490269184113, 0.01695268601179123, 0.034141846001148224, 0.12039362639188766, 0.018975967541337013, 0.05398736521601677, 0.010866396129131317, 0.010866396129131317, 0.03400334343314171, 0.010866396129131317, 0.010866392403841019, 0.006037556100636721], [0.0662587434053421, 0.0901826024055481, 0.03339341655373573, 0.05945917218923569, 0.00799261499196291, 0.009858696721494198, 0.027389423921704292, 0.008981923572719097, 0.01723698526620865, 0.20524170994758606, 0.05578881502151489, 0.027389423921704292, 0.03530503436923027, 0.01723698526620865, 0.08740756660699844, 0.01723698526620865, 0.03174233064055443, 0.0647582933306694, 0.017419300973415375, 0.05063631013035774, 0.009858696721494198, 0.009858696721494198, 0.023132726550102234, 0.009858696721494198, 0.009858694858849049, 0.006516293156892061], [0.015339165925979614, 0.017871838063001633, 0.009897702373564243, 0.017268195748329163, 0.0027421421837061644, 0.0037861019372940063, 0.006832876708358526, 0.002650582930073142, 0.007402075454592705, 0.01634434424340725, 0.7438548803329468, 0.006832876708358526, 0.009028295986354351, 0.007402075454592705, 0.0410759262740612, 0.007402075454592705, 0.021090831607580185, 0.020331816747784615, 0.00504275131970644, 0.013027206063270569, 0.0037861019372940063, 0.0037861019372940063, 0.007722859270870686, 0.0037861019372940063, 0.003786100074648857, 0.0019090658752247691], [0.0008941733976826072, 0.002270554192364216, 0.0018515294650569558, 0.0023729747626930475, 0.0003412450896576047, 0.0004846655938308686, 0.4895388185977936, 0.00041668314952403307, 0.00032212244695983827, 0.0010670317569747567, 0.0009086107020266354, 0.4895388185977936, 0.0007823885534889996, 0.00032212244695983827, 0.001284284982830286, 0.00032212244695983827, 0.0014919613022357225, 0.0005844652187079191, 0.00039255854790098965, 0.0015572065021842718, 0.0004846655938308686, 0.0004846655938308686, 0.0010631384793668985, 0.0004846655938308686, 0.0004846655938308686, 0.0002538605185691267], [0.059454839676618576, 0.05340518802404404, 0.04713636264204979, 0.056629639118909836, 0.02854694426059723, 0.026799269020557404, 0.0454932376742363, 0.028422294184565544, 0.028084145858883858, 0.05822596326470375, 0.04480426385998726, 0.0454932376742363, 0.032092172652482986, 0.028084145858883858, 0.04480257257819176, 0.028084145858883858, 0.04458580166101456, 0.04583307355642319, 0.04085385799407959, 0.03380931541323662, 0.026799269020557404, 0.026799269020557404, 0.05110660567879677, 0.026799269020557404, 0.026799270883202553, 0.021055875346064568], [0.03846152499318123, 0.03846152499318123, 0.03846152499318123, 0.03846152499318123, 0.03846152499318123, 0.03846152499318123, 0.03846152499318123, 0.03846152499318123, 0.03846152499318123, 0.03846152499318123, 0.03846152499318123, 0.03846152499318123, 0.03846152499318123, 0.03846152499318123, 0.03846152499318123, 0.03846152499318123, 0.03846152499318123, 0.03846152499318123, 0.03846152499318123, 0.03846152499318123, 0.03846152499318123, 0.03846152499318123, 0.03846152499318123, 0.03846152499318123, 0.03846152499318123, 0.03846152499318123]],