{"premise_tokens": ["Most", "weeks", "at", "No", ".", "1", "(", "song", ")", ":", "``", "You", "'re", "The", "One", "That", "I", "Want", "''", "-", "John", "Travolta", "and", "Olivia", "Newton", "-", "John", "(", "9", ")", "@@NULL@@"], "hypothesis_tokens": ["Jingle", "All", "the", "Way", "was", "written", "by", "John", "Travolta", "exclusively", ".", "@@NULL@@"], "label_logits": [-2.6821084022521973, -0.584722101688385, 1.8740930557250977], "label_probs": [0.00958167016506195, 0.07804130017757416, 0.9123769998550415], "h2p_attention": [[0.057157546281814575, 0.04937764257192612, 0.031818464398384094, 0.049341555684804916, 0.021443571895360947, 0.03891831263899803, 0.022264212369918823, 0.1178300678730011, 0.021967269480228424, 0.01777990721166134, 0.02748732827603817, 0.04083120450377464, 0.026643909513950348, 0.028543589636683464, 0.026814371347427368, 0.028073377907276154, 0.04877854883670807, 0.06279893219470978, 0.02748732827603817, 0.017517825588583946, 0.016864513978362083, 0.01848462037742138, 0.020862391218543053, 0.02748732827603817, 0.02748732827603817, 0.017517825588583946, 0.016864513978362083, 0.022264212369918823, 0.03275749832391739, 0.021967269480228424, 0.014567526988685131], [0.047442320734262466, 0.021929213777184486, 0.011929004453122616, 0.5440758466720581, 0.004833243787288666, 0.00781154865399003, 0.0017138514667749405, 0.0035172102507203817, 0.001772087998688221, 0.003287726314738393, 0.002325982553884387, 0.023101741448044777, 0.03758717700839043, 0.014073876664042473, 0.11485419422388077, 0.024008246138691902, 0.02565215714275837, 0.0184464268386364, 0.002325982553884387, 0.004426571540534496, 0.017833171412348747, 0.007729669101536274, 0.019661251455545425, 0.002325982553884387, 0.002325982553884387, 0.004426571540534496, 0.017833171412348747, 0.0017138514667749405, 0.007847732864320278, 0.001772087998688221, 0.0014158841222524643], [0.07770659029483795, 0.024331288412213326, 0.05285179242491722, 0.13014322519302368, 0.022938111796975136, 0.020434467121958733, 0.013470715843141079, 0.018503202125430107, 0.013605833053588867, 0.015347742475569248, 0.016143260523676872, 0.04599898308515549, 0.053542591631412506, 0.05958603322505951, 0.05721276253461838, 0.04719286412000656, 0.03936324268579483, 0.05072325840592384, 0.016143260523676872, 0.013495809398591518, 0.024809984490275383, 0.029947716742753983, 0.029798347502946854, 0.016143260523676872, 0.016143260523676872, 0.013495809398591518, 0.024809984490275383, 0.013470715843141079, 0.01783175580203533, 0.013605833053588867, 0.011208347044885159], [0.04625255987048149, 0.03323623165488243, 0.01708792708814144, 0.1988382786512375, 0.011738940142095089, 0.01314899604767561, 0.006064204499125481, 0.04198410362005234, 0.006643054075539112, 0.009203081950545311, 0.008851531893014908, 0.05819997563958168, 0.10562318563461304, 0.017762290313839912, 0.046973831951618195, 0.04233032092452049, 0.040311042219400406, 0.04648105055093765, 0.008851531893014908, 0.009516165591776371, 0.05072122812271118, 0.02312307059764862, 0.013899660669267178, 0.008851531893014908, 0.008851531893014908, 0.009516165591776371, 0.05072122812271118, 0.006064204499125481, 0.047867510467767715, 0.006643054075539112, 0.004642503336071968], [0.056942250579595566, 0.02821122668683529, 0.05038909614086151, 0.08993542939424515, 0.032876357436180115, 0.042270757257938385, 0.01677989587187767, 0.02566751278936863, 0.017124122008681297, 0.0182545967400074, 0.020578203722834587, 0.03894609212875366, 0.05724022909998894, 0.033632807433605194, 0.048749279230833054, 0.03638453036546707, 0.036208558827638626, 0.04368458315730095, 0.020578203722834587, 0.020585952326655388, 0.025538478046655655, 0.04102035611867905, 0.0307950209826231, 0.020578203722834587, 0.020578203722834587, 0.020585952326655388, 0.025538478046655655, 0.01677989587187767, 0.032085590064525604, 0.017124122008681297, 0.014335967600345612], [0.024282490834593773, 0.05592760071158409, 0.019892703741788864, 0.09539714455604553, 0.011126921512186527, 0.00907049234956503, 0.01194476243108511, 0.0886925607919693, 0.012531091459095478, 0.014760567806661129, 0.011167416349053383, 0.08471774309873581, 0.11464763432741165, 0.01375140342861414, 0.022351911291480064, 0.024808255955576897, 0.12600009143352509, 0.056858278810977936, 0.011167416349053383, 0.011345535516738892, 0.027336183935403824, 0.018974516540765762, 0.019078155979514122, 0.011167416349053383, 0.011167416349053383, 0.011345535516738892, 0.027336183935403824, 0.01194476243108511, 0.021376216784119606, 0.012531091459095478, 0.007300442084670067], [0.09795685112476349, 0.0560869425535202, 0.02889522910118103, 0.13534370064735413, 0.01747102104127407, 0.011769796721637249, 0.009211409837007523, 0.06579746305942535, 0.010060397908091545, 0.018259484320878983, 0.010904454626142979, 0.0679921805858612, 0.09092015773057938, 0.020695891231298447, 0.043924830853939056, 0.03213914483785629, 0.039289966225624084, 0.043024830520153046, 0.010904454626142979, 0.014765853993594646, 0.020457616075873375, 0.033872090280056, 0.015353018417954445, 0.010904454626142979, 0.010904454626142979, 0.014765853993594646, 0.020457616075873375, 0.009211409837007523, 0.020572887733578682, 0.010060397908091545, 0.008026248775422573], [0.00523278396576643, 0.004319219384342432, 0.001984956208616495, 0.03126915544271469, 0.0022897280286997557, 0.0033994843252003193, 0.001850887667387724, 0.002573762321844697, 0.0019389943918213248, 0.0018686949042603374, 0.001428340096026659, 0.0054410118609666824, 0.007496649865061045, 0.002737984759733081, 0.012490017339587212, 0.006178016308695078, 0.005063705146312714, 0.0026860760990530252, 0.001428340096026659, 0.006268334574997425, 0.4320923089981079, 0.006613013334572315, 0.0029381979256868362, 0.001428340096026659, 0.001428340096026659, 0.006268334574997425, 0.4320923089981079, 0.001850887667387724, 0.0041660647839307785, 0.0019389943918213248, 0.0012369324686005712], [0.014627317897975445, 0.007467078510671854, 0.01044608373194933, 0.012632785364985466, 0.004166943021118641, 0.0038892761804163456, 0.0032031876035034657, 0.004754906054586172, 0.0033371648751199245, 0.002265690825879574, 0.0026346405502408743, 0.0067766099236905575, 0.008345462381839752, 0.005323754623532295, 0.010266479104757309, 0.009275177493691444, 0.003044875804334879, 0.00725177675485611, 0.0026346405502408743, 0.003492340911179781, 0.010652445256710052, 0.8255837559700012, 0.0030955655965954065, 0.0026346405502408743, 0.0026346405502408743, 0.003492340911179781, 0.010652445256710052, 0.0032031876035034657, 0.006885168142616749, 0.0033371648751199245, 0.001992488745599985], [0.041666191071271896, 0.025112969800829887, 0.038426999002695084, 0.043243683874607086, 0.026182670146226883, 0.04423774033784866, 0.022114383056759834, 0.03798681125044823, 0.022952137514948845, 0.02201664075255394, 0.04753991961479187, 0.03818335756659508, 0.039314232766628265, 0.02962879091501236, 0.027538029477000237, 0.03352376073598862, 0.03174322843551636, 0.04416251182556152, 0.04753991961479187, 0.024397633969783783, 0.023754721507430077, 0.02720130793750286, 0.026092156767845154, 0.04753991961479187, 0.04753991961479187, 0.024397633969783783, 0.023754721507430077, 0.022114383056759834, 0.02657018043100834, 0.022952137514948845, 0.020571419969201088], [0.054870184510946274, 0.037253230810165405, 0.04833737388253212, 0.06436055153608322, 0.048692189157009125, 0.030621418729424477, 0.021528204903006554, 0.03123144432902336, 0.021434202790260315, 0.01921878010034561, 0.020210223272442818, 0.04152028635144234, 0.05468198284506798, 0.03249657154083252, 0.04568646475672722, 0.03799599036574364, 0.04218209907412529, 0.04158482328057289, 0.020210223272442818, 0.017131231725215912, 0.029394041746854782, 0.03320804238319397, 0.03080926090478897, 0.020210223272442818, 0.020210223272442818, 0.017131231725215912, 0.029394041746854782, 0.021528204903006554, 0.029554300010204315, 0.021434202790260315, 0.015878940001130104], [0.03225807845592499, 