{"premise_tokens": ["This", "is", "a", "popular", "event", "in", "France", ",", "broadcast", "on", "French", "TV", ",", "and", "is", "one", "of", "the", "oldest", "regular", "military", "parades", "in", "the", "world", ".", "@@NULL@@"], "hypothesis_tokens": ["Bastille", "Day", "is", "the", "oldest", "regular", "holiday", "in", "Europe", ".", "@@NULL@@"], "label_logits": [1.110251545906067, 0.512241542339325, -2.589655637741089], "label_probs": [0.6350695490837097, 0.3492278456687927, 0.015702614560723305], "h2p_attention": [[0.038228705525398254, 0.04531673714518547, 0.034452617168426514, 0.043370142579078674, 0.034779153764247894, 0.04180635139346123, 0.035275425761938095, 0.027979083359241486, 0.036337852478027344, 0.03927198052406311, 0.042618971318006516, 0.03196759894490242, 0.027979083359241486, 0.03193596005439758, 0.04531673714518547, 0.033705662935972214, 0.030545182526111603, 0.03626468777656555, 0.0572282113134861, 0.043791450560092926, 0.04513790085911751, 0.0307229645550251, 0.04180635139346123, 0.03626468777656555, 0.03067098930478096, 0.03204674273729324, 0.025178756564855576], [0.07258513569831848, 0.07153607159852982, 0.028342565521597862, 0.024993998929858208, 0.027369583025574684, 0.0400061197578907, 0.04645189642906189, 0.023561028763651848, 0.04195674508810043, 0.03863678127527237, 0.06891703605651855, 0.02359938621520996, 0.023561028763651848, 0.025870520621538162, 0.07153607159852982, 0.04296211898326874, 0.036782409995794296, 0.031757209450006485, 0.02973358705639839, 0.03694012761116028, 0.04202527925372124, 0.02368689514696598, 0.0400061197578907, 0.031757209450006485, 0.019262291491031647, 0.023526154458522797, 0.01263674907386303], [0.05826409161090851, 0.3143775463104248, 0.014142882078886032, 0.010774374008178711, 0.007539996411651373, 0.02630985900759697, 0.007149033714085817, 0.007157811429351568, 0.014773364178836346, 0.021953647956252098, 0.007792332209646702, 0.008515221066772938, 0.007157811429351568, 0.00801208708435297, 0.3143775463104248, 0.0330524779856205, 0.008910298347473145, 0.014753194525837898, 0.008649984374642372, 0.02969978377223015, 0.012577361427247524, 0.006117925047874451, 0.02630985900759697, 0.014753194525837898, 0.0040204343385994434, 0.010308641940355301, 0.0025491940323263407], [0.06173955649137497, 0.0756516233086586, 0.04009944945573807, 0.02093973383307457, 0.02068420685827732, 0.039072535932064056, 0.018426837399601936, 0.027383504435420036, 0.024177812039852142, 0.03914893418550491, 0.026468124240636826, 0.022732948884367943, 0.027383504435420036, 0.03475246950984001, 0.0756516233086586, 0.06672466546297073, 0.03012174740433693, 0.06949250400066376, 0.03101712092757225, 0.031196976080536842, 0.030935827642679214, 0.01654778979718685, 0.039072535932064056, 0.06949250400066376, 0.021262001246213913, 0.026751689612865448, 0.013071789406239986], [0.0009131708065979183, 0.0011885348940268159, 0.0013021969934925437, 0.0008731559501029551, 0.0023516176734119654, 0.0010866502998396754, 0.0012395509984344244, 0.0005230201641097665, 0.002558254636824131, 0.0009692802559584379, 0.0010411591501906514, 0.000976771698333323, 0.0005230201641097665, 0.0008302645292133093, 0.0011885348940268159, 0.002740862313657999, 0.0013355315895751119, 0.0008311240817420185, 0.9617736339569092, 0.0010986390989273787, 0.0024506065528839827, 0.0008004723349586129, 0.0010866502998396754, 0.0008311240817420185, 0.008394259959459305, 0.0007416673470288515, 0.00035026718978770077], [0.0158520694822073, 0.03907550126314163, 0.009377403184771538, 0.02203483320772648, 0.009144638665020466, 0.013007480651140213, 0.037463679909706116, 0.005311072338372469, 0.025205448269844055, 0.014294925145804882, 0.037476547062397, 0.013975766487419605, 0.005311072338372469, 0.0058510759845376015, 0.03907550126314163, 0.010087798349559307, 0.005826802924275398, 0.008004450239241123, 0.01051985565572977, 0.6181927919387817, 0.009732388891279697, 0.008893693797290325, 0.013007480651140213, 0.008004450239241123, 0.004573252517729998, 0.007346210535615683, 0.0033539312426000834], [0.01758885383605957, 0.015535780228674412, 0.024729395285248756, 0.022616060450673103, 0.04781831055879593, 0.015034936368465424, 0.02828664891421795, 0.007516107987612486, 0.07636255770921707, 0.012295560911297798, 0.04577573388814926, 0.017623480409383774, 0.007516107987612486, 0.008405661210417747, 0.015535780228674412, 0.01570283994078636, 0.015932613983750343, 0.013573700562119484, 0.3676821291446686, 0.014466121792793274, 0.10588724166154861, 0.027040569111704826, 0.015034936368465424, 0.013573700562119484, 0.032512277364730835, 0.010585526004433632, 0.005367415025830269], [0.041829582303762436, 0.05242016538977623, 0.024390075355768204, 0.03326065093278885, 0.02578875422477722, 0.2031644880771637, 0.01730046607553959, 0.011175082996487617, 0.0377812385559082, 0.03417741507291794, 0.018960585817694664, 0.027154812589287758, 0.011175082996487617, 0.011414673179388046, 0.05242016538977623, 0.021274451166391373, 0.01244336273521185, 0.015181658789515495, 0.015756985172629356, 0.01969797909259796, 0.034598808735609055, 0.02329256199300289, 0.2031644880771637, 0.015181658789515495, 0.01903354376554489, 0.012882289476692677, 0.005079052876681089], [3.767180533031933e-05, 5.054446592112072e-05, 8.73976678121835e-05, 0.0019458726746961474, 0.00012592226266860962, 0.00016799141303636134, 0.6607940196990967, 2.4569917513872497e-05, 0.0006464517209678888, 8.497986709699035e-05, 0.3344378173351288, 0.00011495844228193164, 2.4569917513872497e-05, 2.987087646033615e-05, 5.054446592112072e-05, 3.0032635550014675e-05, 3.288156949565746e-05, 2.4549983208999038e-05, 9.757577936397865e-05, 7.236129022203386e-05, 0.00043958122842013836, 0.000384423736250028, 0.00016799141303636134, 2.4549983208999038e-05, 6.64876788505353e-05, 2.401595702394843e-05, 1.2291432540223468e-05], [0.055521462112665176, 0.06928910315036774, 0.033842507749795914, 0.028708219528198242, 0.04498754069209099, 0.04345869645476341, 0.022658130154013634, 0.022853590548038483, 0.03520921245217323, 0.04001111537218094, 0.024918492883443832, 0.030622685328125954, 0.022853590548038483, 0.03324499726295471, 0.06928910315036774, 0.049298375844955444, 0.02635089121758938, 0.035065703094005585, 0.03628074377775192, 0.037529751658439636, 0.03786777704954147, 0.023741642013192177, 0.04345869645476341, 0.035065703094005585, 0.028196237981319427, 0.05254173278808594, 0.017134306952357292], [0.037037044763565063, 0.037037044763565063, 0.037037044763565063, 0.037037044763565063, 0.037037044763565063, 0.037037044763565063, 0.037037044763565063, 0.037037044763565063, 0.037037044763565063, 0.037037044763565063, 0.037037044763565063, 0.037037044763565063, 0.037037044763565063, 0.037037044763565063, 0.037037044763565063, 0.037037044763565063, 0.037037044763565063, 0.037037044763565063, 0.037037044763565063, 0.037037044763565063, 0.037037044763565063, 0.037037044763565063, 0.037037044763565063, 0.037037044763565063, 0.037037044763565063, 0.037037044763565063, 0.037037044763565063]],