{"premise_tokens": ["In", "those", "with", "liver", "disease", ",", "it", "may", "still", "be", "used", ",", "but", "in", "lower", "doses", ".", "@@NULL@@"], "hypothesis_tokens": ["Paracetamol", "may", "be", "used", "in", "lower", "doses", "in", "those", "with", "a", "disease", ".", "@@NULL@@"], "label_logits": [2.4488277435302734, 1.2015609741210938, -6.379458427429199], "label_probs": [0.7767379283905029, 0.22314824163913727, 0.00011381475633243099], "h2p_attention": [[0.05535423383116722, 0.053760383278131485, 0.04787423834204674, 0.06050758436322212, 0.04116738587617874, 0.03704605996608734, 0.06439591199159622, 0.04336908459663391, 0.07244548946619034, 0.06213320046663284, 0.043633732944726944, 0.03704605996608734, 0.06549616158008575, 0.05535423383116722, 0.10760238766670227, 0.07704367488622665, 0.04243190214037895, 0.03333825245499611], [0.0017336250748485327, 0.002358325757086277, 0.001272275927476585, 0.0011148258345201612, 0.0037217664066702127, 0.0007545695989392698, 0.0034009511582553387, 0.9609915018081665, 0.0014693503035232425, 0.0025144380051642656, 0.002489126520231366, 0.0007545695989392698, 0.004479964263737202, 0.0017336250748485327, 0.0097671989351511, 0.0003988299868069589, 0.0007384828059002757, 0.00030658458126708865], [0.010350661352276802, 0.014130018651485443, 0.006131014320999384, 0.006449488457292318, 0.002652578055858612, 0.0030922782607376575, 0.045160211622714996, 0.00969180092215538, 0.014102536253631115, 0.7864454388618469, 0.0028282334096729755, 0.0030922782607376575, 0.02705266885459423, 0.010350661352276802, 0.05055670067667961, 0.002202392090111971, 0.004529353231191635, 0.001181717962026596], [0.039448801428079605, 0.047143761068582535, 0.05231640487909317, 0.03972248360514641, 0.019407961517572403, 0.024943560361862183, 0.04789216071367264, 0.08820347487926483, 0.03245806694030762, 0.02600102499127388, 0.411988765001297, 0.024943560361862183, 0.04454197362065315, 0.039448801428079605, 0.020679255947470665, 0.014218986965715885, 0.01577712781727314, 0.010863984003663063], [0.24912244081497192, 0.03910975158214569, 0.041010089218616486, 0.026591425761580467, 0.013657127507030964, 0.013703004457056522, 0.05258546397089958, 0.03521702066063881, 0.05715207755565643, 0.05455092713236809, 0.02261478640139103, 0.013703004457056522, 0.05602509155869484, 0.24912244081497192, 0.04347018525004387, 0.010340839624404907, 0.015796393156051636, 0.006227988284081221], [0.0018056980334222317, 0.0032248215284198523, 0.0010557619389146566, 0.0012775823706761003, 0.0011817947961390018, 0.0005777633050456643, 0.006683113053441048, 0.008241783827543259, 0.004498827271163464, 0.011067931540310383, 0.0004924330278299749, 0.0005777633050456643, 0.012616033665835857, 0.0018056980334222317, 0.9429438710212708, 0.0008349884883500636, 0.0008554743253625929, 0.0002587030176073313], [0.05535423383116722, 0.053760383278131485, 0.04787423834204674, 0.06050758436322212, 0.04116738587617874, 0.03704605996608734, 0.06439591199159622, 0.04336908459663391, 0.07244548946619034, 0.06213320046663284, 0.043633732944726944, 0.03704605996608734, 0.06549616158008575, 0.05535423383116722, 0.10760238766670227, 0.07704367488622665, 0.04243190214037895, 0.03333825245499611], [0.24912244081497192, 0.03910975158214569, 0.041010089218616486, 0.026591425761580467, 0.013657127507030964, 0.013703004457056522, 0.05258546397089958, 0.03521702066063881, 0.05715207755565643, 0.05455092713236809, 0.02261478640139103, 0.013703004457056522, 0.05602509155869484, 0.24912244081497192, 0.04347018525004387, 0.010340839624404907, 0.015796393156051636, 0.006227988284081221], [0.027899261564016342, 0.37020790576934814, 0.02903996966779232, 0.02156522311270237, 0.016970140859484673, 0.022372564300894737, 0.061358846724033356, 0.03417503461241722, 0.06816808134317398, 0.05312322452664375, 0.019279267638921738, 0.022372564300894737, 0.1479107141494751, 0.027899261564016342, 0.05538085103034973, 0.007164320442825556, 0.010670035146176815, 0.004442787263542414], [0.061661407351493835, 0.06120843440294266, 0.17855483293533325, 0.02738749049603939, 0.015707509592175484, 0.027723262086510658, 0.11180955171585083, 0.03885990008711815, 0.07732318341732025, 0.048583533614873886, 0.04509405046701431, 0.027723262086510658, 0.13364854454994202, 0.061661407351493835, 0.03821510449051857, 0.013447128236293793, 0.022027119994163513, 0.00936419703066349], [0.06637886166572571, 0.06553841382265091, 0.05291923135519028, 0.03799055889248848, 0.029505440965294838, 0.03781871125102043, 0.10384698957204819, 0.05655441805720329, 0.0666942298412323, 0.06372980773448944, 0.040100738406181335, 0.03781871125102043, 0.1586681455373764, 0.06637886166572571, 0.05601770430803299, 0.018914174288511276, 0.027302062138915062, 0.013822908513247967], [0.01227510068565607, 0.021381758153438568, 0.009389667771756649, 0.02506982907652855, 0.7232957482337952, 0.007652220316231251, 0.014402692206203938, 0.06795354932546616, 0.01515144295990467, 0.012565153650939465, 0.010000098496675491, 0.007652220316231251, 0.014609727077186108, 0.01227510068565607, 0.025571364909410477, 0.00691232131794095, 0.008244261145591736, 0.005597749724984169], [0.05813603475689888, 0.05504850298166275, 0.05391659215092659, 0.033116597682237625, 0.03375774249434471, 0.0305719505995512, 0.10729654878377914, 0.05521095171570778, 0.06481805443763733, 0.08785320073366165, 0.03328694403171539, 0.0305719505995512, 0.10010296106338501, 0.05813603475689888, 0.0757950022816658, 0.029173247516155243, 0.07028666138648987, 0.022921081632375717], [0.055555541068315506, 0.055555541068315506, 0.055555541068315506, 0.055555541068315506, 0.055555541068315506, 0.055555541068315506, 0.055555541068315506, 0.055555541068315506, 0.055555541068315506, 0.055555541068315506, 0.055555541068315506, 0.055555541068315506, 0.055555541068315506, 0.055555541068315506, 0.055555541068315506, 0.055555541068315506, 0.055555541068315506, 0.055555541068315506]],