{"premise_tokens": ["Alkhanov", "is", "a", "career", "police", "officer", "who", "fought", "within", "the", "ranks", "of", "the", "Russian", "Armed", "Forces", "during", "the", "First", "Chechen", "War", ".", "@@NULL@@"], "hypothesis_tokens": ["Alu", "Alkhanov", "is", "a", "career", "Russian", "police", "officer", ".", "@@NULL@@"], "label_logits": [3.3743703365325928, -0.812261700630188, -3.7499706745147705], "label_probs": [0.9842494130134583, 0.014958013780415058, 0.0007925801328383386], "h2p_attention": [[0.06580309569835663, 0.05124795436859131, 0.038961902260780334, 0.0440148264169693, 0.053867775946855545, 0.04552408307790756, 0.03612511605024338, 0.039151258766651154, 0.04098629206418991, 0.04101113602519035, 0.034450680017471313, 0.03454304486513138, 0.04101113602519035, 0.06080099940299988, 0.04267353564500809, 0.04284457489848137, 0.040046434849500656, 0.04101113602519035, 0.039957791566848755, 0.06580309569835663, 0.03544869273900986, 0.036241140216588974, 0.028474241495132446], [0.06580309569835663, 0.05124795436859131, 0.038961902260780334, 0.0440148264169693, 0.053867775946855545, 0.04552408307790756, 0.03612511605024338, 0.039151258766651154, 0.04098629206418991, 0.04101113602519035, 0.034450680017471313, 0.03454304486513138, 0.04101113602519035, 0.06080099940299988, 0.04267353564500809, 0.04284457489848137, 0.040046434849500656, 0.04101113602519035, 0.039957791566848755, 0.06580309569835663, 0.03544869273900986, 0.036241140216588974, 0.028474241495132446], [0.0068997591733932495, 0.47277891635894775, 0.021268874406814575, 0.028131449595093727, 0.04503296688199043, 0.036954935640096664, 0.043054211884737015, 0.023730570450425148, 0.032381925731897354, 0.022186696529388428, 0.02948424220085144, 0.013399816118180752, 0.022186696529388428, 0.011190547607839108, 0.01459875050932169, 0.030565325170755386, 0.018282689154148102, 0.022186696529388428, 0.06450220942497253, 0.0068997591733932495, 0.014946579933166504, 0.015502717345952988, 0.0038336236029863358], [0.018123745918273926, 0.0734843760728836, 0.1805310845375061, 0.04720272123813629, 0.0464329831302166, 0.033813174813985825, 0.044441428035497665, 0.03211262449622154, 0.023340409621596336, 0.04063154384493828, 0.027242060750722885, 0.03578931838274002, 0.04063154384493828, 0.04559973254799843, 0.02761489525437355, 0.040708497166633606, 0.037770599126815796, 0.04063154384493828, 0.08235690742731094, 0.018123745918273926, 0.024010811001062393, 0.02616110071539879, 0.013245245441794395], [0.008081063628196716, 0.0383622869849205, 0.01863068901002407, 0.5950261354446411, 0.02744171768426895, 0.021802660077810287, 0.018703507259488106, 0.018634429201483727, 0.017259158194065094, 0.012403499335050583, 0.014253795146942139, 0.01556407380849123, 0.012403499335050583, 0.01041403692215681, 0.01955658569931984, 0.03064354881644249, 0.019916057586669922, 0.012403499335050583, 0.03532984107732773, 0.008081063628196716, 0.026426419615745544, 0.01343461126089096, 0.005227834451943636], [8.020706445677206e-05, 0.00010964689136017114, 0.00012931728269904852, 7.482583168894053e-05, 0.00010731059592217207, 0.00019078912737313658, 0.00020185738685540855, 0.00011078808165621012, 7.625923171872273e-05, 8.336303289979696e-05, 0.0001261080033145845, 8.991756476461887e-05, 8.336303289979696e-05, 0.9974766373634338, 0.00016399953165091574, 0.00019063270883634686, 8.038150554057211e-05, 8.336303289979696e-05, 0.00031567359110340476, 8.020706445677206e-05, 5.711089397664182e-05, 5.068046084488742e-05, 3.756248042918742e-05], [0.000802097434643656, 0.0049804812297225, 0.001486335531808436, 0.0022255617659538984, 0.9301530718803406, 0.013364824466407299, 0.0028336523100733757, 0.004626198671758175, 0.001413614023476839, 0.0010084493551403284, 0.0015767236473038793, 0.001034077606163919, 0.0010084493551403284, 0.0012112639378756285, 0.01651562936604023, 0.006532615050673485, 0.002115186071023345, 0.0010084493551403284, 0.002689578104764223, 0.000802097434643656, 0.000868463481310755, 0.001319052535109222, 0.00042398468940518796], [0.0033465158194303513, 0.02017747424542904, 0.00534354941919446, 0.008729541674256325, 0.0659806951880455, 0.7738409638404846, 0.011933576315641403, 0.004566567484289408, 0.007113459054380655, 0.004581662826240063, 0.0058777532540261745, 0.004112911876291037, 0.004581662826240063, 0.010631712153553963, 0.014716344885528088, 0.008675583638250828, 0.005484424065798521, 0.004581662826240063, 0.022294314578175545, 0.0033465158194303513, 0.003231009002774954, 0.004759001079946756, 0.0020931668113917112], [0.02588828094303608, 0.08225305378437042, 0.040174420922994614, 0.052270520478487015, 0.06327987462282181, 0.04624508321285248, 0.04062456637620926, 0.04159637913107872, 0.04925568401813507, 0.041626475751399994, 0.04129493981599808, 0.03128112852573395, 0.041626475751399994, 0.027443518862128258, 0.04605589061975479, 0.045107632875442505, 0.04821178689599037, 0.041626475751399994, 0.04634634032845497, 0.02588828094303608, 0.03919089585542679, 0.062372252345085144, 0.020340124145150185], [0.04347826912999153, 0.04347826912999153, 0.04347826912999153, 0.04347826912999153, 0.04347826912999153, 0.04347826912999153, 0.04347826912999153, 0.04347826912999153, 0.04347826912999153, 0.04347826912999153, 0.04347826912999153, 0.04347826912999153, 0.04347826912999153, 0.04347826912999153, 0.04347826912999153, 0.04347826912999153, 0.04347826912999153, 0.04347826912999153, 0.04347826912999153, 0.04347826912999153, 0.04347826912999153, 0.04347826912999153, 0.04347826912999153]],