{"premise_tokens": ["Kill", "Ratio", "is", "a", "2016", "American", "action", "-", "thriller", "film", "directed", "by", "Paul", "Tanter", ".", "@@NULL@@"], "hypothesis_tokens": ["Kill", "Ratio", "is", "a", "painting", ".", "@@NULL@@"], "label_logits": [-3.5932838916778564, 3.8061776161193848, -0.41229361295700073], "label_probs": [0.0006023462046869099, 0.9848988056182861, 0.014498828910291195], "h2p_attention": [[0.42093485593795776, 0.017755556851625443, 0.025851987302303314, 0.026234174147248268, 0.041906192898750305, 0.04994584992527962, 0.03150349482893944, 0.013338681310415268, 0.09717560559511185, 0.14447560906410217, 0.04171473905444145, 0.020373374223709106, 0.015216069296002388, 0.017755556851625443, 0.02301713638007641, 0.01280109491199255], [0.05106893554329872, 0.0850871130824089, 0.0662664994597435, 0.05037993565201759, 0.06585454940795898, 0.07694853097200394, 0.0730198547244072, 0.04366696625947952, 0.09540010988712311, 0.07029374688863754, 0.0580306313931942, 0.05002198740839958, 0.045193467289209366, 0.0850871130824089, 0.046861834824085236, 0.03681879863142967], [0.009535524994134903, 0.008498106151819229, 0.5822993516921997, 0.026195861399173737, 0.014741076156497002, 0.013711798004806042, 0.05869178846478462, 0.007224285043776035, 0.019248701632022858, 0.018207920715212822, 0.10658209770917892, 0.09415426105260849, 0.008595471270382404, 0.008498106151819229, 0.019093960523605347, 0.00472169229760766], [0.03403358906507492, 0.02272351272404194, 0.09213455021381378, 0.22634948790073395, 0.04406607896089554, 0.07766331732273102, 0.10853166878223419, 0.026582621037960052, 0.07520262897014618, 0.07723426073789597, 0.04316302016377449, 0.06138249486684799, 0.038801733404397964, 0.02272351272404194, 0.03280073404312134, 0.016606859862804413], [0.03173002600669861, 0.01598777249455452, 0.06442490965127945, 0.03580856695771217, 0.03629693016409874, 0.08946629613637924, 0.21053223311901093, 0.019081519916653633, 0.14315584301948547, 0.026385895907878876, 0.19900520145893097, 0.05059221386909485, 0.02793099358677864, 0.01598777249455452, 0.023344410583376884, 0.010269498452544212], [0.05809180811047554, 0.04112068936228752, 0.13064992427825928, 0.06381264328956604, 0.06284667551517487, 0.04565315321087837, 0.06874748319387436, 0.034856025129556656, 0.07103337347507477, 0.06980464607477188, 0.06874489039182663, 0.07032608985900879, 0.041812289506196976, 0.04112068936228752, 0.0990714579820633, 0.032308049499988556], [0.0625, 0.0625, 0.0625, 0.0625, 0.0625, 0.0625, 0.0625, 0.0625, 0.0625, 0.0625, 0.0625, 0.0625, 0.0625, 0.0625, 0.0625, 0.0625]], "p2h_attention": [[0.7435082793235779, 0.031362105160951614, 0.04566304385662079, 0.04633811116218567, 0.06986172497272491, 0.040655773133039474, 0.02261091023683548], [0.1296813189983368, 0.2160649597644806, 0.16827304661273956, 0.12793169915676117, 0.14555558562278748, 0.11899805068969727, 0.09349538385868073], [0.014023538678884506, 0.012497845105826855, 0.8563657999038696, 0.03852527216076851, 0.04356275126338005, 0.0280807726085186, 0.006944015622138977], [0.07052790373563766, 0.04708999767899513, 0.19093069434165955, 0.4690646827220917, 0.1199992224574089, 0.0679730474948883, 0.034414440393447876], [0.18903763592243195, 0.10328406095504761, 0.18028050661087036, 0.1532265692949295, 0.20409756898880005, 0.1123281940817833, 0.057745371013879776], [0.15798154473304749, 0.08462228626012802, 0.11758469045162201, 0.1893574744462967, 0.3527477979660034, 0.057215556502342224, 0.040490586310625076], [0.05231894180178642, 0.04216174781322479, 0.2642572522163391, 0.13893647491931915, 0.4358294904232025, 0.045236945152282715, 0.021259216591715813], [0.11209486424922943, 0.12758609652519226, 0.16459520161151886, 0.1721988469362259, 0.19988663494586945, 0.11606120318174362, 0.1075771301984787], [0.21130169928073883, 0.0721227303147316, 0.113474041223526, 0.1260487139225006, 0.38801872730255127, 0.06119903549551964, 0.02783510461449623], [0.4114200174808502, 0.06959611922502518, 0.14057260751724243, 0.16953542828559875, 0.09366139769554138, 0.07876106351613998, 0.03645339980721474], [0.06205502152442932, 0.030013879761099815, 0.4298540949821472, 0.049494706094264984, 0.3690198063850403, 0.040519505739212036, 0.019042961299419403], [0.04587830975651741, 0.03916363790631294, 0.5748227834701538, 0.10654882341623306, 0.1420123428106308, 0.06274762749671936, 0.028826482594013214], [0.10258513689041138, 0.10593394935131073, 0.15710902214050293, 0.20164743065834045, 0.23472878336906433, 0.11169206351041794, 0.08630364388227463], [0.1296813189983368, 0.2160649597644806, 0.16827304661273956, 0.12793169915676117, 0.14555558562278748, 0.11899805068969727, 0.09349538385868073], [0.116534024477005, 0.08248940855264664, 0.2620879113674164, 0.12801019847393036, 0.1473269760608673, 0.19874051213264465, 0.06481097638607025], [0.1428571492433548, 0.1428571492433548, 0.1428571492433548, 0.1428571492433548, 0.1428571492433548, 0.1428571492433548, 0.1428571492433548]], "claim": "Kill Ratio is a painting.", "premise_source_doc_id": "Kill_Ratio", "premise_source_doc_line_num": 0, "premise_source_doc_sentence": "Kill Ratio is a 2016 American action-thriller film directed by Paul Tanter ."}
