{"premise_tokens": ["In", "2010", ",", "Kelley", "signed", "to", "MCA", "Nashville", "and", "began", "a", "country", "music", "career", ".", "@@NULL@@"], "hypothesis_tokens": ["Josh", "Kelley", "refuses", "to", "have", "a", "career", "in", "country", "music", ".", "@@NULL@@"], "label_logits": [-1.428542971611023, 3.1997804641723633, -2.482919216156006], "label_probs": [0.00964406132698059, 0.9869958758354187, 0.0033600847236812115], "h2p_attention": [[0.048236459493637085, 0.09255454689264297, 0.06927012652158737, 0.023723995313048363, 0.1396324634552002, 0.05747206509113312, 0.023723995313048363, 0.08598845452070236, 0.07966358214616776, 0.0514724925160408, 0.0533740408718586, 0.042540501803159714, 0.053884413093328476, 0.11788632720708847, 0.04016495123505592, 0.020411666482686996], [0.06331245601177216, 0.059222135692834854, 0.04237213358283043, 0.08812016993761063, 0.0632987916469574, 0.06401757895946503, 0.08812016993761063, 0.09207262843847275, 0.04836451634764671, 0.06611751019954681, 0.052175797522068024, 0.06731884181499481, 0.05988123267889023, 0.058942414820194244, 0.048532288521528244, 0.03813125938177109], [0.07705080509185791, 0.04831230267882347, 0.031112298369407654, 0.03654428571462631, 0.10603871941566467, 0.10888417810201645, 0.03654428571462631, 0.09408435225486755, 0.051399294286966324, 0.07494159787893295, 0.06875351816415787, 0.09536823630332947, 0.04965026304125786, 0.04812019318342209, 0.052525632083415985, 0.020670058205723763], [0.05096324533224106, 0.040886249393224716, 0.0257467869669199, 0.019784387201070786, 0.053046099841594696, 0.3801610469818115, 0.019784387201070786, 0.08019600063562393, 0.04141245037317276, 0.07495012879371643, 0.05649489909410477, 0.033143479377031326, 0.02893509902060032, 0.05518171936273575, 0.027529709041118622, 0.011784318834543228], [0.10476671904325485, 0.05885656550526619, 0.037805285304784775, 0.025454195216298103, 0.10249142348766327, 0.09279701858758926, 0.025454195216298103, 0.21174459159374237, 0.03616303205490112, 0.04320104792714119, 0.044664036482572556, 0.043455276638269424, 0.051103368401527405, 0.06527561694383621, 0.04151717945933342, 0.015250524505972862], [0.07605411857366562, 0.04432736337184906, 0.043331097811460495, 0.021671069785952568, 0.06615205854177475, 0.07592715322971344, 0.021671069785952568, 0.08326327800750732, 0.0468619167804718, 0.04633738100528717, 0.2158660739660263, 0.08234963566064835, 0.0726269856095314, 0.05644161254167557, 0.03128156065940857, 0.015837710350751877], [0.028265422210097313, 0.054841481149196625, 0.014713345095515251, 0.008788653649389744, 0.027529427781701088, 0.026623573154211044, 0.008788653649389744, 0.04349846765398979, 0.018354477360844612, 0.03445088490843773, 0.020262019708752632, 0.03277923911809921, 0.013680300675332546, 0.6471275091171265, 0.014610965736210346, 0.005685591604560614], [0.4079958498477936, 0.04220101982355118, 0.02244185283780098, 0.016935525462031364, 0.037874456495046616, 0.044110629707574844, 0.016935525462031364, 0.12855179607868195, 0.022922998294234276, 0.040251608937978745, 0.04898025840520859, 0.05541025102138519, 0.02861088514328003, 0.050707295536994934, 0.02587025985121727, 0.010199776850640774], [0.002616654383018613, 0.004627767484635115, 0.0005769519484601915, 0.0008503592107445002, 0.0022067981772124767, 0.0013546921545639634, 0.0008503592107445002, 0.009751654230058193, 0.0007079059723764658, 0.0052429428324103355, 0.0025044723879545927, 0.949140727519989, 0.015464778058230877, 0.002776963636279106, 0.0008451731409877539, 0.0004816671134904027], [0.011207363568246365, 0.012790008448064327, 0.004907543770968914, 0.006274405401200056, 0.012990148738026619, 0.00981032382696867, 0.006274405401200056, 0.05192570015788078, 0.005875742994248867, 0.012569824233651161, 0.018321821466088295, 0.12828022241592407, 0.6980060338973999, 0.00961353164166212, 0.007157590705901384, 0.003995425067842007], [0.0779707059264183, 0.0818292573094368, 0.04100239276885986, 0.03912649676203728, 0.06978325545787811, 0.07181553542613983, 0.03912649676203728, 0.09062068164348602, 0.059645965695381165, 0.055341169238090515, 0.060717977583408356, 0.05394112318754196, 0.05507127195596695, 0.07899953424930573, 0.094266876578331, 0.030741233378648758], [0.0625, 0.0625, 0.0625, 0.0625, 0.0625, 0.0625, 0.0625, 0.0625, 0.0625, 0.0625, 0.0625, 0.0625, 0.0625, 0.0625, 0.0625, 0.0625]],