{"premise_tokens": ["It", "is", "used", "to", "treat", "head", "lice", ",", "scabies", ",", "river", "blindness", ",", "strongyloidiasis", ",", "and", "lymphatic", "filariasis", ",", "among", "others", ".", "@@NULL@@"], "hypothesis_tokens": ["Ivermectin", "is", "used", "to", "treat", "6", "types", "of", "lymphatic", "filariasis", ".", "@@NULL@@"], "label_logits": [0.9119900465011597, 0.04824795201420784, -2.4449493885040283], "label_probs": [0.6866136193275452, 0.289463609457016, 0.023922810330986977], "h2p_attention": [[0.05163220688700676, 0.04810936376452446, 0.03498523309826851, 0.04487695172429085, 0.038433488458395004, 0.06781221181154251, 0.0513337217271328, 0.029703283682465553, 0.06177309900522232, 0.029703283682465553, 0.04603412747383118, 0.06177309900522232, 0.029703283682465553, 0.06177309900522232, 0.029703283682465553, 0.03390400484204292, 0.06177309900522232, 0.06177309900522232, 0.029703283682465553, 0.032865382730960846, 0.031879544258117676, 0.034021615982055664, 0.026730388402938843], [0.20399779081344604, 0.45788848400115967, 0.012551780790090561, 0.055212538689374924, 0.01869823969900608, 0.015567056834697723, 0.013070016168057919, 0.010425297543406487, 0.006682447623461485, 0.010425297543406487, 0.020956484600901604, 0.006682447623461485, 0.010425297543406487, 0.006682447623461485, 0.010425297543406487, 0.011669543571770191, 0.006682447623461485, 0.006682447623461485, 0.010425297543406487, 0.05290516838431358, 0.03321656212210655, 0.015014450997114182, 0.003712881589308381], [0.04838632792234421, 0.03710579127073288, 0.41623982787132263, 0.053712084889411926, 0.029326563701033592, 0.04782700911164284, 0.018047673627734184, 0.025200936943292618, 0.014365702867507935, 0.025200936943292618, 0.0525997057557106, 0.014365702867507935, 0.025200936943292618, 0.014365702867507935, 0.025200936943292618, 0.025534169748425484, 0.014365702867507935, 0.014365702867507935, 0.025200936943292618, 0.021676868200302124, 0.02479453943669796, 0.015939923003315926, 0.01097608357667923], [0.19983845949172974, 0.1190616562962532, 0.039180487394332886, 0.25829049944877625, 0.04836932569742203, 0.020452694967389107, 0.014552906155586243, 0.017492981627583504, 0.013441985473036766, 0.017492981627583504, 0.022025635465979576, 0.013441985473036766, 0.017492981627583504, 0.013441985473036766, 0.017492981627583504, 0.028136609122157097, 0.013441985473036766, 0.013441985473036766, 0.017492981627583504, 0.027903778478503227, 0.040802255272865295, 0.01870434172451496, 0.008006547577679157], [0.02867298759520054, 0.01976523920893669, 0.010486392304301262, 0.023710306733846664, 0.7880396246910095, 0.005185270216315985, 0.00868718046694994, 0.00478186784312129, 0.005643090698868036, 0.00478186784312129, 0.005600791424512863, 0.005643090698868036, 0.00478186784312129, 0.005643090698868036, 0.00478186784312129, 0.007977406494319439, 0.005643090698868036, 0.005643090698868036, 0.00478186784312129, 0.024019403383135796, 0.013684317469596863, 0.008121662773191929, 0.003924754448235035], [0.058822374790906906, 0.09312045574188232, 0.03183393180370331, 0.06960123032331467, 0.02960921823978424, 0.029889581725001335, 0.02018497884273529, 0.041452277451753616, 0.02313198149204254, 0.041452277451753616, 0.038690920919179916, 0.02313198149204254, 0.041452277451753616, 0.02313198149204254, 0.041452277451753616, 0.04136031121015549, 0.02313198149204254, 0.02313198149204254, 0.041452277451753616, 0.11800782382488251, 0.09374843537807465, 0.03326023370027542, 0.018949205055832863], [0.06627367436885834, 0.08932584524154663, 0.08513607084751129, 0.04158478602766991, 0.08615650236606598, 0.03625250607728958, 0.030463196337223053, 0.027606159448623657, 0.023631542921066284, 0.027606159448623657, 0.0401889942586422, 0.023631542921066284, 0.027606159448623657, 0.023631542921066284, 0.027606159448623657, 0.025942565873265266, 0.023631542921066284, 0.023631542921066284, 0.027606159448623657, 0.1343921571969986, 0.057401806116104126, 0.032366711646318436, 0.018326522782444954], [0.0642818957567215, 0.07477641850709915, 0.058460842818021774, 0.07059317082166672, 0.03988367319107056, 0.07062442600727081, 0.034232888370752335, 0.04398014023900032, 0.025952769443392754, 0.04398014023900032, 0.040942687541246414, 0.025952769443392754, 0.04398014023900032, 0.025952769443392754, 0.04398014023900032, 0.05163678154349327, 0.025952769443392754, 0.025952769443392754, 0.04398014023900032, 0.04309270903468132, 0.047516267746686935, 0.032900620251894, 0.021393176168203354], [0.05163220688700676, 0.04810936376452446, 0.03498523309826851, 0.04487695172429085, 0.038433488458395004, 0.06781221181154251, 0.0513337217271328, 0.029703283682465553, 0.06177309900522232, 0.029703283682465553, 0.04603412747383118, 0.06177309900522232, 0.029703283682465553, 0.06177309900522232, 0.029703283682465553, 0.03390400484204292, 0.06177309900522232, 0.06177309900522232, 0.029703283682465553, 0.032865382730960846, 0.031879544258117676, 0.034021615982055664, 0.026730388402938843], [0.05163220688700676, 0.04810936376452446, 0.03498523309826851, 0.04487695172429085, 0.038433488458395004, 0.06781221181154251, 0.0513337217271328, 0.029703283682465553, 0.06177309900522232, 0.029703283682465553, 0.04603412747383118, 0.06177309900522232, 0.029703283682465553, 0.06177309900522232, 0.029703283682465553, 0.03390400484204292, 0.06177309900522232, 0.06177309900522232, 0.029703283682465553, 0.032865382730960846, 0.031879544258117676, 0.034021615982055664, 0.026730388402938843], [0.10483858734369278, 0.09056681394577026, 0.032524414360523224, 0.05232000723481178, 0.046345021575689316, 0.04288835823535919, 0.04116109013557434, 0.029871607199311256, 0.028504952788352966, 0.029871607199311256, 0.051638487726449966, 0.028504952788352966, 0.029871607199311256, 0.028504952788352966, 0.029871607199311256, 0.04345406964421272, 0.028504952788352966, 0.028504952788352966, 0.029871607199311256, 0.057014040648937225, 0.05429375544190407, 0.06867655366659164, 0.022396009415388107], [0.04347826912999153, 0.04347826912999153, 0.04347826912999153, 0.04347826912999153, 0.04347826912999153, 0.04347826912999153, 0.04347826912999153, 0.04347826912999153, 0.04347826912999153, 0.04347826912999153, 0.04347826912999153, 0.04347826912999153, 0.04347826912999153, 0.04347826912999153, 0.04347826912999153, 0.04347826912999153, 0.04347826912999153, 0.04347826912999153, 0.04347826912999153, 0.04347826912999153, 0.04347826912999153, 0.04347826912999153, 0.04347826912999153]],