{"premise_tokens": ["In", "2013", ",", "she", "released", "her", "autobiography", ",", "titled", "The", "Alley", "of", "Love", "and", "Yellow", "Jasmines", ".", "@@NULL@@"], "hypothesis_tokens": ["Shohreh", "Aghdashloo", "released", "her", "autobiography", ".", "@@NULL@@"], "label_logits": [1.5735321044921875, 0.9663576483726501, -3.8675711154937744], "label_probs": [0.6454848647117615, 0.35171717405319214, 0.0027979828882962465], "h2p_attention": [[0.05959992855787277, 0.06929243355989456, 0.03988751024007797, 0.08215121179819107, 0.05700111389160156, 0.061249252408742905, 0.055090926587581635, 0.03988751024007797, 0.051750317215919495, 0.051699623465538025, 0.0631602331995964, 0.04354579374194145, 0.06519730389118195, 0.045528508722782135, 0.05042362958192825, 0.08295296132564545, 0.045686449855566025, 0.03589531034231186], [0.05959992855787277, 0.06929243355989456, 0.03988751024007797, 0.08215121179819107, 0.05700111389160156, 0.061249252408742905, 0.055090926587581635, 0.03988751024007797, 0.051750317215919495, 0.051699623465538025, 0.0631602331995964, 0.04354579374194145, 0.06519730389118195, 0.045528508722782135, 0.05042362958192825, 0.08295296132564545, 0.045686449855566025, 0.03589531034231186], [0.00392262265086174, 0.011083830147981644, 0.0021883826702833176, 0.0027881809510290623, 0.9321205615997314, 0.003204894717782736, 0.012608558870851994, 0.0021883826702833176, 0.006410113535821438, 0.0024391438346356153, 0.0039053962100297213, 0.0019046628149226308, 0.003068783786147833, 0.0027170253451913595, 0.0024742018431425095, 0.0025792706292122602, 0.00277174124494195, 0.001624243683181703], [0.010661809705197811, 0.058846522122621536, 0.005842540878802538, 0.38353851437568665, 0.0052075935527682304, 0.4403917193412781, 0.008047408424317837, 0.005842540878802538, 0.005904399324208498, 0.0063588363118469715, 0.01797594130039215, 0.005700170528143644, 0.015242723748087883, 0.007387583609670401, 0.007075265049934387, 0.004503368400037289, 0.008833865635097027, 0.0026392133440822363], [0.0022111341822892427, 0.002488276921212673, 0.0006104016792960465, 0.0023254065308719873, 0.0043107811361551285, 0.0016932582948356867, 0.9440608024597168, 0.0006104016792960465, 0.029811816290020943, 0.0007989031728357077, 0.0029139204416424036, 0.0007927832193672657, 0.002707440173253417, 0.0007757889106869698, 0.0016766287153586745, 0.0008522832649759948, 0.0008046785369515419, 0.000555317965336144], [0.06309767812490463, 0.07387390732765198, 0.03318112716078758, 0.15466487407684326, 0.042452629655599594, 0.08326824754476547, 0.03604823723435402, 0.03318112716078758, 0.03639945015311241, 0.05091189593076706, 0.0687459260225296, 0.03825885429978371, 0.06434662640094757, 0.048268407583236694, 0.04047543555498123, 0.03166305646300316, 0.07628532499074936, 0.02487729676067829], [0.055555541068315506, 0.055555541068315506, 0.055555541068315506, 0.055555541068315506, 0.055555541068315506, 0.055555541068315506, 0.055555541068315506, 0.055555541068315506, 0.055555541068315506, 0.055555541068315506, 0.055555541068315506, 0.055555541068315506, 0.055555541068315506, 0.055555541068315506, 0.055555541068315506, 0.055555541068315506, 0.055555541068315506, 0.055555541068315506]], "p2h_attention": [[0.09601092338562012, 0.09601092338562012, 0.13964906334877014, 0.23359796404838562, 0.2302427738904953, 0.14666377007961273, 0.05782460421323776], [0.04659193009138107, 0.04659193009138107, 0.16470292210578918, 0.5381569862365723, 0.10814828425645828, 0.07167216390371323, 0.024135854095220566], [0.12056844681501389, 0.12056844681501389, 0.14618627727031708, 0.24019379913806915, 0.11926378309726715, 0.1447179615497589, 0.10850118845701218], [0.014038840308785439, 0.014038840308785439, 0.010529913008213043, 0.8914346098899841, 0.02568693272769451, 0.038136739283800125, 0.006134158931672573], [0.0026937872171401978, 0.0026937872171401978, 0.9735056161880493, 0.0033471882343292236, 0.013168363831937313, 0.0028948034159839153, 0.0016963582020252943], [0.009498241357505322, 0.009498241357505322, 0.010983551852405071, 0.9288485050201416, 0.01697312295436859, 0.01863187365233898, 0.005566474515944719], [0.0008941947016865015, 0.0008941947016865015, 0.0045227655209600925, 0.0017765250522643328, 0.990485429763794, 0.0008442489779554307, 0.0005826259730383754], [0.12056844681501389, 0.12056844681501389, 0.14618627727031708, 0.24019379913806915, 0.11926378309726715, 0.1447179615497589, 0.10850118845701218], [0.022107068449258804, 0.022107068449258804, 0.060516029596328735, 0.03430497646331787, 0.8231948018074036, 0.02243610844016075, 0.015334014780819416], [0.12772122025489807, 0.12772122025489807, 0.13316792249679565, 0.2136567384004593, 0.1275751143693924, 0.1814803034067154, 0.08867749571800232], [0.0809168815612793, 0.0809168815612793, 0.11057248711585999, 0.3132205307483673, 0.24130652844905853, 0.12707990407943726, 0.04598679021000862], [0.12475359439849854, 0.12475359439849854, 0.12059005349874496, 0.22210483253002167, 0.14681056141853333, 0.1581515222787857, 0.10283587127923965], [0.09192118793725967, 0.09192118793725967, 0.09561782330274582, 0.29228854179382324, 0.24674074351787567, 0.1309020072221756, 0.05060853064060211], [0.11179029196500778, 0.11179029196500778, 0.14743506908416748, 0.24670971930027008, 0.12312895804643631, 0.17100867629051208, 0.08813701570034027], [0.11096055060625076, 0.11096055060625076, 0.12032511830329895, 0.21175828576087952, 0.23848849534988403, 0.1285170018672943, 0.07899001985788345], [0.19711798429489136, 0.19711798429489136, 0.1354495882987976, 0.14554427564144135, 0.1309104859828949, 0.10856298357248306, 0.08529667556285858], [0.09704918414354324, 0.09704918414354324, 0.13011987507343292, 0.25522223114967346, 0.11049001663923264, 0.2338191270828247, 0.07625041902065277], [0.1428571492433548, 0.1428571492433548, 0.1428571492433548, 0.1428571492433548, 0.1428571492433548, 0.1428571492433548, 0.1428571492433548]], "claim": "Shohreh Aghdashloo released her autobiography.", "premise_source_doc_id": "Shohreh_Aghdashloo", "premise_source_doc_line_num": 9, "premise_source_doc_sentence": "In 2013 , she released her autobiography , titled The Alley of Love and Yellow Jasmines ."}
{"premise_tokens": ["Shohreh", "Aghdashloo", ",", "(", "born", "as", "Shohreh", "Vaziri", "-", "Tabar", "1952", ")", ",", "Actress", ".", "@@NULL@@"], "hypothesis_tokens": ["Shohreh", "Aghdashloo", "released", "her", "autobiography", ".", "@@NULL@@"], "label_logits": [-4.096109390258789, -0.5333080887794495, 2.335625410079956], "label_probs": [0.001520883059129119, 0.05362914875149727, 0.944849967956543],