{"premise_tokens": ["He", "performed", "the", "song", "``", "We", "Are", "One", "(", "Ole", "Ola", ")", "''", "along", "with", "Jennifer", "Lopez", "and", "Claudia", "Leitte", ",", "which", "served", "as", "the", "official", "theme", "of", "the", "2014", "FIFA", "World", "Cup", ".", "@@NULL@@"], "hypothesis_tokens": ["Pitbull", "died", "along", "with", "Jennifer", "Lopez", "and", "Claudia", "Leitte", ".", "@@NULL@@"], "label_logits": [-0.558400571346283, 1.9708685874938965, -1.8947460651397705], "label_probs": [0.07242629677057266, 0.9085397720336914, 0.019033946096897125], "h2p_attention": [[0.050231948494911194, 0.062922403216362, 0.0157098937779665, 0.08694193512201309, 0.019884763285517693, 0.020592661574482918, 0.02155514992773533, 0.023134205490350723, 0.019482778385281563, 0.030737070366740227, 0.019884763285517693, 0.021266819909214973, 0.019884763285517693, 0.037535835057497025, 0.02026236057281494, 0.02987842820584774, 0.03199731931090355, 0.0150697510689497, 0.019884763285517693, 0.019884763285517693, 0.016489394009113312, 0.023457501083612442, 0.02546401135623455, 0.02670948952436447, 0.0157098937779665, 0.08589954674243927, 0.029972050338983536, 0.014664356596767902, 0.0157098937779665, 0.030135290697216988, 0.047888241708278656, 0.02174481935799122, 0.029344819486141205, 0.017891597002744675, 0.012176799587905407], [0.0670909434556961, 0.021338609978556633, 0.012831741943955421, 0.03159157186746597, 0.009651555679738522, 0.0103494543582201, 0.01789306476712227, 0.021785665303468704, 0.011538350023329258, 0.010235398076474667, 0.009651555679738522, 0.012111134827136993, 0.009651555679738522, 0.034862734377384186, 0.01676235906779766, 0.01094394363462925, 0.00855040643364191, 0.01659935712814331, 0.009651555679738522, 0.009651555679738522, 0.010366919450461864, 0.023975569754838943, 0.018412429839372635, 0.02217475324869156, 0.012831741943955421, 0.058615803718566895, 0.02811666578054428, 0.021866638213396072, 0.012831741943955421, 0.1699226349592209, 0.06816942989826202, 0.1377786099910736, 0.039184264838695526, 0.01733577810227871, 0.005674514453858137], [0.09442752599716187, 0.0273800827562809, 0.012938610278069973, 0.05245981365442276, 0.008165242150425911, 0.039680466055870056, 0.0320918969810009, 0.027966579422354698, 0.006838889792561531, 0.005968903657048941, 0.008165242150425911, 0.007955747656524181, 0.008165242150425911, 0.3178499639034271, 0.029626108705997467, 0.018132595345377922, 0.01934250071644783, 0.015208226628601551, 0.008165242150425911, 0.008165242150425911, 0.012886321172118187, 0.02527335099875927, 0.02195577695965767, 0.024322615936398506, 0.012938610278069973, 0.015515307895839214, 0.016631025820970535, 0.019877081736922264, 0.012938610278069973, 0.013619733974337578, 0.025769170373678207, 0.01206420548260212, 0.023638544604182243, 0.008657869882881641, 0.005217535421252251], [0.1286996454000473, 0.03199368715286255, 0.02547127939760685, 0.028844961896538734, 0.010922715067863464, 0.032463327050209045, 0.042113713920116425, 0.0394258089363575, 0.010787440463900566, 0.008647031150758266, 0.010922715067863464, 0.010528873652219772, 0.010922715067863464, 0.04318976774811745, 0.14503493905067444, 0.02199861779808998, 0.023159854114055634, 0.02212461270391941, 0.010922715067863464, 0.010922715067863464, 0.022518806159496307, 0.05663607269525528, 0.013987052254378796, 0.02926628477871418, 0.02547127939760685, 0.02261904440820217, 0.01619272120296955, 0.018750237300992012, 0.02547127939760685, 0.011526832357048988, 0.025485161691904068, 0.013387413695454597, 0.02409236691892147, 0.01789199374616146, 0.007606267463415861], [0.040362611413002014, 0.020445244386792183, 0.008884603157639503, 0.012133861891925335, 0.005828601773828268, 0.01797846145927906, 0.02104741521179676, 0.020599639043211937, 0.005452149547636509, 0.0052517009899020195, 0.005828601773828268, 0.007071496453136206, 0.005828601773828268, 0.016347451135516167, 0.013604395091533661, 0.6004263758659363, 0.022821737453341484, 0.010597018525004387, 0.005828601773828268, 0.005828601773828268, 0.013615699484944344, 0.017230497673153877, 0.008013824000954628, 0.0187723096460104, 0.008884603157639503, 0.011440266855061054, 0.00568755017593503, 0.007338439580053091, 0.008884603157639503, 0.005150167737156153, 0.007074444554746151, 0.00796432700008154, 0.014276753179728985, 0.00879550538957119, 0.004703871440142393], [0.013570412993431091, 0.047085512429475784, 0.008703363128006458, 0.020822279155254364, 0.006033382844179869, 0.007465916685760021, 0.008878340013325214, 0.012058768421411514, 0.005734873469918966, 0.0049229771830141544, 0.006033382844179869, 0.005800725892186165, 0.006033382844179869, 0.015247024595737457, 0.012522819451987743, 0.019954055547714233, 0.625094473361969, 0.008079585619270802, 0.006033382844179869, 0.006033382844179869, 0.009943842887878418, 0.019329853355884552, 0.012752097100019455, 0.02243964374065399, 0.008703363128006458, 0.010582278482615948, 0.005013303831219673, 0.005680449306964874, 0.008703363128006458, 0.00525993388146162, 0.011165544390678406, 0.005612088833004236, 0.01751440018415451, 0.007079057861119509, 0.004112803377211094], [0.07096857577562332, 0.019615348428487778, 0.030447885394096375, 0.01709570176899433, 0.014526207000017166, 0.03668007254600525, 0.028086556121706963, 0.09336772561073303, 0.012909237295389175, 0.012142994441092014, 0.014526207000017166, 0.012819238007068634, 0.014526207000017166, 0.033382564783096313, 0.033312760293483734, 0.02580089308321476, 0.022498706355690956, 0.09440474957227707, 0.014526207000017166, 0.014526207000017166, 0.040022317320108414, 0.0366206020116806, 0.01808024011552334, 0.051478054374456406, 0.030447885394096375, 0.02007278800010681, 0.01436053216457367, 0.02764333225786686, 0.030447885394096375, 0.014312096871435642, 0.01878146268427372, 0.022277947515249252, 0.025616981089115143, 0.022221138700842857, 0.01145266368985176], [0.0368792861700058, 0.02611207589507103, 0.026347624137997627, 0.0337800569832325, 0.04227523133158684, 0.030916959047317505, 0.02619193121790886, 0.024488400667905807, 0.01966538280248642, 0.01909664459526539, 0.04227523133158684, 0.020410360768437386, 0.04227523133158684, 0.028628293424844742, 0.026269439607858658, 0.022667350247502327, 0.026835810393095016, 0.023202646523714066, 0.04227523133158684, 0.04227523133158684, 0.02032783068716526, 0.030181884765625, 0.026307668536901474, 0.02606778033077717, 0.026347624137997627, 0.032315585762262344, 0.03008120507001877, 0.022192196920514107, 0.026347624137997627, 0.03749293461441994, 0.026574958115816116, 0.02228360064327717, 0.029034312814474106, 0.023283137008547783, 0.018293291330337524], [0.0368792861700058, 0.02611207589507103, 0.026347624137997627, 0.0337800569832325, 0.04227523133158684, 0.030916959047317505, 0.02619193121790886, 0.024488400667905807, 0.01966538280248642, 0.01909664459526539, 0.04227523133158684, 0.020410360768437386, 0.04227523133158684, 0.028628293424844742, 0.026269439607858658, 0.022667350247502327, 0.026835810393095016, 0.023202646523714066, 0.04227523133158684, 0.04227523133158684, 0.02032783068716526, 0.030181884765625, 0.026307668536901474, 0.02606778033077717, 0.026347624137997627, 0.032315585762262344, 0.03008120507001877, 0.022192196920514107, 0.026347624137997627, 0.03749293461441994, 0.026574958115816116, 0.02228360064327717, 0.029034312814474106, 0.023283137008547783, 0.018293291330337524], [0.09736105054616928, 0.023249730467796326, 0.029867947101593018, 0.028705155476927757, 0.018575433641672134, 0.03468822315335274, 0.043991539627313614, 0.04199092462658882, 0.019786804914474487, 0.016092386096715927, 0.018575433641672134, 0.01970040611922741, 0.018575433641672134, 0.024217814207077026, 0.03433021530508995, 0.027289442718029022, 0.02512042038142681, 0.028317121788859367, 0.018575433641672134, 0.018575433641672134, 0.01946602575480938, 0.039910878986120224, 0.018604198470711708, 0.030334047973155975, 0.029867947101593018, 0.021017391234636307, 0.023274661973118782, 