{"premise_tokens": ["Vocalist", "A.", "Jay", "Popoff", "said", "that", "the", "song", "``", "was", "the", "combination", "of", "many", ",", "many", "incidents", "''", ";", "he", "has", "been", "in", "trouble", "with", "the", "law", "for", "public", "nudity", ",", "and", "sang", "``", "My", "Own", "Worst", "Enemy", "''", "nude", "in", "the", "studio", ".", "@@NULL@@"], "hypothesis_tokens": ["My", "Own", "Worst", "Enemy", "ended", "in", "December", ".", "@@NULL@@"], "label_logits": [-1.4817050695419312, -0.3040778636932373, 0.9691300392150879], "label_probs": [0.06311261653900146, 0.20490533113479614, 0.7319820523262024], "h2p_attention": [[0.017614182084798813, 0.010056545026600361, 0.02052476443350315, 0.012003239244222641, 0.015523968264460564, 0.02087639831006527, 0.015621228143572807, 0.01569315232336521, 0.012003239244222641, 0.022960588335990906, 0.015621228143572807, 0.021414196118712425, 0.0113022830337286, 0.013193776831030846, 0.013236255384981632, 0.013193776831030846, 0.012003239244222641, 0.012003239244222641, 0.014017000794410706, 0.11945294588804245, 0.023563610389828682, 0.019237985834479332, 0.02206992916762829, 0.0370783656835556, 0.020397953689098358, 0.015621228143572807, 0.048203542828559875, 0.014892414212226868, 0.02882482297718525, 0.011564341373741627, 0.013236255384981632, 0.01795440912246704, 0.015348135493695736, 0.012003239244222641, 0.11651434749364853, 0.03165694326162338, 0.016268227249383926, 0.013152546249330044, 0.012003239244222641, 0.027412477880716324, 0.02206992916762829, 0.015621228143572807, 0.013555650599300861, 0.016386577859520912, 0.007047327235341072], [0.02718975953757763, 0.007898583076894283, 0.011741183698177338, 0.00825474038720131, 0.009214958176016808, 0.01982058957219124, 0.011185046285390854, 0.037847358733415604, 0.00825474038720131, 0.014066281728446484, 0.011185046285390854, 0.019897084683179855, 0.019610682502388954, 0.011599952355027199, 0.008623139932751656, 0.011599952355027199, 0.00825474038720131, 0.00825474038720131, 0.009913362562656403, 0.07989977300167084, 0.02347220852971077, 0.019457384943962097, 0.024427734315395355, 0.0415879562497139, 0.016868874430656433, 0.011185046285390854, 0.03174329176545143, 0.023100396618247032, 0.02822447381913662, 0.015557455830276012, 0.008623139932751656, 0.011511586606502533, 0.020269181579351425, 0.00825474038720131, 0.022098015993833542, 0.1559358835220337, 0.029165200889110565, 0.015252910554409027, 0.00825474038720131, 0.0632534921169281, 0.024427734315395355, 0.011185046285390854, 0.025713415816426277, 0.011199146509170532, 0.00491936132311821], [0.00011655742127913982, 1.521481044619577e-05, 8.662385880597867e-06, 1.705680369923357e-05, 1.4677431863674428e-05, 5.190264346310869e-05, 4.761423770105466e-05, 4.7106255806284025e-05, 1.705680369923357e-05, 1.8536255083745345e-05, 4.761423770105466e-05, 5.2407838666113093e-05, 2.9046852432657033e-05, 1.7151247448055074e-05, 1.0242668395221699e-05, 1.7151247448055074e-05, 1.705680369923357e-05, 1.705680369923357e-05, 1.0252979336655699e-05, 9.989023237721995e-05, 4.507599805947393e-05, 2.9868946512578987e-05, 5.867306390427984e-05, 6.87595020281151e-05, 1.9012310076504946e-05, 4.761423770105466e-05, 3.43811116181314e-05, 2.7192354536964558e-05, 3.5453474993119016e-05, 1.7273801859118976e-05, 1.0242668395221699e-05, 2.3200855139293708e-05, 2.7006588425138034e-05, 1.705680369923357e-05, 1.2730975868180394e-05, 3.269658554927446e-05, 0.9984433650970459, 0.00015039525169413537, 1.705680369923357e-05, 2.243085873487871e-05, 5.867306390427984e-05, 4.761423770105466e-05, 5.637988215312362e-05, 2.0058723748661578e-05, 5.515007615031209e-06], [0.007891032844781876, 0.0027034457307308912, 0.0024082844611257315, 0.0020496679935604334, 0.0038466902915388346, 0.004626232665032148, 0.0031044664792716503, 0.007264535408467054, 0.0020496679935604334, 0.002830733312293887, 0.0031044664792716503, 0.005353744141757488, 0.002093799877911806, 0.005842670798301697, 0.00252415775321424, 0.005842670798301697, 0.0020496679935604334, 0.0020496679935604334, 0.002848847070708871, 0.00899108499288559, 0.005700238049030304, 0.007510427385568619, 0.006912394426763058, 0.04086776822805405, 0.0033576602581888437, 0.0031044664792716503, 0.003148720832541585, 0.005000633653253317, 0.0071519846096634865, 0.00621171947568655, 0.00252415775321424, 0.0033153679687529802, 0.00288993027061224, 0.0020496679935604334, 0.0023762648925185204, 0.0039477841928601265, 0.03472139686346054, 0.7567124366760254, 0.0020496679935604334, 0.0028483460191637278, 0.006912394426763058, 0.0031044664792716503, 0.0035645775496959686, 0.0032687713392078876, 0.00127323716878891], [0.015942562371492386, 0.005926595535129309, 0.006117693148553371, 0.00735778734087944, 0.006331228651106358, 0.02415214292705059, 0.014555063098669052, 0.01847422681748867, 0.00735778734087944, 0.014736377634108067, 0.014555063098669052, 0.014484035782516003, 0.01266586221754551, 0.007726586889475584, 0.007085970137268305, 0.007726586889475584, 0.00735778734087944, 0.00735778734087944, 0.008461885154247284, 0.09520286321640015, 0.018001936376094818, 0.01329017709940672, 0.014168689958751202, 0.10212390124797821, 0.019595487043261528, 0.014555063098669052, 0.01432044617831707, 0.007036114111542702, 0.009745060466229916, 0.01470962818711996, 0.007085970137268305, 0.017326509580016136, 0.014884086325764656, 0.00735778734087944, 0.011214351281523705, 0.010231787338852882, 0.28145113587379456, 0.04180864989757538, 0.00735778734087944, 0.011972063221037388, 0.014168689958751202, 0.014555063098669052, 0.012525620870292187, 0.013978371396660805, 0.0029597673565149307], [0.015497266314923763, 0.006961414124816656, 0.007124700583517551, 0.006173382047563791, 0.011324224062263966, 0.015453114174306393, 0.011113520711660385, 0.01462404616177082, 0.006173382047563791, 0.008809433318674564, 0.011113520711660385, 0.0181373693048954, 0.009108989499509335, 0.015650680288672447, 0.00818056333810091, 0.015650680288672447, 0.006173382047563791, 0.006173382047563791, 0.007225446868687868, 0.06054280325770378, 0.031094180420041084, 0.018180884420871735, 0.14872372150421143, 0.021589281037449837, 0.02448263019323349, 0.011113520711660385, 0.014752503484487534, 0.010540043003857136, 0.017254343256354332, 0.020512012764811516, 0.00818056333810091, 0.008355951867997646, 0.008242778480052948, 0.006173382047563791, 0.011643716134130955, 0.01846245862543583, 0.039555586874485016, 0.020185252651572227, 0.006173382047563791, 0.10039258003234863, 0.14872372150421143, 0.011113520711660385, 0.020194318145513535, 0.009430299513041973, 0.0037180494982749224], [0.04574842378497124, 0.00881422869861126, 0.012155256234109402, 0.011743874289095402, 0.007369411177933216, 0.02846783958375454, 0.017378250136971474, 0.014705716632306576, 0.011743874289095402, 0.031035903841257095, 0.017378250136971474, 0.017507757991552353, 0.02596631646156311, 0.01485592219978571, 0.01912788674235344, 0.01485592219978571, 0.011743874289095402, 0.011743874289095402, 0.012960568070411682, 0.09564653038978577, 0.014304530806839466, 0.01655293069779873, 0.04336698725819588, 0.0584610253572464, 0.02212943509221077, 0.017378250136971474, 0.01561657339334488, 0.00879088044166565, 0.015193464234471321, 0.028781449422240257, 0.01912788674235344, 0.01799076609313488, 0.011618668213486671, 0.011743874289095402, 0.019401345402002335, 0.01867857202887535, 0.03505071997642517, 0.011221746914088726, 0.011743874289095402, 0.0753919929265976, 0.04336698725819588, 0.017378250136971474, 0.014740299433469772, 0.01454424113035202, 0.006475555244833231], [0.019247807562351227, 0.013620072044432163, 0.015340452082455158, 0.013474284671247005, 0.017428593710064888, 0.025332175195217133, 0.021665675565600395, 0.020822202786803246, 0.013474284671247005, 0.02427799068391323, 0.021665675565600395, 0.018718061968684196, 0.016281144693493843, 0.01996629498898983, 0.014120304957032204, 0.01996629498898983, 0.013474284671247005, 0.013474284671247005, 0.01751449704170227, 