{"premise_tokens": ["He", "founded", "the", "Gestapo", "in", "1933", ",", "and", "later", "gave", "command", "of", "it", "to", "Heinrich", "Himmler", ".", "@@NULL@@"], "hypothesis_tokens": ["Hermann", "Göring", "gave", "command", "of", "the", "Gestapo", "to", "someone", "who", "was", "born", "in", "Germany", ".", "@@NULL@@"], "label_logits": [-1.5883166790008545, 0.9621390700340271, -0.4776737689971924], "label_probs": [0.05934981256723404, 0.760445773601532, 0.18020442128181458], "h2p_attention": [[0.06743384897708893, 0.06810104846954346, 0.048176687210798264, 0.07730034738779068, 0.05553864687681198, 0.07730034738779068, 0.037169478833675385, 0.04242608696222305, 0.04964953660964966, 0.047692179679870605, 0.037242453545331955, 0.04057847708463669, 0.06461044400930405, 0.0561571903526783, 0.07730034738779068, 0.07730034738779068, 0.042573265731334686, 0.03344931825995445], [0.06743384897708893, 0.06810104846954346, 0.048176687210798264, 0.07730034738779068, 0.05553864687681198, 0.07730034738779068, 0.037169478833675385, 0.04242608696222305, 0.04964953660964966, 0.047692179679870605, 0.037242453545331955, 0.04057847708463669, 0.06461044400930405, 0.0561571903526783, 0.07730034738779068, 0.07730034738779068, 0.042573265731334686, 0.03344931825995445], [0.07649736106395721, 0.04680972918868065, 0.03254808112978935, 0.020889220759272575, 0.02763323299586773, 0.020889220759272575, 0.03220922872424126, 0.04234958812594414, 0.06300021708011627, 0.38370344042778015, 0.02319418638944626, 0.026363994926214218, 0.06766591221094131, 0.05350438132882118, 0.020889220759272575, 0.020889220759272575, 0.026312904432415962, 0.014650832861661911], [0.0012124906061217189, 0.00040026349597610533, 0.0003625006938818842, 0.000219761801417917, 0.0009510759846307337, 0.000219761801417917, 0.0004852789279539138, 0.0002662772312760353, 0.0008079987019300461, 0.0003124767972622067, 0.9920936822891235, 0.0005328913102857769, 0.0006950984825380147, 0.00045538635458797216, 0.000219761801417917, 0.000219761801417917, 0.0003482273896224797, 0.00019737909315153956], [0.0986381471157074, 0.08007139712572098, 0.04705088213086128, 0.02477029152214527, 0.050023920834064484, 0.02477029152214527, 0.041976287961006165, 0.04928406700491905, 0.05881675332784653, 0.036742739379405975, 0.05512646213173866, 0.20263823866844177, 0.061353038996458054, 0.0673767551779747, 0.02477029152214527, 0.02477029152214527, 0.03140157833695412, 0.020418446511030197], [0.17479930818080902, 0.029316682368516922, 0.0955999344587326, 0.02590027265250683, 0.05375157296657562, 0.02590027265250683, 0.037671130150556564, 0.04780852049589157, 0.050352852791547775, 0.039950091391801834, 0.03302648663520813, 0.04143809527158737, 0.1670568883419037, 0.07084272801876068, 0.02590027265250683, 0.02590027265250683, 0.03680194541811943, 0.017982691526412964], [0.06743384897708893, 0.06810104846954346, 0.048176687210798264, 0.07730034738779068, 0.05553864687681198, 0.07730034738779068, 0.037169478833675385, 0.04242608696222305, 0.04964953660964966, 0.047692179679870605, 0.037242453545331955, 0.04057847708463669, 0.06461044400930405, 0.0561571903526783, 0.07730034738779068, 0.07730034738779068, 0.042573265731334686, 0.03344931825995445], [0.2530267834663391, 0.03122539259493351, 0.029066406190395355, 0.012387079186737537, 0.03190828114748001, 0.012387079186737537, 0.01612015999853611, 0.025928489863872528, 0.048071447759866714, 0.026944978162646294, 0.017022743821144104, 0.024346590042114258, 0.1841554492712021, 0.23802025616168976, 0.012387079186737537, 0.012387079186737537, 0.01723645254969597, 0.007378206588327885], [0.7040309906005859, 0.002989919390529394, 0.006260572466999292, 0.0017375616589561105, 0.012461253441870213, 0.0017375616589561105, 0.0029020861256867647, 0.003691492835059762, 0.02503163367509842, 0.008690111339092255, 0.0018154495628550649, 0.003359551075845957, 0.17995351552963257, 0.036111019551754, 0.0017375616589561105, 0.0017375616589561105, 0.0048245834186673164, 0.0009276513010263443], [0.30830907821655273, 0.03209584951400757, 0.03769145905971527, 0.01741807907819748, 0.04926947504281998, 0.01741807907819748, 0.03098251111805439, 0.033478569239377975, 0.06637925654649734, 0.04905322566628456, 0.04136696085333824, 0.027529729530215263, 0.14159566164016724, 0.07142610102891922, 0.01741807907819748, 0.01741807907819748, 0.027420686557888985, 0.013729135505855083], [0.21658746898174286, 0.06652897596359253, 0.04812942445278168, 0.029447944834828377, 0.048607949167490005, 0.029447944834828377, 0.03454788029193878, 0.04406847432255745, 0.07268910855054855, 0.0313703827559948, 0.049441076815128326, 0.029819339513778687, 0.1124701127409935, 0.060385994613170624, 0.029447944834828377, 0.029447944834828377, 0.04704692214727402, 0.020515140146017075], [0.25389564037323, 0.03890898451209068, 0.028148936107754707, 0.014171593822538853, 0.2454652488231659, 0.014171593822538853, 0.020949387922883034, 0.020365111529827118, 0.053124915808439255, 0.031777992844581604, 0.06657849997282028, 0.024224694818258286, 0.08068005740642548, 0.052146174013614655, 0.014171593822538853, 0.014171593822538853, 0.018269045278429985, 0.008778920397162437], [0.15334202349185944, 0.06170845031738281, 0.02814818173646927, 0.015635862946510315, 0.3766855001449585, 0.015635862946510315, 0.0207196231931448, 0.02116384543478489, 0.03594077005982399, 0.017761647701263428, 0.045376189053058624, 0.023071130737662315, 0.07951182872056961, 0.040725499391555786, 0.015635862946510315, 0.015635862946510315, 0.023884927853941917, 0.009417027235031128], [0.15898898243904114, 0.046090688556432724, 0.04065319895744324, 0.027290109544992447, 0.04759082570672035, 0.027290109544992447, 0.027823755517601967, 0.03885343670845032, 0.06147940829396248, 0.16840286552906036, 0.018037835136055946, 0.018656570464372635, 0.1671566516160965, 0.0660044252872467, 0.027290109544992447, 0.027290109544992447, 0.020778216421604156, 0.010322768241167068], [0.16717998683452606, 0.04243236407637596, 0.05128666013479233, 0.03189612925052643, 0.06356214731931686, 0.03189612925052643, 0.03342537581920624, 0.048623718321323395, 0.06038053706288338, 0.04500853270292282, 0.04421301186084747, 0.03854048252105713, 0.117311030626297, 0.05854441598057747, 0.03189612925052643, 0.03189612925052643, 0.07684686779975891, 0.025060420855879784], [0.055555541068315506, 0.055555541068315506, 0.055555541068315506, 0.055555541068315506, 0.055555541068315506, 0.055555541068315506, 0.055555541068315506, 0.055555541068315506, 0.055555541068315506, 0.055555541068315506, 0.055555541068315506, 0.055555541068315506, 0.055555541068315506, 0.055555541068315506, 0.055555541068315506, 0.055555541068315506, 0.055555541068315506, 0.055555541068315506]],