{"premise_tokens": ["Stoney", "is", "the", "debut", "studio", "album", "by", "American", "hip", "hop", "recording", "artist", "Post", "Malone", ".", "@@NULL@@"], "hypothesis_tokens": ["Stoney", "is", "the", "first", "album", "by", "Post", "Malone", ".", "@@NULL@@"], "label_logits": [-0.5491674542427063, 1.6992979049682617, -1.5602362155914307], "label_probs": [0.09227632731199265, 0.874150812625885, 0.033572886139154434], "h2p_attention": [[0.9689286351203918, 0.007057466544210911, 0.001250948989763856, 0.0022328731138259172, 0.0020136290695518255, 0.0008529247133992612, 0.0020805185195058584, 0.002833691891282797, 0.0009291810565628111, 0.0012083894107490778, 0.0019017443992197514, 0.0012676536571234465, 0.004612998105585575, 0.0007157531217671931, 0.0014887298457324505, 0.0006249835132621229], [0.05242392420768738, 0.572529673576355, 0.026867829263210297, 0.0594722218811512, 0.014966440387070179, 0.015498769469559193, 0.09257455915212631, 0.01348174549639225, 0.013902171514928341, 0.015714121982455254, 0.02628626860678196, 0.02327186055481434, 0.041238922625780106, 0.008355527184903622, 0.018773607909679413, 0.004642472602427006], [0.049182068556547165, 0.1422063410282135, 0.13062871992588043, 0.06385922431945801, 0.05179348215460777, 0.03500470519065857, 0.0633588433265686, 0.057001352310180664, 0.05890652537345886, 0.059681810438632965, 0.07024122774600983, 0.05197804793715477, 0.05590898171067238, 0.03539039567112923, 0.05028654634952545, 0.024571729823946953], [0.0701075866818428, 0.14849723875522614, 0.036051683127880096, 0.18824923038482666, 0.03070203587412834, 0.07011371850967407, 0.10083169490098953, 0.031773436814546585, 0.021784335374832153, 0.025457492098212242, 0.07988078892230988, 0.056885719299316406, 0.09834396839141846, 0.012385183945298195, 0.02011013776063919, 0.008825781755149364], [0.0003311193722765893, 0.0008100098930299282, 0.0003456472186371684, 0.002365582389757037, 0.0015724413096904755, 0.9482547044754028, 0.0009362342534586787, 0.0010335390688851476, 0.0011621011653915048, 0.0012887322809547186, 0.00424062879756093, 0.03582629933953285, 0.0007584651466459036, 0.0003912402899004519, 0.000440616364357993, 0.00024262887018267065], [0.004857747815549374, 0.029098743572831154, 0.0037627331912517548, 0.008315847255289555, 0.003422046545892954, 0.005630849860608578, 0.9033828973770142, 0.008140015415847301, 0.003110719844698906, 0.002936931326985359, 0.007514246739447117, 0.00807068683207035, 0.005138188600540161, 0.0019825459457933903, 0.003176417201757431, 0.0014592574443668127], [0.0023309129755944014, 0.002805235330015421, 0.0007185502327047288, 0.0033959555439651012, 0.0010949107818305492, 0.0009871984366327524, 0.0011119606206193566, 0.0022883820347487926, 0.0009463535388931632, 0.0019760187715291977, 0.0006755847716704011, 0.0010389582021161914, 0.9791560769081116, 0.0005053679342381656, 0.0006527267396450043, 0.0003157994069624692], [0.0417349711060524, 0.0655888095498085, 0.052487391978502274, 0.07771822810173035, 0.06785091757774353, 0.05876333639025688, 0.04951043054461479, 0.07616160064935684, 0.07632309943437576, 0.07379606366157532, 0.08044011145830154, 0.05426535755395889, 0.0583178736269474, 0.08421695232391357, 0.0463825948536396, 0.036442264914512634], [0.06947962939739227, 0.1179528757929802, 0.05969337746500969, 0.07516837865114212, 0.061958588659763336, 0.05296977981925011, 0.06349153816699982, 0.0412164069712162, 0.0584174208343029, 0.051980696618556976, 0.07605691999197006, 0.05559047684073448, 0.060287900269031525, 0.037124425172805786, 0.08944332599639893, 0.029168233275413513], [0.0625, 0.0625, 0.0625, 0.0625, 0.0625, 0.0625, 0.0625, 0.0625, 0.0625, 0.0625, 0.0625, 0.0625, 0.0625, 0.0625, 0.0625, 0.0625]], "p2h_attention": [[0.9761742949485779, 0.007110242266207933, 0.001260303659364581, 0.005001680459827185, 0.0008593028760515153, 0.0020960767287760973, 0.004647494293749332, 0.0007211055490188301, 0.0014998625265434384, 0.0006296571809798479], [0.057544417679309845, 0.628451406955719, 0.02949213795363903, 0.08574093133211136, 0.01701260916888714, 0.101616770029068, 0.045266930013895035, 0.009171651676297188, 0.020607315003871918, 0.005095925647765398], [0.0715990737080574, 0.20702345669269562, 0.19016879796981812, 0.14611968398094177, 0.050959717482328415, 0.09223756939172745, 0.0813920870423317, 0.05152120441198349, 0.07320696860551834, 0.035771433264017105], [0.04946736618876457, 0.17737320065498352, 0.035984136164188385, 0.2953270673751831, 0.13499531149864197, 0.07890380173921585, 0.1488928645849228, 0.029528452083468437, 0.03568192943930626, 0.013845964334905148], [0.10991974920034409, 0.10998517274856567, 0.071912482380867, 0.11868037283420563, 0.22110413014888763, 0.08000534027814865, 0.11828573793172836, 0.06352069973945618, 0.07246968895196915, 0.034116536378860474], [0.00034692601184360683, 0.0008486773003824055, 0.000362147344276309, 0.0020195029210299253, 0.9935214519500732, 0.0009809272596612573, 0.0007946719415485859, 0.0004099168872926384, 0.0004616500227712095, 0.0002542112488299608], [0.004981482867151499, 0.02983994036912918, 0.0038585765287280083, 0.017096195369958878, 0.005774277728050947, 0.9263936877250671, 0.005269067361950874, 0.0020330450497567654, 0.003257326316088438, 0.0014964273432269692], [0.12974703311920166, 0.08310172706842422, 0.06638389080762863, 0.10302065312862396, 0.12189830094575882, 0.15962712466716766, 0.20736262202262878, 0.059805892407894135, 0.04043647646903992, 0.02861628867685795], [0.0610264390707016, 0.12291913479566574, 0.09840426594018936, 0.10131584852933884, 0.1966019570827484, 0.08750143647193909, 0.12300658971071243, 0.0859680101275444, 0.08220884948968887, 0.04104745760560036], [0.06662528961896896, 0.11663839221000671, 0.08369643241167068, 0.09939466416835785, 0.183029443025589, 0.06935258954763412, 0.21561570465564728, 0.06977961212396622, 0.06140909343957901, 0.034458842128515244], [0.05943596363067627, 0.11059744656085968, 0.055836983025074005, 0.1767888218164444, 0.34139204025268555, 0.10058172792196274, 0.04178633168339729, 0.04311545565724373, 0.05093241482973099, 0.01953285001218319], [0.011493326164782047, 0.028405042365193367, 0.011986649595201015, 0.036522772163152695, 0.8367065191268921, 0.03133951500058174, 0.01864233985543251, 0.008437832817435265, 0.010799508541822433, 0.005666484124958515], [0.0023494677152484655, 0.0028275656513869762, 0.0007242700085043907, 0.0035469033755362034, 0.000995056820102036, 0.0011208121431991458, 0.9869503378868103, 0.0005093907820992172, 0.000657922588288784, 0.0003183132503181696], [0.07663644105195999, 0.12043839693069458, 0.09638074040412903, 0.0939052551984787, 0.10790502279996872, 0.09091424196958542, 0.10708704590797424, 0.15464459359645844, 0.08517070859670639, 0.06691763550043106], [0.10754147171974182, 0.1825689971446991, 0.09239418804645538, 0.1028704047203064, 0.08198731392621994, 0.09827302396297455, 0.09331439435482025, 0.05746166780591011, 0.1384415477514267, 0.04514697194099426], [0.09999998658895493, 0.09999998658895493, 0.09999998658895493, 0.09999998658895493, 0.09999998658895493, 0.09999998658895493, 0.09999998658895493, 0.09999998658895493, 0.09999998658895493, 0.09999998658895493]], "claim": "Stoney is the first album by Post Malone.", "premise_source_doc_id": "Stoney_-LRB-album-RRB-", "premise_source_doc_line_num": 0, "premise_source_doc_sentence": "Stoney is the debut studio album by American hip hop recording artist Post Malone ."}
{"premise_tokens": ["It", "was", "released", "on", "November", "4", ",", "2016", ",", "by", "Republic", "Records", "as", "the", "first", "promotional", "single", "from", "his", "debut", "studio", "album", ",", "Stoney", ".", "@@NULL@@"], "hypothesis_tokens": ["Stoney", "is", "the", "first", "album", "by", "Post", "Malone", ".", "@@NULL@@"], "label_logits": [-0.6989318132400513, 0.8200402855873108, -0.5369011163711548], "label_probs": [0.14829261600971222, 0.6773306727409363, 0.1743767261505127],