{"premise_tokens": ["Naughty", "Dog", "developed", "three", "Crash", "Bandicoot", "sequels", "over", "the", "next", "several", "years", ".", "@@NULL@@"], "hypothesis_tokens": ["Naughty", "Dog", "developed", "three", "sequels", "to", "The", "Shining", ".", "@@NULL@@"], "label_logits": [1.9636656045913696, -0.5222246050834656, -3.5222558975219727], "label_probs": [0.9196280837059021, 0.07656034082174301, 0.0038115959614515305], "h2p_attention": [[0.8511515259742737, 0.046206869184970856, 0.01790311001241207, 0.006488051265478134, 0.018484730273485184, 0.006106110289692879, 0.006106110289692879, 0.006539253052324057, 0.005481429863721132, 0.007684413809329271, 0.007683805655688047, 0.008848346769809723, 0.007289937697350979, 0.004026275593787432], [0.001630741753615439, 0.9888983368873596, 0.0009937940631061792, 0.00041516232886351645, 0.003318730741739273, 0.00027083553140982985, 0.00027083553140982985, 0.00050108612049371, 0.0003384091833140701, 0.0014932786580175161, 0.0006009247153997421, 0.0007756874547339976, 0.00035007199039682746, 0.00014209610526449978], [0.010568520985543728, 0.016622772440314293, 0.9202911257743835, 0.003282262710854411, 0.004903888795524836, 0.003327431157231331, 0.003327431157231331, 0.003874501446262002, 0.0037671434693038464, 0.008047578856348991, 0.007272509858012199, 0.007320701610296965, 0.005017426796257496, 0.0023767813108861446], [0.0011598169803619385, 0.0021028798073530197, 0.0009939461015164852, 0.9563897848129272, 0.0017305986257269979, 0.0007923530065454543, 0.0007923530065454543, 0.003913064952939749, 0.001544178114272654, 0.006883461493998766, 0.004969654604792595, 0.016589734703302383, 0.0014184527099132538, 0.0007197450613602996], [0.06950769573450089, 0.08735648542642593, 0.06416403502225876, 0.05045587942004204, 0.10749036073684692, 0.1059170812368393, 0.1059170812368393, 0.06073879450559616, 0.06601178646087646, 0.060366347432136536, 0.05605838820338249, 0.061849772930145264, 0.05833396688103676, 0.0458323210477829], [0.03167767450213432, 0.17919157445430756, 0.05554492771625519, 0.07234237343072891, 0.06713099777698517, 0.030297623947262764, 0.030297623947262764, 0.08929844200611115, 0.07109368592500687, 0.16393715143203735, 0.05536053702235222, 0.09362224489450455, 0.042158741503953934, 0.018046395853161812], [0.043589044362306595, 0.07625124603509903, 0.050746966153383255, 0.06869193911552429, 0.10640588402748108, 0.046114418655633926, 0.046114418655633926, 0.06282883137464523, 0.17021194100379944, 0.09843013435602188, 0.06465930491685867, 0.06841404736042023, 0.06552442908287048, 0.032017480581998825], [0.06728216260671616, 0.07661628723144531, 0.08385463804006577, 0.04739147424697876, 0.09470454603433609, 0.06457463651895523, 0.06457463651895523, 0.1053638607263565, 0.07003872841596603, 0.07807222008705139, 0.07217828184366226, 0.081821970641613, 0.060523197054862976, 0.033003248274326324], [0.06389602273702621, 0.08694177120923996, 0.07449808716773987, 0.06954876333475113, 0.09910454601049423, 0.04491620510816574, 0.04491620510816574, 0.06983882933855057, 0.07222198694944382, 0.08409396559000015, 0.058876484632492065, 0.08764112740755081, 0.10821593552827835, 0.03529014438390732], [0.0714285671710968, 0.0714285671710968, 0.0714285671710968, 0.0714285671710968, 0.0714285671710968, 0.0714285671710968, 0.0714285671710968, 0.0714285671710968, 0.0714285671710968, 0.0714285671710968, 0.0714285671710968, 0.0714285671710968, 0.0714285671710968, 0.0714285671710968]], "p2h_attention": [[0.8866817951202393, 0.04813572019338608, 0.01865045353770256, 0.006758887320756912, 0.006361002568155527, 0.007362534757703543, 0.005710245575755835, 0.00855081994086504, 0.007594251539558172, 0.004194348119199276], [0.0016392985126003623, 0.9940872192382812, 0.0009990086546167731, 0.00041734075057320297, 0.0002722566423472017, 0.001418345607817173, 0.0003401848371140659, 0.00033160357270389795, 0.00035190884955227375, 0.00014284170174505562], [0.010799546726047993, 0.016986144706606865, 0.9404085278511047, 0.0033540125004947186, 0.0034001683816313744, 0.007475399412214756, 0.0038494926411658525, 0.006170934997498989, 0.0051271067932248116, 0.002428737236186862], [0.0011968722101300955, 0.0021700651850551367, 0.0010257018730044365, 0.9869456887245178, 0.0008176680421456695, 0.0029774142894893885, 0.0015935134142637253, 0.0010665485169738531, 0.0014637705171480775, 0.0007427403470501304], [0.09469803422689438, 0.48174938559532166, 0.04255814477801323, 0.04959625005722046, 0.048375897109508514, 0.07672978192567825, 0.06855037808418274, 0.05918961018323898, 0.05792573466897011, 0.020626774057745934], [0.09732216596603394, 0.12231339514255524, 0.08984016627073288, 0.0706465020775795, 0.14830127358436584, 0.10773798078298569, 0.0924273207783699, 0.12556135654449463, 0.08167711645364761, 0.06417275965213776], [0.09732216596603394, 0.12231339514255524, 0.08984016627073288, 0.0706465020775795, 0.14830127358436584, 0.10773798078298569, 0.0924273207783699, 0.12556135654449463, 0.08167711645364761, 0.06417275965213776], [0.0610012523829937, 0.13244765996932983, 0.061226677149534225, 0.2041984349489212, 0.049774669110774994, 0.18585211038589478, 0.07370313256978989, 0.11990823596715927, 0.07432888448238373, 0.03755900263786316], [0.05833441764116287, 0.10204564034938812, 0.0679137259721756, 0.09192916005849838, 0.06171407550573349, 0.16880108416080475, 0.22779150307178497, 0.09093187749385834, 0.08769012242555618, 0.04284840077161789], [0.04280134662985802, 0.2356724739074707, 0.07593224942684174, 0.21447589993476868, 0.029537463560700417, 0.20372162759304047, 0.06894315779209137, 0.05305056273937225, 0.05343940854072571, 0.02242591418325901], [0.06998830288648605, 0.15509237349033356, 0.11221415549516678, 0.2532212436199188, 0.044856078922748566, 0.1125025674700737, 0.07406216859817505, 0.08020517230033875, 0.06118444725871086, 0.036673519760370255], [0.04538455232977867, 0.11273380368947983, 0.06360818445682526, 0.4760036766529083, 0.027868641540408134, 0.10713667422533035, 0.04412733390927315, 0.05119914934039116, 0.05128662288188934, 0.020651401951909065], [0.09093079715967178, 0.12372735142707825, 0.10601866990327835, 0.0989752858877182, 0.0639205202460289, 0.11732426285743713, 0.1027795597910881, 0.09209918230772018, 0.15400274097919464, 0.05022161081433296], [0.09999998658895493, 0.09999998658895493, 0.09999998658895493, 0.09999998658895493, 0.09999998658895493, 0.09999998658895493, 0.09999998658895493, 0.09999998658895493, 0.09999998658895493, 0.09999998658895493]], "claim": "Naughty Dog developed three sequels to The Shining.", "premise_source_doc_id": "Naughty_Dog", "premise_source_doc_line_num": 8, "premise_source_doc_sentence": "Naughty Dog developed three Crash Bandicoot sequels over the next several years ."}
