{"premise_tokens": ["He", "worked", "in", "a", "variety", "of", "genres", ",", "including", "fantasy", ",", "science", "fiction", ",", "horror", "and", "mystery", "fiction", ".", "@@NULL@@"], "hypothesis_tokens": ["Ray", "Bradbury", "worked", "in", "a", "plethora", "of", "genres", ".", "@@NULL@@"], "label_logits": [0.22979626059532166, -2.1879684925079346, 0.2059057056903839], "label_probs": [0.48414120078086853, 0.04314696043729782, 0.47271186113357544], "h2p_attention": [[0.05816550925374031, 0.03822322562336922, 0.03687775880098343, 0.0487772673368454, 0.060005735605955124, 0.03828424960374832, 0.03827475383877754, 0.040325287729501724, 0.1149703711271286, 0.10002096742391586, 0.040325287729501724, 0.04974975064396858, 0.04622334986925125, 0.040325287729501724, 0.04725531488656998, 0.036745257675647736, 0.051852740347385406, 0.04622334986925125, 0.03762545809149742, 0.0297490656375885], [0.07110048085451126, 0.049095530062913895, 0.05855849012732506, 0.04825805872678757, 0.04189005121588707, 0.042784884572029114, 0.08150345832109451, 0.03919052332639694, 0.04300921410322189, 0.05937724560499191, 0.03919052332639694, 0.055048517882823944, 0.04074246808886528, 0.03919052332639694, 0.06879881769418716, 0.0447329543530941, 0.056629665195941925, 0.04074246808886528, 0.04488813132047653, 0.035268086940050125], [0.10757375508546829, 0.6135331988334656, 0.021274065598845482, 0.017157312482595444, 0.032210055738687515, 0.007726513780653477, 0.005256068892776966, 0.011399566195905209, 0.024211615324020386, 0.03747427463531494, 0.011399566195905209, 0.019652731716632843, 0.014425141736865044, 0.011399566195905209, 0.008559754118323326, 0.01586059108376503, 0.014820602722465992, 0.014425141736865044, 0.007864736020565033, 0.003775730263441801], [0.12648920714855194, 0.04376789182424545, 0.31072142720222473, 0.03730237856507301, 0.0396810881793499, 0.01903098076581955, 0.012897755019366741, 0.017091263085603714, 0.029128465801477432, 0.07287756353616714, 0.017091263085603714, 0.034066639840602875, 0.02873329073190689, 0.017091263085603714, 0.07525172829627991, 0.017457695677876472, 0.04511663317680359, 0.02873329073190689, 0.019702278077602386, 0.007767944596707821], [0.12084595859050751, 0.05625937879085541, 0.05945344641804695, 0.16874802112579346, 0.053330689668655396, 0.03345339000225067, 0.016940828412771225, 0.033873025327920914, 0.06813757866621017, 0.06374046951532364, 0.033873025327920914, 0.031042102724313736, 0.0281088724732399, 0.033873025327920914, 0.06105642765760422, 0.03663315623998642, 0.03568737581372261, 0.0281088724732399, 0.024453599005937576, 0.012380742467939854], [0.042169827967882156, 0.07365233451128006, 0.030743271112442017, 0.03221775218844414, 0.1494572013616562, 0.018590020015835762, 0.013639720156788826, 0.02154417149722576, 0.11484325677156448, 0.1530689001083374, 0.02154417149722576, 0.028424985706806183, 0.08083957433700562, 0.02154417149722576, 0.024586087092757225, 0.018593499436974525, 0.043413400650024414, 0.08083957433700562, 0.017898503690958023, 0.012389647774398327], [0.09509699046611786, 0.040283508598804474, 0.04822804033756256, 0.05319098383188248, 0.03724963590502739, 0.19536343216896057, 0.02388102561235428, 0.04046931490302086, 0.061008188873529434, 0.06344794481992722, 0.04046931490302086, 0.03327152132987976, 0.026216929778456688, 0.04046931490302086, 0.039847683161497116, 0.047514744102954865, 0.03781495988368988, 0.026216929778456688, 0.030274247750639915, 0.01968541368842125], [0.07110048085451126, 0.049095530062913895, 0.05855849012732506, 0.04825805872678757, 0.04189005121588707, 0.042784884572029114, 0.08150345832109451, 0.03919052332639694, 0.04300921410322189, 0.05937724560499191, 0.03919052332639694, 0.055048517882823944, 0.04074246808886528, 0.03919052332639694, 0.06879881769418716, 0.0447329543530941, 0.056629665195941925, 0.04074246808886528, 0.04488813132047653, 0.035268086940050125], [0.16260172426700592, 0.05077061802148819, 0.061821479350328445, 0.048142120242118835, 0.04602913185954094, 0.037485040724277496, 0.03102264553308487, 0.03251001611351967, 0.044321559369564056, 0.04482647404074669, 0.03251001611351967, 0.043594155460596085, 0.03807681426405907, 0.03251001611351967, 0.0524919368326664, 0.04729214310646057, 0.05680089443922043, 0.03807681426405907, 0.0747423991560936, 0.024374134838581085], [0.04999999329447746, 0.04999999329447746, 0.04999999329447746, 0.04999999329447746, 0.04999999329447746, 0.04999999329447746, 0.04999999329447746, 0.04999999329447746, 0.04999999329447746, 0.04999999329447746, 0.04999999329447746, 0.04999999329447746, 0.04999999329447746, 0.04999999329447746, 0.04999999329447746, 0.04999999329447746, 0.04999999329447746, 0.04999999329447746, 0.04999999329447746, 0.04999999329447746]],