{"premise_tokens": ["Imperial", "Dreams", "is", "an", "American", "drama", "film", "written", "and", "directed", "by", "Malik", "Vitthal", ".", "@@NULL@@"], "hypothesis_tokens": ["Imperial", "Dreams", "is", "written", "by", "Suisi", "Sopoiuo", ".", "@@NULL@@"], "label_logits": [1.7184804677963257, 1.6059695482254028, -4.344986915588379], "label_probs": [0.5274500846862793, 0.4713228642940521, 0.0012270178413018584], "h2p_attention": [[0.08742345869541168, 0.09108634293079376, 0.06808605790138245, 0.05723382532596588, 0.07906140387058258, 0.0671902745962143, 0.07222389429807663, 0.057867854833602905, 0.04798213765025139, 0.05962405353784561, 0.05139550939202309, 0.08742345869541168, 0.08742344379425049, 0.04814858362078667, 0.03782978281378746], [0.005246356595307589, 0.875190794467926, 0.008222860284149647, 0.013759369030594826, 0.012059297412633896, 0.02596317045390606, 0.014653080143034458, 0.0057142795994877815, 0.0048508006148040295, 0.006300715263932943, 0.009537415578961372, 0.005246356595307589, 0.005246356595307589, 0.0058302911929786205, 0.002178905298933387], [0.008153805509209633, 0.017097020521759987, 0.5587075352668762, 0.08509404212236404, 0.013156265020370483, 0.028500236570835114, 0.0174702275544405, 0.0258200541138649, 0.014238972216844559, 0.1022639274597168, 0.09033960849046707, 0.008153805509209633, 0.008153805509209633, 0.01832037791609764, 0.004530393052846193], [0.00038199653499759734, 0.0006549060344696045, 0.0014232371468096972, 0.001352981897071004, 0.0008167637279257178, 0.0011086962185800076, 0.0007696320535615087, 0.9853386282920837, 0.0006525939097627997, 0.004174088127911091, 0.001932057784870267, 0.00038199653499759734, 0.0003819963603746146, 0.00038061142549850047, 0.00024972143000923097], [0.0018068060744553804, 0.005821199622005224, 0.026519326493144035, 0.013216455467045307, 0.0074184550903737545, 0.003015461377799511, 0.003061848459765315, 0.010289265774190426, 0.0025439076125621796, 0.09516514837741852, 0.8233038187026978, 0.0018068060744553804, 0.0018068060744553804, 0.0028948483522981405, 0.0013299036072567105], [0.08742345869541168, 0.09108634293079376, 0.06808605790138245, 0.05723382532596588, 0.07906140387058258, 0.0671902745962143, 0.07222389429807663, 0.057867854833602905, 0.04798213765025139, 0.05962405353784561, 0.05139550939202309, 0.08742345869541168, 0.08742344379425049, 0.04814858362078667, 0.03782978281378746], [0.08742345124483109, 0.09108635038137436, 0.06808606535196304, 0.05723382160067558, 0.07906137406826019, 0.0671902745962143, 0.07222389429807663, 0.05786785110831261, 0.04798213019967079, 0.05962404981255531, 0.05139550939202309, 0.08742345124483109, 0.08742344379425049, 0.04814858362078667, 0.03782978653907776], [0.03916560113430023, 0.08233929425477982, 0.12443820387125015, 0.08509396761655807, 0.043482571840286255, 0.11646490544080734, 0.06648579984903336, 0.04690089449286461, 0.05970560014247894, 0.0654764324426651, 0.06698243319988251, 0.03916560113430023, 0.03916560113430023, 0.09436111897230148, 0.030771959573030472], [0.06666667014360428, 0.06666667014360428, 0.06666667014360428, 0.06666667014360428, 0.06666667014360428, 0.06666667014360428, 0.06666667014360428, 0.06666667014360428, 0.06666667014360428, 0.06666667014360428, 0.06666667014360428, 0.06666667014360428, 0.06666667014360428, 0.06666667014360428, 0.06666667014360428]], "p2h_attention": [[0.14176365733146667, 0.14770330488681793, 0.11040662229061127, 0.09383703768253326, 0.08334165066480637, 0.14176365733146667, 0.14176364243030548, 0.07807651907205582, 0.06134381517767906], [0.005687639582902193, 0.948805034160614, 0.008914503268897533, 0.006194920279085636, 0.010339627973735332, 0.005687639582902193, 0.005687639582902193, 0.006320689804852009, 0.0023621779400855303], [0.0110294409096241, 0.023126695305109024, 0.7557491660118103, 0.03492611646652222, 0.12220004200935364, 0.0110294409096241, 0.0110294409096241, 0.024781500920653343, 0.006128144916146994], [0.031029565259814262, 0.12951406836509705, 0.3852299451828003, 0.11112014949321747, 0.20382225513458252, 0.031029565259814262, 0.031029565259814262, 0.05671531334519386, 0.02050958015024662], [0.08047368377447128, 0.2131115049123764, 0.11182011663913727, 0.12594002485275269, 0.21479125320911407, 0.08047368377447128, 0.0804736465215683, 0.05441056191921234, 0.038505539298057556], [0.050707362592220306, 0.34018704295158386, 0.17960195243358612, 0.1267520934343338, 0.06473395228385925, 0.050707362592220306, 0.05070735141634941, 0.10805337131023407, 0.028549494221806526], [0.07681704312562943, 0.2705833315849304, 0.1551576554775238, 0.12400458753108978, 0.09263478219509125, 0.07681704312562943, 0.07681704312562943, 0.08693293482065201, 0.04023560881614685], [0.0003854170790873468, 0.0006607702234759927, 0.0014359811320900917, 0.9941616654396057, 0.001949358033016324, 0.0003854170790873468, 0.00038541690446436405, 0.00038401957135647535, 0.00025195753551088274], [0.07622067630290985, 0.13378332555294037, 0.18887300789356232, 0.15704146027565002, 0.11494981497526169, 0.07622067630290985, 0.07622066885232925, 0.11659689992666245, 0.06009344011545181], [0.01296214945614338, 0.023781584575772285, 0.18564186990261078, 0.13746590912342072, 0.5885008573532104, 0.01296214945614338, 0.012962146662175655, 0.01749924011528492, 0.008224118500947952], [0.002063556108623743, 0.006648401729762554, 0.030287766829133034, 0.011751387268304825, 0.9402966499328613, 0.002063556108623743, 0.002063556108623743, 0.003306211205199361, 0.001518885139375925], [0.14176365733146667, 0.14770330488681793, 0.11040662229061127, 0.09383703768253326, 0.08334165066480637, 0.14176365733146667, 0.14176364243030548, 0.07807651907205582, 0.06134381517767906], [0.14176365733146667, 0.14770331978797913, 0.11040663719177246, 0.09383704513311386, 0.08334165811538696, 0.14176365733146667, 0.14176364243030548, 0.07807652652263641, 0.06134382262825966], [0.06952999532222748, 0.14617548882961273, 0.22091293334960938, 0.08326232433319092, 0.1189127266407013, 0.06952999532222748, 0.06952999532222748, 0.16751761734485626, 0.05462891235947609], [0.1111111119389534, 0.1111111119389534, 0.1111111119389534, 0.1111111119389534, 0.1111111119389534, 0.1111111119389534, 0.1111111119389534, 0.1111111119389534, 0.1111111119389534]], "claim": "Imperial Dreams is written by Suisi Sopoiuo.", "premise_source_doc_id": "Imperial_Dreams", "premise_source_doc_line_num": 0, "premise_source_doc_sentence": "Imperial Dreams is an American drama film written and directed by Malik Vitthal ."}
