{"premise_tokens": ["The", "Babadook", "is", "a", "2014", "Australian", "-", "Canadian", "psychological", "horror", "film", "written", "and", "directed", "by", "Jennifer", "Kent", "in", "her", "directorial", "debut", ",", "and", "produced", "by", "Kristina", "Ceyton", "and", "Kristian", "Moliere", ".", "@@NULL@@"], "hypothesis_tokens": ["The", "Babadook", "is", "a", "movie", ".", "@@NULL@@"], "label_logits": [2.299558401107788, -0.771539032459259, -2.1990926265716553], "label_probs": [0.9456316232681274, 0.043849166482686996, 0.010519199073314667], "h2p_attention": [[0.07332246005535126, 0.019864782691001892, 0.07982103526592255, 0.042309463024139404, 0.017931899055838585, 0.0330989733338356, 0.01660701259970665, 0.022768286988139153, 0.019864782691001892, 0.028793415054678917, 0.032805733382701874, 0.02597956918179989, 0.03666779398918152, 0.03739365190267563, 0.03556359186768532, 0.02605053037405014, 0.02815905585885048, 0.04122595116496086, 0.033230531960725784, 0.019864782691001892, 0.035844456404447556, 0.028892697766423225, 0.03666779398918152, 0.03356282413005829, 0.03556359186768532, 0.019864782691001892, 0.019864782691001892, 0.03666779398918152, 0.019864782691001892, 0.019864782691001892, 0.028226055204868317, 0.013792218640446663], [0.02593308314681053, 0.04161009192466736, 0.03240625560283661, 0.024637261405587196, 0.03690303862094879, 0.045567337423563004, 0.021354427561163902, 0.037272024899721146, 0.04161009192466736, 0.03512397035956383, 0.03437570109963417, 0.027542797848582268, 0.02283758670091629, 0.028378678485751152, 0.024462217465043068, 0.022310713306069374, 0.02577141486108303, 0.029895959421992302, 0.03072327934205532, 0.04161009192466736, 0.03839918598532677, 0.02000800147652626, 0.02283758670091629, 0.033766619861125946, 0.024462217465043068, 0.04161009192466736, 0.04161009192466736, 0.02283758670091629, 0.04161009192466736, 0.04161009192466736, 0.02291681058704853, 0.01800547167658806], [0.019321313127875328, 0.006008663680404425, 0.4117200970649719, 0.018522026017308235, 0.010490969754755497, 0.016246246173977852, 0.005107997450977564, 0.009268111549317837, 0.006008663680404425, 0.010089721530675888, 0.012874077074229717, 0.019027194008231163, 0.010492916218936443, 0.07535985112190247, 0.0665726363658905, 0.01702847145497799, 0.019031794741749763, 0.03445633500814438, 0.026910843327641487, 0.006008663680404425, 0.042767930775880814, 0.00937412679195404, 0.010492916218936443, 0.018879011273384094, 0.0665726363658905, 0.006008663680404425, 0.006008663680404425, 0.010492916218936443, 0.006008663680404425, 0.006008663680404425, 0.01350056380033493, 0.0033385157585144043], [0.029581183567643166, 0.013194718398153782, 0.053499188274145126, 0.1314329355955124, 0.023101352155208588, 0.026133112609386444, 0.015435563400387764, 0.04816139116883278, 0.013194718398153782, 0.04755507782101631, 0.04484713077545166, 0.03189590200781822, 0.02853250317275524, 0.025063198059797287, 0.0356425866484642, 0.02628183178603649, 0.02844846248626709, 0.04630656540393829, 0.03456489369273186, 0.013194718398153782, 0.0384073406457901, 0.02638271637260914, 0.02853250317275524, 0.0449671633541584, 0.0356425866484642, 0.013194718398153782, 0.013194718398153782, 0.02853250317275524, 0.013194718398153782, 0.013194718398153782, 0.019046198576688766, 0.009643000550568104], [0.0028089529369026423, 0.0022230653557926416, 0.004553508013486862, 0.00599427055567503, 0.003027361584827304, 0.00616591889411211, 0.0015041774604469538, 0.003512733615934849, 0.0022230653557926416, 0.03800802677869797, 0.8574081659317017, 0.005781467072665691, 0.0019950729329138994, 0.00750773074105382, 0.0036839402746409178, 0.0019425882492214441, 0.0019123635720461607, 0.010032560676336288, 0.003092482453212142, 0.0022230653557926416, 0.00637164618819952, 0.0017094197683036327, 0.0019950729329138994, 0.005777925718575716, 0.0036839402746409178, 0.0022230653557926416, 0.0022230653557926416, 0.0019950729329138994, 0.0022230653557926416, 0.0022230653557926416, 0.0027084751054644585, 0.0012656778562813997], [0.033622562885284424, 0.02091049961745739, 0.0664374902844429, 0.03244970738887787, 0.03449876233935356, 0.026411863043904305, 0.01772482320666313, 0.02098955400288105, 0.02091049961745739, 0.035381659865379333, 0.03549673408269882, 0.025040363892912865, 0.03187679126858711, 0.03495782986283302, 0.035761892795562744, 0.030719924718141556, 0.030230842530727386, 0.041670139878988266, 0.05499092862010002, 0.02091049961745739, 0.04233893007040024, 0.02191304601728916, 0.03187679126858711, 0.03478869050741196, 0.035761892795562744, 0.02091049961745739, 0.02091049961745739, 0.03187679126858711, 0.02091049961745739, 0.02091049961745739, 0.05037935823202133, 0.01642913930118084], [0.03125, 0.03125, 0.03125, 0.03125, 0.03125, 0.03125, 0.03125, 0.03125, 0.03125, 0.03125, 0.03125, 0.03125, 0.03125, 0.03125, 0.03125, 0.03125, 0.03125, 0.03125, 0.03125, 0.03125, 0.03125, 0.03125, 0.03125, 0.03125, 0.03125, 0.03125, 0.03125, 0.03125, 0.03125, 0.03125, 0.03125, 0.03125]],