{"premise_tokens": ["During", "the", "American", "Revolutionary", "War", ",", "the", "British", "troops", "occupied", "New", "York", "City", "in", "1776", ".", "@@NULL@@"], "hypothesis_tokens": ["The", "British", "occupied", "New", "York", "City", "in", "the", "course", "of", "the", "American", "Revolutionary", "War", ".", "@@NULL@@"], "label_logits": [2.406188726425171, -0.512525737285614, -3.645129919052124], "label_probs": [0.9466489553451538, 0.051121942698955536, 0.0022291261702775955], "h2p_attention": [[0.04777102917432785, 0.1267702579498291, 0.05531767010688782, 0.0315527617931366, 0.03949208930134773, 0.04995378479361534, 0.1267702579498291, 0.04820750653743744, 0.08151601254940033, 0.0544770248234272, 0.04504404962062836, 0.04733656719326973, 0.06752151995897293, 0.07127726078033447, 0.03434504568576813, 0.048801202327013016, 0.023845942690968513], [1.1232918041059747e-05, 9.888060048979241e-06, 0.009807627648115158, 3.5068929719273e-05, 7.482522505597444e-06, 1.1102474672952667e-05, 9.888060048979241e-06, 0.9898577332496643, 0.00016107416013255715, 8.509477993356995e-06, 2.4840119294822216e-05, 1.3078469237370882e-05, 9.20850652619265e-06, 1.3237770872365218e-05, 9.239144674211275e-06, 5.969138328509871e-06, 4.891151093033841e-06], [0.016193872317671776, 0.013803836889564991, 0.0120746660977602, 0.02789328061044216, 0.014993332326412201, 0.007768730167299509, 0.013803836889564991, 0.010512178763747215, 0.021688714623451233, 0.6800270676612854, 0.015001642517745495, 0.03210343047976494, 0.0539684034883976, 0.05104432627558708, 0.013039828278124332, 0.010040543973445892, 0.006042281165719032], [0.0034256919752806425, 0.0018001069547608495, 0.004481636919081211, 0.002021578373387456, 0.0015985026257112622, 0.001993404235690832, 0.0018001069547608495, 0.004839692264795303, 0.005017914809286594, 0.0023659917060285807, 0.8922920227050781, 0.04599543660879135, 0.02269853465259075, 0.005134131759405136, 0.0015965914353728294, 0.001985817216336727, 0.0009529613889753819], [0.002596428617835045, 0.002523082308471203, 0.003700888017192483, 0.0023824439849704504, 0.0018431602511554956, 0.0032071613240987062, 0.002523082308471203, 0.0033985606860369444, 0.003894399618729949, 0.006753046065568924, 0.06134633719921112, 0.8563211560249329, 0.029941873624920845, 0.013429112732410431, 0.0019429427338764071, 0.002925335196778178, 0.0012710107257589698], [0.0009836845565587282, 0.0009308001608587801, 0.0006264201365411282, 0.0007944596582092345, 0.0005494767101481557, 0.0005675657303072512, 0.0009308001608587801, 0.0006188807310536504, 0.002521214308217168, 0.002936077071353793, 0.007829811424016953, 0.007743877358734608, 0.967814028263092, 0.003218988887965679, 0.0006383336731232703, 0.0009668599814176559, 0.00032872206065803766], [0.03372078016400337, 0.026942800730466843, 0.04385174810886383, 0.05628582835197449, 0.020882919430732727, 0.01983235403895378, 0.026942800730466843, 0.024395521730184555, 0.031535740941762924, 0.07614699751138687, 0.04856213554739952, 0.09523670375347137, 0.08826667070388794, 0.3605548143386841, 0.014966292306780815, 0.022862112149596214, 0.0090137654915452], [0.04777102917432785, 0.1267702579498291, 0.05531767010688782, 0.0315527617931366, 0.03949208930134773, 0.04995378479361534, 0.1267702579498291, 0.04820750653743744, 0.08151601254940033, 0.0544770248234272, 0.04504404962062836, 0.04733656719326973, 0.06752151995897293, 0.07127726078033447, 0.03434504568576813, 0.048801202327013016, 0.023845942690968513], [0.09433579444885254, 0.03990742564201355, 0.0349876768887043, 0.030707698315382004, 0.09830331802368164, 0.02201470360159874, 0.03990742564201355, 0.017765933647751808, 0.04532279074192047, 0.057413943111896515, 0.11482350528240204, 0.11354314535856247, 0.10790561884641647, 0.0919630154967308, 0.023474309593439102, 0.05265065282583237, 0.014973059296607971], [0.048144370317459106, 0.058177489787340164, 0.04550794139504433, 0.04962723329663277, 0.03800739720463753, 0.05190284922719002, 0.058177489787340164, 0.06253357231616974, 0.10415332764387131, 0.04706931114196777, 0.07523656636476517, 0.045655179768800735, 0.15925128757953644, 0.06185359135270119, 0.030627982690930367, 0.03882743418216705, 0.025247007608413696], [0.04777102917432785, 0.1267702579498291, 0.05531767010688782, 0.0315527617931366, 0.03949208930134773, 0.04995378479361534, 0.1267702579498291, 0.04820750653743744, 0.08151601254940033, 0.0544770248234272, 0.04504404962062836, 0.04733656719326973, 0.06752151995897293, 0.07127726078033447, 0.03434504568576813, 0.048801202327013016, 0.023845942690968513], [4.795998756890185e-05, 4.25945472670719e-05, 0.9609197974205017, 0.0014512133784592152, 4.535259722615592e-05, 4.4685340981232e-05, 4.25945472670719e-05, 0.036817766726017, 0.00020440448133740574, 3.6692643334390596e-05, 8.63507084432058e-05, 5.3464009397430345e-05, 3.498980004223995e-05, 8.932752098189667e-05, 3.837384792859666e-05, 2.5945659217541106e-05, 1.836134833865799e-05], [4.33353561675176e-05, 1.1053502930735704e-05, 0.0006602425710298121, 0.9989147186279297, 2.741615753620863e-05, 1.0403778105683159e-05, 1.1053502930735704e-05, 5.9894678997807205e-05, 7.994526094989851e-05, 3.856341209029779e-05, 1.772115138010122e-05, 1.5658499251003377e-05, 2.0189227143418975e-05, 5.2163850341457874e-05, 1.8576391084934585e-05, 1.0617141924740281e-05, 8.353661542059854e-06], [0.021189812570810318, 0.00956395547837019, 0.014263942837715149, 0.018952731043100357, 0.801883339881897, 0.008999190293252468, 0.00956395547837019, 0.008834434673190117, 0.027234425768256187, 0.014329771511256695, 0.009686793200671673, 0.008374443277716637, 0.009653004817664623, 0.01337910071015358, 0.007189358584582806, 0.011126885190606117, 0.005774867255240679], [0.0733170285820961, 0.06330255419015884, 0.0437084324657917, 0.039312973618507385, 0.05959869921207428, 0.04125656932592392, 0.06330255419015884, 0.0377490259706974, 0.05681861937046051, 0.051399800926446915, 0.06445685774087906, 0.07119207084178925, 0.09097874909639359, 0.07845404744148254, 0.039369042962789536, 0.09485124051570892, 0.030931798741221428], [0.05882352963089943, 0.05882352963089943, 0.05882352963089943, 0.05882352963089943, 0.05882352963089943, 0.05882352963089943, 0.05882352963089943, 0.05882352963089943, 0.05882352963089943, 0.05882352963089943, 0.05882352963089943, 0.05882352963089943, 0.05882352963089943, 0.05882352963089943, 0.05882352963089943, 0.05882352963089943, 0.05882352963089943]],