{"premise_tokens": ["She", "is", "the", "younger", "sister", "of", "actresses", "and", "fashion", "designers", "Mary", "-", "Kate", "Olsen", "and", "Ashley", "Olsen", ".", "@@NULL@@"], "hypothesis_tokens": ["Mary", "-", "Kate", "Olsen", "has", "a", "sister", ".", "@@NULL@@"], "label_logits": [3.0338711738586426, -0.7253018021583557, -3.2949395179748535], "label_probs": [0.9755268096923828, 0.022732706740498543, 0.0017404905520379543], "h2p_attention": [[0.14781665802001953, 0.028698792681097984, 0.01293985452502966, 0.009872435592114925, 0.055746227502822876, 0.008220983669161797, 0.03222011774778366, 0.010026245377957821, 0.012691699899733067, 0.01030772551894188, 0.593355119228363, 0.008330555632710457, 0.01913744956254959, 0.00871946755796671, 0.010026245377957821, 0.00871946755796671, 0.00871946755796671, 0.00940997339785099, 0.0050416612066328526], [0.056420423090457916, 0.032097090035676956, 0.025259561836719513, 0.07894491404294968, 0.05436702072620392, 0.027645327150821686, 0.05117645859718323, 0.028518574312329292, 0.04218047112226486, 0.05761566013097763, 0.03466320410370827, 0.32582515478134155, 0.038516417145729065, 0.02488008327782154, 0.028518574312329292, 0.02488008327782154, 0.02488008327782154, 0.022632654756307602, 0.020978212356567383], [0.04702761024236679, 0.009726090356707573, 0.002884475514292717, 0.10726770013570786, 0.21774566173553467, 0.002572946948930621, 0.05051535740494728, 0.003290949622169137, 0.008831935003399849, 0.0036830641329288483, 0.006287512835115194, 0.003041206393390894, 0.5222343802452087, 0.002081429585814476, 0.003290949622169137, 0.002081429585814476, 0.002081429585814476, 0.003699355525895953, 0.0016564126126468182], [0.07771570980548859, 0.061116285622119904, 0.048908259719610214, 0.04424596577882767, 0.05402684584259987, 0.041194673627614975, 0.04571406915783882, 0.043070338666439056, 0.04601723700761795, 0.040648799389600754, 0.05872849002480507, 0.040273185819387436, 0.04267030954360962, 0.07847417145967484, 0.043070338666439056, 0.07847417145967484, 0.07847417145967484, 0.04321974888443947, 0.03395725414156914], [0.2067708522081375, 0.2079397439956665, 0.03877315670251846, 0.08176808059215546, 0.029795177280902863, 0.031553443521261215, 0.05180508270859718, 0.02144358679652214, 0.048263415694236755, 0.031523484736680984, 0.05442677438259125, 0.016172247007489204, 0.05711045861244202, 0.01994358003139496, 0.02144358679652214, 0.01994358003139496, 0.01994358003139496, 0.030030375346541405, 0.011349830776453018], [0.12021636217832565, 0.09930235147476196, 0.054907020181417465, 0.033355243504047394, 0.06161411479115486, 0.04836352542042732, 0.11145444214344025, 0.05296051502227783, 0.09660498797893524, 0.04159374162554741, 0.03580568730831146, 0.028650669381022453, 0.03548554331064224, 0.024491336196660995, 0.05296051502227783, 0.024491336196660995, 0.024491336196660995, 0.03535252809524536, 0.01789882592856884], [0.0010433498537167907, 1.87141358765075e-05, 7.997431566764135e-06, 0.00018256659677717835, 0.9979041218757629, 8.174663889803924e-06, 0.00016073799633886665, 1.507854449300794e-05, 2.6366204110672697e-05, 1.2629343473236077e-05, 4.33742898167111e-05, 1.0166173524339683e-05, 0.0005156697006896138, 6.241189566935645e-06, 1.507854449300794e-05, 6.241189566935645e-06, 6.241189566935645e-06, 1.3196367035561707e-05, 3.92274841942708e-06], [0.14883576333522797, 0.09680934250354767, 0.04899309575557709, 0.053523723036050797, 0.08053456246852875, 0.03681693226099014, 0.04693486541509628, 0.046449240297079086, 0.046120960265398026, 0.03579772636294365, 0.044682081788778305, 0.02582770213484764, 0.053465813398361206, 0.030469708144664764, 0.046449240297079086, 0.030469708144664764, 0.030469708144664764, 0.07341022789478302, 0.023939697071909904], [0.05263159051537514, 0.05263159051537514, 0.05263159051537514, 0.05263159051537514, 0.05263159051537514, 0.05263159051537514, 0.05263159051537514, 0.05263159051537514, 0.05263159051537514, 0.05263159051537514, 0.05263159051537514, 0.05263159051537514, 0.05263159051537514, 0.05263159051537514, 0.05263159051537514, 0.05263159051537514, 0.05263159051537514, 0.05263159051537514, 0.05263159051537514]], "p2h_attention": [[0.08125801384449005, 0.007453915197402239, 0.07868663221597672, 0.006342970300465822, 0.05049128457903862, 0.01861468330025673, 0.737150251865387, 0.017230788245797157, 0.002771510509774089], [0.11718052625656128, 0.03149653226137161, 0.12087465077638626, 0.037050142884254456, 0.3771495819091797, 0.11420905590057373, 0.09820754826068878, 0.0832461416721344, 0.020585695281624794], [0.13857382535934448, 0.06501039117574692, 0.0940207839012146, 0.07776337116956711, 0.18444512784481049, 0.16562609374523163, 0.11007417738437653, 0.11049474030733109, 0.05399150773882866], [0.014990492723882198, 0.02880852110683918, 0.4957534372806549, 0.009974852204322815, 0.055151812732219696, 0.014266087673604488, 0.3562838137149811, 0.017115632072091103, 0.007655354216694832], [4.343855471233837e-05, 1.0181236575590447e-05, 0.0005164335598237813, 6.2504377638106234e-06, 1.0313124221283942e-05, 1.3523495908884797e-05, 0.999382734298706, 1.3215907529229298e-05, 3.92856054531876e-06], [0.10308031737804413, 0.08330652862787247, 0.0981946811079979, 0.0766892060637474, 0.17574506998062134, 0.17081232368946075, 0.13173626363277435, 0.0972197875380516, 0.06321582198143005], [0.06698848307132721, 0.02557104267179966, 0.31966984272003174, 0.014111205004155636, 0.04784424230456352, 0.06527089327573776, 0.4295117259025574, 0.020550556480884552, 0.010482062585651875], [0.1090545803308487, 0.07454845309257507, 0.10895121842622757, 0.06955447047948837, 0.10360660403966904, 0.1622583270072937, 0.21078918874263763, 0.10639941692352295, 0.05483771488070488], [0.08250219374895096, 0.06589650362730026, 0.17474579811096191, 0.04441271349787712, 0.13936318457126617, 0.1768863946199417, 0.22028079628944397, 0.06313920021057129, 0.03277324140071869], [0.10744941234588623, 0.14434009790420532, 0.11685724556446075, 0.0629115030169487, 0.14596869051456451, 0.12212887406349182, 0.16920197010040283, 0.07858717441558838, 0.052555106580257416], [0.8083827495574951, 0.011349488981068134, 0.026072723791003227, 0.01187934074550867, 0.0329381562769413, 0.013740533031523228, 0.07594826072454453, 0.012820080853998661, 0.006868723314255476], [0.05921950936317444, 0.5566480755805969, 0.0658024400472641, 0.04250577092170715, 0.05106760933995247, 0.057368677109479904, 0.09288203716278076, 0.03866621479392052, 0.03583971783518791], [0.008182979188859463, 0.003958024550229311, 0.6796698570251465, 0.0027089081704616547, 0.010847443714737892, 0.004273934755474329, 0.28338855504989624, 0.004814582411199808, 0.002155763329938054], [0.12837302684783936, 0.0880320742726326, 0.0932718887925148, 0.17153458297252655, 0.13042813539505005, 0.10156533122062683, 0.11809585243463516, 0.09447289258241653, 0.0742262527346611], [0.1090545803308487, 0.07454845309257507, 0.10895121842622757, 0.06955447047948837, 0.10360660403966904, 0.1622583270072937, 0.21078918874263763, 0.10639941692352295, 0.05483771488070488], [0.12837302684783936, 0.0880320742726326, 0.0932718887925148, 0.17153458297252655, 0.13042813539505005, 0.10156533122062683, 0.11809585243463516, 0.09447289258241653, 0.0742262527346611], [0.12837302684783936, 0.0880320742726326, 0.0932718887925148, 0.17153458297252655, 0.13042813539505005, 0.10156533122062683, 0.11809585243463516, 0.09447289258241653, 0.0742262527346611], [0.10087259113788605, 0.05830764025449753, 0.12070238590240479, 0.06878726184368134, 0.14299795031547546, 0.10674668848514557, 0.1818118840456009, 0.1657281517982483, 0.054045356810092926], [0.1111111119389534, 0.1111111119389534, 0.1111111119389534, 0.1111111119389534, 0.1111111119389534, 0.1111111119389534, 0.1111111119389534, 0.1111111119389534, 0.1111111119389534]], "claim": "Mary-Kate Olsen has a sister.", "premise_source_doc_id": "Elizabeth_Olsen", "premise_source_doc_line_num": 3,