{"premise_tokens": ["HBO", "is", "the", "oldest", "and", "longest", "continuously", "operating", "pay", "television", "service", "(", "basic", "or", "premium", ")", "in", "the", "United", "States", ",", "having", "been", "in", "operation", "since", "November", "8", ",", "1972", ".", "@@NULL@@"], "hypothesis_tokens": ["HBO", "has", "not", "been", "in", "operation", "since", "November", "8", ",", "1972", ".", "@@NULL@@"], "label_logits": [1.5477808713912964, 2.9894165992736816, -5.417336463928223], "label_probs": [0.19125764071941376, 0.8085618019104004, 0.0001805953506845981], "h2p_attention": [[0.9693512320518494, 0.0012648137053474784, 0.0002330329589312896, 0.00032733858097344637, 0.00021428709442261606, 0.0008452198817394674, 0.000521610607393086, 0.000802289810962975, 0.000986955245025456, 0.0014177749399095774, 0.002814458915963769, 0.00021376680524554104, 0.0007593826740048826, 0.0004710640059784055, 0.011983949691057205, 0.00022132389131002128, 0.0010470200795680285, 0.0002330329589312896, 0.0004496984474826604, 0.0005368557176552713, 0.00019187058205716312, 0.0007440616609528661, 0.0012026717886328697, 0.0010470200795680285, 0.0003786775341723114, 0.0003016743576154113, 0.0002987970947287977, 0.00028066980303265154, 0.00019187058205716312, 0.00023378600599244237, 0.00027120194863528013, 0.0001627929595997557], [0.017316771671175957, 0.10430889576673508, 0.01944979652762413, 0.017103446647524834, 0.010756755247712135, 0.017886672168970108, 0.08160030841827393, 0.02399454265832901, 0.02521747723221779, 0.016099661588668823, 0.0167765524238348, 0.007492307107895613, 0.015317331068217754, 0.022648615762591362, 0.05085500702261925, 0.008168511092662811, 0.04761427268385887, 0.01944979652762413, 0.016966629773378372, 0.016474304720759392, 0.010434603318572044, 0.16804903745651245, 0.09373370558023453, 0.04761427268385887, 0.01939084380865097, 0.03209608048200607, 0.013034500181674957, 0.018952876329421997, 0.010434603318572044, 0.010004306212067604, 0.015064148232340813, 0.005693419836461544], [0.007437378633767366, 0.1897343397140503, 0.04515628144145012, 0.0179230235517025, 0.0241529680788517, 0.005772798787802458, 0.0487382635474205, 0.021446244791150093, 0.031225914135575294, 0.009045671671628952, 0.015255111269652843, 0.002606897382065654, 0.010898561216890812, 0.03854040056467056, 0.13316939771175385, 0.002665948122739792, 0.03132989630103111, 0.04515628144145012, 0.006579139269888401, 0.005196210462599993, 0.011881268583238125, 0.10060316324234009, 0.02876448445022106, 0.03132989630103111, 0.035685352981090546, 0.041646890342235565, 0.020419392734766006, 0.006271063815802336, 0.011881268583238125, 0.004941831808537245, 0.012619364075362682, 0.001925165648572147], [0.04547134414315224, 0.09357153624296188, 0.015264976769685745, 0.011832931078970432, 0.010723765939474106, 0.015052654780447483, 0.04904504865407944, 0.02609053999185562, 0.02841329574584961, 0.015372926369309425, 0.026207489892840385, 0.0072981626726686954, 0.020088767632842064, 0.0323311872780323, 0.04082835465669632, 0.007532623130828142, 0.030097203329205513, 0.015264976769685745, 0.017029184848070145, 0.01813214272260666, 0.01051256712526083, 0.09155412018299103, 0.22018885612487793, 0.030097203329205513, 0.021439338102936745, 0.021875178441405296, 0.014834125526249409, 0.021657558158040047, 0.01051256712526083, 0.00997128989547491, 0.015553091652691364, 0.006154974456876516], [0.03113677352666855, 0.049965471029281616, 0.014470743015408516, 0.0150191280990839, 0.010880155488848686, 0.031662072986364365, 0.034950077533721924, 0.03161478787660599, 0.01265210285782814, 0.021978402510285378, 0.00980024691671133, 0.007133095525205135, 0.014876944944262505, 0.016119834035634995, 0.024312814697623253, 0.007760799489915371, 0.19365084171295166, 0.014470743015408516, 0.013728725723922253, 0.015621251426637173, 0.01065178494900465, 0.047639019787311554, 0.023673048242926598, 0.19365084171295166, 0.021140631288290024, 0.051808517426252365, 0.027223005890846252, 0.016597721725702286, 0.01065178494900465, 0.008038264699280262, 0.012279045768082142, 0.0048412149772048], [0.0031199969816952944, 0.006385525688529015, 0.003245612606406212, 0.005108644254505634, 0.0032024402171373367, 0.0050212182104587555, 0.002765960991382599, 0.00969805009663105, 0.008672366850078106, 0.0016387066571041942, 0.013145439326763153, 0.001703056856058538, 0.001845294376835227, 0.006383372936397791, 0.010356293059885502, 0.001645961543545127, 0.005857117939740419, 0.003245612606406212, 0.0029595736414194107, 0.0034447291400283575, 0.0031174567993730307, 0.007148633245378733, 0.004672028589993715, 0.005857117939740419, 0.8467543125152588, 0.011731423437595367, 0.006653225980699062, 0.004526379052549601, 0.0031174567993730307, 0.003508012043312192, 0.0021277149207890034, 0.0013412830885499716], [0.0010135254124179482, 0.0044401781633496284, 0.0015983497723937035, 0.006113285198807716, 0.002259923378005624, 0.004966445732861757, 0.0028347913175821304, 0.008375924080610275, 0.00112514803186059, 0.0014737971359863877, 0.0019648377783596516, 0.0010002785129472613, 0.000997515395283699, 0.0024076246190816164, 0.0019678748212754726, 0.0010963077656924725, 0.005853006150573492, 0.0015983497723937035, 0.001206155400723219, 0.002155998954549432, 0.0013364930637180805, 0.00463029183447361, 0.0019438265589997172, 0.005853006150573492, 0.004783682990819216, 0.8247770667076111, 0.09389723837375641, 0.003502198029309511, 0.0013364930637180805, 0.0011442182585597038, 0.001799213932827115, 0.000546930474229157], [0.0001474048476666212, 0.00042919436236843467, 0.00019628701556939632, 0.000393217196688056, 0.00020580356067512184, 0.0005729695549234748, 0.0002568218042142689, 0.0008715048315934837, 0.00012137153680669144, 0.0002614596451167017, 0.0006760666728951037, 0.00015371519839391112, 0.00012291061284486204, 0.0007911513093858957, 0.0002597448183223605, 0.00015052645176183432, 0.0004515987529885024, 0.00019628701556939632, 0.0001905167882796377, 0.00039553362876176834, 0.0001989873417187482, 0.00020732100529130548, 0.00019355611584614962, 0.0004515987529885024, 0.00039836636278778315, 0.01378769800066948, 0.9761448502540588, 0.0012117648730054498, 0.0001989873417187482, 0.0001246495230589062, 0.000157917762408033, 8.031025936361402e-05], [0.013249526731669903, 0.0347619466483593, 0.011642972007393837, 0.014511250890791416, 0.013657504692673683, 0.033426061272621155, 0.025623371824622154, 0.03191303089261055, 0.015001143328845501, 0.014279691502451897, 0.013698133639991283, 0.013077954761683941, 0.01006373018026352, 0.035027921199798584, 0.015974340960383415, 0.012552372179925442, 0.026347192004323006, 0.011642972007393837, 0.01508428156375885, 0.020252209156751633, 0.015292186290025711, 0.02827244997024536, 0.027041040360927582, 0.026347192004323006, 0.025934072211384773, 0.04920947551727295, 0.11595451086759567, 0.2824562191963196, 0.015292186290025711, 0.010330348275601864, 0.014397814869880676, 0.007684935349971056], [0.016004158183932304, 0.038127414882183075, 0.028445521369576454, 0.020275838673114777, 0.04745212569832802, 0.0174820926040411, 0.018735937774181366, 0.039408739656209946, 0.02855750545859337, 0.017462842166423798, 0.023425642400979996, 0.015414780005812645, 0.025800690054893494, 0.03209659084677696, 0.02707439661026001, 0.015284638851881027, 0.029876383021473885, 0.028445521369576454, 0.02698526717722416, 0.03295807167887688, 0.10612747073173523, 0.03317708149552345, 0.023192226886749268, 0.029876383021473885, 0.03156021609902382, 0.03318139165639877, 0.03364451974630356, 0.027020249515771866, 0.10612747073173523, 0.015088953077793121, 0.018111232668161392, 0.013578754849731922], [0.026106778532266617, 0.032718610018491745, 0.02618304267525673, 0.04131867736577988, 0.023057712242007256, 0.024561796337366104, 0.04038480296730995, 0.04290136322379112, 0.03676382452249527, 0.023684855550527573, 0.04973595589399338, 0.019542541354894638, 0.02675037831068039, 0.030982347205281258, 0.06033376604318619, 