{"premise_tokens": ["The", "Gems", "play", "a", "prominent", "role", "in", "the", "first", "three", "phases", "of", "the", "Marvel", "Cinematic", "Universe", ",", "where", "they", "are", "known", "as", "the", "Infinity", "Stones", ".", "@@NULL@@"], "hypothesis_tokens": ["Infinity", "Gems", "do", "not", "play", "a", "prominent", "role", "in", "the", "Marvel", "Cinematic", "Universe", ".", "@@NULL@@"], "label_logits": [0.1828431785106659, 3.5989530086517334, -5.516841888427734], "label_probs": [0.03179238364100456, 0.9681012034416199, 0.00010640970867825672], "h2p_attention": [[0.002688619075343013, 0.0011904874118044972, 0.0022025827784091234, 0.0036493693478405476, 0.002224461641162634, 0.0026735044084489346, 0.004291607532650232, 0.002688619075343013, 0.0023719649761915207, 0.0022211282048374414, 0.0016371053643524647, 0.0017643201863393188, 0.002688619075343013, 0.002171442611142993, 0.0016371053643524647, 0.0017548449104651809, 0.001472676289267838, 0.0070921084843575954, 0.005256154574453831, 0.0035931477323174477, 0.002694806782528758, 0.0026005329564213753, 0.002688619075343013, 0.9318556785583496, 0.0014866582350805402, 0.0024975889828056097, 0.0009062535245902836], [0.0036295976024121046, 0.7908397316932678, 0.005474424920976162, 0.004726584069430828, 0.006313529331237078, 0.003832631977275014, 0.00718143442645669, 0.0036295976024121046, 0.009709371253848076, 0.0041968668811023235, 0.0032684265170246363, 0.004169356543570757, 0.0036295976024121046, 0.07156988233327866, 0.0032684265170246363, 0.007638358511030674, 0.003514941781759262, 0.005676755215972662, 0.005387468263506889, 0.008444634266197681, 0.009277120232582092, 0.0035493967588990927, 0.0036295976024121046, 0.003470067633315921, 0.01749359257519245, 0.0038369200192391872, 0.00264157447963953], [0.03419087827205658, 0.02026974782347679, 0.08423980325460434, 0.026788324117660522, 0.019629985094070435, 0.021752256900072098, 0.03584696725010872, 0.03419087827205658, 0.1461142897605896, 0.02826034463942051, 0.012137860991060734, 0.019000515341758728, 0.03419087827205658, 0.0939401313662529, 0.012137860991060734, 0.01106835063546896, 0.024955201894044876, 0.04263956844806671, 0.05497109517455101, 0.053199660032987595, 0.03551514819264412, 0.03625074774026871, 0.03419087827205658, 0.04239891842007637, 0.015713362023234367, 0.018630145117640495, 0.007776197046041489], [0.05066675320267677, 0.007572636008262634, 0.040613722056150436, 0.04206287860870361, 0.011102450080215931, 0.02222326397895813, 0.03515312448143959, 0.05066675320267677, 0.1088477224111557, 0.014438965357840061, 0.005544889252632856, 0.015208764933049679, 0.05066675320267677, 0.03669958561658859, 0.005544889252632856, 0.005730110220611095, 0.013331153430044651, 0.0321284644305706, 0.19424685835838318, 0.05872245132923126, 0.03614071384072304, 0.051100198179483414, 0.05066675320267677, 0.03770008310675621, 0.006900752428919077, 0.014159319922327995, 0.002160096075385809], [0.009125941433012486, 0.005176594015210867, 0.6640558838844299, 0.012372304685413837, 0.01803608424961567, 0.051395732909440994, 0.02181212604045868, 0.009125941433012486, 0.025642618536949158, 0.015567030757665634, 0.003504917724058032, 0.006238402798771858, 0.009125941433012486, 0.01575895957648754, 0.003504917724058032, 0.0054614548571407795, 0.006587693467736244, 0.014542111195623875, 0.02541450411081314, 0.018768521025776863, 0.012454960495233536, 0.012253044173121452, 0.009125941433012486, 0.006070870906114578, 0.011060427874326706, 0.005319206975400448, 0.0024978623259812593], [0.029022958129644394, 0.016928674653172493, 0.04686195030808449, 0.12895266711711884, 0.02772069349884987, 0.057932738214731216, 0.04543271288275719, 0.029022958129644394, 0.058827225118875504, 0.03492823615670204, 0.012945721857249737, 0.025564173236489296, 0.029022958129644394, 0.05191027373075485, 0.012945721857249737, 0.023613516241312027, 0.025884848088026047, 0.030569998547434807, 0.04856747388839722, 0.027189886197447777, 0.05526554584503174, 0.0548257902264595, 0.029022958129644394, 0.03809836879372597, 0.030794156715273857, 0.018686778843402863, 0.009461027570068836], [0.0007597344228997827, 0.0010493913432583213, 0.003170310752466321, 0.0012864525197073817, 0.9052579998970032, 0.008735650219023228, 0.0017459398368373513, 0.0007597344228997827, 0.0008197458810172975, 0.0023683514446020126, 0.0006510544917546213, 0.0007933142478577793, 0.0007597344228997827, 0.0025076796300709248, 0.0006510544917546213, 0.0017991058994084597, 0.0009353264467790723, 0.00205026101320982, 0.0014383983798325062, 0.0024160605389624834, 0.0037415253464132547, 0.0016163296531885862, 0.0007597344228997827, 0.0010777134448289871, 0.05168357491493225, 0.000726818572729826, 0.0004390642570797354], [3.566586383385584e-05, 2.4070875952020288e-05, 0.0003413626691326499, 0.0001015881571220234, 0.00033008394530043006, 0.9971956014633179, 0.00022473989520221949, 3.566586383385584e-05, 8.826140401652083e-05, 6.80063312756829e-05, 2.6446292395121418e-05, 7.207973976619542e-05, 3.566586383385584e-05, 0.00012966289068572223, 2.6446292395121418e-05, 5.7929075410356745e-05, 5.047269587521441e-05, 6.403095903806388e-05, 8.293020073324442e-05, 0.0001692237565293908, 0.0002459825191181153, 0.00039362028473988175, 3.566586383385584e-05, 4.894277662970126e-05, 6.824919546488672e-05, 3.104933784925379e-05, 1.6590422092122026e-05], [0.019122762605547905, 0.017392512410879135, 0.055865488946437836, 0.030721647664904594, 0.025439901277422905, 0.08666360378265381, 0.25590524077415466, 0.019122762605547905, 0.026416189968585968, 0.015832271426916122, 0.010622386820614338, 0.01567361317574978, 0.019122762605547905, 0.03242970257997513, 0.010622386820614338, 0.011701857671141624, 0.014076093211770058, 0.1118994653224945, 0.03346478193998337, 0.040167223662137985, 0.03502978757023811, 0.026861881837248802, 0.019122762605547905, 0.03029593639075756, 0.013802803121507168, 0.01622648350894451, 0.00639755604788661], [0.06768782436847687, 0.017494570463895798, 0.04651755094528198, 0.03905808925628662, 0.02203136309981346, 0.027371788397431374, 0.038057841360569, 0.06768782436847687, 0.052009183913469315, 0.027316579595208168, 0.018338223919272423, 0.02933950535953045, 0.06768782436847687, 0.03280498459935188, 0.018338223919272423, 0.015022843144834042, 0.026672370731830597, 0.03859619051218033, 0.06328675150871277, 0.03765174746513367, 0.04151619225740433, 0.04338952153921127, 0.06768782436847687, 0.037773508578538895, 0.017872514203190804, 0.026056963950395584, 0.012732324190437794], [1.5052159142214805e-05, 0.00015828288451302797, 3.685749106807634e-05, 3.20539329550229e-05, 3.33664684148971e-05, 4.565882409224287e-05, 2.9613876904477365e-05, 1.5052159142214805e-05, 2.5789879146032035e-05, 1.2476583833631594e-05, 8.594540304329712e-06, 1.3241012311482336e-05, 1.5052159142214805e-05, 0.9990320205688477, 8.594540304329712e-06, 0.00013863426283933222, 8.393686584895477e-06, 1.8308932340005413e-05, 2.634801967360545e-05, 1.8211705537396483e-05, 0.0002022701082751155, 2.577497980382759e-05, 1.5052159142214805e-05, 1.399797201884212e-05, 3.362226561876014e-05, 1.1736492524505593e-05, 5.842066002514912e-06], [0.035568688064813614, 0.030555833131074905, 0.034651946276426315, 0.033791400492191315, 0.03661908581852913, 0.03936639055609703, 0.0410039983689785, 0.035568688064813614, 0.0346551313996315, 0.0271868035197258, 0.05707059055566788, 0.029958955943584442, 0.035568688064813614, 0.03633076325058937, 0.05707059055566788, 0.03807244822382927, 0.027442103251814842, 0.041638560593128204, 0.04339876025915146, 0.03535850718617439, 0.040202707052230835, 0.03519090637564659, 0.035568688064813614, 0.04461131617426872, 0.03742128610610962, 0.03143170103430748, 0.024695521220564842], [0.0021213970612734556, 0.0051989383064210415, 0.003931131213903427, 0.004487453028559685, 0.0073672630824148655, 0.006277932319790125, 0.003288653213530779, 0.0021213970612734556, 0.0030053486116230488, 0.0020008303690701723, 0.002771852072328329, 