{"premise_tokens": ["The", "association", "football", "club", "Paris", "Saint", "-", "Germain", "and", "the", "rugby", "union", "club", "Stade", "Français", "are", "based", "in", "Paris", ".", "@@NULL@@"], "hypothesis_tokens": ["Montenegro", "is", "in", "Paris", ".", "@@NULL@@"], "label_logits": [0.36591190099716187, -0.4254210889339447, -1.0165050029754639], "label_probs": [0.5867816209793091, 0.26595303416252136, 0.14726530015468597], "h2p_attention": [[0.03796716034412384, 0.04889660328626633, 0.07422415167093277, 0.06114254519343376, 0.03760996088385582, 0.034108735620975494, 0.0312638096511364, 0.06091897934675217, 0.03343522176146507, 0.03796716034412384, 0.05580204352736473, 0.07962768524885178, 0.06114254519343376, 0.06091897934675217, 0.06091897934675217, 0.03774280846118927, 0.04502171650528908, 0.0437689870595932, 0.03760995715856552, 0.033551204949617386, 0.02636079303920269], [0.05455665662884712, 0.025386158376932144, 0.08425912261009216, 0.060941822826862335, 0.015546655282378197, 0.02570757456123829, 0.014423203654587269, 0.01696636900305748, 0.029628338292241096, 0.05455665662884712, 0.0632200539112091, 0.03170374035835266, 0.060941822826862335, 0.01696636900305748, 0.01696636900305748, 0.21908272802829742, 0.04875938221812248, 0.09729268401861191, 0.015546659007668495, 0.03812089562416077, 0.009426805190742016], [0.02335970290005207, 0.027370959520339966, 0.08933734148740768, 0.07678651064634323, 0.0360758975148201, 0.025326622650027275, 0.013623889535665512, 0.01297593954950571, 0.01756351999938488, 0.02335970290005207, 0.05977287143468857, 0.017961401492357254, 0.07678651064634323, 0.01297593954950571, 0.01297593954950571, 0.04906688630580902, 0.04836282134056091, 0.31260496377944946, 0.036075904965400696, 0.019821709021925926, 0.007815033197402954], [0.004637446720153093, 0.028400275856256485, 0.010512277483940125, 0.013060581870377064, 0.42397764325141907, 0.006871490273624659, 0.004793063271790743, 0.00362001801840961, 0.007829819805920124, 0.004637446720153093, 0.014050949364900589, 0.007306210696697235, 0.013060581870377064, 0.00362001801840961, 0.00362001801840961, 0.003466313239187002, 0.004753489047288895, 0.011712583713233471, 0.42397764325141907, 0.003554845228791237, 0.002537268213927746], [0.05035055801272392, 0.045428529381752014, 0.06789958477020264, 0.07154032588005066, 0.0344700962305069, 0.03672703728079796, 0.026543324813246727, 0.031313952058553696, 0.04773622006177902, 0.05035055801272392, 0.04873688891530037, 0.042491503059864044, 0.07154032588005066, 0.031313952058553696, 0.031313952058553696, 0.07415971904993057, 0.04116418585181236, 0.06240198388695717, 0.034470103681087494, 0.07544424384832382, 0.024603011086583138], [0.0476190485060215, 0.0476190485060215, 0.0476190485060215, 0.0476190485060215, 0.0476190485060215, 0.0476190485060215, 0.0476190485060215, 0.0476190485060215, 0.0476190485060215, 0.0476190485060215, 0.0476190485060215, 0.0476190485060215, 0.0476190485060215, 0.0476190485060215, 0.0476190485060215, 0.0476190485060215, 0.0476190485060215, 0.0476190485060215, 0.0476190485060215, 0.0476190485060215, 0.0476190485060215]], "p2h_attention": [[0.09544020146131516, 0.3834995627403259, 0.19806978106498718, 0.12111396342515945, 0.1356118768453598, 0.06626461446285248], [0.08397030830383301, 0.12190963327884674, 0.1585494875907898, 0.5067126750946045, 0.08358839899301529, 0.04526948928833008], [0.09057090431451797, 0.2875109016895294, 0.36770889163017273, 0.1332700103521347, 0.0887729823589325, 0.032166361808776855], [0.08384070545434952, 0.2336796075105667, 0.3551599979400635, 0.18606562912464142, 0.10510722547769547, 0.03614680469036102], [0.008051877841353416, 0.009307335130870342, 0.02605188637971878, 0.9430384635925293, 0.007906916551291943, 0.005643555894494057], [0.10382286459207535, 0.21881769597530365, 0.26003533601760864, 0.21730533242225647, 0.11977978050708771, 0.08023907244205475], [0.14073368906974792, 0.18155652284622192, 0.20686401426792145, 0.22416169941425323, 0.12802115082740784, 0.11866282671689987], [0.24401354789733887, 0.19003961980342865, 0.17531852424144745, 0.15064828097820282, 0.13439077138900757, 0.10558927059173584], [0.09999014437198639, 0.2477731704711914, 0.17717082798480988, 0.24327465891838074, 0.15295766294002533, 0.07883361726999283], [0.09544020146131516, 0.3834995627403259, 0.19806978106498718, 0.12111396342515945, 0.1356118768453598, 0.06626461446285248], [0.08470656722784042, 0.2683587372303009, 0.3060545027256012, 0.22159744799137115, 0.0792674794793129, 0.040015242993831635], [0.21140249073505402, 0.23536965250968933, 0.16084736585617065, 0.20152561366558075, 0.1208699569106102, 0.06998492777347565], [0.08384070545434952, 0.2336796075105667, 0.3551599979400635, 0.18606562912464142, 0.10510722547769547, 0.03614680469036102], [0.24401354789733887, 0.19003961980342865, 0.17531852424144745, 0.15064828097820282, 0.13439077138900757, 0.10558927059173584], [0.24401354789733887, 0.19003961980342865, 0.17531852424144745, 0.15064828097820282, 0.13439077138900757, 0.10558927059173584], [0.03940913826227188, 0.6396830677986145, 0.1728140115737915, 0.03760301694273949, 0.08296617120504379, 0.027524614706635475], [0.09695540368556976, 0.2936311364173889, 0.3513089716434479, 0.10635418444871902, 0.09498166292905807, 0.05676863342523575], [0.02761123888194561, 0.1716301441192627, 0.665185809135437, 0.07676517218351364, 0.0421781986951828, 0.016629450023174286], [0.008051877841353416, 0.009307335130870342, 0.026051897555589676, 0.9430384635925293, 0.007906916551291943, 0.005643555894494057], [0.09554947912693024, 0.3035828471183777, 0.19040967524051666, 0.10517995059490204, 0.2302059531211853, 0.07507211714982986], [0.1666666716337204, 0.1666666716337204, 0.1666666716337204, 0.1666666716337204, 0.1666666716337204, 0.1666666716337204]], "claim": "Montenegro is in Paris.", "premise_source_doc_id": "Paris", "premise_source_doc_line_num": 24, "premise_source_doc_sentence": "The association football club Paris Saint-Germain and the rugby union club Stade Français are based in Paris ."}
