{"premise_tokens": ["Neil", "Brand", "(", "born", "1958", ")", ",", "British", "dramatist", ",", "composer", "and", "author", "@@NULL@@"], "hypothesis_tokens": ["The", "Prince", "and", "the", "Showgirl", "'s", "screenplay", "was", "written", "by", "a", "British", "dramatist", "who", "was", "born", "in", "1922", ".", "@@NULL@@"], "label_logits": [-2.8013923168182373, -1.1723623275756836, 1.7048676013946533], "label_probs": [0.010343259200453758, 0.052739519625902176, 0.936917245388031], "h2p_attention": [[0.0743265375494957, 0.11481159180402756, 0.04474369436502457, 0.11937230080366135, 0.05362068861722946, 0.04519248753786087, 0.0779895931482315, 0.07526324689388275, 0.05362068861722946, 0.0779895931482315, 0.05869484692811966, 0.09897679090499878, 0.06816880404949188, 0.03722911700606346], [0.0849277675151825, 0.11758416146039963, 0.023734716698527336, 0.14976853132247925, 0.03735746070742607, 0.03077332302927971, 0.0319971963763237, 0.27308353781700134, 0.03735746070742607, 0.0319971963763237, 0.04871339723467827, 0.03835852071642876, 0.07721904665231705, 0.017127836123108864], [0.06479556113481522, 0.06165093183517456, 0.03434208407998085, 0.0706770271062851, 0.03864366188645363, 0.034102663397789, 0.1064702495932579, 0.05998985841870308, 0.03864366188645363, 0.1064702495932579, 0.045614223927259445, 0.25114232301712036, 0.05699033662676811, 0.03046720288693905], [0.0743265375494957, 0.11481159180402756, 0.04474369436502457, 0.11937230080366135, 0.05362068861722946, 0.04519248753786087, 0.0779895931482315, 0.07526324689388275, 0.05362068861722946, 0.0779895931482315, 0.05869484692811966, 0.09897679090499878, 0.06816880404949188, 0.03722911700606346], [0.05800814926624298, 0.08650844544172287, 0.07496380805969238, 0.10924564301967621, 0.036782145500183105, 0.07185644656419754, 0.038467369973659515, 0.07829870283603668, 0.036782145500183105, 0.038467369973659515, 0.15705284476280212, 0.03862115740776062, 0.1502428501844406, 0.024702847003936768], [0.05847278609871864, 0.11061932891607285, 0.03166527673602104, 0.09201373159885406, 0.03989356383681297, 0.03254231438040733, 0.07191058248281479, 0.11510976403951645, 0.03989356383681297, 0.07191058248281479, 0.0862637385725975, 0.08360753953456879, 0.14087015390396118, 0.025227025151252747], [0.0625775009393692, 0.11284661293029785, 0.04975249245762825, 0.07471054792404175, 0.10695434361696243, 0.05163725093007088, 0.051428452134132385, 0.08742284774780273, 0.10695434361696243, 0.051428452134132385, 0.06987419724464417, 0.05870160460472107, 0.06943028420209885, 0.04628116637468338], [0.09801473468542099, 0.12818165123462677, 0.04438701272010803, 0.1137855276465416, 0.05443448945879936, 0.04529758542776108, 0.06386171281337738, 0.08182279020547867, 0.05443448945879936, 0.06386171281337738, 0.06250257045030594, 0.08146052062511444, 0.07003296166658401, 0.0379222147166729], [0.017894981428980827, 0.005717425607144833, 0.004159797448664904, 0.008599771186709404, 0.0038890859577804804, 0.004363988991826773, 0.005064054392278194, 0.005403527989983559, 0.0038890859577804804, 0.005064054392278194, 0.0254012830555439, 0.006644022651016712, 0.9013665318489075, 0.0025424002669751644], [0.17589905858039856, 0.0561971552670002, 0.02280004881322384, 0.09184694290161133, 0.026990670710802078, 0.024901462718844414, 0.0714728832244873, 0.2585631310939789, 0.026990670710802078, 0.0714728832244873, 0.053571563214063644, 0.03800174221396446, 0.061425287276506424, 0.019866542890667915], [0.08232930302619934, 0.12932424247264862, 0.027956191450357437, 0.13389620184898376, 0.035839423537254333, 0.030864810571074486, 0.0716605857014656, 0.07975330948829651, 0.035839423537254333, 0.0716605857014656, 0.09541144967079163, 0.07749982923269272, 0.10177246481180191, 0.02619226463139057], [8.431942660536151e-06, 8.26816467451863e-05, 5.442887868412072e-06, 0.00019766826881095767, 9.329936801805161e-06, 5.907150807615835e-06, 1.1211577657377347e-05, 0.9995850324630737, 9.329936801805161e-06, 1.1211577657377347e-05, 2.5033345082192682e-05, 9.725305062602274e-06, 3.406255927984603e-05, 4.939216069033137e-06], [0.0625775009393692, 0.11284661293029785, 0.04975249245762825, 0.07471054792404175, 0.10695434361696243, 0.05163725093007088, 0.051428452134132385, 0.08742284774780273, 0.10695434361696243, 0.051428452134132385, 0.06987419724464417, 0.05870160460472107, 0.06943028420209885, 0.04628116637468338], [0.127949059009552, 0.04102926701307297, 0.024435972794890404, 0.12249274551868439, 0.025896631181240082, 0.024806661531329155, 0.04606379196047783, 0.09273935109376907, 0.025896631181240082, 0.04606379196047783, 0.09379760175943375, 0.04977484419941902, 0.25864171981811523, 0.020412031561136246], [0.09801473468542099, 0.12818165123462677, 0.04438701272010803, 0.1137855276465416, 0.05443448945879936, 0.04529758542776108, 0.06386171281337738, 0.08182279020547867, 0.05443448945879936, 0.06386171281337738, 0.06250257045030594, 0.08146052062511444, 0.07003296166658401, 0.0379222147166729], [0.007272021379321814, 0.010141683742403984, 0.0019731279462575912, 0.8957151770591736, 0.002093283925205469, 0.0018540665041655302, 0.003094429848715663, 0.051895465701818466, 0.002093283925205469, 0.003094429848715663, 0.005783469416201115, 0.0030081269796937704, 0.010684756562113762, 0.0012967329239472747], [0.06729985773563385, 0.07954490184783936, 0.02349231019616127, 0.4458111524581909, 0.02647341787815094, 0.02555960603058338, 0.03508084639906883, 0.04315249249339104, 0.02647341787815094, 0.03508084639906883, 0.05168667063117027, 0.0358329713344574, 0.08856739848852158, 0.01594417355954647], [0.04860376939177513, 0.1299375742673874, 0.04105410352349281, 0.2905784845352173, 0.041745953261852264, 0.04305487498641014, 0.038485124707221985, 0.11561296880245209, 0.041745953261852264, 0.038485124707221985, 0.05391435697674751, 0.05700173228979111, 0.038572125136852264, 0.021207893267273903], [0.09697504341602325, 0.09376399964094162, 0.06374332308769226, 0.09784150123596191, 0.05984088405966759, 0.06346498429775238, 0.06270994246006012, 0.05737847462296486, 0.05984088405966759, 0.06270994246006012, 0.07104774564504623, 0.0912238135933876, 0.07244325429201126, 0.047016292810440063], [0.0714285671710968, 0.0714285671710968, 0.0714285671710968, 0.0714285671710968, 0.0714285671710968, 0.0714285671710968, 0.0714285671710968, 0.0714285671710968, 0.0714285671710968, 0.0714285671710968, 0.0714285671710968, 0.0714285671710968, 0.0714285671710968, 0.0714285671710968]],