{"premise_tokens": ["Bhadreshdas", "Swami", "is", "a", "Sanskrit", "scholar", "and", "an", "ordained", "monk", "of", "the", "Bochasanwasi", "Akshar", "Purushottam", "Swaminarayan", "Sanstha", "(", "BAPS", ")", ".", "@@NULL@@"], "hypothesis_tokens": ["Bhadreshdas", "Swami", "studies", "Sanskrit", ".", "@@NULL@@"], "label_logits": [-1.8006266355514526, -2.982125759124756, 2.217238664627075], "label_probs": [0.017578046768903732, 0.005393267143517733, 0.9770286679267883], "h2p_attention": [[0.05956897512078285, 0.05956897512078285, 0.0463927760720253, 0.03527069091796875, 0.05956897512078285, 0.05956897512078285, 0.03269427269697189, 0.038998231291770935, 0.029750671237707138, 0.03775317594408989, 0.03127047419548035, 0.037125781178474426, 0.05956897512078285, 0.05956897512078285, 0.05956897512078285, 0.05956897512078285, 0.05956897512078285, 0.027710000053048134, 0.05956897512078285, 0.028759730979800224, 0.032807689160108566, 0.025776619091629982], [0.05956897512078285, 0.05956897512078285, 0.0463927760720253, 0.03527069091796875, 0.05956897512078285, 0.05956897512078285, 0.03269427269697189, 0.038998231291770935, 0.029750671237707138, 0.03775317594408989, 0.03127047419548035, 0.037125781178474426, 0.05956897512078285, 0.05956897512078285, 0.05956897512078285, 0.05956897512078285, 0.05956897512078285, 0.027710000053048134, 0.05956897512078285, 0.028759730979800224, 0.032807689160108566, 0.025776619091629982], [0.037449780851602554, 0.037449780851602554, 0.07793715596199036, 0.05120941996574402, 0.037449780851602554, 0.037449780851602554, 0.04647241532802582, 0.06359981000423431, 0.08007898926734924, 0.05047362670302391, 0.045893605798482895, 0.047806233167648315, 0.037449780851602554, 0.037449780851602554, 0.037449780851602554, 0.037449780851602554, 0.037449780851602554, 0.0412033349275589, 0.037449780851602554, 0.03858623281121254, 0.04882737994194031, 0.033414050936698914], [0.05956897512078285, 0.05956897512078285, 0.0463927760720253, 0.03527069091796875, 0.05956897512078285, 0.05956897512078285, 0.03269427269697189, 0.038998231291770935, 0.029750671237707138, 0.03775317594408989, 0.03127047419548035, 0.037125781178474426, 0.05956897512078285, 0.05956897512078285, 0.05956897512078285, 0.05956897512078285, 0.05956897512078285, 0.027710000053048134, 0.05956897512078285, 0.028759730979800224, 0.032807689160108566, 0.025776619091629982], [0.03403424099087715, 0.03403424099087715, 0.10813464969396591, 0.05281563103199005, 0.03403424099087715, 0.03403424099087715, 0.051883138716220856, 0.07394517213106155, 0.055580802261829376, 0.0403619259595871, 0.04112398996949196, 0.05472458526492119, 0.03403424099087715, 0.03403424099087715, 0.03403424099087715, 0.03403424099087715, 0.03403424099087715, 0.03625373914837837, 0.03403424099087715, 0.03609543666243553, 0.08199819922447205, 0.026740310713648796], [0.04545453563332558, 0.04545453563332558, 0.04545453563332558, 0.04545453563332558, 0.04545453563332558, 0.04545453563332558, 0.04545453563332558, 0.04545453563332558, 0.04545453563332558, 0.04545453563332558, 0.04545453563332558, 0.04545453563332558, 0.04545453563332558, 0.04545453563332558, 0.04545453563332558, 0.04545453563332558, 0.04545453563332558, 0.04545453563332558, 0.04545453563332558, 0.04545453563332558, 0.04545453563332558, 0.04545453563332558]], "p2h_attention": [[0.22379112243652344, 0.22379112243652344, 0.10853476077318192, 0.22379112243652344, 0.1232532411813736, 0.09683864563703537], [0.22379112243652344, 0.22379112243652344, 0.10853476077318192, 0.22379112243652344, 0.1232532411813736, 0.09683864563703537], [0.14087630808353424, 0.14087630808353424, 0.18256986141204834, 0.14087630808353424, 0.31652793288230896, 0.07827329635620117], [0.15887311100959778, 0.15887311100959778, 0.17794394493103027, 0.15887311100959778, 0.2293287217617035, 0.11610808968544006], [0.22379112243652344, 0.22379112243652344, 0.10853476077318192, 0.22379112243652344, 0.1232532411813736, 0.09683864563703537], [0.22379112243652344, 0.22379112243652344, 0.10853476077318192, 0.22379112243652344, 0.1232532411813736, 0.09683864563703537], [0.15589264035224915, 0.15589264035224915, 0.17094090580940247, 0.15589264035224915, 0.23847325146198273, 0.12290792912244797], [0.14821776747703552, 0.14821776747703552, 0.18646959960460663, 0.14821776747703552, 0.2709098160266876, 0.09796734899282455], [0.12913639843463898, 0.12913639843463898, 0.26814353466033936, 0.12913639843463898, 0.2325606644153595, 0.11188653856515884], [0.174073725938797, 0.174073725938797, 0.17953167855739594, 0.174073725938797, 0.17939533293247223, 0.11885178834199905], [0.1606632024049759, 0.1606632024049759, 0.181899294257164, 0.1606632024049759, 0.2036745399236679, 0.1324365884065628], [0.16370436549186707, 0.16370436549186707, 0.162617027759552, 0.16370436549186707, 0.2326090782880783, 0.1136607751250267], [0.22379112243652344, 0.22379112243652344, 0.10853476077318192, 0.22379112243652344, 0.1232532411813736, 0.09683864563703537], [0.22379112243652344, 0.22379112243652344, 0.10853476077318192, 0.22379112243652344, 0.1232532411813736, 0.09683864563703537], [0.22379112243652344, 0.22379112243652344, 0.10853476077318192, 0.22379112243652344, 0.1232532411813736, 0.09683864563703537], [0.22379112243652344, 0.22379112243652344, 0.10853476077318192, 0.22379112243652344, 0.1232532411813736, 0.09683864563703537], [0.22379112243652344, 0.22379112243652344, 0.10853476077318192, 0.22379112243652344, 0.1232532411813736, 0.09683864563703537], [0.15776649117469788, 0.15776649117469788, 0.18097034096717834, 0.15776649117469788, 0.19897136092185974, 0.1467588245868683], [0.22379112243652344, 0.22379112243652344, 0.10853476077318192, 0.22379112243652344, 0.1232532411813736, 0.09683864563703537], [0.1628367006778717, 0.1628367006778717, 0.16853757202625275, 0.1628367006778717, 0.19700592756271362, 0.1459464281797409], [0.1361825168132782, 0.1361825168132782, 0.1563529223203659, 0.1361825168132782, 0.3281024992465973, 0.10699702799320221], [0.1666666716337204, 0.1666666716337204, 0.1666666716337204, 0.1666666716337204, 0.1666666716337204, 0.1666666716337204]], "claim": "Bhadreshdas Swami studies Sanskrit.", "premise_source_doc_id": "Bhadreshdas_Swami", "premise_source_doc_line_num": 0, "premise_source_doc_sentence": "Bhadreshdas Swami is a Sanskrit scholar and an ordained monk of the Bochasanwasi Akshar Purushottam Swaminarayan Sanstha  (  BAPS  )  ."}
{"premise_tokens": ["Bhadreshdas", "Swami", ",", "Sanskrit", "Scholar", "@@NULL@@"], "hypothesis_tokens": ["Bhadreshdas", "Swami", "studies", "Sanskrit", ".", "@@NULL@@"], "label_logits": [-2.8098208904266357, -4.476606369018555, 3.756294012069702], "label_probs": [0.001404903712682426, 0.0002653204428497702, 0.998329758644104], "h2p_attention": [[0.20351827144622803, 0.20351827144622803, 0.09786072373390198, 0.20351827144622803, 0.20351827144622803, 0.08806619793176651], [0.20351827144622803, 0.20351827144622803, 0.09786072373390198, 0.20351827144622803, 0.20351827144622803, 0.08806619793176651], [0.16140295565128326, 0.16140295565128326, 0.21037861704826355, 0.16140295565128326, 0.16140295565128326, 0.1440095603466034], [0.20351827144622803, 0.20351827144622803, 0.09786072373390198, 0.20351827144622803, 0.20351827144622803, 0.08806619793176651], [0.17141976952552795, 0.17141976952552795, 0.17963841557502747, 0.17141976952552795, 0.17141976952552795, 0.1346825361251831], [0.1666666716337204, 0.1666666716337204, 0.1666666716337204, 0.1666666716337204, 0.1666666716337204, 0.1666666716337204]],