{"premise_tokens": ["Created", "by", "Roy", "Thomas", "and", "Gil", "Kane", ",", "Iron", "Fist", "first", "appeared", "in", "Marvel", "Premiere", "#", "15", "(", "May", "1974", ")", ".", "@@NULL@@"], "hypothesis_tokens": ["The", "first", "Iron", "Fist", "was", "Roy", "Thomas", ".", "@@NULL@@"], "label_logits": [1.3109502792358398, 1.1911338567733765, -3.582613229751587], "label_probs": [0.5278220176696777, 0.46822208166122437, 0.003955851309001446], "h2p_attention": [[0.03300894796848297, 0.05497182905673981, 0.030705654993653297, 0.04991051182150841, 0.05667863413691521, 0.030705654993653297, 0.030705654993653297, 0.044660404324531555, 0.029001915827393532, 0.03674686327576637, 0.08708454668521881, 0.055150486528873444, 0.0637243241071701, 0.05492889881134033, 0.045903339982032776, 0.03194200247526169, 0.047240763902664185, 0.025622282177209854, 0.06977333873510361, 0.030705654993653297, 0.025879280641674995, 0.043629955500364304, 0.02131909318268299], [0.0024283803068101406, 0.012148197740316391, 0.001492166775278747, 0.005361894145607948, 0.005718063563108444, 0.001492166775278747, 0.001492166775278747, 0.00628627510741353, 0.0033587331417948008, 0.002225648146122694, 0.8805006742477417, 0.010515153408050537, 0.0043906038627028465, 0.00469408230856061, 0.004471702501177788, 0.0016499030170962214, 0.010038276202976704, 0.0015923436731100082, 0.033454664051532745, 0.001492166775278747, 0.0017105345614254475, 0.00242286897264421, 0.0010633299825713038], [0.0037595820613205433, 0.014553396962583065, 0.0026336677838116884, 0.005256514064967632, 0.0020389503333717585, 0.0026336677838116884, 0.0026336677838116884, 0.0038753484841436148, 0.899601399898529, 0.014305013231933117, 0.0042884377762675285, 0.006285466253757477, 0.006545519456267357, 0.004614268429577351, 0.008298758417367935, 0.00280253984965384, 0.003875975264236331, 0.002180429408326745, 0.0018011202337220311, 0.0026336677838116884, 0.002268520649522543, 0.001756287645548582, 0.0013576620258390903], [0.005320215132087469, 0.0058039454743266106, 0.008718688040971756, 0.012535051442682743, 0.004554710816591978, 0.008718688040971756, 0.008718688040971756, 0.00591691629961133, 0.03641850873827934, 0.806310772895813, 0.0072345915250480175, 0.01547271478921175, 0.012082705274224281, 0.004866709467023611, 0.009668243117630482, 0.00532502681016922, 0.009215271100401878, 0.0045198192819952965, 0.006899859756231308, 0.008718688040971756, 0.004854180850088596, 0.004669584333896637, 0.003456412348896265], [0.049727436155080795, 0.07488762587308884, 0.029289841651916504, 0.04456646740436554, 0.043831877410411835, 0.029289841651916504, 0.029289841651916504, 0.034362394362688065, 0.03370349854230881, 0.035290781408548355, 0.06189362704753876, 0.06844417005777359, 0.048346973955631256, 0.06301756948232651, 0.035214606672525406, 0.047635599970817566, 0.044167857617139816, 0.02388354390859604, 0.08229365944862366, 0.029289841651916504, 0.024373497813940048, 0.046794332563877106, 0.02040499821305275], [0.036747295409440994, 0.03696972504258156, 0.06288528442382812, 0.04157831519842148, 0.034514423459768295, 0.06288528442382812, 0.06288528442382812, 0.030238071456551552, 0.05278667062520981, 0.06864050030708313, 0.038186002522706985, 0.03836096078157425, 0.04518173262476921, 0.04003235697746277, 0.03996357321739197, 0.05091870576143265, 0.0374821275472641, 0.029252665117383003, 0.03539910912513733, 0.06288528442382812, 0.030360836535692215, 0.03463415056467056, 0.02721164934337139], [0.0024327989667654037, 0.011983201839029789, 0.0028423783369362354, 0.8851858973503113, 0.005184311885386705, 0.0028423783369362354, 0.0028423783369362354, 0.005539652891457081, 0.007202379871159792, 0.006746377795934677, 0.009380372241139412, 0.004369143862277269, 0.005834017414599657, 0.003149643773213029, 0.0043856981210410595, 0.0024041144642978907, 0.016415327787399292, 0.0021904967725276947, 0.008562537841498852, 0.0028423783369362354, 0.0021138289012014866, 0.0036904788576066494, 0.0018602439668029547], [0.04037998616695404, 0.053547970950603485, 0.031310275197029114, 0.048803407698869705, 0.04773062840104103, 0.031310275197029114, 0.031310275197029114, 0.03281143680214882, 0.03182300552725792, 0.03323455527424812, 0.0560530424118042, 0.043547455221414566, 0.06239468231797218, 0.04942074045538902, 0.05616196617484093, 0.04051023721694946, 0.05249027907848358, 0.03335212916135788, 0.05925532057881355, 0.031310275197029114, 0.03320649638772011, 0.07543538510799408, 0.02460012212395668], [0.04347826912999153, 0.04347826912999153, 0.04347826912999153, 0.04347826912999153, 0.04347826912999153, 0.04347826912999153, 0.04347826912999153, 0.04347826912999153, 0.04347826912999153, 0.04347826912999153, 0.04347826912999153, 0.04347826912999153, 0.04347826912999153, 0.04347826912999153, 0.04347826912999153, 0.04347826912999153, 0.04347826912999153, 0.04347826912999153, 0.04347826912999153, 0.04347826912999153, 0.04347826912999153, 0.04347826912999153, 0.04347826912999153]],