{"premise_tokens": ["She", "is", "best", "known", "for", "portraying", "Kate", "Moseley", "in", "the", "1992", "film", "The", "Cutting", "Edge", ",", "as", "well", "as", "single", "mother", "Karen", "Roe", "on", "the", "teen", "drama", "One", "Tree", "Hill", ".", "@@NULL@@"], "hypothesis_tokens": ["Moira", "Kelly", "sang", "in", "The", "Cutting", "Edge", ".", "@@NULL@@"], "label_logits": [0.6526302099227905, -0.44172587990760803, -1.8405975103378296], "label_probs": [0.7055181860923767, 0.2361758053302765, 0.05830598995089531], "h2p_attention": [[0.0392763689160347, 0.030887266620993614, 0.034858912229537964, 0.02793779782950878, 0.02285904809832573, 0.026602214202284813, 0.021564945578575134, 0.039659686386585236, 0.028494635596871376, 0.024717511609196663, 0.041539084166288376, 0.03276439756155014, 0.024717511609196663, 0.1042833998799324, 0.03713531047105789, 0.019070157781243324, 0.024454981088638306, 0.02832435443997383, 0.024454981088638306, 0.030096644535660744, 0.028685888275504112, 0.039659686386585236, 0.039659686386585236, 0.026767242699861526, 0.024717511609196663, 0.02628638781607151, 0.030480891466140747, 0.0229733157902956, 0.032467570155858994, 0.025598647072911263, 0.02184262126684189, 0.017161494120955467], [0.10721894353628159, 0.034542955458164215, 0.011579074896872044, 0.0258890800178051, 0.014248036779463291, 0.064271941781044, 0.05902107432484627, 0.01056037936359644, 0.01979314163327217, 0.013375145383179188, 0.016325846314430237, 0.01301171537488699, 0.013375145383179188, 0.04604553431272507, 0.01702798157930374, 0.014542237855494022, 0.017907578498125076, 0.03297194465994835, 0.017907578498125076, 0.07558120042085648, 0.08025874197483063, 0.01056037936359644, 0.01056037936359644, 0.028487594798207283, 0.013375145383179188, 0.08269184082746506, 0.020506370812654495, 0.048152368515729904, 0.018649471923708916, 0.036149315536022186, 0.016790298745036125, 0.008621464483439922], [0.03319232910871506, 0.013876472599804401, 0.023265359923243523, 0.013376695103943348, 0.01681644842028618, 0.039612822234630585, 0.011240866966545582, 0.008184821344912052, 0.011219070293009281, 0.009689868427813053, 0.011629787273705006, 0.03655604273080826, 0.009689868427813053, 0.016352664679288864, 0.015438467264175415, 0.007308694534003735, 0.009366690181195736, 0.024699579924345016, 0.009366690181195736, 0.43673545122146606, 0.08045534044504166, 0.008184821344912052, 0.008184821344912052, 0.01354739535599947, 0.009689868427813053, 0.046198323369026184, 0.014290623366832733, 0.01744004525244236, 0.019827108830213547, 0.008486051112413406, 0.01101643405854702, 0.005060557741671801], [0.059231460094451904, 0.04495009034872055, 0.03213163837790489, 0.023847252130508423, 0.012346451170742512, 0.13094474375247955, 0.014308740384876728, 0.007231408730149269, 0.1742127686738968, 0.013018215075135231, 0.027661941945552826, 0.03895397111773491, 0.013018215075135231, 0.03030349686741829, 0.04374438524246216, 0.009582591243088245, 0.018286781385540962, 0.02834188938140869, 0.018286781385540962, 0.014264922589063644, 0.013160194270312786, 0.007231408730149269, 0.007231408730149269, 0.02930700220167637, 0.013018215075135231, 0.010869866237044334, 0.056915152817964554, 0.018242759630084038, 0.048224467784166336, 0.025730077177286148, 0.01104651391506195, 0.004355268552899361], [0.0635216161608696, 0.06059727445244789, 0.04717584326863289, 0.03414127603173256, 0.027066703885793686, 0.03166691213846207, 0.01823342777788639, 0.015080632641911507, 0.031297266483306885, 0.05566379055380821, 0.016689887270331383, 0.024904940277338028, 0.05566379055380821, 0.026527905836701393, 0.031763363629579544, 0.021934302523732185, 0.0356818288564682, 0.039210814982652664, 0.0356818288564682, 0.019623184576630592, 0.023793581873178482, 0.015080632641911507, 0.015080632641911507, 0.03135846555233002, 0.05566379055380821, 0.01279753353446722, 0.028830265626311302, 0.05344673991203308, 0.019024571403861046, 0.020898429676890373, 0.021428212523460388, 0.010470559820532799], [5.407766002463177e-05, 1.5289042494259775e-05, 1.7361855498165824e-05, 6.718808890582295e-06, 5.856495135958539e-06, 2.072296047117561e-05, 1.3263515938888304e-05, 7.066066700645024e-06, 8.09087032394018e-06, 2.9461200483638095e-06, 7.705867756158113e-05, 6.402871349564521e-06, 2.9461200483638095e-06, 0.9995548129081726, 1.996057471842505e-05, 3.452502596701379e-06, 8.52950779517414e-06, 1.7346945242024958e-05, 8.52950779517414e-06, 1.7803675291361287e-05, 7.2383613769488875e-06, 7.066066700645024e-06, 7.066066700645024e-06, 5.3951430345478e-06, 2.9461200483638095e-06, 1.491275634180056e-05, 1.5468087440240197e-05, 6.051673153706361e-06, 5.0229857151862234e-05, 1.130601503973594e-05, 2.7719029276340734e-06, 1.1628335414570756e-06], [0.07264957576990128, 0.03001081570982933, 0.026107121258974075, 0.01389328669756651, 0.010892285965383053, 0.020022332668304443, 0.01127462275326252, 0.010556213557720184, 0.048998601734638214, 0.014799012802541256, 0.03097885102033615, 0.03450406342744827, 0.014799012802541256, 0.08373979479074478, 0.2320997714996338, 0.006990951951593161, 0.010703671723604202, 0.019677501171827316, 0.010703671723604202, 0.03376295045018196, 0.01063489355146885, 0.010556213557720184, 0.010556213557720184, 0.03219742700457573, 0.014799012802541256, 0.012557749636471272, 0.043240174651145935, 0.01698450744152069, 0.050267886370420456, 0.04486075043678284, 0.011302702128887177, 0.00487838638946414], [0.08234745264053345, 0.05356241390109062, 0.030283503234386444, 0.03469082713127136, 0.024209164083003998, 0.02586027979850769, 0.029581423848867416, 0.01685819961130619, 0.03359478712081909, 0.027106769382953644, 0.029372263699769974, 0.0286177396774292, 0.027106769382953644, 0.03157344460487366, 0.030687939375638962, 0.017666462808847427, 0.027529777958989143, 0.03618616610765457, 0.027529777958989143, 0.030937474220991135, 0.042514823377132416, 0.01685819961130619, 0.01685819961130619, 0.03092970699071884, 0.027106769382953644, 0.025591304525732994, 0.050130438059568405, 0.03810902312397957, 0.03030763380229473, 0.02242974378168583, 0.040616218000650406, 0.013245292007923126], [0.03125, 0.03125, 0.03125, 0.03125, 0.03125, 0.03125, 0.03125, 0.03125, 0.03125, 0.03125, 0.03125, 0.03125, 0.03125, 0.03125, 0.03125, 0.03125, 0.03125, 0.03125, 0.03125, 0.03125, 0.03125, 0.03125, 0.03125, 0.03125, 0.03125, 0.03125, 0.03125, 0.03125, 0.03125, 0.03125, 0.03125, 0.03125]],