{"premise_tokens": ["Hail", "to", "the", "Thief", "is", "the", "sixth", "studio", "album", "by", "the", "English", "rock", "band", "Radiohead", ".", "@@NULL@@"], "hypothesis_tokens": ["Hail", "to", "the", "Thief", "is", "a", "television", "program", "by", "Radiohead", ".", "@@NULL@@"], "label_logits": [-4.010458946228027, 1.378495216369629, 1.1256999969482422], "label_probs": [0.0025638688821345568, 0.561421275138855, 0.436014860868454], "h2p_attention": [[0.9988871216773987, 8.58399744174676e-06, 1.1622081729001366e-05, 0.00012010800128336996, 2.6843355954042636e-05, 1.1622081729001366e-05, 8.746408639126457e-06, 2.122943442373071e-05, 0.0001389327080687508, 1.6057403627200983e-05, 1.1622081729001366e-05, 2.3139580662245862e-05, 0.00012631944264285266, 0.0005587994237430394, 1.1687614460242912e-05, 1.3192785445426125e-05, 4.484122655412648e-06], [0.019559061154723167, 0.3296090364456177, 0.0402509868144989, 0.017164085060358047, 0.15193668007850647, 0.0402509868144989, 0.07929815351963043, 0.03055274300277233, 0.03139869123697281, 0.03954916074872017, 0.0402509868144989, 0.06935344636440277, 0.028507553040981293, 0.03107861615717411, 0.017153553664684296, 0.02386893890798092, 0.010217295959591866], [0.0519249401986599, 0.07892419397830963, 0.10650559514760971, 0.03488553687930107, 0.11594519019126892, 0.10650559514760971, 0.047185491770505905, 0.042228814214468, 0.028540410101413727, 0.05165840685367584, 0.10650559514760971, 0.060127999633550644, 0.03435578569769859, 0.04481738060712814, 0.02885487489402294, 0.04100016504526138, 0.02003408595919609], [0.14070259034633636, 0.008824541233479977, 0.009147102013230324, 0.5670583844184875, 0.015636175870895386, 0.009147102013230324, 0.009458388201892376, 0.014129845425486565, 0.022189395502209663, 0.022204354405403137, 0.009147102013230324, 0.015190726146101952, 0.04004061222076416, 0.0907912626862526, 0.007641782984137535, 0.013437704183161259, 0.005253002047538757], [0.02640107460319996, 0.06558261811733246, 0.025523796677589417, 0.013127590529620647, 0.543889582157135, 0.025523796677589417, 0.04278090223670006, 0.014217761345207691, 0.014723461121320724, 0.08794363588094711, 0.025523796677589417, 0.04859202727675438, 0.014829008840024471, 0.021158751100301743, 0.007937551476061344, 0.017834480851888657, 0.004410238936543465], [0.0660867914557457, 0.07388155162334442, 0.04727533459663391, 0.04877179488539696, 0.08550003916025162, 0.04727533459663391, 0.0602433867752552, 0.05349745601415634, 0.058194682002067566, 0.056962404400110245, 0.04727533459663391, 0.056427065283060074, 0.11200708150863647, 0.1196647584438324, 0.02108721435070038, 0.030438782647252083, 0.015411016531288624], [0.1255432665348053, 0.02653893269598484, 0.023137100040912628, 0.04000221937894821, 0.042867500334978104, 0.023137100040912628, 0.022151116281747818, 0.10062815994024277, 0.08480173349380493, 0.04836010932922363, 0.023137100040912628, 0.06487720459699631, 0.15646475553512573, 0.16034963726997375, 0.019462544471025467, 0.023603232577443123, 0.014938238076865673], [0.05973063409328461, 0.04151051118969917, 0.028840258717536926, 0.03407220169901848, 0.05798918753862381, 0.028840258717536926, 0.1214594841003418, 0.05283080041408539, 0.05396881699562073, 0.058378010988235474, 0.028840258717536926, 0.07096684724092484, 0.0916922464966774, 0.20815902948379517, 0.02150913141667843, 0.026203272864222527, 0.015009129419922829], [0.005137047730386257, 0.005552862770855427, 0.0036990251392126083, 0.006063820794224739, 0.02860606461763382, 0.0036990251392126083, 0.006536366418004036, 0.003364106873050332, 0.00553551223129034, 0.8880874514579773, 0.0036990251392126083, 0.019004367291927338, 0.007855415344238281, 0.006653821095824242, 0.0019489788683131337, 0.0031226363498717546, 0.0014345502713695168], [0.09417246282100677, 0.06065879762172699, 0.052038565278053284, 0.052560895681381226, 0.06502794474363327, 0.052038565278053284, 0.04335232451558113, 0.06727071106433868, 0.05826084688305855, 0.04908705875277519, 0.052038565278053284, 0.05777895450592041, 0.07958316057920456, 0.050517696887254715, 0.08349680155515671, 0.04598596692085266, 0.036130644381046295], [0.0754726231098175, 0.05992769077420235, 0.05249844491481781, 0.0656217709183693, 0.10373584181070328, 0.05249844491481781, 0.06945092231035233, 0.05449062958359718, 0.04658525437116623, 0.05583880469202995, 0.05249844491481781, 0.04320881515741348, 0.04746631160378456, 0.08374109119176865, 0.03264976292848587, 0.07866258919239044, 0.02565254271030426], [0.05882352963089943, 0.05882352963089943, 0.05882352963089943, 0.05882352963089943, 0.05882352963089943, 0.05882352963089943, 0.05882352963089943, 0.05882352963089943, 0.05882352963089943, 0.05882352963089943, 0.05882352963089943, 0.05882352963089943, 0.05882352963089943, 0.05882352963089943, 0.05882352963089943, 0.05882352963089943, 0.05882352963089943]],