{"premise_tokens": ["In", "an", "effort", "to", "emulate", "the", "``", "energy", "''", "of", "a", "theatrical", "setting", ",", "live", "audiences", "were", "incorporated", "into", "the", "production", "'s", "stagings", ".", "@@NULL@@"], "hypothesis_tokens": ["Aspects", "of", "Grease", "were", "incorporated", "into", "a", "live", "sculpture", ".", "@@NULL@@"], "label_logits": [-2.331737756729126, 1.7951607704162598, 0.07646973431110382], "label_probs": [0.013495382852852345, 0.8365166187286377, 0.14998801052570343], "h2p_attention": [[0.04643503203988075, 0.056480225175619125, 0.08019156008958817, 0.06419329345226288, 0.02453492395579815, 0.048904359340667725, 0.02453492395579815, 0.03407713398337364, 0.02453492395579815, 0.03121674433350563, 0.05290888249874115, 0.045743487775325775, 0.037301260977983475, 0.023570813238620758, 0.031742822378873825, 0.04176895320415497, 0.03123360499739647, 0.025979487225413322, 0.04766448959708214, 0.048904359340667725, 0.02866065874695778, 0.08937691152095795, 0.02453492395579815, 0.024042585864663124, 0.011463538743555546], [0.04047416150569916, 0.050754573196172714, 0.031882163137197495, 0.054514266550540924, 0.02004154585301876, 0.03806868568062782, 0.02004154585301876, 0.024518856778740883, 0.02004154585301876, 0.16395381093025208, 0.044639185070991516, 0.02957393229007721, 0.06813841313123703, 0.03396284952759743, 0.03087875433266163, 0.026236141100525856, 0.03712576627731323, 0.03787405416369438, 0.05208196863532066, 0.03806868568062782, 0.030845629051327705, 0.044314559549093246, 0.02004154585301876, 0.025406895205378532, 0.016520485281944275], [0.08970503509044647, 0.06297038495540619, 0.059733614325523376, 0.021276313811540604, 0.02504986710846424, 0.024300016462802887, 0.02504986710846424, 0.05433905869722366, 0.02504986710846424, 0.01602807827293873, 0.024004822596907616, 0.07133758813142776, 0.10926694422960281, 0.015810197219252586, 0.04213816300034523, 0.03228919208049774, 0.03997319936752319, 0.03384251147508621, 0.04210802540183067, 0.024300016462802887, 0.062004853039979935, 0.043215785175561905, 0.02504986710846424, 0.020292047411203384, 0.010864701122045517], [0.026745066046714783, 0.03499060124158859, 0.03571486845612526, 0.02244066447019577, 0.016881577670574188, 0.027944624423980713, 0.016881577670574188, 0.024476604536175728, 0.016881577670574188, 0.024099266156554222, 0.02418956160545349, 0.03322253003716469, 0.033684663474559784, 0.024368904531002045, 0.03502749279141426, 0.03226493299007416, 0.3540430963039398, 0.017465950921177864, 0.027620354667305946, 0.027944624423980713, 0.0557689368724823, 0.03422246500849724, 0.016881577670574188, 0.025514621287584305, 0.010723859071731567], [0.013199961744248867, 0.009581143967807293, 0.004332475829869509, 0.005235301796346903, 0.0037568993866443634, 0.0029856618493795395, 0.0037568993866443634, 0.0038147668819874525, 0.0037568993866443634, 0.004933662712574005, 0.00502588739618659, 0.0071602463722229, 0.028291216120123863, 0.00412830151617527, 0.009841523133218288, 0.004848990589380264, 0.003505029482766986, 0.835738480091095, 0.024337008595466614, 0.0029856618493795395, 0.006052077282220125, 0.0035732111427932978, 0.0037568993866443634, 0.003249786328524351, 0.0021520403679460287], [0.024939853698015213, 0.027252376079559326, 0.01854623667895794, 0.020697537809610367, 0.005415033083409071, 0.010255128145217896, 0.005415033083409071, 0.007910586893558502, 0.005415033083409071, 0.009442571550607681, 0.010207346640527248, 0.010160461999475956, 0.046837300062179565, 0.0047349161468446255, 0.012479554861783981, 0.01950208656489849, 0.0077144308015704155, 0.033872123807668686, 0.6721101403236389, 0.010255128145217896, 0.010894806124269962, 0.008007992058992386, 0.005415033083409071, 0.00952396634966135, 0.002995198592543602], [0.05904315784573555, 0.06681904941797256, 0.039394721388816833, 0.058944590389728546, 0.016823919489979744, 0.03771747276186943, 0.016823919489979744, 0.024476172402501106, 0.016823919489979744, 0.03322253003716469, 0.16758349537849426, 0.04322191700339317, 0.03296073526144028, 0.033639270812273026, 0.05078452453017235, 0.03088519535958767, 0.02773422561585903, 0.028714515268802643, 0.04190119355916977, 0.03771747276186943, 0.029847227036952972, 0.05151679739356041, 0.016823919489979744, 0.024284839630126953, 0.01229530293494463], [0.03197729215025902, 0.026122812181711197, 0.015573084354400635, 0.013114855624735355, 0.01085988711565733, 0.013903932645916939, 0.01085988711565733, 0.013404333032667637, 0.01085988711565733, 0.015492737293243408, 0.03423602879047394, 0.04418347775936127, 0.030432749539613724, 0.013061648234724998, 0.4702303409576416, 0.032776378095149994, 0.02707379311323166, 0.03790557011961937, 0.03453540802001953, 0.013903932645916939, 0.045819662511348724, 0.01930467039346695, 0.01085988711565733, 0.015218975953757763, 0.008288790471851826], [0.04039441794157028, 0.03235286474227905, 0.017800908535718918, 0.01594121940433979, 0.011263490654528141, 0.011664694175124168, 0.011263490654528141, 0.026337996125221252, 0.011263490654528141, 0.01297797542065382, 0.019462179392576218, 0.04302751272916794, 0.04755275696516037, 0.011294598691165447, 0.1081450805068016, 0.030320601537823677, 0.015378747135400772, 0.2895401120185852, 0.11388126015663147, 0.011664694175124168, 0.06839802116155624, 0.018779655918478966, 0.011263490654528141, 0.0120803602039814, 0.007950425148010254], [0.050759486854076385, 0.055341433733701706, 0.04231669008731842, 0.046752430498600006, 0.025471625849604607, 0.0409565269947052, 0.025471625849604607, 0.037700507789850235, 0.025471625849604607, 0.03077767603099346, 0.03952783718705177, 0.03508227318525314, 0.05352441966533661, 0.02669285237789154, 0.03674526512622833, 0.06236080452799797, 0.047615133225917816, 0.03022117353975773, 0.06363545358181, 0.0409565269947052, 0.03612169995903969, 0.03964417055249214, 0.025471625849604607, 0.06136840954422951, 0.020012764260172844], [0.03999999538064003, 0.03999999538064003, 0.03999999538064003, 0.03999999538064003, 0.03999999538064003, 0.03999999538064003, 0.03999999538064003, 0.03999999538064003, 0.03999999538064003, 0.03999999538064003, 0.03999999538064003, 0.03999999538064003, 0.03999999538064003, 0.03999999538064003, 0.03999999538064003, 0.03999999538064003, 0.03999999538064003, 0.03999999538064003, 0.03999999538064003, 0.03999999538064003, 0.03999999538064003, 0.03999999538064003, 0.03999999538064003, 0.03999999538064003, 0.03999999538064003]],