{"premise_tokens": ["The", "state", "was", "named", "for", "the", "Colorado", "River", ",", "which", "Spanish", "travelers", "named", "the", "Río", "Colorado", "for", "the", "ruddy", "(", "-LSB-", "Wiktionary", ":", "colorado", ",", "colorado", "-RSB-", ")", "silt", "the", "river", "carried", "from", "the", "mountains", ".", "@@NULL@@"], "hypothesis_tokens": ["Colorado", "was", "named", "after", "a", "river", ".", "@@NULL@@"], "label_logits": [3.042191743850708, 0.3213030993938446, -5.536672592163086], "label_probs": [0.9380825161933899, 0.061741068959236145, 0.00017639558063820004], "h2p_attention": [[0.000521831214427948, 0.0056458148173987865, 0.0005983257433399558, 0.0016841816250234842, 0.0008865230483934283, 0.000521831214427948, 0.23928216099739075, 0.0034921590704470873, 0.0006355044315569103, 0.0010014530271291733, 0.0007406912627629936, 0.0004933550371788442, 0.0016841816250234842, 0.000521831214427948, 0.0005093078361824155, 0.23928216099739075, 0.0008865230483934283, 0.000521831214427948, 0.004199668765068054, 0.0004620203690137714, 0.0005093078361824155, 0.0005093078361824155, 0.000548689509741962, 0.23928216099739075, 0.0006355044315569103, 0.23928216099739075, 0.0005093078361824155, 0.0005175466649234295, 0.0005093078361824155, 0.000521831214427948, 0.0034921590704470873, 0.0006822497234679759, 0.0025000586174428463, 0.000521831214427948, 0.005301154684275389, 0.0007267782930284739, 0.00037932576378807425], [0.02774396911263466, 0.03049604967236519, 0.10727479308843613, 0.04373619705438614, 0.025717366486787796, 0.02774396911263466, 0.0186533834785223, 0.02899562567472458, 0.019914954900741577, 0.0349552296102047, 0.028321631252765656, 0.03190792724490166, 0.04373619705438614, 0.02774396911263466, 0.016975121572613716, 0.0186533834785223, 0.025717366486787796, 0.02774396911263466, 0.02644410729408264, 0.01384186651557684, 0.016975121572613716, 0.016975121572613716, 0.015058359131217003, 0.0186533834785223, 0.019914954900741577, 0.0186533834785223, 0.016975121572613716, 0.014125823974609375, 0.016975121572613716, 0.02774396911263466, 0.02899562567472458, 0.029378795996308327, 0.044262997806072235, 0.02774396911263466, 0.02230549231171608, 0.027119964361190796, 0.01182585209608078], [0.006059349048882723, 0.016405053436756134, 0.010569144040346146, 0.3452630341053009, 0.011172677390277386, 0.006059349048882723, 0.012688429094851017, 0.007824644446372986, 0.006560193840414286, 0.013783580623567104, 0.012192142195999622, 0.005001388490200043, 0.3452630341053009, 0.006059349048882723, 0.003362323623150587, 0.012688429094851017, 0.011172677390277386, 0.006059349048882723, 0.04425939917564392, 0.0052502150647342205, 0.003362323623150587, 0.003362323623150587, 0.005408878438174725, 0.012688429094851017, 0.006560193840414286, 0.012688429094851017, 0.003362323623150587, 0.005702487658709288, 0.003362323623150587, 0.006059349048882723, 0.007824644446372986, 0.005044411402195692, 0.011410283856093884, 0.006059349048882723, 0.010701080784201622, 0.005851778667420149, 0.0028577963821589947], [0.01853078231215477, 0.02788369730114937, 0.02130352146923542, 0.01421361044049263, 0.038731496781110764, 0.01853078231215477, 0.02450619451701641, 0.015871310606598854, 0.022776732221245766, 0.03289218246936798, 0.0368536151945591, 0.04861600324511528, 0.01421361044049263, 0.01853078231215477, 0.00910426676273346, 0.02450619451701641, 0.038731496781110764, 0.01853078231215477, 0.0181927178055048, 0.009113529697060585, 0.00910426676273346, 0.00910426676273346, 0.013370838947594166, 0.02450619451701641, 0.022776732221245766, 0.02450619451701641, 0.00910426676273346, 0.010214271023869514, 0.00910426676273346, 0.01853078231215477, 0.015871310606598854, 0.024656930938363075, 0.2764056324958801, 0.01853078231215477, 0.023141801357269287, 0.014047575183212757, 0.005390618462115526], [0.028707636520266533, 0.03652466461062431, 0.024747628718614578, 0.03669412434101105, 0.04441836103796959, 0.028707636520266533, 0.022114276885986328, 0.036682095378637314, 0.02560362033545971, 0.050142399966716766, 0.03857288137078285, 0.03797736391425133, 0.03669412434101105, 0.028707636520266533, 0.012805072590708733, 0.022114276885986328, 0.04441836103796959, 0.028707636520266533, 0.03421647101640701, 0.009988471865653992, 0.012805072590708733, 0.012805072590708733, 0.012519722804427147, 0.022114276885986328, 0.02560362033545971, 0.022114276885986328, 0.012805072590708733, 0.011027693748474121, 0.012805072590708733, 0.028707636520266533, 0.036682095378637314, 0.025348922237753868, 0.0578024685382843, 0.028707636520266533, 0.021764537319540977, 0.018483750522136688, 0.0093582384288311], [0.0008917004452086985, 0.004311778582632542, 0.0010752376401796937, 0.0012007091427221894, 0.0007892042631283402, 0.0008917004452086985, 0.004037255421280861, 0.4716717600822449, 0.0005535775562748313, 0.0019102641381323338, 0.0016614763299003243, 0.0011535935336723924, 0.0012007091427221894, 0.0008917004452086985, 0.0007552298484370112, 0.004037255421280861, 0.0007892042631283402, 0.0008917004452086985, 0.0023394213058054447, 0.0005528958863578737, 0.0007552298484370112, 0.0007552298484370112, 0.0005345689132809639, 0.004037255421280861, 0.0005535775562748313, 0.004037255421280861, 0.0007552298484370112, 0.0006395969539880753, 0.0007552298484370112, 0.0008917004452086985, 0.4716717600822449, 0.0018185051158070564, 0.004807554185390472, 0.0008917004452086985, 0.004039623774588108, 0.0010111307492479682, 0.0004385352076496929], [0.030861739069223404, 0.03021050989627838, 0.03458286449313164, 0.030878830701112747, 0.02756275050342083, 0.030861739069223404, 0.028893085196614265, 0.034770190715789795, 0.020113715901970863, 0.04123881459236145, 0.01976701430976391, 0.025539573282003403, 0.030878830701112747, 0.030861739069223404, 0.019193489104509354, 0.028893085196614265, 0.02756275050342083, 0.030861739069223404, 0.02082820236682892, 0.020445164293050766, 0.019193489104509354, 0.019193489104509354, 0.018251921981573105, 0.028893085196614265, 0.020113715901970863, 0.028893085196614265, 0.019193489104509354, 0.020355889573693275, 0.019193489104509354, 0.030861739069223404, 0.034770190715789795, 0.021323595196008682, 0.035139743238687515, 0.030861739069223404, 0.02763289213180542, 0.04624258354306221, 0.01508010271936655], [0.027027033269405365, 0.027027033269405365, 0.027027033269405365, 0.027027033269405365, 0.027027033269405365, 0.027027033269405365, 0.027027033269405365, 0.027027033269405365, 0.027027033269405365, 0.027027033269405365, 0.027027033269405365, 0.027027033269405365, 0.027027033269405365, 0.027027033269405365, 0.027027033269405365, 0.027027033269405365, 0.027027033269405365, 0.027027033269405365, 0.027027033269405365, 0.027027033269405365, 0.027027033269405365, 0.027027033269405365, 0.027027033269405365, 0.027027033269405365, 0.027027033269405365, 0.027027033269405365, 0.027027033269405365, 0.027027033269405365, 0.027027033269405365, 0.027027033269405365, 0.027027033269405365, 0.027027033269405365, 0.027027033269405365, 0.027027033269405365, 0.027027033269405365, 0.027027033269405365, 0.027027033269405365]],