{"premise_tokens": ["The", "original", "series", "was", "followed", "by", "Tim", "Burton", "'s", "remake", "Planet", "of", "the", "Apes", "in", "2001", "and", "the", "reboot", "Rise", "of", "the", "Planet", "of", "the", "Apes", "in", "2011", ".", "@@NULL@@"], "hypothesis_tokens": ["Planet", "of", "the", "Apes", "was", "written", "in", "2001", ".", "@@NULL@@"], "label_logits": [0.6379649639129639, 0.531328558921814, -1.6397240161895752], "label_probs": [0.49965691566467285, 0.4491178095340729, 0.05122525617480278], "h2p_attention": [[0.004219921305775642, 0.01198290940374136, 0.003713176818564534, 0.007259581703692675, 0.0038529729936271906, 0.007868408225476742, 0.0024026392493396997, 0.012433451600372791, 0.017055798321962357, 0.0031157024204730988, 0.4053538143634796, 0.004610958509147167, 0.004219921305775642, 0.009682332165539265, 0.00746055506169796, 0.014775262214243412, 0.0036235309671610594, 0.004219921305775642, 0.007826833985745907, 0.005476235877722502, 0.004610958509147167, 0.004219921305775642, 0.4053538143634796, 0.004610958509147167, 0.004219921305775642, 0.009682332165539265, 0.00746055506169796, 0.01256976556032896, 0.00420853728428483, 0.0019093053415417671], [0.024792836979031563, 0.028262034058570862, 0.029078366234898567, 0.015638845041394234, 0.0554596483707428, 0.023054596036672592, 0.01409025490283966, 0.022145869210362434, 0.028860561549663544, 0.013052375987172127, 0.025983456522226334, 0.10677752643823624, 0.024792836979031563, 0.015962613746523857, 0.02635944075882435, 0.05520641431212425, 0.02596958354115486, 0.024792836979031563, 0.020956803113222122, 0.023580756038427353, 0.10677752643823624, 0.024792836979031563, 0.025983456522226334, 0.10677752643823624, 0.024792836979031563, 0.015962613746523857, 0.02635944075882435, 0.0364302434027195, 0.016546644270420074, 0.010759228840470314], [0.06589080393314362, 0.024383440613746643, 0.01891300082206726, 0.029077565297484398, 0.04064558073878288, 0.031959015876054764, 0.01606004498898983, 0.027919109910726547, 0.049455318599939346, 0.017851369455456734, 0.02739371731877327, 0.02856058068573475, 0.06589080393314362, 0.017557816579937935, 0.03704746067523956, 0.027441726997494698, 0.03295129910111427, 0.06589080393314362, 0.023575695231556892, 0.02265622466802597, 0.02856058068573475, 0.06589080393314362, 0.02739371731877327, 0.02856058068573475, 0.06589080393314362, 0.017557816579937935, 0.03704746067523956, 0.02021743357181549, 0.025365179404616356, 0.012394297868013382], [0.010553539730608463, 0.018239686265587807, 0.019833413884043694, 0.01254742220044136, 0.014508428983390331, 0.014793828129768372, 0.00852374266833067, 0.021923992782831192, 0.017407352104783058, 0.010880139656364918, 0.0377793163061142, 0.011052803136408329, 0.010553539730608463, 0.23733992874622345, 0.03092220239341259, 0.03322714939713478, 0.009387613274157047, 0.010553539730608463, 0.06027001887559891, 0.018971117213368416, 0.011052803136408329, 0.010553539730608463, 0.0377793163061142, 0.011052803136408329, 0.010553539730608463, 0.23733992874622345, 0.03092220239341259, 0.023231547325849533, 0.010795628651976585, 0.007449884433299303], [0.03133125230669975, 0.04227282851934433, 0.022741170600056648, 0.12114537507295609, 0.03503773733973503, 0.04901342839002609, 0.016275612637400627, 0.028507262468338013, 0.04627383127808571, 0.019169997423887253, 0.05077823996543884, 0.019411766901612282, 0.03133125230669975, 0.02249295637011528, 0.031642764806747437, 0.030066849663853645, 0.028687655925750732, 0.03133125230669975, 0.031805071979761124, 0.021148215979337692, 0.019411766901612282, 0.03133125230669975, 0.05077823996543884, 0.019411766901612282, 0.03133125230669975, 0.02249295637011528, 0.031642764806747437, 0.039154186844825745, 0.030626563355326653, 0.01335492916405201], [0.015372234396636486, 0.10965315997600555, 0.10984566062688828, 0.018850374966859818, 0.09563709050416946, 0.06313982605934143, 0.034874144941568375, 0.01927265152335167, 0.03566667437553406, 0.012483680620789528, 0.01889530010521412, 0.015130352228879929, 0.015372234396636486, 0.019875427708029747, 0.03504493832588196, 0.03259585425257683, 0.021326834335923195, 0.015372234396636486, 0.10370562225580215, 0.03706207871437073, 0.015130352228879929, 0.015372234396636486, 0.01889530010521412, 0.015130352228879929, 0.015372234396636486, 0.019875427708029747, 0.03504493832588196, 0.015403671190142632, 0.012438412755727768, 0.008160920813679695], [0.01616406999528408, 0.028790567070245743, 0.026346102356910706, 0.012812888249754906, 0.03725576400756836, 0.021546391770243645, 0.008600459434092045, 0.015409419313073158, 0.016160471364855766, 0.008978880941867828, 0.0211305133998394, 0.01324857771396637, 0.01616406999528408, 0.02244580164551735, 0.21631135046482086, 0.059613458812236786, 0.012153321877121925, 0.01616406999528408, 0.03787759318947792, 0.029933054000139236, 0.01324857771396637, 0.01616406999528408, 0.0211305133998394, 0.01324857771396637, 0.01616406999528408, 0.02244580164551735, 0.21631135046482086, 0.025056619197130203, 0.013715901412069798, 0.0054077208042144775], [6.247376586543396e-05, 9.633798617869616e-05, 0.00012660020729526877, 6.352642958518118e-05, 0.00024106590717565268, 6.126529478933662e-05, 4.554061888484284e-05, 3.8520109228556976e-05, 7.412380364257842e-05, 5.28687123733107e-05, 0.000218357439734973, 0.0001447825925424695, 6.247376586543396e-05, 0.00012584953219629824, 0.0003110557736363262, 0.9867112636566162, 0.0001328530051978305, 6.247376586543396e-05, 0.0008029207237996161, 0.0003187950642313808, 0.0001447825925424695, 6.247376586543396e-05, 0.000218357439734973, 0.0001447825925424695, 6.247376586543396e-05, 0.00012584953219629824, 0.0003110557736363262, 0.009033603593707085, 0.00011533204087754712, 2.8216820282978006e-05], [0.03347475454211235, 0.030253816395998, 0.030986597761511803, 0.037510946393013, 0.03778016194701195, 0.035604678094387054, 0.0201462060213089, 0.029622932896018028, 0.03240213543176651, 0.020818574354052544, 0.036054305732250214, 0.025155337527394295, 0.03347475454211235, 0.02370280772447586, 0.0414869487285614, 0.06685643643140793, 0.03173665329813957, 0.03347475454211235, 0.032917022705078125, 0.03135239705443382, 0.025155337527394295, 0.03347475454211235, 0.036054305732250214, 0.025155337527394295, 0.03347475454211235, 0.02370280772447586, 0.0414869487285614, 0.05016886442899704, 0.050157878547906876, 0.01635691337287426], [0.033333323895931244, 0.033333323895931244, 0.033333323895931244, 0.033333323895931244, 0.033333323895931244, 0.033333323895931244, 0.033333323895931244, 0.033333323895931244, 0.033333323895931244, 0.033333323895931244, 0.033333323895931244, 0.033333323895931244, 0.033333323895931244, 0.033333323895931244, 0.033333323895931244, 0.033333323895931244, 0.033333323895931244, 0.033333323895931244, 0.033333323895931244, 0.033333323895931244, 0.033333323895931244, 0.033333323895931244, 0.033333323895931244, 0.033333323895931244, 0.033333323895931244, 0.033333323895931244, 0.033333323895931244, 0.033333323895931244, 0.033333323895931244, 0.033333323895931244]],