{"premise_tokens": ["In", "the", "Middle", "East", ",", "there", "is", "also", "a", "Romani", "community", ".", "@@NULL@@"], "hypothesis_tokens": ["The", "Middle", "East", "does", "n't", "have", "a", "Romani", "community", ".", "@@NULL@@"], "label_logits": [-2.6968605518341064, 1.6559035778045654, -0.19843657314777374], "label_probs": [0.011006399989128113, 0.8551193475723267, 0.13387423753738403], "h2p_attention": [[0.0661049336194992, 0.11757101118564606, 0.09631866216659546, 0.06734398752450943, 0.0463288277387619, 0.19921672344207764, 0.12799133360385895, 0.06648341566324234, 0.06784232705831528, 0.031852759420871735, 0.045570582151412964, 0.04525988548994064, 0.02211553044617176], [0.03752893581986427, 0.04256222024559975, 0.41232502460479736, 0.06271031498908997, 0.018194589763879776, 0.12259155511856079, 0.1446714550256729, 0.047357574105262756, 0.02825825847685337, 0.016971739009022713, 0.029399216175079346, 0.027656476944684982, 0.00977262295782566], [0.03294522687792778, 0.014195729047060013, 0.02991466224193573, 0.7896601557731628, 0.007477178238332272, 0.0364811010658741, 0.03342122584581375, 0.010481799021363258, 0.01017752941697836, 0.009257039055228233, 0.012632819823920727, 0.008693774230778217, 0.004661828279495239], [0.07535357028245926, 0.050974417477846146, 0.0470249280333519, 0.03645844757556915, 0.0206224974244833, 0.4417550563812256, 0.1679593324661255, 0.04809067025780678, 0.039974913001060486, 0.012719896622002125, 0.030415711924433708, 0.02144104801118374, 0.007209534291177988], [0.04501397907733917, 0.0613643042743206, 0.07043177634477615, 0.021108580753207207, 0.01928863301873207, 0.505824863910675, 0.16691718995571136, 0.03496405854821205, 0.034581445157527924, 0.007147051859647036, 0.016112644225358963, 0.014156946912407875, 0.0030885806772857904], [0.08111605048179626, 0.0353032611310482, 0.07296193391084671, 0.04530051723122597, 0.02927088923752308, 0.3591732978820801, 0.15166275203227997, 0.057099826633930206, 0.03458130359649658, 0.01970800571143627, 0.06986961513757706, 0.032144833356142044, 0.011807778850197792], [0.08661127835512161, 0.05532831698656082, 0.05215289443731308, 0.03937587887048721, 0.049345940351486206, 0.14442259073257446, 0.10006429255008698, 0.09322264045476913, 0.245830699801445, 0.024679256603121758, 0.055306240916252136, 0.035623788833618164, 0.018036160618066788], [0.08150596916675568, 0.07070188969373703, 0.08525042980909348, 0.09747587144374847, 0.054548218846321106, 0.09664790332317352, 0.0883498340845108, 0.059141721576452255, 0.06716907769441605, 0.11344243586063385, 0.07419949769973755, 0.06247856467962265, 0.04908868297934532], [0.06073327362537384, 0.03679114207625389, 0.05371316149830818, 0.04838382452726364, 0.025939933955669403, 0.1535591036081314, 0.12367910891771317, 0.04709690064191818, 0.05475024878978729, 0.026988303288817406, 0.3080665171146393, 0.042443662881851196, 0.0178548451513052], [0.08237595111131668, 0.0664670318365097, 0.09191278368234634, 0.06056787073612213, 0.0433189794421196, 0.14957648515701294, 0.1313374787569046, 0.05968167260289192, 0.06414846330881119, 0.041337091475725174, 0.07720529288053513, 0.09959283471107483, 0.03247807174921036], [0.07692307978868484, 0.07692307978868484, 0.07692307978868484, 0.07692307978868484, 0.07692307978868484, 0.07692307978868484, 0.07692307978868484, 0.07692307978868484, 0.07692307978868484, 0.07692307978868484, 0.07692307978868484, 0.07692307978868484, 0.07692307978868484]], "p2h_attention": [[0.05049741640686989, 0.06487654894590378, 0.11939022690057755, 0.17657500505447388, 0.2462187260389328, 0.11605695635080338, 0.08112654089927673, 0.0280505008995533, 0.057464975863695145, 0.04284920543432236, 0.016894005239009857], [0.10172645002603531, 0.0833381935954094, 0.058268316090106964, 0.13529323041439056, 0.3801787793636322, 0.05721074342727661, 0.05869949236512184, 0.027560090646147728, 0.03942922502756119, 0.03916039690375328, 0.019135111942887306], [0.043580278754234314, 0.42218756675720215, 0.06421030312776566, 0.06526762247085571, 0.22818472981452942, 0.06183081492781639, 0.0289341788738966, 0.017377693206071854, 0.030102426186203957, 0.028318000957369804, 0.010006377473473549], [0.014903430826961994, 0.03140600398182869, 0.8290272355079651, 0.024750031530857086, 0.033449139446020126, 0.01877671852707863, 0.010684912092983723, 0.009718531742691994, 0.013262606225907803, 0.009127186611294746, 0.004894235171377659], [0.0845419391989708, 0.0751362293958664, 0.06472911685705185, 0.11543895304203033, 0.252034991979599, 0.10004284977912903, 0.11041437089443207, 0.044845353811979294, 0.05863150209188461, 0.05382775142788887, 0.040356945246458054], [0.02914978191256523, 0.04059348255395889, 0.02532319724559784, 0.19828103482723236, 0.5299661159515381, 0.09843344986438751, 0.02591181918978691, 0.006371151190251112, 0.02783084288239479, 0.014903213828802109, 0.003235987853258848], [0.042162731289863586, 0.10784927755594254, 0.05222899094223976, 0.16972368955612183, 0.3937201499938965, 0.09357422590255737, 0.040418531745672226, 0.013112028129398823, 0.05046447739005089, 0.029460756108164787, 0.007285268045961857], [0.06713832914829254, 0.10822632163763046, 0.050215065479278564, 0.14897321164608002, 0.25282353162765503, 0.10799935460090637, 0.11543349176645279, 0.026907118037343025, 0.05891024321317673, 0.041039805859327316, 0.022333387285470963], [0.06279432028532028, 0.059190403670072556, 0.04468926042318344, 0.11350039392709732, 0.22919289767742157, 0.05995013564825058, 0.2790030837059021, 0.028009474277496338, 0.06276926398277283, 0.040430862456560135, 0.02046995982527733], [0.0783887431025505, 0.09451901912689209, 0.1080736443400383, 0.09602413326501846, 0.1259424239397049, 0.09084030985832214, 0.07447183132171631, 0.12577612698078156, 0.08226661384105682, 0.06927136331796646, 0.05442570149898529], [0.042625971138477325, 0.06223171204328537, 0.05605717748403549, 0.08727259188890457, 0.10791826248168945, 0.12240728735923767, 0.06343327462673187, 0.031268466264009476, 0.35692381858825684, 0.049174945801496506, 0.020686505362391472], [0.07661173492670059, 0.10594119876623154, 0.06981219351291656, 0.11133147776126862, 0.1715891808271408, 0.1019112765789032, 0.07393927872180939, 0.04764626547694206, 0.08898893743753433, 0.11479342728853226, 0.03743512183427811], [0.09090908616781235, 0.09090908616781235, 0.09090908616781235, 0.09090908616781235, 0.09090908616781235, 0.09090908616781235, 0.09090908616781235, 0.09090908616781235, 0.09090908616781235, 0.09090908616781235, 0.09090908616781235]], "claim": "The Middle East doesn't have a Romani community.", "premise_source_doc_id": "Middle_East", "premise_source_doc_line_num": 7, "premise_source_doc_sentence": "In the Middle East , there is also a Romani community ."}
