{"premise_tokens": ["The", "screenplay", "for", "Dolores", "Claiborne", "was", "adapted", "by", "Tony", "Gilroy", ",", "and", "the", "film", "was", "shot", "in", "Nova", "Scotia", "in", "1994", ".", "@@NULL@@"], "hypothesis_tokens": ["Dolores", "Claiborne", "'s", "screenplay", "was", "adapted", "by", "an", "American", ".", "@@NULL@@"], "label_logits": [0.15532955527305603, 0.3702552318572998, -1.149489402770996], "label_probs": [0.398249089717865, 0.4937371611595154, 0.10801376402378082], "h2p_attention": [[0.036463845521211624, 0.058506887406110764, 0.03372219577431679, 0.058506887406110764, 0.058506887406110764, 0.03634070232510567, 0.041397567838430405, 0.03439570218324661, 0.040801454335451126, 0.058506887406110764, 0.028132738545536995, 0.03211134672164917, 0.036463845521211624, 0.048334795981645584, 0.03634070232510567, 0.04433519020676613, 0.04203594848513603, 0.058506887406110764, 0.058506887406110764, 0.04203594848513603, 0.058506887406110764, 0.03222274407744408, 0.025317033752799034], [0.036463845521211624, 0.058506887406110764, 0.03372219577431679, 0.058506887406110764, 0.058506887406110764, 0.03634070232510567, 0.041397567838430405, 0.03439570218324661, 0.040801454335451126, 0.058506887406110764, 0.028132738545536995, 0.03211134672164917, 0.036463845521211624, 0.048334795981645584, 0.03634070232510567, 0.04433519020676613, 0.04203594848513603, 0.058506887406110764, 0.058506887406110764, 0.04203594848513603, 0.058506887406110764, 0.03222274407744408, 0.025317033752799034], [0.06823728233575821, 0.02704377844929695, 0.06288004666566849, 0.02704377844929695, 0.02704377844929695, 0.05925493687391281, 0.03594672307372093, 0.0705050677061081, 0.044509634375572205, 0.02704377844929695, 0.04874806106090546, 0.05667740851640701, 0.06823728233575821, 0.03376687690615654, 0.05925493687391281, 0.04948557913303375, 0.05110583081841469, 0.02704377844929695, 0.02704377844929695, 0.05110583081841469, 0.02704377844929695, 0.03387684002518654, 0.017101358622312546], [0.036463845521211624, 0.058506887406110764, 0.03372219577431679, 0.058506887406110764, 0.058506887406110764, 0.03634070232510567, 0.041397567838430405, 0.03439570218324661, 0.040801454335451126, 0.058506887406110764, 0.028132738545536995, 0.03211134672164917, 0.036463845521211624, 0.048334795981645584, 0.03634070232510567, 0.04433519020676613, 0.04203594848513603, 0.058506887406110764, 0.058506887406110764, 0.04203594848513603, 0.058506887406110764, 0.03222274407744408, 0.025317033752799034], [0.039996933192014694, 0.024472087621688843, 0.03707529231905937, 0.024472087621688843, 0.024472087621688843, 0.15465208888053894, 0.03084453009068966, 0.06256969273090363, 0.033014435321092606, 0.024472087621688843, 0.02871028147637844, 0.03662216663360596, 0.039996933192014694, 0.027075637131929398, 0.15465208888053894, 0.04655013233423233, 0.04039460048079491, 0.024472087621688843, 0.024472087621688843, 0.04039460048079491, 0.024472087621688843, 0.039097342640161514, 0.01704866997897625], [0.0009951107203960419, 0.0010724712628871202, 0.0021105145569890738, 0.0010724712628871202, 0.0010724712628871202, 0.0011866189306601882, 0.9608639478683472, 0.003910712897777557, 0.0016848116647452116, 0.0010724712628871202, 0.0007877749158069491, 0.0007425047806464136, 0.0009951107203960419, 0.003348661120980978, 0.0011866189306601882, 0.003764534369111061, 0.004645752254873514, 0.0010724712628871202, 0.0010724712628871202, 0.004645752254873514, 0.0010724712628871202, 0.0009684498654678464, 0.0006558789755217731], [0.003796451026573777, 0.0020003116223961115, 0.0062902336940169334, 0.0020003116223961115, 0.0020003116223961115, 0.005403559189289808, 0.008778868243098259, 0.9114781618118286, 0.004655900876969099, 0.0020003116223961115, 0.0052969432435929775, 0.0028163555543869734, 0.003796451026573777, 0.0033897669054567814, 0.005403559189289808, 0.008481540717184544, 0.005866332910954952, 0.0020003116223961115, 0.0020003116223961115, 0.005866332910954952, 0.0020003116223961115, 0.003204881213605404, 0.0014723337953910232], [0.038868971168994904, 0.01586008630692959, 0.060111384838819504, 0.01586008630692959, 0.01586008630692959, 0.03228702396154404, 0.06334438174962997, 0.10417929291725159, 0.023468798026442528, 0.01586008630692959, 0.027729840949177742, 0.02802313305437565, 0.038868971168994904, 0.04406246542930603, 0.03228702396154404, 0.06611558794975281, 0.14508041739463806, 0.01586008630692959, 0.01586008630692959, 0.14508041739463806, 0.01586008630692959, 0.028988780453801155, 0.010483023710548878], [0.0355725958943367, 0.03204770013689995, 0.0329795777797699, 0.03204770013689995, 0.03204770013689995, 0.027398647740483284, 0.04813193157315254, 0.0855380967259407, 0.08647870272397995, 0.03204770013689995, 0.03731871768832207, 0.033725280314683914, 0.0355725958943367, 0.041258011013269424, 0.027398647740483284, 0.09808780997991562, 0.07460138201713562, 0.03204770013689995, 0.03204770013689995, 0.07460138201713562, 0.03204770013689995, 0.021668368950486183, 0.01533437892794609], [0.05009797587990761, 0.0311568696051836, 0.04474271088838577, 0.0311568696051836, 0.0311568696051836, 0.05613850802183151, 0.03614577651023865, 0.05328559875488281, 0.031941600143909454, 0.0311568696051836, 0.0326506681740284, 0.04749675095081329, 0.05009797587990761, 0.05289050564169884, 0.05613850802183151, 0.04655192419886589, 0.06208895146846771, 0.0311568696051836, 0.0311568696051836, 0.06208895146846771, 0.0311568696051836, 0.07506577670574188, 0.024479590356349945], [0.04347826912999153, 0.04347826912999153, 0.04347826912999153, 0.04347826912999153, 0.04347826912999153, 0.04347826912999153, 0.04347826912999153, 0.04347826912999153, 0.04347826912999153, 0.04347826912999153, 0.04347826912999153, 0.04347826912999153, 0.04347826912999153, 0.04347826912999153, 0.04347826912999153, 0.04347826912999153, 0.04347826912999153, 0.04347826912999153, 0.04347826912999153, 0.04347826912999153, 0.04347826912999153, 0.04347826912999153, 0.04347826912999153]],