{"premise_tokens": ["The", "Secretary", "to", "the", "State", "Government", "(", "SSG", ")", "is", "an", "official", "in", "the", "state", "governments", "of", "Nigeria", "'s", "36", "states", ".", "@@NULL@@"], "hypothesis_tokens": ["The", "Secretary", "of", "State", "of", "California", "is", "a", "state", "government", "official", ".", "@@NULL@@"], "label_logits": [3.3958499431610107, 0.363393098115921, -6.194716453552246], "label_probs": [0.9539568424224854, 0.04597793519496918, 6.522266630781814e-05], "h2p_attention": [[0.08727797120809555, 0.029231617227196693, 0.06467588245868683, 0.08727797120809555, 0.03452436998486519, 0.026053085923194885, 0.019731080159544945, 0.023645658046007156, 0.019928988069295883, 0.09501341730356216, 0.06087208911776543, 0.032089460641145706, 0.0490725114941597, 0.08727797120809555, 0.03452436998486519, 0.024125132709741592, 0.03783091530203819, 0.021755095571279526, 0.06550777703523636, 0.025382734835147858, 0.02418615110218525, 0.033598341047763824, 0.016417300328612328], [0.0005353813176043332, 0.9743527173995972, 0.0005822207895107567, 0.0005353813176043332, 0.001984710106626153, 0.0008766514947637916, 0.0004509839927777648, 0.000523983733728528, 0.0004437051829881966, 0.0011730233673006296, 0.0009515689453110099, 0.0060761296190321445, 0.0014204740291461349, 0.0005353813176043332, 0.001984710106626153, 0.0011452669277787209, 0.00040645714034326375, 0.001225586049258709, 0.0009402178111486137, 0.00042523304000496864, 0.002673033159226179, 0.0004565048438962549, 0.00030068523483350873], [0.04170672595500946, 0.02446604147553444, 0.059723932296037674, 0.04170672595500946, 0.03717678785324097, 0.041775234043598175, 0.01991053856909275, 0.02195682004094124, 0.021411893889307976, 0.06326308846473694, 0.05560494214296341, 0.029991742223501205, 0.044342078268527985, 0.04170672595500946, 0.03717678785324097, 0.032313697040081024, 0.179622083902359, 0.029553787782788277, 0.04854948818683624, 0.0556233674287796, 0.026483364403247833, 0.027834909036755562, 0.018099268898367882], [0.0016054275911301374, 0.005039086099714041, 0.001428699237294495, 0.0016054275911301374, 0.47372859716415405, 0.0029369289986789227, 0.0008843213436193764, 0.0012662680819630623, 0.0010565852280706167, 0.003937946632504463, 0.004194415640085936, 0.002081278245896101, 0.0037389963399618864, 0.0016054275911301374, 0.47372859716415405, 0.0020114416256546974, 0.0015681146178394556, 0.002500020433217287, 0.0026122834533452988, 0.0027641961351037025, 0.007413106970489025, 0.00152939825784415, 0.000763425778131932], [0.04170672595500946, 0.02446604147553444, 0.059723932296037674, 0.04170672595500946, 0.03717678785324097, 0.041775234043598175, 0.01991053856909275, 0.02195682004094124, 0.021411893889307976, 0.06326308846473694, 0.05560494214296341, 0.029991742223501205, 0.044342078268527985, 0.04170672595500946, 0.03717678785324097, 0.032313697040081024, 0.179622083902359, 0.029553787782788277, 0.04854948818683624, 0.0556233674287796, 0.026483364403247833, 0.027834909036755562, 0.018099268898367882], [0.010091165080666542, 0.08650926500558853, 0.012645386159420013, 0.010091165080666542, 0.1684800684452057, 0.010905701667070389, 0.008798856288194656, 0.008074892684817314, 0.008563694544136524, 0.022107454016804695, 0.023028306663036346, 0.01569693721830845, 0.03224445879459381, 0.010091165080666542, 0.1684800684452057, 0.02989150770008564, 0.008869522251188755, 0.03243125602602959, 0.02530682273209095, 0.022410720586776733, 0.27046647667884827, 0.0096094636246562, 0.005205604713410139], [0.024409374222159386, 0.01645386591553688, 0.06271913647651672, 0.024409374222159386, 0.021755870431661606, 0.023531747981905937, 0.006361969746649265, 0.00759098120033741, 0.005968679673969746, 0.5201421976089478, 0.07922034710645676, 0.010879413224756718, 0.043530043214559555, 0.024409374222159386, 0.021755870431661606, 0.012757893651723862, 0.01474221795797348, 0.006671386305242777, 0.02690344862639904, 0.016336724162101746, 0.008176622912287712, 0.01705578900873661, 0.004217678215354681], [0.044260770082473755, 0.0390901118516922, 0.06917040795087814, 0.044260770082473755, 0.05631287768483162, 0.04500669986009598, 0.01539999432861805, 0.019742563366889954, 0.01700224168598652, 0.08004802465438843, 0.07841093093156815, 0.03804129362106323, 0.06928607821464539, 0.044260770082473755, 0.05631287768483162, 0.031160933896899223, 0.03898603469133377, 0.02629154361784458, 0.060454029589891434, 0.0403582789003849, 0.04321643337607384, 0.028497818857431412, 0.014428314752876759], [0.0016054275911301374, 0.005039086099714041, 0.001428699237294495, 0.0016054275911301374, 0.47372859716415405, 0.0029369289986789227, 0.0008843213436193764, 0.0012662680819630623, 0.0010565852280706167, 0.003937946632504463, 0.004194415640085936, 0.002081278245896101, 0.0037389963399618864, 0.0016054275911301374, 0.47372859716415405, 0.0020114416256546974, 0.0015681146178394556, 0.002500020433217287, 0.0026122834533452988, 0.0027641961351037025, 0.007413106970489025, 0.00152939825784415, 0.000763425778131932], [0.0018219657940790057, 0.0033473214134573936, 0.005501836538314819, 0.0018219657940790057, 0.004416816867887974, 0.9131928086280823, 0.0011859438382089138, 0.002484462223947048, 0.0013947292463853955, 0.006405654828995466, 0.004047023598104715, 0.011032338254153728, 0.0030861094128340483, 0.0018219657940790057, 0.004416816867887974, 0.01580050401389599, 0.0026499677915126085, 0.0024215506855398417, 0.0027530035004019737, 0.0023060378152877092, 0.005275983829051256, 0.0016670633340254426, 0.001148108160123229], [0.0027154930867254734, 0.02807391993701458, 0.0030507666524499655, 0.0027154930867254734, 0.0037874875124543905, 0.01334974355995655, 0.0020595905371010303, 0.0024541912134736776, 0.002359872218221426, 0.003583605168387294, 0.003106278833001852, 0.8910929560661316, 0.0037901669275015593, 0.0027154930867254734, 0.0037874875124543905, 0.004822637885808945, 0.0023021246306598186, 0.0050453790463507175, 0.0035225278697907925, 0.002231983235105872, 0.010043005459010601, 0.0020006794948130846, 0.0013892746064811945], [0.0468137264251709, 0.03472885861992836, 0.05343850329518318, 0.0468137264251709, 0.045825887471437454, 0.03321440517902374, 0.03101298026740551, 0.02911433018743992, 0.03087756223976612, 0.09250295162200928, 0.06325582414865494, 0.03294174745678902, 0.05801861360669136, 0.0468137264251709, 0.045825887471437454, 0.03420508652925491, 0.035179197788238525, 0.028827887028455734, 0.04531369358301163, 0.043194010853767395, 0.029061883687973022, 0.07014472782611847, 0.02287479303777218], [0.04347826912999153, 0.04347826912999153, 0.04347826912999153, 0.04347826912999153, 0.04347826912999153, 0.04347826912999153, 0.04347826912999153, 0.04347826912999153, 0.04347826912999153, 0.04347826912999153, 0.04347826912999153, 0.04347826912999153, 0.04347826912999153, 0.04347826912999153, 0.04347826912999153, 0.04347826912999153, 0.04347826912999153, 0.04347826912999153, 0.04347826912999153, 0.04347826912999153, 0.04347826912999153, 0.04347826912999153, 0.04347826912999153]],