{"premise_tokens": ["In", "2007", ",", "Trump", "Mortgage", "folded", "operations", "and", "Donald", "Trump", "licensed", "his", "name", "to", "First", "Meridian", "Mortgage", ".", "@@NULL@@"], "hypothesis_tokens": ["Michael", "Dukakis", "ran", "against", "Donald", "Trump", ".", "@@NULL@@"], "label_logits": [-1.1943695545196533, -1.276881217956543, 1.1571341753005981], "label_probs": [0.08050135523080826, 0.07412572205066681, 0.8453729152679443], "h2p_attention": [[0.09844496846199036, 0.04871775209903717, 0.05637458339333534, 0.049869172275066376, 0.04734775796532631, 0.04912896454334259, 0.08668948709964752, 0.047421377152204514, 0.06361651420593262, 0.049869172275066376, 0.03793051838874817, 0.05647909268736839, 0.04231622442603111, 0.06758589297533035, 0.05040181800723076, 0.03703143447637558, 0.04734775796532631, 0.039020292460918427, 0.024407323449850082], [0.05429009348154068, 0.04897543787956238, 0.03633388131856918, 0.04807478189468384, 0.07556257396936417, 0.07901591062545776, 0.0743829756975174, 0.04147231951355934, 0.03704482316970825, 0.04807478189468384, 0.06069190055131912, 0.05286700651049614, 0.04837747663259506, 0.054894737899303436, 0.045884065330028534, 0.04418115317821503, 0.07556257396936417, 0.041616182774305344, 0.03269735351204872], [0.12683576345443726, 0.09888677299022675, 0.01865364797413349, 0.023423749953508377, 0.02241753414273262, 0.1468997597694397, 0.02529279701411724, 0.023884695023298264, 0.029025565832853317, 0.023423749953508377, 0.05979231372475624, 0.0579540953040123, 0.06384344398975372, 0.07426049560308456, 0.07155433297157288, 0.07159159332513809, 0.02241753414273262, 0.026234745979309082, 0.013607528991997242], [0.062197379767894745, 0.03963833302259445, 0.04136253893375397, 0.03402233123779297, 0.02945704571902752, 0.040723372250795364, 0.03152371570467949, 0.05385696142911911, 0.06907179951667786, 0.03402233123779297, 0.07134626060724258, 0.08645688742399216, 0.12600316107273102, 0.045182470232248306, 0.06254682689905167, 0.07391072064638138, 0.02945704571902752, 0.0468049980700016, 0.022415852174162865], [0.011939364485442638, 0.00884485524147749, 0.021231381222605705, 0.010322434827685356, 0.007858727127313614, 0.01662076637148857, 0.010663489811122417, 0.016327252611517906, 0.7851940393447876, 0.010322434827685356, 0.008942179381847382, 0.014103056862950325, 0.011451322585344315, 0.012885293923318386, 0.018344853073358536, 0.010878905653953552, 0.007858727127313614, 0.009274443611502647, 0.006936450023204088], [0.032530542463064194, 0.044666338711977005, 0.02202918566763401, 0.14372606575489044, 0.029332442209124565, 0.07115842401981354, 0.04131427779793739, 0.027932263910770416, 0.029688511043787003, 0.14372606575489044, 0.09213266521692276, 0.04274951294064522, 0.07075398415327072, 0.03589359298348427, 0.033702995628118515, 0.05955591797828674, 0.029332442209124565, 0.029824715107679367, 0.019950024783611298], [0.06812996417284012, 0.0807100161910057, 0.03582745045423508, 0.04015694931149483, 0.034188300371170044, 0.050724271684885025, 0.04444699361920357, 0.05211799591779709, 0.035915225744247437, 0.04015694931149483, 0.05631903186440468, 0.09852161258459091, 0.05430087074637413, 0.0627516359090805, 0.061205413192510605, 0.041108179837465286, 0.034188300371170044, 0.0823693573474884, 0.02686135098338127], [0.05263159051537514, 0.05263159051537514, 0.05263159051537514, 0.05263159051537514, 0.05263159051537514, 0.05263159051537514, 0.05263159051537514, 0.05263159051537514, 0.05263159051537514, 0.05263159051537514, 0.05263159051537514, 0.05263159051537514, 0.05263159051537514, 0.05263159051537514, 0.05263159051537514, 0.05263159051537514, 0.05263159051537514, 0.05263159051537514, 0.05263159051537514]], "p2h_attention": [[0.16344380378723145, 0.06728265434503555, 0.37770918011665344, 0.11243770271539688, 0.06974916905164719, 0.0660758838057518, 0.10277924686670303, 0.040522392839193344], [0.09956266731023788, 0.07471282035112381, 0.36248359084129333, 0.0882042646408081, 0.06360376626253128, 0.11167766898870468, 0.14987494051456451, 0.049880340695381165], [0.17583447694778442, 0.08459408581256866, 0.10435790568590164, 0.14047297835350037, 0.23301391303539276, 0.08406125754117966, 0.10153806209564209, 0.07612738013267517], [0.11389050632715225, 0.0819559171795845, 0.09595171362161636, 0.0846027284860611, 0.08295078575611115, 0.40157589316368103, 0.08333134651184082, 0.05574110150337219], [0.160475492477417, 0.19117170572280884, 0.13628186285495758, 0.10870847851037979, 0.09372260421514511, 0.12162818014621735, 0.1052880585193634, 0.08272360265254974], [0.07773825526237488, 0.09332957118749619, 0.41692617535591125, 0.07016262412071228, 0.09254034608602524, 0.1377527266740799, 0.07292984426021576, 0.03862044960260391], [0.23131702840328217, 0.1481570303440094, 0.12105393409729004, 0.09158904105424881, 0.10012057423591614, 0.13487084209918976, 0.10776453465223312, 0.06512703746557236], [0.13815432786941528, 0.09018954634666443, 0.12481042742729187, 0.1708429604768753, 0.16737335920333862, 0.0995573103427887, 0.13796545565128326, 0.0711066946387291], [0.02068984881043434, 0.00899337325245142, 0.016932033002376556, 0.02445981651544571, 0.8985607028007507, 0.011812793090939522, 0.010613496415317059, 0.00793793797492981], [0.11389050632715225, 0.0819559171795845, 0.09595171362161636, 0.0846027284860611, 0.08295078575611115, 0.40157589316368103, 0.08333134651184082, 0.05574110150337219], [0.07773762196302414, 0.09284976124763489, 0.21980053186416626, 0.15921303629875183, 0.06448647379875183, 0.23101107776165009, 0.10487934201955795, 0.0500221811234951], [0.11076858639717102, 0.07739647477865219, 0.2038702815771103, 0.1846262365579605, 0.09732512384653091, 0.10257386416196823, 0.17557097971439362, 0.04786841571331024], [0.07973022013902664, 0.0680403932929039, 0.21576115489006042, 0.2585011124610901, 0.0759197250008583, 0.16309614479541779, 0.0929640680551529, 0.045987121760845184], [0.14640510082244873, 0.08876431733369827, 0.2885352373123169, 0.10657000541687012, 0.09821489453315735, 0.09512480348348618, 0.12351436167955399, 0.05287133529782295], [0.10794883221387863, 0.07335694134235382, 0.2748834490776062, 0.1458619087934494, 0.1382511854171753, 0.08831144124269485, 0.1191115453839302, 0.052274737507104874], [0.08196404576301575, 0.07299572974443436, 0.28422078490257263, 0.17812515795230865, 0.08472684770822525, 0.16127033531665802, 0.08267485350370407, 0.05402229353785515], [0.160475492477417, 0.19117170572280884, 0.13628186285495758, 0.10870847851037979, 0.09372260421514511, 0.12162818014621735, 0.1052880585193634, 0.08272360265254974], [0.11596667021512985, 0.09232354909181595, 0.13984933495521545, 0.1514606475830078, 0.09698700159788132, 0.1084415391087532, 0.22243373095989227, 0.07253754138946533], [0.125, 0.125, 0.125, 0.125, 0.125, 0.125, 0.125, 0.125]], "claim": "Michael Dukakis ran against Donald Trump.", "premise_source_doc_id": "Trump_Mortgage", "premise_source_doc_line_num": 14, "premise_source_doc_sentence": "In 2007 , Trump Mortgage folded operations and Donald Trump licensed his name to First Meridian Mortgage ."}
