{"premise_tokens": ["Palos", "Verdes", "Estates", "is", "a", "city", "in", "Los", "Angeles", "County", ",", "California", ",", "United", "States", ",", "situated", "on", "the", "Palos", "Verdes", "Peninsula", ".", "@@NULL@@"], "hypothesis_tokens": ["Palos", "Verdes", "Estates", ",", "California", "is", "in", "hell", ".", "@@NULL@@"], "label_logits": [-0.8917218446731567, 0.48825210332870483, -0.6363993883132935], "label_probs": [0.15959970653057098, 0.634376585483551, 0.20602372288703918], "h2p_attention": [[0.055338237434625626, 0.055338237434625626, 0.055338237434625626, 0.0430978462100029, 0.03276567533612251, 0.046499695628881454, 0.03975934162735939, 0.041547536849975586, 0.03936484456062317, 0.03640442341566086, 0.026609111577272415, 0.03714469075202942, 0.026609111577272415, 0.03534328192472458, 0.04286561533808708, 0.026609111577272415, 0.048216432332992554, 0.03734906390309334, 0.034489016979932785, 0.055338237434625626, 0.055338237434625626, 0.07421048730611801, 0.030477605760097504, 0.023945901542901993], [0.055338237434625626, 0.055338237434625626, 0.055338237434625626, 0.0430978462100029, 0.03276567533612251, 0.046499695628881454, 0.03975934162735939, 0.041547536849975586, 0.03936484456062317, 0.03640442341566086, 0.026609111577272415, 0.03714469075202942, 0.026609111577272415, 0.03534328192472458, 0.04286561533808708, 0.026609111577272415, 0.048216432332992554, 0.03734906390309334, 0.034489016979932785, 0.055338237434625626, 0.055338237434625626, 0.07421048730611801, 0.030477605760097504, 0.023945901542901993], [0.055338237434625626, 0.055338237434625626, 0.055338237434625626, 0.0430978462100029, 0.03276567533612251, 0.046499695628881454, 0.03975934162735939, 0.041547536849975586, 0.03936484456062317, 0.03640442341566086, 0.026609111577272415, 0.03714469075202942, 0.026609111577272415, 0.03534328192472458, 0.04286561533808708, 0.026609111577272415, 0.048216432332992554, 0.03734906390309334, 0.034489016979932785, 0.055338237434625626, 0.055338237434625626, 0.07421048730611801, 0.030477605760097504, 0.023945901542901993], [0.01840711571276188, 0.01840711571276188, 0.01840711571276188, 0.04651188850402832, 0.04532041400671005, 0.02860051393508911, 0.03644639998674393, 0.03833898901939392, 0.03038499876856804, 0.021800685673952103, 0.12946560978889465, 0.028855811804533005, 0.12946560978889465, 0.0329195074737072, 0.04020576924085617, 0.12946560978889465, 0.026309233158826828, 0.035690877586603165, 0.03470088168978691, 0.01840711571276188, 0.01840711571276188, 0.034822747111320496, 0.022094007581472397, 0.016564814373850822], [0.0004326745984144509, 0.0004326745984144509, 0.0004326745984144509, 0.001184577471576631, 0.0007622531265951693, 0.0010203976416960359, 0.001727745751850307, 0.028660010546445847, 0.01853608526289463, 0.0015902279410511255, 0.00048589531797915697, 0.9159364104270935, 0.00048589531797915697, 0.0028118423651903868, 0.014492329210042953, 0.00048589531797915697, 0.0013111857697367668, 0.0009301459649577737, 0.0005407120333984494, 0.0004326745984144509, 0.0004326745984144509, 0.006081165745854378, 0.0005149013013578951, 0.00027893047081306577], [0.007754221558570862, 0.007754221558570862, 0.007754221558570862, 0.5313276052474976, 0.02390279993414879, 0.03812677040696144, 0.044466134160757065, 0.016461260616779327, 0.019122157245874405, 0.025980444625020027, 0.01209737453609705, 0.01829705759882927, 0.01209737453609705, 0.009630977176129818, 0.008352457545697689, 0.01209737453609705, 0.06472203880548477, 0.03710372745990753, 0.02493428625166416, 0.007754221558570862, 0.007754221558570862, 0.04077817127108574, 0.017422566190361977, 0.004308377392590046], [0.011525267735123634, 0.011525267735123634, 0.011525267735123634, 0.0716405138373375, 0.03333292901515961, 0.06797254830598831, 0.2776566743850708, 0.03680023178458214, 0.04125668480992317, 0.021581729874014854, 0.015272533521056175, 0.042995892465114594, 0.015272533521056175, 0.01968425326049328, 0.022397756576538086, 0.015272533521056175, 0.0779738798737526, 0.046708885580301285, 0.020748157054185867, 0.011525267735123634, 0.011525267735123634, 0.09125897288322449, 0.017605694010853767, 0.006941335741430521], [0.03112437017261982, 0.03112437017261982, 0.03112437017261982, 0.04700074717402458, 0.027283307164907455, 0.06690717488527298, 0.03456072881817818, 0.0918261855840683, 0.08107084035873413, 0.030027717351913452, 0.019304169341921806, 0.04160585254430771, 0.019304169341921806, 0.02752682939171791, 0.037229087203741074, 0.019304169341921806, 0.034064892679452896, 0.037761855870485306, 0.03267752006649971, 0.03112437017261982, 0.03112437017261982, 0.14948290586471558, 0.031041348353028297, 0.016398746520280838], [0.02745964378118515, 0.02745964378118515, 0.02745964378118515, 0.0872456282377243, 0.042612917721271515, 0.06345707178115845, 0.054721180349588394, 0.03776029869914055, 0.0438631996512413, 0.05363665148615837, 0.02877618372440338, 0.03982660174369812, 0.02877618372440338, 0.0282666627317667, 0.027410179376602173, 0.02877618372440338, 0.06094026193022728, 0.05038014426827431, 0.044153109192848206, 0.02745964378118515, 0.02745964378118515, 0.054366584867239, 0.06615811586380005, 0.021574724465608597], [0.0416666641831398, 0.0416666641831398, 0.0416666641831398, 0.0416666641831398, 0.0416666641831398, 0.0416666641831398, 0.0416666641831398, 0.0416666641831398, 0.0416666641831398, 0.0416666641831398, 0.0416666641831398, 0.0416666641831398, 0.0416666641831398, 0.0416666641831398, 0.0416666641831398, 0.0416666641831398, 0.0416666641831398, 0.0416666641831398, 0.0416666641831398, 0.0416666641831398, 0.0416666641831398, 0.0416666641831398, 0.0416666641831398, 0.0416666641831398]],