{"premise_tokens": ["DVV", "Danayya", "is", "an", "Indian", "film", "producer", "from", "south", "Indian", "film", "industry", ".", "@@NULL@@"], "hypothesis_tokens": ["DVV", "Danayya", "is", "from", "an", "industry", ".", "@@NULL@@"], "label_logits": [1.9018250703811646, 0.8696982860565186, -3.8952114582061768], "label_probs": [0.735680878162384, 0.2620851993560791, 0.0022339243441820145], "h2p_attention": [[0.08894478529691696, 0.08894478529691696, 0.06927087903022766, 0.05822979658842087, 0.06857053935527802, 0.07348071783781052, 0.07622920721769333, 0.08647778630256653, 0.06999050080776215, 0.06857053935527802, 0.07348071783781052, 0.0903351902961731, 0.04898645356297493, 0.03848809003829956], [0.08894478529691696, 0.08894478529691696, 0.06927087903022766, 0.05822979658842087, 0.06857053935527802, 0.07348071783781052, 0.07622920721769333, 0.08647778630256653, 0.06999050080776215, 0.06857053935527802, 0.07348071783781052, 0.0903351902961731, 0.04898645356297493, 0.03848809003829956], [0.009258760139346123, 0.009258760139346123, 0.6344202160835266, 0.09662547707557678, 0.015349927358329296, 0.01983768679201603, 0.028927460312843323, 0.07869815081357956, 0.026769554242491722, 0.015349927358329296, 0.01983768679201603, 0.019719135016202927, 0.020803041756153107, 0.005144324619323015], [0.004202333278954029, 0.004202333278954029, 0.028612010180950165, 0.02202533558011055, 0.021413369104266167, 0.011313026770949364, 0.008803009986877441, 0.8237921595573425, 0.025817731395363808, 0.021413369104266167, 0.011313026770949364, 0.010863862000405788, 0.0043581947684288025, 0.001870304229669273], [0.015489722602069378, 0.015489722602069378, 0.1923038512468338, 0.3224703073501587, 0.025115227326750755, 0.04303353279829025, 0.0544063039124012, 0.12056881189346313, 0.06400936841964722, 0.025115227326750755, 0.04303353279829025, 0.04041433334350586, 0.028311848640441895, 0.0102382255718112], [0.005571868736296892, 0.005571868736296892, 0.009099760092794895, 0.009370893239974976, 0.012642703019082546, 0.049145445227622986, 0.012817075476050377, 0.013789303600788116, 0.022865179926156998, 0.012642703019082546, 0.049145445227622986, 0.7903966307640076, 0.004567186813801527, 0.0023739433381706476], [0.04439902678132057, 0.04439902678132057, 0.14106598496437073, 0.09646446257829666, 0.04218403622508049, 0.07536982744932175, 0.07849938422441483, 0.08128644526004791, 0.06981189548969269, 0.04218403622508049, 0.07536982744932175, 0.06711231917142868, 0.10696996003389359, 0.034883804619312286], [0.0714285671710968, 0.0714285671710968, 0.0714285671710968, 0.0714285671710968, 0.0714285671710968, 0.0714285671710968, 0.0714285671710968, 0.0714285671710968, 0.0714285671710968, 0.0714285671710968, 0.0714285671710968, 0.0714285671710968, 0.0714285671710968, 0.0714285671710968]], "p2h_attention": [[0.15613174438476562, 0.15613174438476562, 0.12159658968448639, 0.1518012136220932, 0.10221531242132187, 0.15857242047786713, 0.08598975092172623, 0.06756114959716797], [0.15613174438476562, 0.15613174438476562, 0.12159658968448639, 0.1518012136220932, 0.10221531242132187, 0.15857242047786713, 0.08598975092172623, 0.06756114959716797], [0.010594421997666359, 0.010594421997666359, 0.7259411811828613, 0.0900510847568512, 0.11056459695100784, 0.02256380207836628, 0.02380407229065895, 0.005886441096663475], [0.020783571526408195, 0.020783571526408195, 0.2580265998840332, 0.16177503764629364, 0.4326794147491455, 0.05422654375433922, 0.037987854331731796, 0.01373729482293129], [0.06366471201181412, 0.06366471201181412, 0.10662659257650375, 0.4091290533542633, 0.08765970170497894, 0.19030804932117462, 0.04321274161338806, 0.03573448956012726], [0.04568598419427872, 0.04568598419427872, 0.09227809309959412, 0.1447446644306183, 0.10058152675628662, 0.4953918755054474, 0.05170226842164993, 0.023929627612233162], [0.07009828090667725, 0.07009828090667725, 0.19901883602142334, 0.16658321022987366, 0.18807749450206757, 0.19108688831329346, 0.07964430004358292, 0.03539258614182472], [0.004669640678912401, 0.004669640678912401, 0.03179371729493141, 0.9153993725776672, 0.024474594742059708, 0.012071942910552025, 0.004842833615839481, 0.002078285440802574], [0.04378784820437431, 0.04378784820437431, 0.12530076503753662, 0.33238908648490906, 0.1505427211523056, 0.23192374408245087, 0.048188842833042145, 0.024079136550426483], [0.06366471201181412, 0.06366471201181412, 0.10662659257650375, 0.4091290533542633, 0.08765970170497894, 0.19030804932117462, 0.04321274161338806, 0.03573448956012726], [0.04568598419427872, 0.04568598419427872, 0.09227809309959412, 0.1447446644306183, 0.10058152675628662, 0.4953918755054474, 0.05170226842164993, 0.023929627612233162], [0.006627327296882868, 0.006627327296882868, 0.01082349382340908, 0.01640136167407036, 0.01114598661661148, 0.9401185512542725, 0.0054323324002325535, 0.002823630580678582], [0.07200843095779419, 0.07200843095779419, 0.22878743708133698, 0.13183417916297913, 0.15645059943199158, 0.10884591192007065, 0.17348890006542206, 0.0565761923789978], [0.125, 0.125, 0.125, 0.125, 0.125, 0.125, 0.125, 0.125]], "claim": "DVV Danayya is from an industry.", "premise_source_doc_id": "DVV_Danayya", "premise_source_doc_line_num": 0, "premise_source_doc_sentence": "DVV Danayya is an Indian film producer from south Indian film industry ."}
