{"premise_tokens": ["The", "double", "horn", "in", "F", "/", "B", "(", "technically", "a", "variety", "of", "German", "horn", ")", "is", "the", "horn", "most", "often", "used", "by", "players", "in", "professional", "orchestras", "and", "bands", ".", "@@NULL@@"], "hypothesis_tokens": ["French", "horns", "are", "played", "in", "professional", "orchestras", "since", "1911", ".", "@@NULL@@"], "label_logits": [-4.919034481048584, 1.6088199615478516, 2.4256298542022705], "label_probs": [0.0004478591145016253, 0.306304007768631, 0.6932481527328491], "h2p_attention": [[0.004148984793573618, 0.02138550952076912, 0.006047590635716915, 0.007649319712072611, 0.011737426742911339, 0.003156089223921299, 0.0033181372564285994, 0.0023979151155799627, 0.0034683463163673878, 0.014393152669072151, 0.054074857383966446, 0.0051447185687720776, 0.6690033078193665, 0.006047590635716915, 0.002676228526979685, 0.0062635173089802265, 0.004148984793573618, 0.006047590635716915, 0.010997914709150791, 0.01376641821116209, 0.02267519012093544, 0.03753391280770302, 0.021098297089338303, 0.007649319712072611, 0.008979224599897861, 0.0034683463163673878, 0.004830598831176758, 0.03286257013678551, 0.0029799495823681355, 0.00204905541613698], [0.006130589637905359, 0.0097783412784338, 0.050539061427116394, 0.006502172909677029, 0.007655884604901075, 0.0034046913497149944, 0.014341272413730621, 0.003520064987242222, 0.005290917120873928, 0.010469509288668633, 0.007269380148500204, 0.005490652751177549, 0.5140729546546936, 0.050539061427116394, 0.004295871127396822, 0.009603950195014477, 0.006130589637905359, 0.050539061427116394, 0.007112063001841307, 0.01079505030065775, 0.007931779138743877, 0.006523141171783209, 0.010734993033111095, 0.006502172909677029, 0.012095499783754349, 0.005290917120873928, 0.005643300712108612, 0.15213197469711304, 0.00679589482024312, 0.002869188552722335], [0.020767536014318466, 0.02238464541733265, 0.023005405440926552, 0.04409254714846611, 0.05660492926836014, 0.017205873504281044, 0.009845131076872349, 0.011325690895318985, 0.010055025108158588, 0.020182574167847633, 0.02587793953716755, 0.020281532779335976, 0.027370397001504898, 0.023005405440926552, 0.010629717260599136, 0.1632116287946701, 0.020767536014318466, 0.023005405440926552, 0.0563022755086422, 0.06499899178743362, 0.017470253631472588, 0.10710286349058151, 0.062347155064344406, 0.04409254714846611, 0.023978032171726227, 0.010055025108158588, 0.017222631722688675, 0.01862022653222084, 0.021168364211916924, 0.007022754289209843], [0.01628730818629265, 0.018243398517370224, 0.016770126298069954, 0.051426999270915985, 0.02189277857542038, 0.0069983298890292645, 0.011476261541247368, 0.006665254943072796, 0.00679056579247117, 0.026488982141017914, 0.029539985582232475, 0.014082496985793114, 0.10832937061786652, 0.016770126298069954, 0.006741556338965893, 0.05229033902287483, 0.01628730818629265, 0.016770126298069954, 0.051594145596027374, 0.04998628422617912, 0.022233393043279648, 0.03877036273479462, 0.19686436653137207, 0.051426999270915985, 0.043134905397892, 0.00679056579247117, 0.010845483280718327, 0.06955108791589737, 0.010018150322139263, 0.004932936746627092], [0.016308611258864403, 0.017924414947628975, 0.015248915180563927, 0.21824562549591064, 0.0166303887963295, 0.013024704530835152, 0.008347504772245884, 0.008039040490984917, 0.009059171192348003, 0.02620057947933674, 0.027871346101164818, 0.01336704846471548, 0.03998015448451042, 0.015248915180563927, 0.008746465668082237, 0.05631137639284134, 0.016308611258864403, 0.015248915180563927, 0.044682882726192474, 0.03504703938961029, 0.019811855629086494, 0.021739061921834946, 0.022770626470446587, 0.21824562549591064, 0.027836957946419716, 0.009059171192348003, 0.012261997908353806, 0.02713836543262005, 0.013838550075888634, 0.005456076934933662], [0.0032588900066912174, 0.004728351719677448, 0.005634987726807594, 0.007079447619616985, 0.007069580256938934, 0.0029100526589900255, 0.005275815725326538, 0.002953277202323079, 0.0028020967729389668, 0.005273406393826008, 0.011404215358197689, 0.0031145871616899967, 0.010541146621108055, 0.005634987726807594, 0.0028309891931712627, 0.008262493647634983, 0.0032588900066912174, 0.005634987726807594, 0.011277947574853897, 0.006885260809212923, 0.005688886623829603, 0.004307486116886139, 0.010858854278922081, 0.007079447619616985, 0.8206314444541931, 0.0028020967729389668, 0.003958405461162329, 0.02364744059741497, 0.0038069647271186113, 0.0013875804143026471], [0.030344579368829727, 0.03747512772679329, 0.03530675545334816, 0.034981586039066315, 0.02579636126756668, 0.026862703263759613, 0.03169643133878708, 0.022648636251688004, 0.04868841543793678, 0.028828328475356102, 0.02502421848475933, 0.025558767840266228, 0.08059398084878922, 0.03530675545334816, 0.023506630212068558, 0.03791891410946846, 0.030344579368829727, 0.03530675545334816, 0.042672786861658096, 0.028771897777915, 0.02757471427321434, 0.028623508289456367, 0.026946038007736206, 0.034981586039066315, 0.04254578799009323, 0.04868841543793678, 0.026722509413957596, 0.028399692848324776, 0.026815205812454224, 0.021068399772047997], [0.020580032840371132, 0.024325912818312645, 0.03207743540406227, 0.07536213845014572, 0.015881886705756187, 0.017137430608272552, 0.017620738595724106, 0.012879385612905025, 0.014732726849615574, 0.025707755237817764, 0.022470694035291672, 0.03458026424050331, 0.03169440105557442, 0.03207743540406227, 0.014115840196609497, 0.05717083439230919, 0.020580032840371132, 0.03207743540406227, 0.17393292486667633, 0.02216693013906479, 0.022617589682340622, 0.01266572903841734, 0.013109352439641953, 0.07536213845014572, 0.07490092515945435, 0.014732726849615574, 0.02909831888973713, 0.030132608488202095, 0.023166313767433167, 0.007042167242616415], [0.018308047205209732, 0.03515775501728058, 0.018537994474172592, 0.0660674199461937, 0.02284163050353527, 0.011974203400313854, 0.020781537517905235, 0.016398215666413307, 0.019836237654089928, 0.030667252838611603, 0.04750204086303711, 0.022586263716220856, 0.1908741444349289, 0.018537994474172592, 0.016416726633906364, 0.02766423486173153, 0.018308047205209732, 0.018537994474172592, 0.029991593211889267, 0.023361701518297195, 0.07354823499917984, 0.013140211813151836, 0.019076595082879066, 0.0660674199461937, 0.06686219573020935, 0.019836237654089928, 0.02207615040242672, 0.02127320133149624, 0.013864469714462757, 0.009904377162456512], [0.03242669254541397, 0.024914661422371864, 0.035325776785612106, 0.04018803685903549, 0.028783582150936127, 0.031711746007204056, 0.02782338857650757, 0.021481912583112717, 0.02016676403582096, 0.03129555284976959, 0.029921969398856163, 0.024367747828364372, 0.0377630889415741, 0.035325776785612106, 0.021388111636042595, 0.06407447159290314, 0.03242669254541397, 0.035325776785612106, 0.05475219339132309, 0.042497605085372925, 0.023010466247797012, 0.03448992967605591, 0.029168808832764626, 0.04018803685903549, 0.043471772223711014, 0.02016676403582096, 0.030743010342121124, 0.042367372661828995, 0.04858748987317085, 0.015844793990254402], [0.033333323895931244, 0.033333323895931244, 0.033333323895931244, 0.033333323895931244, 0.033333323895931244, 0.033333323895931244, 0.033333323895931244, 0.033333323895931244, 0.033333323895931244, 0.033333323895931244, 0.033333323895931244, 0.033333323895931244, 0.033333323895931244, 0.033333323895931244, 0.033333323895931244, 0.033333323895931244, 0.033333323895931244, 0.033333323895931244, 0.033333323895931244, 0.033333323895931244, 0.033333323895931244, 0.033333323895931244, 0.033333323895931244, 0.033333323895931244, 0.033333323895931244, 0.033333323895931244, 0.033333323895931244, 0.033333323895931244, 0.033333323895931244, 0.033333323895931244]],