{"premise_tokens": ["The", "municipalities", "(", "kunta", "kommun", ")", "represent", "the", "local", "level", "of", "administration", "in", "Finland", "and", "act", "as", "the", "fundamental", ",", "self", "-", "governing", "administrative", "units", "of", "the", "country", ".", "@@NULL@@"], "hypothesis_tokens": ["Municipalities", "of", "Finland", "lack", "the", "power", "of", "administration", "on", "a", "local", "level", ".", "@@NULL@@"], "label_logits": [-1.0554804801940918, 1.0401439666748047, -0.5898007750511169], "label_probs": [0.09325215965509415, 0.7581881880760193, 0.14855968952178955], "h2p_attention": [[0.029184438288211823, 0.04682694748044014, 0.021782727912068367, 0.04682694748044014, 0.04682694748044014, 0.022607916966080666, 0.03323059901595116, 0.029184438288211823, 0.030996443703770638, 0.03535602241754532, 0.02458159811794758, 0.04059217870235443, 0.03364415839314461, 0.04682694748044014, 0.025700844824314117, 0.04799250513315201, 0.028874460607767105, 0.029184438288211823, 0.04682694748044014, 0.02251650020480156, 0.03129805624485016, 0.024031732231378555, 0.04682694748044014, 0.04682694748044014, 0.025860127061605453, 0.02458159811794758, 0.029184438288211823, 0.035773150622844696, 0.02578999660909176, 0.020262904465198517], [0.03009190410375595, 0.01584210991859436, 0.014365692622959614, 0.01584210991859436, 0.01584210991859436, 0.015448939055204391, 0.03455998748540878, 0.03009190410375595, 0.03339935094118118, 0.034881141036748886, 0.12959949672222137, 0.03522539883852005, 0.03199334442615509, 0.01584210991859436, 0.031520161777734756, 0.045568760484457016, 0.03634500131011009, 0.03009190410375595, 0.01584210991859436, 0.026846392080187798, 0.05531160160899162, 0.017209088429808617, 0.01584210991859436, 0.01584210991859436, 0.02189277671277523, 0.12959949672222137, 0.03009190410375595, 0.04182906448841095, 0.020083220675587654, 0.013058839365839958], [0.029184438288211823, 0.04682694748044014, 0.021782727912068367, 0.04682694748044014, 0.04682694748044014, 0.022607916966080666, 0.03323059901595116, 0.029184438288211823, 0.030996443703770638, 0.03535602241754532, 0.02458159811794758, 0.04059217870235443, 0.03364415839314461, 0.04682694748044014, 0.025700844824314117, 0.04799250513315201, 0.028874460607767105, 0.029184438288211823, 0.04682694748044014, 0.02251650020480156, 0.03129805624485016, 0.024031732231378555, 0.04682694748044014, 0.04682694748044014, 0.025860127061605453, 0.02458159811794758, 0.029184438288211823, 0.035773150622844696, 0.02578999660909176, 0.020262904465198517], [0.03173163905739784, 0.009962953627109528, 0.01151997409760952, 0.009962953627109528, 0.009962953627109528, 0.00991666316986084, 0.049903079867362976, 0.03173163905739784, 0.02775142900645733, 0.05443839356303215, 0.015896528959274292, 0.059736303985118866, 0.08985729515552521, 0.009962953627109528, 0.03484811261296272, 0.11154633015394211, 0.15365998446941376, 0.03173163905739784, 0.009962953627109528, 0.036278389394283295, 0.0656939297914505, 0.014630449004471302, 0.009962953627109528, 0.009962953627109528, 0.01693452149629593, 0.015896528959274292, 0.03173163905739784, 0.012253335677087307, 0.01637323386967182, 0.006198185496032238], [0.07364669442176819, 0.019952621310949326, 0.016649434342980385, 0.019952621310949326, 0.019952621310949326, 0.016816431656479836, 0.03657849505543709, 0.07364669442176819, 0.020281808450818062, 0.03584319353103638, 0.03192239627242088, 0.03402024134993553, 0.041408248245716095, 0.019952621310949326, 0.03682994097471237, 0.046521544456481934, 0.047209303826093674, 0.07364669442176819, 0.019952621310949326, 0.029020460322499275, 0.03691672533750534, 0.01668044924736023, 0.019952621310949326, 0.019952621310949326, 0.021523158997297287, 0.03192239627242088, 0.07364669442176819, 0.023396674543619156, 0.028350871056318283, 0.013853209093213081], [0.018450681120157242, 0.02097213827073574, 0.009765304625034332, 0.02097213827073574, 0.02097213827073574, 0.01091491337865591, 0.05506955459713936, 0.018450681120157242, 0.04298562556505203, 0.025540033355355263, 0.02217080071568489, 0.1424301713705063, 0.04131191968917847, 0.02097213827073574, 0.016331743448972702, 0.1325015425682068, 0.022755637764930725, 0.018450681120157242, 0.02097213827073574, 0.014481536112725735, 0.07532121986150742, 0.016308797523379326, 0.02097213827073574, 0.02097213827073574, 0.023948045447468758, 0.02217080071568489, 0.018450681120157242, 0.07880732417106628, 0.017983652651309967, 0.008593706414103508], [0.03009190410375595, 0.01584210991859436, 0.014365692622959614, 0.01584210991859436, 0.01584210991859436, 0.015448939055204391, 0.03455998748540878, 0.03009190410375595, 0.03339935094118118, 0.034881141036748886, 0.12959949672222137, 0.03522539883852005, 0.03199334442615509, 0.01584210991859436, 0.031520161777734756, 0.045568760484457016, 0.03634500131011009, 0.03009190410375595, 0.01584210991859436, 0.026846392080187798, 0.05531160160899162, 0.017209088429808617, 0.01584210991859436, 0.01584210991859436, 0.02189277671277523, 0.12959949672222137, 0.03009190410375595, 0.04182906448841095, 0.020083220675587654, 0.013058839365839958], [0.005903353448957205, 0.004815622698515654, 0.0024779955856502056, 0.004815622698515654, 0.004815622698515654, 0.002757818205282092, 0.005700232461094856, 0.005903353448957205, 0.007476332597434521, 0.007196343038231134, 0.006484301295131445, 0.7932815551757812, 0.007267861161381006, 0.004815622698515654, 0.0065772561356425285, 0.04850108176469803, 0.011867218650877476, 0.005903353448957205, 0.004815622698515654, 0.005098477005958557, 0.008983101695775986, 0.0026054121553897858, 0.004815622698515654, 0.004815622698515654, 0.005156561732292175, 0.006484301295131445, 0.005903353448957205, 0.008685613982379436, 0.003671739948913455, 0.00240387418307364], [0.0377102755010128, 0.01963917911052704, 0.016559051349759102, 0.01963917911052704, 0.01963917911052704, 0.017982518300414085, 0.027534835040569305, 0.0377102755010128, 0.05333596095442772, 0.07359710335731506, 0.035121217370033264, 0.033322613686323166, 0.08472884446382523, 0.01963917911052704, 0.02605983056128025, 0.04907413199543953, 0.03728349134325981, 0.0377102755010128, 0.01963917911052704, 0.027129730209708214, 0.04756234958767891, 0.02213730849325657, 0.01963917911052704, 0.01963917911052704, 0.03302345424890518, 0.035121217370033264, 0.0377102755010128, 0.05011681839823723, 0.02940281666815281, 0.012591423466801643], [0.0358617790043354, 0.015996186062693596, 0.01247766800224781, 0.015996186062693596, 0.015996186062693596, 0.013775870203971863, 0.030375812202692032, 0.0358617790043354, 0.03727209195494652, 0.030939899384975433, 0.03158798813819885, 0.043908990919589996, 0.05613824725151062, 0.015996186062693596, 0.03459044545888901, 0.13473065197467804, 0.0677446573972702, 0.0358617790043354, 0.015996186062693596, 0.031984224915504456, 0.05700833722949028, 0.01871279999613762, 0.015996186062693596, 0.015996186062693596, 0.01617841236293316, 0.03158798813819885, 0.0358617790043354, 0.06078518554568291, 0.023090029135346413, 0.011690376326441765], [0.010196954011917114, 0.010654287412762642, 0.009377449750900269, 0.010654287412762642, 0.010654287412762642, 0.010328924283385277, 0.016750693321228027, 0.010196954011917114, 0.5526971220970154, 0.025055551901459694, 0.017813432961702347, 0.021661626175045967, 0.024442672729492188, 0.010654287412762642, 0.010743677616119385, 0.02751144953072071, 0.014228854328393936, 0.010196954011917114, 0.010654287412762642, 0.010599957779049873, 0.02987288124859333, 0.008278719149529934, 0.010654287412762642, 0.010654287412762642, 0.021075541153550148, 0.017813432961702347, 0.010196954011917114, 0.04505859315395355, 0.014356674626469612, 0.0069648888893425465], [0.007018784526735544, 0.004733334761112928, 0.004222426563501358, 0.004733334761112928, 0.004733334761112928, 0.00391456950455904, 0.018650280311703682, 0.007018784526735544, 0.009758776053786278, 0.7837143540382385, 0.007245888002216816, 0.008120928891003132, 