{"premise_tokens": ["It", "may", "be", "the", "oldest", "surviving", "long", "poem", "in", "Old", "English", "and", "is", "commonly", "cited", "as", "one", "of", "the", "most", "important", "works", "of", "Old", "English", "literature", ".", "@@NULL@@"], "hypothesis_tokens": ["Beowulf", "may", "be", "the", "oldest", "long", "poem", "in", "Old", "English", "surviving", "today", ".", "@@NULL@@"], "label_logits": [5.7737555503845215, 1.54283607006073, -10.402761459350586], "label_probs": [0.9856692552566528, 0.014330662786960602, 9.297344405467811e-08], "h2p_attention": [[0.04233889281749725, 0.02851422131061554, 0.04085120931267738, 0.031569935381412506, 0.049819570034742355, 0.052513837814331055, 0.03212985396385193, 0.04308429732918739, 0.03639419004321098, 0.038819070905447006, 0.03505242243409157, 0.027801597490906715, 0.03945012763142586, 0.033864542841911316, 0.050654519349336624, 0.0312346238642931, 0.029342198744416237, 0.026590868830680847, 0.031569935381412506, 0.04439597204327583, 0.044358257204294205, 0.02750842086970806, 0.026590868830680847, 0.038819070905447006, 0.03505242243409157, 0.031861867755651474, 0.027898041531443596, 0.021919168531894684], [0.003323828801512718, 0.9391993880271912, 0.0024574189446866512, 0.000980639480985701, 0.0011822046944871545, 0.005561696365475655, 0.0012148666428402066, 0.005566955078393221, 0.001694312202744186, 0.0004852970887441188, 0.005275509785860777, 0.0006946460925973952, 0.003747684648260474, 0.007400257512927055, 0.00038978582597337663, 0.0028403005562722683, 0.0025603766553103924, 0.0008200237061828375, 0.000980639480985701, 0.002254472579807043, 0.0013703767908737063, 0.0009300556848756969, 0.0008200237061828375, 0.0004852970887441188, 0.005275509785860777, 0.0014670399250462651, 0.0007217364618554711, 0.0002996322582475841], [0.04054518789052963, 0.00870137382298708, 0.7060768008232117, 0.004863724112510681, 0.0029379462357610464, 0.005541589576750994, 0.015713786706328392, 0.012539803981781006, 0.0092929033562541, 0.0028759464621543884, 0.006970591843128204, 0.002803296782076359, 0.05041090026497841, 0.004995651543140411, 0.0019773247186094522, 0.00856279581785202, 0.010500380769371986, 0.002664809813722968, 0.004863724112510681, 0.03309128060936928, 0.018925495445728302, 0.023326508700847626, 0.002664809813722968, 0.0028759464621543884, 0.006970591843128204, 0.004179414827376604, 0.004066488239914179, 0.0010609555756673217], [0.09490591287612915, 0.03343523293733597, 0.04683335870504379, 0.05431083217263222, 0.024240966886281967, 0.06497592478990555, 0.0199825931340456, 0.022449202835559845, 0.030536560341715813, 0.01289772242307663, 0.030661314725875854, 0.027160275727510452, 0.059124402701854706, 0.025457965210080147, 0.014714083634316921, 0.03481454774737358, 0.052147671580314636, 0.023541202768683434, 0.05431083217263222, 0.07082716375589371, 0.039595313370227814, 0.04417531564831734, 0.023541202768683434, 0.01289772242307663, 0.030661314725875854, 0.02067781612277031, 0.020907383412122726, 0.010216062888503075], [0.001281558652408421, 0.0010409274837002158, 0.0007305719773285091, 0.0006260121008381248, 0.7244188189506531, 0.236470565199852, 0.0006245621480047703, 0.0020911504980176687, 0.0008184773032553494, 0.005445686634629965, 0.0036485271994024515, 0.0006253646570257843, 0.0008952179341576993, 0.0013292459771037102, 0.0005996422260068357, 0.00044001053902320564, 0.0020644485484808683, 0.0010059375781565905, 0.0006260121008381248, 0.001188947120681405, 0.0011856465134769678, 0.0009702533716335893, 0.0010059375781565905, 0.005445686634629965, 0.0036485271994024515, 0.0009498338331468403, 0.0005586322513408959, 0.0002638252335600555], [0.0015364172868430614, 0.0008893237682059407, 0.0032486554700881243, 0.00042903050780296326, 0.0005192531971260905, 0.004440207500010729, 0.9508020877838135, 0.01186499185860157, 0.0014500031247735023, 0.0002374180912738666, 0.0022339799907058477, 0.0006154514267109334, 0.0018121151952072978, 0.0013382231118157506, 0.00032151752384379506, 0.0013128026621416211, 0.0012930635130032897, 0.0005726670497097075, 0.00042903050780296326, 0.007401302456855774, 0.001752686919644475, 0.0012500660959631205, 0.0005726670497097075, 0.0002374180912738666, 0.0022339799907058477, 0.0004213910433463752, 0.0005649264203384519, 0.00021934101823717356], [4.083673047716729e-06, 7.026749699434731e-06, 4.4701173465000466e-06, 8.310793759847002e-07, 2.9977422855154146e-06, 1.295560196012957e-05, 2.04584575840272e-05, 0.999889612197876, 1.3075798506179126e-06, 6.828036589467956e-07, 6.447075065807439e-06, 9.419123898624093e-07, 3.1994966320780804e-06, 1.7733869981384487e-06, 7.433964128722437e-07, 1.306200147155323e-06, 1.4529435929944157e-06, 6.067458571124007e-07, 8.310793759847002e-07, 2.787123548841919e-06, 3.3274261568294605e-06, 1.555096241645515e-05, 6.067458571124007e-07, 6.828036589467956e-07, 6.447075065807439e-06, 7.52232836020994e-06, 1.0726193977461662e-06, 3.7820331044713384e-07], [0.04847273230552673, 0.03246267884969711, 0.050284478813409805, 0.017159951850771904, 0.017810247838497162, 0.03265443444252014, 0.03795146942138672, 0.019848255440592766, 0.22963847219944, 0.013201888650655746, 0.05567988380789757, 0.012902097776532173, 0.05925093963742256, 0.05423465743660927, 0.009532077237963676, 0.024104710668325424, 0.02404668554663658, 0.014064834453165531, 0.017159951850771904, 0.047015417367219925, 0.02584201656281948, 0.028097067028284073, 0.014064834453165531, 0.013201888650655746, 0.05567988380789757, 0.025336701422929764, 0.014560949057340622, 0.005740894470363855], [0.001018573879264295, 0.0007800435414537787, 0.0013055194867774844, 0.0006080358871258795, 0.00994113925844431, 0.003700993722304702, 0.000521307170856744, 0.0008695013239048421, 0.001107531483285129, 0.48042958974838257, 0.0028046013321727514, 0.0005658628069795668, 0.0011843778192996979, 0.0009451385703869164, 0.0008529447368346155, 0.000731270294636488, 0.0009073044639080763, 0.00100761151406914, 0.0006080358871258795, 0.0007986178970895708, 0.0007449985132552683, 0.0023935462813824415, 0.00100761151406914, 0.48042958974838257, 0.0028046013321727514, 0.0007297519478015602, 0.0007202599081210792, 0.0004816146974917501], [0.00027496530674397945, 0.0006776642985641956, 0.0002528781187720597, 0.00011551707575563341, 0.0005322798388078809, 0.0004577483341563493, 0.00039201093022711575, 0.0006561092450283468, 0.00037329967017285526, 0.00022413524857256562, 0.4956184923648834, 8.251390681834891e-05, 0.0004240739217493683, 0.001376650296151638, 6.155067239888012e-05, 0.0001979239605134353, 0.0001479493803344667, 9.945799683919176e-05, 0.00011551707575563341, 0.00034954369766637683, 0.00023324946232605726, 0.000941041624173522, 9.945799683919176e-05, 0.00022413524857256562, 0.4956184923648834, 0.00035005155950784683, 6.48306668153964e-05, 3.8489186408696696e-05], [5.932783437856415e-07, 5.300477710079576e-07, 1.4915350732280785e-07, 1.8162066339755256e-07, 2.5595112674636766e-05, 0.9999537467956543, 5.780690344181494e-07, 9.782019105841755e-07, 1.6242715616954229e-07, 2.1943954209291405e-07, 3.3961313761210477e-07, 5.69548319617752e-07, 5.527115263248561e-07, 1.1080289397114029e-07, 6.841410282731886e-08, 3.1930485988596047e-07, 5.202288775763009e-06, 2.449475005050772e-07, 1.8162066339755256e-07, 7.193228157120757e-06, 5.196083066039137e-07, 7.999697118066251e-07, 2.449475005050772e-07, 2.1943954209291405e-07, 3.3961313761210477e-07, 2.0892352381451929e-07, 9.525153643608064e-08, 2.855592740047541e-08], [0.08685346692800522, 0.03662477433681488, 0.026770977303385735, 0.031875237822532654, 0.04706732556223869, 0.0526258759200573, 0.02376531809568405, 0.04349337890744209, 0.034226950258016586, 0.03633241727948189, 0.06360754370689392, 0.020618708804249763, 0.0476967915892601, 0.04989016801118851, 0.015346775762736797, 0.02442633919417858, 0.03419404849410057, 0.013834764249622822, 0.031875237822532654, 0.03664115443825722, 0.03042139858007431, 0.04588703066110611, 0.013834764249622822, 