{"premise_tokens": ["Patricia", "Theresa", "Schemel", "(", "born", "April", "24", ",", "1967", ")", "is", "an", "American", "drummer", "and", "musician", "who", "rose", "to", "prominence", "as", "the", "drummer", "of", "alternative", "rock", "band", "Hole", "from", "1992", "until", "1998", ".", "@@NULL@@"], "hypothesis_tokens": ["Hole", "refused", "to", "ever", "let", "Patty", "Schemel", "be", "their", "drummer", ".", "@@NULL@@"], "label_logits": [-6.037836074829102, 2.11637806892395, 2.521453857421875], "label_probs": [0.00011502209235914052, 0.4000474214553833, 0.5998375415802002], "h2p_attention": [[0.005956072360277176, 0.004949610214680433, 0.005956072360277176, 0.0038921416271477938, 0.012683780863881111, 0.006469381507486105, 0.006443732883781195, 0.004975820425897837, 0.005956072360277176, 0.0038374806754291058, 0.010782760567963123, 0.014176334254443645, 0.010850155726075172, 0.008754792623221874, 0.0062388158403337, 0.017488369718194008, 0.009756390005350113, 0.00913840252906084, 0.006699456833302975, 0.005956072360277176, 0.006712497211992741, 0.008076650090515614, 0.008754792623221874, 0.004370705224573612, 0.00874258577823639, 0.033037472516298294, 0.03474006429314613, 0.6858945488929749, 0.0129791758954525, 0.009952523745596409, 0.009314527735114098, 0.005956072360277176, 0.007190995384007692, 0.003315693698823452], [0.01850227825343609, 0.021794941276311874, 0.01850227825343609, 0.013129770755767822, 0.028273820877075195, 0.021000603213906288, 0.019168974831700325, 0.018019018694758415, 0.01850227825343609, 0.015360641293227673, 0.06157296523451805, 0.05827505514025688, 0.04716820269823074, 0.029187053442001343, 0.023735441267490387, 0.02693852223455906, 0.03657523915171623, 0.021407119929790497, 0.041672173887491226, 0.01850227825343609, 0.02121877111494541, 0.027863064780831337, 0.029187053442001343, 0.01678234525024891, 0.0591203048825264, 0.03321903571486473, 0.049811094999313354, 0.025874223560094833, 0.06413218379020691, 0.02600831538438797, 0.03349535912275314, 0.01850227825343609, 0.027260672301054, 0.010236561298370361], [0.010362295433878899, 0.006908282171934843, 0.010362295433878899, 0.007226895075291395, 0.036662254482507706, 0.04460945352911949, 0.018310168758034706, 0.013485168106853962, 0.010362295433878899, 0.007417437620460987, 0.09178347140550613, 0.04757518321275711, 0.016675103455781937, 0.016332212835550308, 0.021690236404538155, 0.021900204941630363, 0.03211083635687828, 0.022793365642428398, 0.1991136074066162, 0.010362295433878899, 0.03589128702878952, 0.024315228685736656, 0.016332212835550308, 0.020366910845041275, 0.042430344969034195, 0.017221136018633842, 0.01877428963780403, 0.012471047230064869, 0.07406578212976456, 0.012417973019182682, 0.04871734231710434, 0.010362295433878899, 0.014418993145227432, 0.006172168999910355], [0.014806694351136684, 0.011327973566949368, 0.014806694351136684, 0.008803888224065304, 0.0407988578081131, 0.02863892912864685, 0.02028084732592106, 0.02028338983654976, 0.014806694351136684, 0.010106424801051617, 0.09606911987066269, 0.06355775892734528, 0.027647053822875023, 0.015113946050405502, 0.019944002851843834, 0.032810408622026443, 0.04177236929535866, 0.01588367484509945, 0.06124209612607956, 0.014806694351136684, 0.0278337262570858, 0.028502998873591423, 0.015113946050405502, 0.023004962131381035, 0.030364902690052986, 0.06044762209057808, 0.05219618231058121, 0.021483121439814568, 0.07854125648736954, 0.02277962863445282, 0.02422679401934147, 0.014806694351136684, 0.019707925617694855, 0.0074825892224907875], [0.018929164856672287, 0.020344585180282593, 0.018929164856672287, 0.012379511259496212, 0.04809701815247536, 0.01786710135638714, 0.020127849653363228, 0.015187066048383713, 0.018929164856672287, 0.015408996492624283, 0.04205144941806793, 0.03970923647284508, 0.0738220140337944, 0.02271271124482155, 0.01612147130072117, 0.036752283573150635, 0.02928062155842781, 0.015415703877806664, 0.0438404381275177, 0.018929164856672287, 0.01650397852063179, 0.021199138835072517, 0.02271271124482155, 0.0174414049834013, 0.06443421542644501, 0.06425254791975021, 0.06611552089452744, 0.021785592660307884, 0.0632442757487297, 0.017990151420235634, 0.02862846665084362, 0.018929164856672287, 0.02147771045565605, 0.010450277477502823], [0.01567104458808899, 0.060517143458127975, 0.01567104458808899, 0.016156354919075966, 0.0477965772151947, 0.01985316537320614, 0.020646654069423676, 0.02273666113615036, 0.01567104458808899, 0.018733574077486992, 0.02998237870633602, 0.02859131433069706, 0.12022671103477478, 0.03512059897184372, 0.017860988155007362, 0.022729724645614624, 0.03321904316544533, 0.024173308163881302, 0.02117958478629589, 0.01567104458808899, 0.023258838802576065, 0.01694173365831375, 0.03512059897184372, 0.02103317156434059, 0.022594034671783447, 0.06391141563653946, 0.04562311992049217, 0.01750931516289711, 0.03816455602645874, 0.02519245631992817, 0.04181751236319542, 0.01567104458808899, 0.019103650003671646, 0.011850621551275253], [0.04068038612604141, 0.02174530364573002, 0.04068038612604141, 0.018923498690128326, 0.02841636724770069, 0.02614680677652359, 0.022760743275284767, 0.019560957327485085, 0.04068038612604141, 0.019640373066067696, 0.031682197004556656, 0.026632370427250862, 0.03678930550813675, 0.027259331196546555, 0.022327322512865067, 0.028988193720579147, 0.022333046421408653, 0.02764918841421604, 0.029553504660725594, 0.04068038612604141, 0.025084365159273148, 0.025353653356432915, 0.027259331196546555, 0.02135498821735382, 0.03469756245613098, 0.03877362236380577, 0.024612674489617348, 0.031621064990758896, 0.03955206274986267, 0.04260815307497978, 0.035264138132333755, 0.04068038612604141, 0.02240477316081524, 0.01760317012667656], [0.009904076345264912, 0.007088273297995329, 0.009904076345264912, 0.0066954344511032104, 0.028710609301924706, 0.015962425619363785, 0.023396646603941917, 0.013905857689678669, 0.009904076345264912, 0.006739014759659767, 0.25249940156936646, 0.09890411794185638, 0.008322160691022873, 0.008683554828166962, 0.014041228219866753, 0.03300124779343605, 0.03251662477850914, 0.012163884937763214, 0.05030299723148346, 0.009904076345264912, 0.042889561504125595, 0.024361539632081985, 0.008683554828166962, 0.013347570784389973, 0.021484820172190666, 0.02822159416973591, 0.013028601184487343, 0.02595130167901516, 0.09433523565530777, 0.020340923219919205, 0.01921902969479561, 0.009904076345264912, 0.020368333905935287, 0.00531414058059454], [0.009998117573559284, 0.013304458931088448, 0.009998117573559284, 0.007552220020443201, 0.04443735629320145, 0.03496929258108139, 0.020325586199760437, 0.023982787504792213, 0.009998117573559284, 0.008500764146447182, 0.04475132375955582, 0.032756950706243515, 0.037685051560401917, 0.02834940142929554, 0.025170955806970596, 0.026023689657449722, 0.02394344098865986, 0.018057478591799736, 0.029976869001984596, 0.009998117573559284, 0.02838447317481041, 0.01590157300233841, 0.02834940142929554, 0.022993169724941254, 0.022563356906175613, 0.057410746812820435, 0.1425592005252838, 0.01123836636543274, 0.11267170310020447, 0.02966042421758175, 0.03528084233403206, 0.009998117573559284, 0.01761035993695259, 0.0055982195772230625], [1.3338860298972577e-05, 3.223935709684156e-05, 1.3338860298972577e-05, 2.2101648937677965e-05, 4.203782737022266e-05, 0.0004191043262835592, 7.036198803689331e-05, 2.0724100977531634e-05, 1.3338860298972577e-05, 2.455254980304744e-05, 2.7699821657733992e-05, 2.8947333703399636e-05, 3.943544652429409e-05, 0.4987514317035675, 2.1882293367525563e-05, 7.698080298723653e-05, 2.0220872102072462e-05, 2.5156045012408867e-05, 2.2793012249167077e-05, 1.3338860298972577e-05, 2.785728793242015e-05, 1.5715100744273514e-05, 0.4987514317035675, 2.591038719401695e-05, 3.372442733962089e-05, 0.00016882955969776958, 0.0006473466055467725, 2.274396138091106e-05, 0.00018076373089570552, 0.0003329554747324437, 5.676635555573739e-05, 1.3338860298972577e-05, 1.4879567061143462e-05, 