{"premise_tokens": ["Catch", "That", "Kid", "is", "a", "2004", "American", "adventure", "comedy", "film", "directed", "by", "Bart", "Freundlich", "and", "starring", "Kristen", "Stewart", ",", "Corbin", "Bleu", ",", "Max", "Thieriot", ",", "Jennifer", "Beals", ",", "and", "Sam", "Robards", ".", "@@NULL@@"], "hypothesis_tokens": ["Catch", "That", "Kid", "is", "a", "remake", "of", "an", "American", "movie", ".", "@@NULL@@"], "label_logits": [2.0978968143463135, -1.630761981010437, -1.5086684226989746], "label_probs": [0.9513209462165833, 0.022855523973703384, 0.02582353539764881], "h2p_attention": [[0.4712086021900177, 0.032116182148456573, 0.017203636467456818, 0.05649346113204956, 0.0236164890229702, 0.009935107082128525, 0.01712995581328869, 0.022456716746091843, 0.016620459035038948, 0.016973664984107018, 0.019832665100693703, 0.03616506606340408, 0.03714963048696518, 0.009935107082128525, 0.011323142796754837, 0.01675979420542717, 0.009935107082128525, 0.016553474590182304, 0.00922940019518137, 0.009935107082128525, 0.009935107082128525, 0.00922940019518137, 0.013205776922404766, 0.009935107082128525, 0.00922940019518137, 0.01085907593369484, 0.009935107082128525, 0.00922940019518137, 0.011323142796754837, 0.019491121172904968, 0.009935107082128525, 0.011722493916749954, 0.005397085100412369], [0.05661153048276901, 0.11569208651781082, 0.02374972775578499, 0.08195635676383972, 0.041820164769887924, 0.01550346240401268, 0.023317812010645866, 0.037190020084381104, 0.03358146920800209, 0.049190446734428406, 0.044611334800720215, 0.038094475865364075, 0.029226595535874367, 0.01550346240401268, 0.030472207814455032, 0.026723263785243034, 0.01550346240401268, 0.02008819207549095, 0.023027095943689346, 0.01550346240401268, 0.01550346240401268, 0.023027095943689346, 0.016692129895091057, 0.01550346240401268, 0.023027095943689346, 0.02281385287642479, 0.01550346240401268, 0.023027095943689346, 0.030472207814455032, 0.029281968250870705, 0.01550346240401268, 0.022764427587389946, 0.009513499215245247], [0.01779532991349697, 0.01393680926412344, 0.44563525915145874, 0.0272000040858984, 0.01356357242912054, 0.008428957313299179, 0.02526349015533924, 0.01982954889535904, 0.01340095978230238, 0.018107164651155472, 0.05490294471383095, 0.05267128720879555, 0.017571251839399338, 0.008428957313299179, 0.009938759729266167, 0.01625005155801773, 0.008428957313299179, 0.009588370099663734, 0.011705277487635612, 0.008428957313299179, 0.008428957313299179, 0.011705277487635612, 0.013279377482831478, 0.008428957313299179, 0.011705277487635612, 0.028513632714748383, 0.008428957313299179, 0.011705277487635612, 0.009938759729266167, 0.06179821863770485, 0.008428957313299179, 0.010979821905493736, 0.005582709796726704], [0.03781330958008766, 0.031120609492063522, 0.017600689083337784, 0.44550687074661255, 0.020041989162564278, 0.006501749623566866, 0.010490653105080128, 0.013490257784724236, 0.01812927983701229, 0.013930555433034897, 0.08154407143592834, 0.07203575223684311, 0.015510239638388157, 0.006501749623566866, 0.011353990994393826, 0.03230254724621773, 0.006501749623566866, 0.013904250226914883, 0.01014338992536068, 0.006501749623566866, 0.006501749623566866, 0.01014338992536068, 0.007852901704609394, 0.006501749623566866, 0.01014338992536068, 0.018425870686769485, 0.006501749623566866, 0.01014338992536068, 0.011353990994393826, 0.016783760860562325, 0.006501749623566866, 0.014608456753194332, 0.003612482687458396], [0.04182792827486992, 0.04201997444033623, 0.0232241228222847, 0.05303289741277695, 0.13028737902641296, 0.013079714961349964, 0.04470321163535118, 0.054010048508644104, 0.047837033867836, 0.04445624724030495, 0.02484475076198578, 0.035331930965185165, 0.020360790193080902, 0.013079714961349964, 0.02828381583094597, 0.057463742792606354, 0.013079714961349964, 0.02160835638642311, 0.02615276724100113, 0.013079714961349964, 0.013079714961349964, 0.02615276724100113, 0.016771147027611732, 0.013079714961349964, 0.02615276724100113, 0.02605276182293892, 0.013079714961349964, 0.02615276724100113, 0.02828381583094597, 0.021912073716521263, 0.013079714961349964, 0.018880194053053856, 0.00955895334482193], [0.032933905720710754, 0.02915535680949688, 0.02701212279498577, 0.032199881970882416, 0.024480365216732025, 0.041345104575157166, 0.03739044442772865, 0.0378442257642746, 0.03956247866153717, 0.034156784415245056, 0.02819795347750187, 0.024306435137987137, 0.025656739249825478, 0.041345104575157166, 0.022692149505019188, 0.02216639742255211, 0.041345104575157166, 0.026754407212138176, 0.01988058350980282, 0.041345104575157166, 0.041345104575157166, 0.01988058350980282, 0.023347901180386543, 0.041345104575157166, 0.01988058350980282, 0.022168630734086037, 0.041345104575157166, 0.01988058350980282, 0.022692149505019188, 0.036336712539196014, 0.04134510084986687, 0.022770868614315987, 0.0178908072412014], [0.04155764356255531, 0.051222652196884155, 0.03349319100379944, 0.0551585927605629, 0.04264000430703163, 0.019143979996442795, 0.0284446831792593, 0.030743854120373726, 0.030534692108631134, 0.029718585312366486, 0.03461761772632599, 0.033814284950494766, 0.02964242920279503, 0.019143979996442795, 0.03808971121907234, 0.048534587025642395, 0.019143979996442795, 0.02329866774380207, 0.03244181349873543, 0.019143979996442795, 0.019143979996442795, 0.03244181349873543, 0.024901600554585457, 0.019143979996442795, 0.03244181349873543, 0.02461908757686615, 0.019143979996442795, 0.03244181349873543, 0.03808971121907234, 0.0379096195101738, 0.019143979996442795, 0.024269044399261475, 0.015780610963702202], [0.03436139598488808, 0.04159029573202133, 0.027125634253025055, 0.1373605728149414, 0.039742931723594666, 0.011064142920076847, 0.01817956008017063, 0.05663136765360832, 0.02184947580099106, 0.030738387256860733, 0.09809508919715881, 0.07267643511295319, 0.023922331631183624, 0.011064142920076847, 0.01954919844865799, 0.05682772770524025, 0.011064142920076847, 0.0160970538854599, 0.019344592466950417, 0.011064142920076847, 0.011064142920076847, 0.019344592466950417, 0.018037032335996628, 0.011064142920076847, 0.019344592466950417, 0.040697548538446426, 0.011064142920076847, 0.019344592466950417, 0.01954919844865799, 0.03354155644774437, 0.011064142920076847, 0.020222853869199753, 0.007313054986298084], [6.0534013755386695e-05, 4.6746597945457324e-05, 8.630803495179862e-05, 5.5385942687280476e-05, 8.91930831130594e-05, 3.9859649405116215e-05, 0.9981257915496826, 0.000161146410391666, 6.208381819305941e-05, 5.131505531608127e-05, 4.3920485040871426e-05, 0.00010638883395586163, 5.307474930305034e-05, 3.9859649405116215e-05, 4.1946164856199175e-05, 0.0002721765195019543, 3.9859649405116215e-05, 2.8635395210585557e-05, 4.641551277018152e-05, 3.9859649405116215e-05, 3.9859649405116215e-05, 4.641551277018152e-05, 3.570808985386975e-05, 3.9859649405116215e-05, 4.641551277018152e-05, 3.947183722630143e-05, 3.9859649405116215e-05, 4.641551277018152e-05, 4.1946164856199175e-05, 4.7531499149044976e-05, 3.985960938734934e-05, 2.6950252504320815e-05, 1.9072283976129256e-05], [0.004000932909548283, 0.007265590596944094, 0.003933969885110855, 0.004649270325899124, 0.006120332516729832, 0.002269817516207695, 0.0023961043916642666, 0.012703043408691883, 0.014286631718277931, 0.8754398822784424, 0.00766562158241868, 0.00376141513697803, 0.0019077302422374487, 0.002269817516207695, 0.0020370304118841887, 0.009995953179895878, 0.002269817516207695, 0.002452913438901305, 0.0017453697510063648, 0.002269817516207695, 0.002269817516207695, 0.0017453697510063648, 0.0026714405976235867, 0.002269817516207695, 0.0017453697510063648, 0.0019834418781101704, 0.002269817516207695, 0.0017453697510063648, 0.0020370304118841887, 0.005494105629622936, 0.0022698184475302696, 0.002765435492619872, 0.0012922956375405192], [0.03736278787255287, 0.04116184264421463, 0.033832091838121414, 0.06956278532743454, 0.033976178616285324, 0.021894153207540512, 0.024307401850819588, 0.030783552676439285, 