{"premise_tokens": ["From", "northwest", "to", "southeast", ",", "Russia", "shares", "land", "borders", "with", "Norway", ",", "Finland", ",", "Estonia", ",", "Latvia", ",", "Lithuania", "and", "Poland", "(", "both", "with", "Kaliningrad", "Oblast", ")", ",", "Belarus", ",", "Ukraine", ",", "Georgia", ",", "Azerbaijan", ",", "Kazakhstan", ",", "China", ",", "Mongolia", ",", "and", "North", "Korea", ".", "@@NULL@@"], "hypothesis_tokens": ["Alaska", "shares", "a", "mountain", "with", "Russia", ".", "@@NULL@@"], "label_logits": [0.4290967881679535, 2.8524608612060547, -3.5989439487457275], "label_probs": [0.08129046857357025, 0.9172618389129639, 0.0014477177755907178], "h2p_attention": [[0.04839096963405609, 0.012905776500701904, 0.02024862729012966, 0.01987265795469284, 0.009011417627334595, 0.03295483812689781, 0.021023215726017952, 0.018170924857258797, 0.02804192155599594, 0.014520108699798584, 0.040734317153692245, 0.009011417627334595, 0.012905776500701904, 0.009011417627334595, 0.012905776500701904, 0.009011417627334595, 0.012905776500701904, 0.009011417627334595, 0.012905776500701904, 0.00871913880109787, 0.06254009157419205, 0.009764990769326687, 0.017632484436035156, 0.014520108699798584, 0.012905776500701904, 0.012905776500701904, 0.010400433093309402, 0.009011417627334595, 0.012905776500701904, 0.009011417627334595, 0.03668593242764473, 0.009011417627334595, 0.18097342550754547, 0.009011417627334595, 0.012905776500701904, 0.009011417627334595, 0.012905776500701904, 0.009011417627334595, 0.06852489709854126, 0.009011417627334595, 0.012905776500701904, 0.009011417627334595, 0.00871913880109787, 0.027426009997725487, 0.03255079314112663, 0.011148940771818161, 0.007324216887354851], [0.00542020658031106, 0.0016124002868309617, 0.0042642150074243546, 0.0013363328762352467, 0.001591795589774847, 0.010561937466263771, 0.8381773233413696, 0.002286002039909363, 0.0023101107217371464, 0.002866427879780531, 0.007811761926859617, 0.001591795589774847, 0.0016124002868309617, 0.001591795589774847, 0.0016124002868309617, 0.001591795589774847, 0.0016124002868309617, 0.001591795589774847, 0.0016124002868309617, 0.0028901812620460987, 0.018370160833001137, 0.001115105114877224, 0.004795332904905081, 0.002866427879780531, 0.0016124002868309617, 0.0016124002868309617, 0.00124421960208565, 0.001591795589774847, 0.0016124002868309617, 0.001591795589774847, 0.020164011046290398, 0.001591795589774847, 0.009904527105391026, 0.001591795589774847, 0.0016124002868309617, 0.001591795589774847, 0.0016124002868309617, 0.001591795589774847, 0.0022670284379273653, 0.001591795589774847, 0.0016124002868309617, 0.001591795589774847, 0.0028901812620460987, 0.00305605074390769, 0.014121604152023792, 0.0018581876065582037, 0.0009927237406373024], [0.04723605886101723, 0.010464278981089592, 0.036662839353084564, 0.022502264007925987, 0.020923227071762085, 0.022099990397691727, 0.03507139906287193, 0.022304914891719818, 0.036216795444488525, 0.02927759662270546, 0.01817094348371029, 0.020923227071762085, 0.010464278981089592, 0.020923227071762085, 0.010464278981089592, 0.020923227071762085, 0.010464278981089592, 0.020923227071762085, 0.010464278981089592, 0.022628149017691612, 0.03165742754936218, 0.008162559010088444, 0.04567253589630127, 0.02927759662270546, 0.010464278981089592, 0.010464278981089592, 0.009011807851493359, 0.020923227071762085, 0.010464278981089592, 0.020923227071762085, 0.021799109876155853, 0.020923227071762085, 0.025567371398210526, 0.020923227071762085, 0.010464278981089592, 0.020923227071762085, 0.010464278981089592, 0.020923227071762085, 0.02764534205198288, 0.020923227071762085, 0.010464278981089592, 0.020923227071762085, 0.022628149017691612, 0.02752104587852955, 0.04902440309524536, 0.015104880556464195, 0.007647532969713211], [0.13017138838768005, 0.01133708655834198, 0.0192383024841547, 0.11769428849220276, 0.009752173908054829, 0.028950249776244164, 0.01431769598275423, 0.021002937108278275, 0.04226662963628769, 0.022914236411452293, 0.014831631444394588, 0.009752173908054829, 0.01133708655834198, 0.009752173908054829, 0.01133708655834198, 0.009752173908054829, 0.01133708655834198, 0.009752173908054829, 0.01133708655834198, 0.0076738446950912476, 0.019148586317896843, 0.009411074221134186, 0.018165189772844315, 0.022914236411452293, 0.01133708655834198, 0.01133708655834198, 0.01086809765547514, 0.009752173908054829, 0.01133708655834198, 0.009752173908054829, 0.03263824060559273, 0.009752173908054829, 0.056262750178575516, 0.009752173908054829, 0.01133708655834198, 0.009752173908054829, 0.01133708655834198, 0.009752173908054829, 0.05195483937859535, 0.009752173908054829, 0.01133708655834198, 0.009752173908054829, 0.0076738446950912476, 0.02764688991010189, 0.054625898599624634, 0.012392211705446243, 0.005750765558332205], [0.035640258342027664, 0.00825164932757616, 0.035837460309267044, 0.025394413620233536, 0.017012005671858788, 0.03584391623735428, 0.016591833904385567, 0.014407702721655369, 0.029913779348134995, 0.10956776142120361, 0.012786106206476688, 0.017012005671858788, 0.00825164932757616, 0.017012005671858788, 0.00825164932757616, 0.017012005671858788, 0.00825164932757616, 0.017012005671858788, 0.00825164932757616, 0.01671420969069004, 0.013206368312239647, 0.008149455301463604, 0.051684021949768066, 0.10956776142120361, 0.00825164932757616, 0.00825164932757616, 0.007954118773341179, 0.017012005671858788, 0.00825164932757616, 0.017012005671858788, 0.018261384218931198, 0.017012005671858788, 0.02013450488448143, 0.017012005671858788, 0.00825164932757616, 0.017012005671858788, 0.00825164932757616, 0.017012005671858788, 0.030441537499427795, 0.017012005671858788, 0.00825164932757616, 0.017012005671858788, 0.01671420969069004, 0.030847009271383286, 0.029155122116208076, 0.013516644947230816, 0.005746213253587484], [0.0036607803776860237, 0.0006980380858294666, 0.00175195699557662, 0.001439155195839703, 0.0010295679094269872, 0.8959863185882568, 0.004321923013776541, 0.0013141513336449862, 0.0006306293653324246, 0.0025339338462799788, 0.0065483213402330875, 0.0010295679094269872, 0.0006980380858294666, 0.0010295679094269872, 0.0006980380858294666, 0.0010295679094269872, 0.0006980380858294666, 0.0010295679094269872, 0.0006980380858294666, 0.001057215384207666, 0.006526369601488113, 0.0004512827144935727, 0.0035393796861171722, 0.0025339338462799788, 0.0006980380858294666, 0.0006980380858294666, 0.00047683343291282654, 0.0010295679094269872, 0.0006980380858294666, 0.0010295679094269872, 0.012942069210112095, 0.0010295679094269872, 0.012734465301036835, 0.0010295679094269872, 0.0006980380858294666, 0.0010295679094269872, 0.0006980380858294666, 0.0010295679094269872, 0.002456127433106303, 0.0010295679094269872, 0.0006980380858294666, 0.0010295679094269872, 0.001057215384207666, 0.0015584257198497653, 0.014403868466615677, 0.0006068996153771877, 0.00040622029337100685], [0.03115926682949066, 0.01701933704316616, 0.0312384981662035, 0.026177801191806793, 0.017835324630141258, 0.01997782662510872, 0.025029612705111504, 0.02315690740942955, 0.02195289172232151, 0.03145431727170944, 0.019404664635658264, 0.017835324630141258, 0.01701933704316616, 0.017835324630141258, 0.01701933704316616, 0.017835324630141258, 0.01701933704316616, 0.017835324630141258, 0.01701933704316616, 0.025944948196411133, 0.019593901932239532, 0.018129227682948112, 0.03769225627183914, 0.03145431727170944, 0.01701933704316616, 0.01701933704316616, 0.018050065264105797, 0.017835324630141258, 0.01701933704316616, 0.017835324630141258, 0.019500046968460083, 0.017835324630141258, 0.02441142126917839, 0.017835324630141258, 0.01701933704316616, 0.017835324630141258, 0.01701933704316616, 0.017835324630141258, 0.01939280517399311, 0.017835324630141258, 0.01701933704316616, 0.017835324630141258, 0.025944948196411133, 0.029426824301481247, 0.02745932526886463, 0.04100443050265312, 0.01337189506739378], [0.021276596933603287, 0.021276596933603287, 0.021276596933603287, 0.021276596933603287, 