{"premise_tokens": ["It", "has", "locations", "in", "Canada", ",", "Mexico", ",", "Colombia", ",", "Ecuador", ",", "Turkey", ",", "Germany", ",", "the", "UK", "and", "the", "Caribbean", ".", "@@NULL@@"], "hypothesis_tokens": ["Wyndham", "Hotels", "&", "Resorts", "has", "locations", "in", "Spain", ".", "@@NULL@@"], "label_logits": [1.1497139930725098, 2.194901466369629, -5.120206832885742], "label_probs": [0.26002228260040283, 0.7394856214523315, 0.0004920605570077896], "h2p_attention": [[0.050775058567523956, 0.04619007930159569, 0.037230830639600754, 0.04364585131406784, 0.044769056141376495, 0.029210174456238747, 0.05757962539792061, 0.029210174456238747, 0.060747601091861725, 0.029210174456238747, 0.03943149000406265, 0.029210174456238747, 0.11819925159215927, 0.029210174456238747, 0.06949349492788315, 0.029210174456238747, 0.03786035254597664, 0.03978734090924263, 0.03334116190671921, 0.03786035254597664, 0.04808405414223671, 0.033456817269325256, 0.02628663368523121], [0.051375869661569595, 0.06024930998682976, 0.11795589327812195, 0.05347952991724014, 0.06220153719186783, 0.022039905190467834, 0.03235062211751938, 0.022039905190467834, 0.037543103098869324, 0.022039905190467834, 0.02446882613003254, 0.022039905190467834, 0.1529717892408371, 0.022039905190467834, 0.03405233100056648, 0.022039905190467834, 0.0297671128064394, 0.0393621101975441, 0.023713737726211548, 0.0297671128064394, 0.06894400715827942, 0.02891227975487709, 0.020645635202527046], [0.042683396488428116, 0.03642639145255089, 0.03472597151994705, 0.03871539607644081, 0.11547938734292984, 0.024093570187687874, 0.045979030430316925, 0.024093570187687874, 0.026273872703313828, 0.024093570187687874, 0.030163845047354698, 0.024093570187687874, 0.07473895698785782, 0.024093570187687874, 0.13362938165664673, 0.024093570187687874, 0.025853272527456284, 0.09251336753368378, 0.03273744508624077, 0.025853272527456284, 0.04977526515722275, 0.031245412304997444, 0.018644899129867554], [0.050775058567523956, 0.04619007930159569, 0.037230830639600754, 0.04364585131406784, 0.044769056141376495, 0.029210174456238747, 0.05757962539792061, 0.029210174456238747, 0.060747601091861725, 0.029210174456238747, 0.03943149000406265, 0.029210174456238747, 0.11819925159215927, 0.029210174456238747, 0.06949349492788315, 0.029210174456238747, 0.03786035254597664, 0.03978734090924263, 0.03334116190671921, 0.03786035254597664, 0.04808405414223671, 0.033456817269325256, 0.02628663368523121], [0.12187278270721436, 0.3150498867034912, 0.05315938591957092, 0.05159168690443039, 0.024923138320446014, 0.011306246742606163, 0.01996787264943123, 0.011306246742606163, 0.010840005241334438, 0.011306246742606163, 0.011746415868401527, 0.011306246742606163, 0.1538514494895935, 0.011306246742606163, 0.04170176759362221, 0.011306246742606163, 0.021074512973427773, 0.02121562696993351, 0.011655309237539768, 0.021074512973427773, 0.029946746304631233, 0.016322515904903412, 0.006169014144688845], [0.0033037513494491577, 0.009556599892675877, 0.9155194759368896, 0.010145935229957104, 0.012974242679774761, 0.0014795848401263356, 0.008500059135258198, 0.0014795848401263356, 0.0015707490965723991, 0.0014795848401263356, 0.0017781443893909454, 0.0014795848401263356, 0.004725802689790726, 0.0014795848401263356, 0.002490463200956583, 0.0014795848401263356, 0.0018084936309605837, 0.007679023779928684, 0.001388991135172546, 0.0018084936309605837, 0.0046234955079853535, 0.0021399399265646935, 0.001109019503928721], [0.06553591042757034, 0.06491205841302872, 0.07100916653871536, 0.3104749023914337, 0.02865638956427574, 0.017077703028917313, 0.04809556156396866, 0.017077703028917313, 0.012887522578239441, 0.017077703028917313, 0.024690203368663788, 0.017077703028917313, 0.07061266154050827, 0.017077703028917313, 0.03578396886587143, 0.017077703028917313, 0.02320053055882454, 0.03676177188754082, 0.017443843185901642, 0.02320053055882454, 0.0368204191327095, 0.019686637446284294, 0.00776178203523159], [0.0023826637770980597, 0.004674091469496489, 0.0013667450984939933, 0.0024212216958403587, 0.2897416949272156, 0.0017710202373564243, 0.13270269334316254, 0.0017710202373564243, 0.0018763482803478837, 0.0017710202373564243, 0.07016287744045258, 0.0017710202373564243, 0.301317036151886, 0.0017710202373564243, 0.04162147268652916, 0.0017710202373564243, 0.0013218439416959882, 0.016968199983239174, 0.0025679850950837135, 0.0013218439416959882, 0.1169726550579071, 0.0011734768049791455, 0.0007808628142811358], [0.11025134474039078, 0.06231674924492836, 0.0454460084438324, 0.05973701924085617, 0.031390536576509476, 0.031413864344358444, 0.035787828266620636, 0.031413864344358444, 0.029976647347211838, 0.031413864344358444, 0.034506890922784805, 0.031413864344358444, 0.03991567716002464, 0.031413864344358444, 0.04740733280777931, 0.031413864344358444, 0.04820026829838753, 0.035648804157972336, 0.04569758102297783, 0.04820026829838753, 0.04125937446951866, 0.0722222849726677, 0.02355230413377285], [0.04347826912999153, 0.04347826912999153, 0.04347826912999153, 0.04347826912999153, 0.04347826912999153, 0.04347826912999153, 0.04347826912999153, 0.04347826912999153, 0.04347826912999153, 0.04347826912999153, 0.04347826912999153, 0.04347826912999153, 0.04347826912999153, 0.04347826912999153, 0.04347826912999153, 0.04347826912999153, 0.04347826912999153, 0.04347826912999153, 0.04347826912999153, 0.04347826912999153, 0.04347826912999153, 0.04347826912999153, 0.04347826912999153]],