{"premise_tokens": ["The", "Art", "of", "Nature", "which", "includes", "nature", "farming", ",", "and", "the", "Art", "of", "Beauty", "which", "includes", "practices", "such", "as", "Ikebana", ",", "a", "form", "of", "Japanese", "flower", "arranging", ",", "are", "the", "other", "formal", "practices", ".", "@@NULL@@"], "hypothesis_tokens": ["Religion", "includes", "practices", "such", "as", "rituals", "and", "mass", ".", "@@NULL@@"], "label_logits": [-0.7726382613182068, 1.5206375122070312, -1.238350510597229], "label_probs": [0.08669246733188629, 0.8588917255401611, 0.05441582202911377], "h2p_attention": [[0.010736076161265373, 0.02678508125245571, 0.008126916363835335, 0.060052260756492615, 0.02882002666592598, 0.016543356701731682, 0.060052260756492615, 0.027629755437374115, 0.006213049869984388, 0.009298581629991531, 0.010736076161265373, 0.02678508125245571, 0.008126916363835335, 0.009740966372191906, 0.02882002666592598, 0.016543356701731682, 0.03447980061173439, 0.008838258683681488, 0.007194377947598696, 0.015693606808781624, 0.006213049869984388, 0.02047177217900753, 0.03324279189109802, 0.008126916363835335, 0.32072192430496216, 0.016978036612272263, 0.05473169684410095, 0.006213049869984388, 0.019000576809048653, 0.010736076161265373, 0.008226846344769001, 0.020357882604002953, 0.03447980061173439, 0.013335062190890312, 0.005948656238615513], [0.0003972516569774598, 0.0011790844146162271, 0.00033337960485368967, 0.0005984348244965076, 0.0012025771429762244, 0.4860895276069641, 0.0005984348244965076, 0.0007211483316496015, 0.0008626534836366773, 0.00034899916499853134, 0.0003972516569774598, 0.0011790844146162271, 0.00033337960485368967, 0.0005479563842527568, 0.0012025771429762244, 0.4860895276069641, 0.0004410919500514865, 0.004412878304719925, 0.0008034413913264871, 0.00021335661585908383, 0.0008626534836366773, 0.0006414756644517183, 0.0005168800125829875, 0.00033337960485368967, 0.0023758357856422663, 0.00046104195644147694, 0.0014502025442197919, 0.0008626534836366773, 0.0013411770341917872, 0.0003972516569774598, 0.0014013088075444102, 0.0004957287455908954, 0.0004410919500514865, 0.00029575874214060605, 0.00017152329382952303], [0.009792339988052845, 0.023767715319991112, 0.010568961501121521, 0.01993076503276825, 0.015649108216166496, 0.015746723860502243, 0.01993076503276825, 0.02503754198551178, 0.0068183597177267075, 0.007227967027574778, 0.009792339988052845, 0.023767715319991112, 0.010568961501121521, 0.024156153202056885, 0.015649108216166496, 0.015746723860502243, 0.22589638829231262, 0.011946599930524826, 0.008948666974902153, 0.012381465174257755, 0.0068183597177267075, 0.012917110696434975, 0.034488577395677567, 0.010568961501121521, 0.06700795888900757, 0.02344297058880329, 0.026993779465556145, 0.0068183597177267075, 0.013502184301614761, 0.009792339988052845, 0.008460364304482937, 0.02402547374367714, 0.22589638829231262, 0.009819647297263145, 0.006123281549662352], [0.006638612598180771, 0.004087027627974749, 0.006881203502416611, 0.0056526632979512215, 0.017380904406309128, 0.05411497503519058, 0.0056526632979512215, 0.00933079607784748, 0.013752078637480736, 0.008778125047683716, 0.006638612598180771, 0.004087027627974749, 0.006881203502416611, 0.004460948519408703, 0.017380904406309128, 0.05411497503519058, 0.00410373043268919, 0.5664736032485962, 0.04266592860221863, 0.0025787907652556896, 0.013752078637480736, 0.016392530873417854, 0.004546575713902712, 0.006881203502416611, 0.008642350323498249, 0.0027581730391830206, 0.004847652744501829, 0.013752078637480736, 0.010409672744572163, 0.006638612598180771, 0.05620795860886574, 0.003129319055005908, 0.00410373043268919, 0.004179918672889471, 0.002103384118527174], [0.02059699408710003, 0.010209260508418083, 0.01682157814502716, 0.01829533651471138, 0.031284283846616745, 0.028311174362897873, 0.01829533651471138, 0.03210064396262169, 0.02459370344877243, 0.02716703712940216, 0.02059699408710003, 0.010209260508418083, 0.01682157814502716, 0.008749914355576038, 0.031284283846616745, 0.028311174362897873, 0.008832849562168121, 0.12259965389966965, 0.22002437710762024, 0.00861269235610962, 0.02459370344877243, 0.03502460569143295, 0.017408337444067, 0.01682157814502716, 0.011132919229567051, 0.00708329351618886, 0.010403583757579327, 0.02459370344877243, 0.023494895547628403, 0.02059699408710003, 0.0672471821308136, 0.010442051105201244, 0.008832849562168121, 0.012562258169054985, 0.0060440306551754475], [0.016726726666092873, 0.027108166366815567, 0.01216241717338562, 0.04935949668288231, 0.03600465878844261, 0.025775033980607986, 0.04935949668288231, 0.02450893446803093, 0.009677980095148087, 0.013695161789655685, 0.016726726666092873, 0.027108166366815567, 0.01216241717338562, 0.04421886056661606, 0.03600465878844261, 0.025775033980607986, 0.03497305139899254, 0.019354520365595818, 0.012707621790468693, 0.014714526012539864, 0.009677980095148087, 0.02924870140850544, 0.051762256771326065, 0.01216241717338562, 0.1472538560628891, 0.029936673119664192, 0.045063555240631104, 0.009677980095148087, 0.027139857411384583, 0.016726726666092873, 0.014588109217584133, 0.039592329412698746, 0.03497305139899254, 0.0165758915245533, 0.007496877573430538], [0.029354501515626907, 0.0158405639231205, 0.02665065973997116, 0.02132059633731842, 0.035305559635162354, 0.022465981543064117, 0.02132059633731842, 0.02434564009308815, 0.038585115224123, 0.09101467579603195, 0.029354501515626907, 0.0158405639231205, 0.02665065973997116, 0.019932374358177185, 0.035305559635162354, 0.022465981543064117, 0.013033349998295307, 0.04607943817973137, 0.04962947964668274, 0.014004570432007313, 0.038585115224123, 0.032670196145772934, 0.02628243714570999, 0.02665065973997116, 0.01578923501074314, 0.014181346632540226, 0.016193240880966187, 0.038585115224123, 0.027077969163656235, 0.029354501515626907, 0.07274164259433746, 0.017890270799398422, 0.013033349998295307, 0.021423177793622017, 0.011041399091482162], [0.016533298417925835, 0.04635827615857124, 0.026296909898519516, 0.02663419581949711, 0.02762804552912712, 0.028607381507754326, 0.02663419581949711, 0.04520856961607933, 0.015904145315289497, 0.022202225401997566, 0.016533298417925835, 0.04635827615857124, 0.026296909898519516, 0.029841020703315735, 0.02762804552912712, 0.028607381507754326, 0.02763400971889496, 0.03308074548840523, 0.02078881859779358, 0.021411675959825516, 0.015904145315289497, 0.036271851509809494, 0.07749966531991959, 0.026296909898519516, 0.044299449771642685, 0.046943988651037216, 0.034954871982336044, 0.015904145315289497, 0.01691737025976181, 0.016533298417925835, 0.023438144475221634, 0.029340475797653198, 0.02763400971889496, 0.01636904664337635, 0.011505072005093098], [0.030416224151849747, 0.0299848485738039, 0.0228569395840168, 0.04485831409692764, 0.04064350947737694, 0.02562735788524151, 0.04485831409692764, 0.02992643602192402, 0.019823357462882996, 0.02883693017065525, 0.030416224151849747, 0.0299848485738039, 0.0228569395840168, 0.026989862322807312, 0.04064350947737694, 0.02562735788524151, 0.023834217339754105, 0.029535094276070595, 0.03089088201522827, 0.0189164187759161, 0.019823357462882996, 0.029355214908719063, 0.02387954667210579, 0.0228569395840168, 0.020099395886063576, 0.027773480862379074, 0.024920877069234848, 0.019823357462882996, 0.0447990819811821, 0.030416224151849747, 0.03133201226592064, 0.023121122270822525, 0.023834217339754105, 0.04557504504919052, 0.014862410724163055], [0.02857142873108387, 0.02857142873108387, 0.02857142873108387, 0.02857142873108387, 0.02857142873108387, 0.02857142873108387, 0.02857142873108387, 0.02857142873108387, 0.02857142873108387, 0.02857142873108387, 0.02857142873108387, 0.02857142873108387, 0.02857142873108387, 0.02857142873108387, 0.02857142873108387, 0.02857142873108387, 0.02857142873108387, 0.02857142873108387, 0.02857142873108387, 0.02857142873108387, 0.02857142873108387, 0.02857142873108387, 0.02857142873108387, 0.02857142873108387, 0.02857142873108387,