{"premise_tokens": ["Miss", "Sloane", "is", "a", "2016", "political", "thriller", "film", "directed", "by", "John", "Madden", "and", "written", "by", "Jonathan", "Perera", ".", "@@NULL@@"], "hypothesis_tokens": ["Miss", "Sloane", "is", "a", "horror", "film", ".", "@@NULL@@"], "label_logits": [-1.770898461341858, 1.91707444190979, -0.26169002056121826], "label_probs": [0.021984348073601723, 0.8785771727561951, 0.09943850338459015], "h2p_attention": [[0.13397401571273804, 0.03425413742661476, 0.06786499917507172, 0.050444308668375015, 0.06993406265974045, 0.05561323091387749, 0.04492894932627678, 0.04788801074028015, 0.0550294928252697, 0.041892632842063904, 0.039941124618053436, 0.043729547411203384, 0.03848884254693985, 0.04566157981753349, 0.041892632842063904, 0.08240849524736404, 0.03425413742661476, 0.04096449911594391, 0.030835261568427086], [0.03639407828450203, 0.07571108639240265, 0.05896437540650368, 0.04482840746641159, 0.05859781801700592, 0.050332099199295044, 0.08488766103982925, 0.06254784762859344, 0.051636047661304474, 0.044509902596473694, 0.037831276655197144, 0.05998760834336281, 0.04155382886528969, 0.05011512711644173, 0.044509902596473694, 0.04742223024368286, 0.07571108639240265, 0.04169797524809837, 0.03276161476969719], [0.008876769803464413, 0.00725907227024436, 0.4973994195461273, 0.022376475855708122, 0.012591809965670109, 0.01937582902610302, 0.01644221879541874, 0.015553183853626251, 0.09104230254888535, 0.08042646199464798, 0.02215631492435932, 0.03056078404188156, 0.012676501646637917, 0.022986769676208496, 0.08042646199464798, 0.03224733844399452, 0.00725907227024436, 0.016310039907693863, 0.004033264238387346], [0.024274954572319984, 0.020304011180996895, 0.08232446014881134, 0.20224876701831818, 0.039374109357595444, 0.04739466682076454, 0.06719537824392319, 0.06901068240404129, 0.038567204028367996, 0.05484674870967865, 0.04265502467751503, 0.0444553941488266, 0.04390576481819153, 0.04908135533332825, 0.05484674870967865, 0.05506386607885361, 0.020304011180996895, 0.029308250173926353, 0.014838632196187973], [0.015227999538183212, 0.011071497574448586, 0.01715272106230259, 0.027989299967885017, 0.020578542724251747, 0.07413968443870544, 0.2808407247066498, 0.4215293526649475, 0.019258441403508186, 0.0066572693176567554, 0.012545471079647541, 0.015222543850541115, 0.009120922535657883, 0.014741407707333565, 0.0066572693176567554, 0.018296997994184494, 0.011071497574448586, 0.01222279854118824, 0.005675541236996651], [0.0007762992172501981, 0.0009543262422084808, 0.0019275805680081248, 0.0023247292265295982, 0.0015067707281559706, 0.0012189133558422327, 0.013299037702381611, 0.963921844959259, 0.0025288094766438007, 0.001150835887528956, 0.0015018414705991745, 0.0018165030051022768, 0.0007729637436568737, 0.0015405549202114344, 0.001150835887528956, 0.0010740323923528194, 0.0009543262422084808, 0.0010799994925037026, 0.0004998617223463953], [0.0348745733499527, 0.033411696553230286, 0.10615669190883636, 0.051849547773599625, 0.05106465891003609, 0.054009661078453064, 0.057716600596904755, 0.05671821907162666, 0.05585714429616928, 0.057141900062561035, 0.04859446361660957, 0.06331337243318558, 0.050934113562107086, 0.04001057893037796, 0.057141900062561035, 0.041043706238269806, 0.033411696553230286, 0.08049830049276352, 0.026251183822751045], [0.05263159051537514, 0.05263159051537514, 0.05263159051537514, 0.05263159051537514, 0.05263159051537514, 0.05263159051537514, 0.05263159051537514, 0.05263159051537514, 0.05263159051537514, 0.05263159051537514, 0.05263159051537514, 0.05263159051537514, 0.05263159051537514, 0.05263159051537514, 0.05263159051537514, 0.05263159051537514, 0.05263159051537514, 0.05263159051537514, 0.05263159051537514]], "p2h_attention": [[0.2739984393119812, 0.07005522400140762, 0.13879485428333282, 0.10316672921180725, 0.16920402646064758, 0.09793869405984879, 0.0837789922952652, 0.06306307762861252], [0.08731476217508316, 0.1816420704126358, 0.1414642333984375, 0.10754995793104172, 0.15332797169685364, 0.15006151795387268, 0.10003960132598877, 0.0785999521613121], [0.015200009569525719, 0.01242996845394373, 0.8517147898674011, 0.0383160375058651, 0.020872347056865692, 0.026632271707057953, 0.027928268536925316, 0.006906301714479923], [0.04709126427769661, 0.039387982338666916, 0.15970216691493988, 0.39234471321105957, 0.14195820689201355, 0.13387462496757507, 0.056855425238609314, 0.02878563292324543], [0.11680123955011368, 0.09211332350969315, 0.16078217327594757, 0.13665427267551422, 0.18672984838485718, 0.15523996949195862, 0.1001792699098587, 0.05149988830089569], [0.06032612919807434, 0.05138717219233513, 0.1606862097978592, 0.10683427006006241, 0.4369366765022278, 0.08156389743089676, 0.06881729513406754, 0.03344837576150894], [0.015848003327846527, 0.028182223439216614, 0.04434041306376457, 0.04925399273633957, 0.5382063388824463, 0.28937864303588867, 0.023913756012916565, 0.010876670479774475], [0.0007696723332628608, 0.0009461796726100147, 0.0019111258443444967, 0.002304884372279048, 0.03680841624736786, 0.9556933641433716, 0.0010707799810916185, 0.0004955946351401508], [0.04449030011892319, 0.039292097091674805, 0.5627352595329285, 0.06479504704475403, 0.08459241688251495, 0.1261199414730072, 0.053045354783535004, 0.024929726496338844], [0.04116178676486015, 0.0411619208753109, 0.604152500629425, 0.11198536306619644, 0.03553800284862518, 0.06975378841161728, 0.06594927608966827, 0.03029732219874859], [0.06859233975410461, 0.06114890053868294, 0.2909000515937805, 0.1522226780653, 0.11705305427312851, 0.15910257399082184, 0.09802591800689697, 0.05295451357960701], [0.0602186881005764, 0.07774995267391205, 0.32174500823020935, 0.12721389532089233, 0.11388956755399704, 0.15430861711502075, 0.1024119108915329, 0.04246234521269798], [0.08484220504760742, 0.08621253818273544, 0.21363259851932526, 0.20111866295337677, 0.10923357307910919, 0.10510756820440292, 0.1318817138671875, 0.06797116249799728], [0.07323215901851654, 0.07564879953861237, 0.2818511426448822, 0.16357660293579102, 0.12844884395599365, 0.15241430699825287, 0.07537449896335602, 0.04945366829633713], [0.04116178676486015, 0.0411619208753109, 0.604152500629425, 0.11198536306619644, 0.03553800284862518, 0.06975378841161728, 0.06594927608966827, 0.03029732219874859], [0.11247019469738007, 0.06091576814651489, 0.3364730775356293, 0.15616579353809357, 0.13567057251930237, 0.09042337536811829, 0.06579770892858505, 0.04208361729979515], [0.08731476217508316, 0.1816420704126358, 0.1414642333984375, 0.10754995793104172, 0.15332797169685364, 0.15006151795387268, 0.10003960132598877, 0.0785999521613121], [0.07814252376556396, 0.07486468553543091, 0.23786239326000214, 0.11617785692214966, 0.12667496502399445, 0.12708695232868195, 0.18037037551403046, 0.058820318430662155], [0.125, 0.125, 0.125, 0.125, 0.125, 0.125, 0.125, 0.125]], "claim": "Miss Sloane is a horror film.", "premise_source_doc_id": "Miss_Sloane", "premise_source_doc_line_num": 0, "premise_source_doc_sentence": "Miss Sloane is a 2016 political thriller film directed by John Madden and written by Jonathan Perera ."}
