{"premise_tokens": ["The", "monophthongs", "can", "be", "contrasted", "with", "diphthongs", ",", "where", "the", "vowel", "quality", "changes", "within", "the", "same", "syllable", ",", "and", "hiatus", ",", "where", "two", "vowels", "are", "next", "to", "each", "other", "in", "different", "syllables", ".", "@@NULL@@"], "hypothesis_tokens": ["Monophthongs", "can", "be", "contrasted", "with", "hiatus", "and", "diphthongs", ".", "@@NULL@@"], "label_logits": [1.353891372680664, 0.20252200961112976, -3.6000452041625977], "label_probs": [0.7557099461555481, 0.23895810544490814, 0.00533197121694684], "h2p_attention": [[0.026013696566224098, 0.041739437729120255, 0.02581217512488365, 0.03366148844361305, 0.041739437729120255, 0.02593650296330452, 0.041739437729120255, 0.02007019706070423, 0.030452989041805267, 0.026013696566224098, 0.041739437729120255, 0.029868539422750473, 0.03748433291912079, 0.025997938588261604, 0.026013696566224098, 0.028074095025658607, 0.041739437729120255, 0.02007019706070423, 0.02290857769548893, 0.041739437729120255, 0.02007019706070423, 0.030452989041805267, 0.021270163357257843, 0.041739437729120255, 0.025859976187348366, 0.02378896065056324, 0.030322887003421783, 0.03283989802002907, 0.021153077483177185, 0.029988892376422882, 0.023389307782053947, 0.029260048642754555, 0.02298804745078087, 0.0180614423006773], [0.00964844785630703, 0.0053870524279773235, 0.2901695668697357, 0.11942816525697708, 0.0053870524279773235, 0.021810287609696388, 0.0053870524279773235, 0.006774884182959795, 0.03530999273061752, 0.00964844785630703, 0.0053870524279773235, 0.0207231342792511, 0.020618777722120285, 0.01831718720495701, 0.00964844785630703, 0.03290560469031334, 0.0053870524279773235, 0.006774884182959795, 0.007369108963757753, 0.0053870524279773235, 0.006774884182959795, 0.03530999273061752, 0.01076667569577694, 0.0053870524279773235, 0.02967202477157116, 0.023453734815120697, 0.02118965983390808, 0.03577021509408951, 0.016345083713531494, 0.0290377177298069, 0.03529104217886925, 0.09457632899284363, 0.011186766438186169, 0.003769458970054984], [0.004989534616470337, 0.002028472488746047, 0.03448387607932091, 0.7243409752845764, 0.002028472488746047, 0.005646856967359781, 0.002028472488746047, 0.002848085481673479, 0.009473594836890697, 0.004989534616470337, 0.002028472488746047, 0.011339830234646797, 0.009227665141224861, 0.008650428615510464, 0.004989534616470337, 0.016361845657229424, 0.002028472488746047, 0.002848085481673479, 0.0028758100233972073, 0.002028472488746047, 0.002848085481673479, 0.009473594836890697, 0.006104927975684404, 0.002028472488746047, 0.028257954865694046, 0.01503864023834467, 0.010302649810910225, 0.014974761754274368, 0.0064054434187710285, 0.009533285163342953, 0.012350006029009819, 0.022185366600751877, 0.004171676468104124, 0.0010883994400501251], [0.026013696566224098, 0.041739437729120255, 0.02581217512488365, 0.03366148844361305, 0.041739437729120255, 0.02593650296330452, 0.041739437729120255, 0.02007019706070423, 0.030452989041805267, 0.026013696566224098, 0.041739437729120255, 0.029868539422750473, 0.03748433291912079, 0.025997938588261604, 0.026013696566224098, 0.028074095025658607, 0.041739437729120255, 0.02007019706070423, 0.02290857769548893, 0.041739437729120255, 0.02007019706070423, 0.030452989041805267, 0.021270163357257843, 0.041739437729120255, 0.025859976187348366, 0.02378896065056324, 0.030322887003421783, 0.03283989802002907, 0.021153077483177185, 0.029988892376422882, 0.023389307782053947, 0.029260048642754555, 0.02298804745078087, 0.0180614423006773], [0.020775524899363518, 0.008909059688448906, 0.03589675575494766, 0.0321878083050251, 0.008909059688448906, 0.1182970404624939, 0.008909059688448906, 0.018367355689406395, 0.05025234445929527, 0.020775524899363518, 0.008909059688448906, 0.024969086050987244, 0.014115341007709503, 0.022138524800539017, 0.020775524899363518, 0.05839724838733673, 0.008909059688448906, 0.018367355689406395, 0.018045833334326744, 0.008909059688448906, 0.018367355689406395, 0.05025234445929527, 0.037300776690244675, 0.008909059688448906, 0.034349847584962845, 0.034008391201496124, 0.03869263827800751, 0.04659592732787132, 0.03144276514649391, 0.040852226316928864, 0.04621092230081558, 0.0654044970870018, 0.014593517407774925, 0.006204014644026756], [0.026013696566224098, 0.041739437729120255, 0.02581217512488365, 0.03366148844361305, 0.041739437729120255, 0.02593650296330452, 0.041739437729120255, 0.02007019706070423, 0.030452989041805267, 0.026013696566224098, 0.041739437729120255, 0.029868539422750473, 0.03748433291912079, 0.025997938588261604, 0.026013696566224098, 0.028074095025658607, 0.041739437729120255, 0.02007019706070423, 0.02290857769548893, 0.041739437729120255, 0.02007019706070423, 0.030452989041805267, 0.021270163357257843, 0.041739437729120255, 0.025859976187348366, 0.02378896065056324, 0.030322887003421783, 0.03283989802002907, 0.021153077483177185, 0.029988892376422882, 0.023389307782053947, 0.029260048642754555, 0.02298804745078087, 0.0180614423006773], [0.025797763839364052, 0.012307706288993359, 0.018970007076859474, 0.025639139115810394, 0.012307706288993359, 0.02822510525584221, 0.012307706288993359, 0.03390995413064957, 0.0264568030834198, 0.025797763839364052, 0.012307706288993359, 0.021235065534710884, 0.011909949593245983, 0.017135506495833397, 0.025797763839364052, 0.04429522901773453, 0.012307706288993359, 0.03390995413064957, 0.07998688519001007, 0.012307706288993359, 0.03390995413064957, 0.0264568030834198, 0.10732817649841309, 0.012307706288993359, 0.023797068744897842, 0.02289142832159996, 0.03410027548670769, 0.027983704581856728, 0.06392790377140045, 0.021807819604873657, 0.0221023540943861, 0.08194275945425034, 0.018827438354492188, 0.009703568182885647], [0.026013696566224098, 0.041739437729120255, 0.02581217512488365, 0.03366148844361305, 0.041739437729120255, 0.02593650296330452, 0.041739437729120255, 0.02007019706070423, 0.030452989041805267, 0.026013696566224098, 0.041739437729120255, 0.029868539422750473, 0.03748433291912079, 0.025997938588261604, 0.026013696566224098, 0.028074095025658607, 0.041739437729120255, 0.02007019706070423, 0.02290857769548893, 0.041739437729120255, 0.02007019706070423, 0.030452989041805267, 0.021270163357257843, 0.041739437729120255, 0.025859976187348366, 0.02378896065056324, 0.030322887003421783, 0.03283989802002907, 0.021153077483177185, 0.029988892376422882, 0.023389307782053947, 0.029260048642754555, 0.02298804745078087, 0.0180614423006773], [0.027943946421146393, 0.01737886108458042, 0.04052259027957916, 0.0523352213203907, 0.01737886108458042, 0.032118767499923706, 0.01737886108458042, 0.018212081864476204, 0.042566318064928055, 0.027943946421146393, 0.01737886108458042, 0.02418477274477482, 0.021164173260331154, 0.033065445721149445, 0.027943946421146393, 0.043183520436286926, 0.01737886108458042, 0.018212081864476204, 0.026493018493056297, 0.01737886108458042, 0.018212081864476204, 0.042566318064928055, 0.03090638853609562, 0.01737886108458042, 0.041157737374305725, 0.032537419348955154, 0.031898390501737595, 0.04469795152544975, 0.02878529578447342, 0.03463234007358551, 0.026640193536877632, 0.05489911884069443, 0.04187062755227089, 0.013654369860887527], [0.02941174991428852, 0.02941174991428852, 0.02941174991428852, 0.02941174991428852, 0.02941174991428852, 0.02941174991428852, 0.02941174991428852, 0.02941174991428852, 0.02941174991428852, 0.02941174991428852, 0.02941174991428852, 0.02941174991428852, 0.02941174991428852, 0.02941174991428852, 0.02941174991428852, 0.02941174991428852, 0.02941174991428852, 0.02941174991428852, 0.02941174991428852, 0.02941174991428852, 0.02941174991428852, 0.02941174991428852, 0.02941174991428852, 0.02941174991428852, 0.02941174991428852, 0.02941174991428852, 0.02941174991428852, 0.02941174991428852, 0.02941174991428852, 0.02941174991428852, 0.02941174991428852, 0.02941174991428852, 0.02941174991428852, 0.02941174991428852]],