{"premise_tokens": ["Benicio", "Monserrate", "Rafael", "del", "Toro", "Sánchez", "(", "born", "February", "19", ",", "1967", ")", "is", "a", "Puerto", "Rican", "actor", ".", "@@NULL@@"], "hypothesis_tokens": ["Benicio", "del", "Toro", "is", "an", "actor", "who", "has", "acting", "in", "the", "MCU", ".", "@@NULL@@"], "label_logits": [1.2817479372024536, -2.735142230987549, 0.1206459179520607], "label_probs": [0.7512302398681641, 0.013528818264603615, 0.2352409064769745], "h2p_attention": [[0.07193057984113693, 0.07193057984113693, 0.03462507948279381, 0.06324051320552826, 0.07193057984113693, 0.07193057984113693, 0.033460311591625214, 0.050245486199855804, 0.049842145293951035, 0.038599032908678055, 0.03458745405077934, 0.07193057984113693, 0.034727878868579865, 0.05602008476853371, 0.04258997365832329, 0.04060865193605423, 0.05103421211242676, 0.04002474248409271, 0.03961585834622383, 0.031125718727707863], [0.0012987925438210368, 0.0012987925438210368, 0.004788062535226345, 0.9666537046432495, 0.0012987925438210368, 0.0012987925438210368, 0.0018694703467190266, 0.0016162077663466334, 0.0016044846270233393, 0.0016504281666129827, 0.0009570327238179743, 0.0012987925438210368, 0.0015624911757186055, 0.004510573577135801, 0.000988283660262823, 0.001874712179414928, 0.001374274492263794, 0.0019870407413691282, 0.0014300165930762887, 0.000639239908196032], [0.07193057984113693, 0.07193057984113693, 0.03462507948279381, 0.06324051320552826, 0.07193057984113693, 0.07193057984113693, 0.033460311591625214, 0.050245486199855804, 0.049842145293951035, 0.038599032908678055, 0.03458745405077934, 0.07193057984113693, 0.034727878868579865, 0.05602008476853371, 0.04258997365832329, 0.04060865193605423, 0.05103421211242676, 0.04002474248409271, 0.03961585834622383, 0.031125718727707863], [0.009213708341121674, 0.009213708341121674, 0.017619721591472626, 0.036122508347034454, 0.009213708341121674, 0.009213708341121674, 0.007721969857811928, 0.07219751179218292, 0.028744632378220558, 0.02925199083983898, 0.014374320395290852, 0.009213708341121674, 0.007244606036692858, 0.6313331723213196, 0.02840174175798893, 0.01241289172321558, 0.017976392060518265, 0.024708949029445648, 0.02070181630551815, 0.005119292996823788], [0.021237246692180634, 0.021237246692180634, 0.037154871970415115, 0.032690659165382385, 0.021237246692180634, 0.021237246692180634, 0.017217401415109634, 0.13008520007133484, 0.03984641656279564, 0.05441063269972801, 0.03713129088282585, 0.021237246692180634, 0.01934853568673134, 0.26365897059440613, 0.07628520578145981, 0.023827848955988884, 0.03631336987018585, 0.07298915088176727, 0.03881707787513733, 0.014037161134183407], [0.003524425206705928, 0.003524425206705928, 0.014177564531564713, 0.008519655093550682, 0.003524425206705928, 0.003524425206705928, 0.004681113641709089, 0.01951024681329727, 0.01509347278624773, 0.012540876865386963, 0.006602634210139513, 0.003524425206705928, 0.004869494121521711, 0.013228890486061573, 0.01076913345605135, 0.01490350067615509, 0.01700356975197792, 0.8331899046897888, 0.004546980373561382, 0.002740811090916395], [0.023048315197229385, 0.023048315197229385, 0.0933641716837883, 0.04398905113339424, 0.023048315197229385, 0.023048315197229385, 0.021748309955000877, 0.10902001708745956, 0.042851924896240234, 0.04142935946583748, 0.040997330099344254, 0.023048315197229385, 0.022078227251768112, 0.20402731001377106, 0.06095510721206665, 0.041285183280706406, 0.059904251247644424, 0.04865703731775284, 0.036284178495407104, 0.018166951835155487], [0.026597367599606514, 0.026597367599606514, 0.042023610323667526, 0.05101951211690903, 0.026597367599606514, 0.026597367599606514, 0.019918987527489662, 0.09752976149320602, 0.03420690447092056, 0.06324536353349686, 0.02774135023355484, 0.026597367599606514, 0.021716736257076263, 0.27731478214263916, 0.04420507326722145, 0.033256348222494125, 0.048657484352588654, 0.05099134147167206, 0.04004942253232002, 0.015136480331420898], [0.002692325972020626, 0.002692325972020626, 0.0198055412620306, 0.007678526919335127, 0.002692325972020626, 0.002692325972020626, 0.003292257431894541, 0.007656597066670656, 0.01422308199107647, 0.005712139420211315, 0.004832099657505751, 0.002692325972020626, 0.003734900616109371, 0.007108275778591633, 0.0064897676929831505, 0.009519605897367, 0.012523469515144825, 0.8795406222343445, 0.002729720901697874, 0.0016917417524382472], [0.018686695024371147, 0.018686695024371147, 0.0196185652166605, 0.02491905353963375, 0.018686695024371147, 0.018686695024371147, 0.01658243127167225, 0.31468307971954346, 0.06754162907600403, 0.04168589413166046, 0.024762386456131935, 0.018686695024371147, 0.018041664734482765, 0.11615558713674545, 0.05404490977525711, 0.032493144273757935, 0.04828713834285736, 0.08795120567083359, 0.028545310720801353, 0.011254454962909222], [0.035531964153051376, 0.035531964153051376, 0.03576507046818733, 0.05241040885448456, 0.035531964153051376, 0.035531964153051376, 0.029649585485458374, 0.0791025310754776, 0.0643598660826683, 0.050539854913949966, 0.05168011784553528, 0.035531964153051376, 0.029946980997920036, 0.14277519285678864, 0.07567856460809708, 0.03738142549991608, 0.055151477456092834, 0.04274152219295502, 0.0504877008497715, 0.02467002160847187], [0.07193057984113693, 0.07193057984113693, 0.03462507948279381, 0.06324051320552826, 0.07193057984113693, 0.07193057984113693, 0.033460311591625214, 0.050245486199855804, 0.049842145293951035, 0.038599032908678055, 0.03458745405077934, 0.07193057984113693, 0.034727878868579865, 0.05602008476853371, 0.04258997365832329, 0.04060865193605423, 0.05103421211242676, 0.04002474248409271, 0.03961585834622383, 0.031125718727707863], [0.03584631159901619, 0.03584631159901619, 0.05280477926135063, 0.06300457566976547, 0.03584631159901619, 0.03584631159901619, 0.03818397969007492, 0.05860970914363861, 0.05751270800828934, 0.061831217259168625, 0.0375649556517601, 0.03584631159901619, 0.03801725059747696, 0.11389202624559402, 0.05562767758965492, 0.039546169340610504, 0.042921338230371475, 0.046723876148462296, 0.0863640233874321, 0.028164032846689224], [0.04999999329447746, 0.04999999329447746, 0.04999999329447746, 0.04999999329447746, 0.04999999329447746, 0.04999999329447746, 0.04999999329447746, 0.04999999329447746, 0.04999999329447746, 0.04999999329447746, 0.04999999329447746, 0.04999999329447746, 0.04999999329447746, 0.04999999329447746, 0.04999999329447746, 0.04999999329447746, 0.04999999329447746, 0.04999999329447746, 0.04999999329447746, 0.04999999329447746]],