{"premise_tokens": ["As", "a", "judge", "on", "the", "latter", ",", "he", "became", "the", "highest", "-", "paid", "film", "star", "on", "Indian", "television", ".", "@@NULL@@"], "hypothesis_tokens": ["Hrithik", "Roshan", "was", "on", "Indian", "television", ".", "@@NULL@@"], "label_logits": [1.5071221590042114, -1.4790692329406738, -1.317744255065918], "label_probs": [0.9010665416717529, 0.0454852394759655, 0.05344819277524948], "h2p_attention": [[0.04795727878808975, 0.046050067991018295, 0.04104352742433548, 0.052491724491119385, 0.04847211390733719, 0.0612022764980793, 0.03739740699529648, 0.0678473636507988, 0.05273061990737915, 0.04847211390733719, 0.061164528131484985, 0.03991404175758362, 0.057226285338401794, 0.06425239890813828, 0.0409916415810585, 0.052491724491119385, 0.05995888262987137, 0.04384727030992508, 0.0428343266248703, 0.033654436469078064], [0.04795727878808975, 0.046050067991018295, 0.04104352742433548, 0.052491724491119385, 0.04847211390733719, 0.0612022764980793, 0.03739740699529648, 0.0678473636507988, 0.05273061990737915, 0.04847211390733719, 0.061164528131484985, 0.03991404175758362, 0.057226285338401794, 0.06425239890813828, 0.0409916415810585, 0.052491724491119385, 0.05995888262987137, 0.04384727030992508, 0.0428343266248703, 0.033654436469078064], [0.05078217014670372, 0.05024835094809532, 0.04016712307929993, 0.04189107567071915, 0.04457778483629227, 0.04493391141295433, 0.031998470425605774, 0.20060470700263977, 0.05544383451342583, 0.04457778483629227, 0.0513799712061882, 0.027285143733024597, 0.0632074698805809, 0.030176609754562378, 0.06038815155625343, 0.04189107567071915, 0.024632902815937996, 0.03323690593242645, 0.04357516020536423, 0.019001256674528122], [0.021194197237491608, 0.023873697966337204, 0.026322709396481514, 0.2716188132762909, 0.02143680490553379, 0.037235163152217865, 0.015422183088958263, 0.07819822430610657, 0.012273292057216167, 0.02143680490553379, 0.025946438312530518, 0.012584188021719456, 0.02867434360086918, 0.026825927197933197, 0.027836797758936882, 0.2716188132762909, 0.021984754130244255, 0.03164476156234741, 0.016714347526431084, 0.007157727610319853], [2.434596899547614e-05, 3.6995297705288976e-05, 5.2633549785241485e-05, 3.225950786145404e-05, 2.363385647186078e-05, 3.359906986588612e-05, 2.346248584217392e-05, 7.283483137143776e-05, 1.615947621758096e-05, 2.363385647186078e-05, 3.700030720210634e-05, 1.3801502973365132e-05, 4.062619700562209e-05, 3.190596544300206e-05, 6.384635344147682e-05, 3.225950786145404e-05, 0.9993887543678284, 2.9062406611046754e-05, 1.2700930710707325e-05, 1.050294486049097e-05], [0.0023522130213677883, 0.004434980917721987, 0.012880370952188969, 0.006642686203122139, 0.002327162539586425, 0.00837068073451519, 0.0019322886364534497, 0.008162754587829113, 0.0018011658685281873, 0.002327162539586425, 0.0025837221182882786, 0.0024360360112041235, 0.009069648571312428, 0.11655358970165253, 0.0077402046881616116, 0.006642686203122139, 0.004157548770308495, 0.7957085371017456, 0.0023740462493151426, 0.0015025089960545301], [0.04827665165066719, 0.045876700431108475, 0.045486994087696075, 0.05423882231116295, 0.04753485321998596, 0.0635572150349617, 0.030980192124843597, 0.15495018661022186, 0.03496710583567619, 0.04753485321998596, 0.054411835968494415, 0.025058964267373085, 0.04439004510641098, 0.05018451809883118, 0.03907153382897377, 0.05423882231116295, 0.02808796800673008, 0.03670017793774605, 0.07122526317834854, 0.023227158933877945], [0.04999999329447746, 0.04999999329447746, 0.04999999329447746, 0.04999999329447746, 0.04999999329447746, 0.04999999329447746, 0.04999999329447746, 0.04999999329447746, 0.04999999329447746, 0.04999999329447746, 0.04999999329447746, 0.04999999329447746, 0.04999999329447746, 0.04999999329447746, 0.04999999329447746, 0.04999999329447746, 0.04999999329447746, 0.04999999329447746, 0.04999999329447746, 0.04999999329447746]], "p2h_attention": [[0.09225890040397644, 0.09225890040397644, 0.17303144931793213, 0.19170695543289185, 0.1500762701034546, 0.10135746747255325, 0.13456657528877258, 0.06474348902702332], [0.07532437145709991, 0.07532437145709991, 0.14557507634162903, 0.18360820412635803, 0.1939024031162262, 0.16248832643032074, 0.1087285503745079, 0.055048756301403046], [0.049229707568883896, 0.049229707568883896, 0.08533228188753128, 0.1484500616788864, 0.20229089260101318, 0.34604790806770325, 0.07905258238315582, 0.04036685824394226], [0.0288307536393404, 0.0288307536393404, 0.04075179249048233, 0.7014425992965698, 0.056774575263261795, 0.08172108978033066, 0.043164003640413284, 0.018484489992260933], [0.09559150785207748, 0.09559150785207748, 0.15570616722106934, 0.19877171516418457, 0.14934588968753815, 0.10279671102762222, 0.13582690060138702, 0.0663696750998497], [0.07669822126626968, 0.07669822126626968, 0.09973598271608353, 0.21940071880817413, 0.1349199414253235, 0.23496533930301666, 0.1154061034321785, 0.042175471782684326], [0.09326362609863281, 0.09326362609863281, 0.14133834838867188, 0.1808355450630188, 0.18748916685581207, 0.10793642699718475, 0.11194408684968948, 0.08392920345067978], [0.04425617307424545, 0.04425617307424545, 0.2317618876695633, 0.23983077704906464, 0.1522338092327118, 0.11926218867301941, 0.1464465856552124, 0.021952461451292038], [0.12044140696525574, 0.12044140696525574, 0.22429844737052917, 0.1318078190088272, 0.1182691752910614, 0.09214925020933151, 0.11572279036045074, 0.07686971873044968], [0.09559150785207748, 0.09559150785207748, 0.15570616722106934, 0.19877171516418457, 0.14934588968753815, 0.10279671102762222, 0.13582690060138702, 0.0663696750998497], [0.09798040241003036, 0.09798040241003036, 0.14577849209308624, 0.19542694091796875, 0.1899224817752838, 0.092706598341465, 0.12629300355911255, 0.053911563009023666], [0.11209455132484436, 0.11209455132484436, 0.1357203871011734, 0.1661694347858429, 0.1241985410451889, 0.153238445520401, 0.10196900367736816, 0.09451507776975632], [0.0722075030207634, 0.0722075030207634, 0.14125870168209076, 0.17011690139770508, 0.16425715386867523, 0.2563318908214569, 0.08115561306476593, 0.04246480390429497], [0.02054530754685402, 0.02054530754685402, 0.017090462148189545, 0.040331579744815826, 0.032690852880477905, 0.8347842693328857, 0.023250875994563103, 0.01076132245361805], [0.05201691389083862, 0.05201691389083862, 0.13572536408901215, 0.16608698666095734, 0.259607195854187, 0.22000208497047424, 0.07183827459812164, 0.04270625859498978], [0.0288307536393404, 0.0288307536393404, 0.04075179249048233, 0.7014425992965698, 0.056774575263261795, 0.08172108978033066, 0.043164003640413284, 0.018484489992260933], [1.8721004380495287e-05, 1.8721004380495287e-05, 1.362231432722183e-05, 3.227486013201997e-05, 0.999864399433136, 2.9076238206471317e-05, 1.2706975212495308e-05, 1.0507943443371914e-05], [0.0023962552659213543, 0.0023962552659213543, 0.0032171497587114573, 0.008131292648613453, 0.005089243873953819, 0.9740245342254639, 0.0029060631059110165, 0.0018392169149592519], [0.09071927517652512, 0.09071927517652512, 0.16345815360546112, 0.16644246876239777, 0.08619343489408493, 0.11262169480323792, 0.21856866776943207, 0.07127708941698074], [0.125, 0.125, 0.125, 0.125, 0.125, 0.125, 0.125, 0.125]], "claim": "Hrithik Roshan was on Indian television.", "premise_source_doc_id": "Hrithik_Roshan", "premise_source_doc_line_num": 18, "premise_source_doc_sentence": "As a judge on the latter , he became the highest-paid film star on Indian television ."}
{"premise_tokens": ["Just", "Dance", "is", "an", "Indian", "television", "dance", "-", "reality", "series", "on", "Star", "Plus", ".", "@@NULL@@"], "hypothesis_tokens": ["Hrithik", "Roshan", "was", "on", "Indian", "television", ".", "@@NULL@@"], "label_logits": [0.30895403027534485, -1.5027275085449219, -0.16406573355197906], "label_probs": [0.5597546696662903, 0.09145225584506989, 0.34879305958747864],