{"premise_tokens": ["In", "addition", ",", "Berg", "is", "an", "executive", "producer", "of", "and", "has", "directed", "numerous", "episodes", "of", "Larry", "David", "'s", "Curb", "Your", "Enthusiasm", ",", "and", "also", "executive", "produces", "Silicon", "Valley", ".", "@@NULL@@"], "hypothesis_tokens": ["Larry", "David", "was", "the", "executive", "producer", "of", "Seinfeld", "in", "2007", ".", "@@NULL@@"], "label_logits": [0.8762785196304321, 1.5286240577697754, -2.805267095565796], "label_probs": [0.33953285217285156, 0.6519163846969604, 0.008550804108381271], "h2p_attention": [[0.009504614397883415, 0.015706563368439674, 0.0045076580718159676, 0.005078325979411602, 0.024810781702399254, 0.02309280075132847, 0.047377053648233414, 0.01920614205300808, 0.007889610715210438, 0.006487072445452213, 0.01424381509423256, 0.07886864989995956, 0.005983599461615086, 0.0641074851155281, 0.007889610715210438, 0.4547097384929657, 0.026466259732842445, 0.009071721695363522, 0.03279293328523636, 0.014945827424526215, 0.011668532155454159, 0.0045076580718159676, 0.006487072445452213, 0.010098227299749851, 0.047377053648233414, 0.01811962015926838, 0.005078325979411602, 0.01110561192035675, 0.008943852037191391, 0.0038738849107176065], [0.011351893655955791, 0.009979126043617725, 0.005822887644171715, 0.00430362718179822, 0.01374834030866623, 0.008687226101756096, 0.022281883284449577, 0.019626008346676826, 0.006248777732253075, 0.00850997120141983, 0.008848154917359352, 0.02876872941851616, 0.006093537900596857, 0.026818010956048965, 0.006248777732253075, 0.028623070567846298, 0.6680636405944824, 0.006796546280384064, 0.013554496690630913, 0.006754776928573847, 0.005859179422259331, 0.005822887644171715, 0.00850997120141983, 0.008889378979802132, 0.022281883284449577, 0.01321554183959961, 0.00430362718179822, 0.008337187580764294, 0.007461221888661385, 0.004189579281955957], [0.03201952204108238, 0.032753948122262955, 0.02275772951543331, 0.019398249685764313, 0.07228292524814606, 0.04162205010652542, 0.03148140758275986, 0.04190490394830704, 0.019642898812890053, 0.029029231518507004, 0.03467927500605583, 0.06253713369369507, 0.02024119347333908, 0.03769785910844803, 0.019642898812890053, 0.035370949655771255, 0.026429980993270874, 0.046824805438518524, 0.02859470248222351, 0.04513327404856682, 0.03185216709971428, 0.02275772951543331, 0.029029231518507004, 0.03853411599993706, 0.03148140758275986, 0.04952022433280945, 0.019398249685764313, 0.032876644283533096, 0.03099122643470764, 0.013513941317796707], [0.03868081048130989, 0.02406318299472332, 0.027108971029520035, 0.018638404086232185, 0.07489317655563354, 0.04798169061541557, 0.02694016322493553, 0.03575225919485092, 0.029819760471582413, 0.03440405800938606, 0.044207993894815445, 0.03508510813117027, 0.018169477581977844, 0.02911628969013691, 0.029819760471582413, 0.0213600005954504, 0.019288646057248116, 0.05163571238517761, 0.030063051730394363, 0.04137410596013069, 0.03734840825200081, 0.027108971029520035, 0.03440405800938606, 0.03890227526426315, 0.02694016322493553, 0.04245942085981369, 0.018638404086232185, 0.0563715361058712, 0.026483485475182533, 0.01294073835015297], [3.696727071655914e-05, 2.5089591872529127e-05, 2.5535029635648243e-05, 1.0634244063112419e-05, 3.65586529369466e-05, 3.819435733021237e-05, 0.4974249005317688, 0.0001686286268522963, 2.3702867110841908e-05, 1.7953205315279774e-05, 2.1480494979186915e-05, 0.0038735498674213886, 1.2980013707419857e-05, 0.00017482982366345823, 2.3702867110841908e-05, 7.475995516870171e-05, 3.251091766287573e-05, 4.654811345972121e-05, 6.186762766446918e-05, 5.661289469571784e-05, 1.214143503602827e-05, 2.5535029635648243e-05, 1.7953205315279774e-05, 1.928108395077288e-05, 0.4974249005317688, 0.0002274745056638494, 1.0634244063112419e-05, 5.619349394692108e-05, 1.2892028280475643e-05, 6.112909886724083e-06], [0.0014777459437027574, 0.0014763640938326716, 0.0007583355763927102, 0.0006200470379553735, 0.0017604007152840495, 0.0016636204672977328, 0.008636006154119968, 0.7818040251731873, 0.0005733538419008255, 0.0008065745350904763, 0.0014549861662089825, 0.005476466845721006, 0.0008216380374506116, 0.0041334303095936775, 0.0005733538419008255, 0.001552111585624516, 0.0014665304915979505, 0.001118123298510909, 0.0027674450539052486, 0.001216642209328711, 0.0010210458422079682, 0.0007583355763927102, 0.0008065745350904763, 0.0014747113455086946, 0.008636006154119968, 0.16188953816890717, 0.0006200470379553735, 0.003619033144786954, 0.0007044856902211905, 0.000313061464112252], [0.029182972386479378, 0.02146148681640625, 0.024488141760230064, 0.014450500719249249, 0.041635505855083466, 0.036595430225133896, 0.04618782177567482, 0.021815618500113487, 0.1182151660323143, 0.028751356527209282, 0.03311553969979286, 0.02613050863146782, 0.019946521148085594, 0.03746518865227699, 0.1182151660323143, 0.024259580299258232, 0.01776638627052307, 0.03195200487971306, 0.03332797437906265, 0.029504278674721718, 0.018885059282183647, 0.024488141760230064, 0.028751356527209282, 0.022224925458431244, 0.04618782177567482, 0.021935848519206047, 0.014450500719249249, 0.03837838023900986, 0.018319062888622284, 0.011911720037460327], [0.020529281347990036, 0.008802840486168861, 0.004407509230077267, 0.005840540863573551, 0.030974596738815308, 0.023864272981882095, 0.15132182836532593, 0.0961393266916275, 0.008032308891415596, 0.005070057697594166, 0.02531183697283268, 0.02380095236003399, 0.006291850935667753, 0.1458442658185959, 0.008032308891415596, 0.027951756492257118, 0.027188125997781754, 0.012694519013166428, 0.03280433639883995, 0.02453748509287834, 0.012715083546936512, 0.004407509230077267, 0.005070057697594166, 0.00704236188903451, 0.15132182836532593, 0.06862100958824158, 0.005840540863573551, 0.04488670453429222, 0.00793109368532896, 0.0027237848844379187], [0.22086454927921295, 0.012059846892952919, 0.012148676440119743, 0.00916788075119257, 0.056987106800079346, 0.07641579955816269, 0.033391084522008896, 0.02606339566409588, 0.01352745108306408, 0.012409140355885029, 0.04617691412568092, 0.030766548588871956, 0.02000400610268116, 0.03179793059825897, 0.01352745108306408, 0.013547174632549286, 0.01496094185858965, 0.01650063879787922, 0.03696693480014801, 0.02593548595905304, 0.016726993024349213, 0.012148676440119743, 0.012409140355885029, 0.017545785754919052, 0.033391084522008896, 0.03202144801616669, 0.00916788075119257, 0.12384375929832458, 0.014004611410200596, 0.005521549377590418], [0.041768621653318405, 0.030936308205127716, 0.01731179654598236, 0.012535320594906807, 0.042531613260507584, 0.020069193094968796, 0.11090728640556335, 0.024896277114748955, 0.027509154751896858, 0.017323415726423264, 0.03586215898394585, 0.08609742671251297, 0.024647817015647888, 0.09102099388837814, 0.027509154751896858, 0.01546055730432272, 0.014183543622493744, 0.01480930857360363, 0.02985539473593235, 0.030755670741200447, 0.015590722672641277, 0.01731179654598236, 0.017323415726423264, 0.024199815467000008, 0.11090728640556335, 0.03560806065797806, 0.012535320594906807, 0.017017679288983345, 0.02514602243900299, 0.00836892519146204], [0.040790360420942307, 0.025354990735650063, 0.02145039662718773, 0.020469017326831818, 0.06503479927778244, 0.04447241872549057, 0.03391726315021515, 0.03619011119008064, 0.024732964113354683, 0.031203776597976685, 0.042551882565021515, 0.03421976789832115, 0.020268892869353294, 0.03591354936361313, 0.024732964113354683, 0.03713003173470497, 0.02864091470837593, 0.031858086585998535, 0.03550528734922409, 0.041547778993844986, 0.03703560307621956, 0.02145039662718773, 0.031203776597976685, 0.02955276519060135, 0.03391726315021515, 0.038917381316423416, 0.020469017326831818, 0.046070560812950134, 0.04931570217013359, 0.016082271933555603], [0.033333323895931244, 0.033333323895931244, 0.033333323895931244, 0.033333323895931244, 0.033333323895931244, 0.033333323895931244, 0.033333323895931244, 0.033333323895931244, 0.033333323895931244, 