{"premise_tokens": ["Jaws", "is", "an", "American", "natural", "horror", "film", "series", "that", "started", "with", "a", "1975", "film", "that", "expanded", "into", "three", "sequels", ",", "a", "theme", "park", "ride", ",", "and", "other", "tie", "-", "in", "merchandise", ",", "based", "on", "a", "1974", "novel", ".", "@@NULL@@"], "hypothesis_tokens": ["The", "Mummy", "had", "three", "sequels", ".", "@@NULL@@"], "label_logits": [-2.2764899730682373, -0.5458775758743286, 1.4148284196853638], "label_probs": [0.02139412984251976, 0.12075082212686539, 0.8578550219535828], "h2p_attention": [[0.020059088245034218, 0.06011147424578667, 0.03851151838898659, 0.02409481443464756, 0.02786392718553543, 0.021683691069483757, 0.024705281481146812, 0.0158493984490633, 0.04373296722769737, 0.03447204455733299, 0.03478190302848816, 0.03186232969164848, 0.014959733001887798, 0.024705281481146812, 0.04373296722769737, 0.02027740515768528, 0.03556227684020996, 0.02228398248553276, 0.014959733001887798, 0.021758459508419037, 0.03186232969164848, 0.0151376873254776, 0.018954478204250336, 0.01905750297009945, 0.021758459508419037, 0.027613714337348938, 0.036351002752780914, 0.021558208391070366, 0.012506377883255482, 0.031046360731124878, 0.022118214517831802, 0.021758459508419037, 0.017641570419073105, 0.031107066199183464, 0.03186232969164848, 0.014959733001887798, 0.017095264047384262, 0.021256431937217712, 0.010386618785560131], [0.034922901540994644, 0.014176707714796066, 0.024121936410665512, 0.009381500072777271, 0.013366010040044785, 0.01902277022600174, 0.021337663754820824, 0.1296614706516266, 0.02487822435796261, 0.02927575074136257, 0.01834166795015335, 0.021502897143363953, 0.00855135265737772, 0.021337663754820824, 0.02487822435796261, 0.018383905291557312, 0.046234019100666046, 0.010720162652432919, 0.00855135265737772, 0.0084664486348629, 0.021502897143363953, 0.05551758036017418, 0.013476764783263206, 0.019189495593309402, 0.0084664486348629, 0.008822129108011723, 0.012486197054386139, 0.027577577158808708, 0.018835436552762985, 0.020520132035017014, 0.11698790639638901, 0.0084664486348629, 0.046394363045692444, 0.028179839253425598, 0.021502897143363953, 0.00855135265737772, 0.04017171263694763, 0.010497472248971462, 0.005740646738559008], [0.009124786593019962, 0.03806401789188385, 0.036751363426446915, 0.07940388470888138, 0.01592523604631424, 0.008790924213826656, 0.012782030738890171, 0.013856039382517338, 0.027709919959306717, 0.02271171472966671, 0.031233062967658043, 0.018490277230739594, 0.010658363811671734, 0.012782030738890171, 0.027709919959306717, 0.04862004145979881, 0.12502481043338776, 0.03761814534664154, 0.010658363811671734, 0.011108854785561562, 0.018490277230739594, 0.012640624307096004, 0.020150301977992058, 0.0434270054101944, 0.011108854785561562, 0.013788157142698765, 0.02031293697655201, 0.08388006687164307, 0.007974774576723576, 0.021307680755853653, 0.03067442588508129, 0.011108854785561562, 0.028578385710716248, 0.01850660890340805, 0.018490277230739594, 0.010658363811671734, 0.01179087720811367, 0.01317613571882248, 0.0049114348366856575], [0.0007788503426127136, 0.0028057750314474106, 0.0031279658433049917, 0.0014121258864179254, 0.0019300817511975765, 0.0007676980458199978, 0.0010363043984398246, 0.0019297092221677303, 0.002644050633534789, 0.0031267073936760426, 0.0028703815769404173, 0.0025249337777495384, 0.0007529248250648379, 0.0010363043984398246, 0.002644050633534789, 0.0033409784082323313, 0.002803132636472583, 0.9087989926338196, 0.0007529248250648379, 0.004395163152366877, 0.0025249337777495384, 0.0013130765873938799, 0.001939360867254436, 0.002207886427640915, 0.004395163152366877, 0.004933774471282959, 0.008871334604918957, 0.005076155997812748, 0.0011222789762541652, 0.0016925466479733586, 0.0016937043983489275, 0.004395163152366877, 0.0017199506983160973, 0.0010793313849717379, 0.0025249337777495384, 0.0007529248250648379, 0.002246642718091607, 0.0013478692853823304, 0.000683929945807904], [0.0410279743373394, 0.02838221564888954, 0.02385837212204933, 0.032957375049591064, 0.020932404324412346, 0.030762458220124245, 0.030107101425528526, 0.019881559535861015, 0.025698650628328323, 0.03268124535679817, 0.02264544926583767, 0.02157793566584587, 0.036443162709474564, 0.030107101425528526, 0.025698650628328323, 0.029788164421916008, 0.028510011732578278, 0.01736048422753811, 0.036443162709474564, 0.0175235103815794, 0.02157793566584587, 0.025931360200047493, 0.02295634150505066, 0.03647186607122421, 0.0175235103815794, 0.020001733675599098, 0.018468985334038734, 0.02491568773984909, 0.01870274357497692, 0.026183633133769035, 0.02463490515947342, 0.0175235103815794, 0.02693304605782032, 0.024596337229013443, 0.02157793566584587, 0.036443162709474564, 0.027329443022608757, 0.0200711190700531, 0.01576964370906353], [0.025255326181650162, 0.051893431693315506, 0.035486023873090744, 0.01813318021595478, 0.02200155332684517, 0.02763614058494568, 0.02772602252662182, 0.02431008778512478, 0.0307064950466156, 0.03264225646853447, 0.030185697600245476, 0.02534603141248226, 0.01633291132748127, 0.02772602252662182, 0.0307064950466156, 0.02553178369998932, 0.040804311633110046, 0.02529006451368332, 0.01633291132748127, 0.017115985974669456, 0.02534603141248226, 0.02046482264995575, 0.025173058733344078, 0.022407200187444687, 0.017115985974669456, 0.024898532778024673, 0.027052847668528557, 0.025325054302811623, 0.013844621367752552, 0.03254798799753189, 0.028040511533617973, 0.017115985974669456, 0.021470654755830765, 0.029965953901410103, 0.02534603141248226, 0.01633291132748127, 0.024205731227993965, 0.03935064747929573, 0.012832580134272575], [0.025641025975346565, 0.025641025975346565, 0.025641025975346565, 0.025641025975346565, 0.025641025975346565, 0.025641025975346565, 0.025641025975346565, 0.025641025975346565, 0.025641025975346565, 0.025641025975346565, 0.025641025975346565, 0.025641025975346565, 0.025641025975346565, 0.025641025975346565, 0.025641025975346565, 0.025641025975346565, 0.025641025975346565, 0.025641025975346565, 0.025641025975346565, 0.025641025975346565, 0.025641025975346565, 0.025641025975346565, 0.025641025975346565, 0.025641025975346565, 0.025641025975346565, 0.025641025975346565, 0.025641025975346565, 0.025641025975346565, 0.025641025975346565, 0.025641025975346565, 0.025641025975346565, 0.025641025975346565, 0.025641025975346565, 0.025641025975346565, 0.025641025975346565, 0.025641025975346565, 0.025641025975346565, 0.025641025975346565, 0.025641025975346565]],