{"premise_tokens": ["Gongbu", "joined", "the", "People", "'s", "Liberation", "Army", "in", "1956", ",", "and", "joined", "a", "mountaineering", "team", "in", "1958", ",", "consisting", "of", "both", "Chinese", "and", "Soviet", "mountaineers", ".", "@@NULL@@"], "hypothesis_tokens": ["Gongbu", "joined", "a", "motorsports", "team", ".", "@@NULL@@"], "label_logits": [2.7776668071746826, -0.940035879611969, -3.279005289077759], "label_probs": [0.974058985710144, 0.023659607395529747, 0.0022814238909631968], "h2p_attention": [[0.05115504935383797, 0.04912017285823822, 0.03188188746571541, 0.029737649485468864, 0.03500508517026901, 0.05115504935383797, 0.03285224735736847, 0.036753810942173004, 0.05115504935383797, 0.024597646668553352, 0.02807631529867649, 0.04912017285823822, 0.03028881549835205, 0.03535303846001625, 0.05016496032476425, 0.036753810942173004, 0.05115504935383797, 0.024597646668553352, 0.02629590965807438, 0.026853619143366814, 0.035448405891656876, 0.03471396490931511, 0.02807631529867649, 0.05234755948185921, 0.04703131690621376, 0.02817370742559433, 0.02213575504720211], [0.00015115350834093988, 0.49450403451919556, 0.00014069116150494665, 0.0002710521512199193, 0.0002484163851477206, 0.00015115350834093988, 0.00047294158139266074, 0.00039863408892415464, 0.00015115350834093988, 0.00014693732373416424, 0.0002326062531210482, 0.49450403451919556, 0.00025332297082059085, 0.0009449504432268441, 0.0012299309018999338, 0.00039863408892415464, 0.00015115350834093988, 0.00014693732373416424, 0.0008632416138425469, 0.00023676537966821343, 0.0002703289210330695, 0.0016085350653156638, 0.0002326062531210482, 0.0012914235703647137, 0.0007777239661663771, 0.0001535292831249535, 6.8116576585453e-05], [0.014395412988960743, 0.039125315845012665, 0.03227301687002182, 0.02932189218699932, 0.044080428779125214, 0.014395412988960743, 0.027854861691594124, 0.05052037164568901, 0.014395412988960743, 0.028783492743968964, 0.031128905713558197, 0.039125315845012665, 0.14339308440685272, 0.04974215850234032, 0.04884488135576248, 0.05052037164568901, 0.014395412988960743, 0.028783492743968964, 0.027526389807462692, 0.02842690795660019, 0.06283041834831238, 0.06089325249195099, 0.031128905713558197, 0.027280203998088837, 0.029534874483942986, 0.020779365673661232, 0.010520495474338531], [0.05115504935383797, 0.04912017285823822, 0.03188188746571541, 0.029737649485468864, 0.03500508517026901, 0.05115504935383797, 0.03285224735736847, 0.036753810942173004, 0.05115504935383797, 0.024597646668553352, 0.02807631529867649, 0.04912017285823822, 0.03028881549835205, 0.03535303846001625, 0.05016496032476425, 0.036753810942173004, 0.05115504935383797, 0.024597646668553352, 0.02629590965807438, 0.026853619143366814, 0.035448405891656876, 0.03471396490931511, 0.02807631529867649, 0.05234755948185921, 0.04703131690621376, 0.02817370742559433, 0.02213575504720211], [0.00022144762624520808, 0.0017643823521211743, 0.00041694019455462694, 0.000550075143110007, 0.0015510402154177427, 0.00022144762624520808, 0.0006532325642183423, 0.0005500323604792356, 0.00022144762624520808, 0.00026113918283954263, 0.00036460490082390606, 0.0017643823521211743, 0.00045367784332484007, 0.0007665647426620126, 0.9762452840805054, 0.0005500323604792356, 0.00022144762624520808, 0.00026113918283954263, 0.00040454938425682485, 0.0002511729544494301, 0.0008015931234695017, 0.004433026071637869, 0.00036460490082390606, 0.0003508965310174972, 0.005939576309174299, 0.0003184405795764178, 9.7715797892306e-05], [0.02523348666727543, 0.04468545317649841, 0.040573615580797195, 0.044375669211149216, 0.03927353024482727, 0.02523348666727543, 0.03577560558915138, 0.05028492584824562, 0.02523348666727543, 0.026443295180797577, 0.0384669192135334, 0.04468545317649841, 0.03915828466415405, 0.037518471479415894, 0.06460873782634735, 0.05028492584824562, 0.02523348666727543, 0.026443295180797577, 0.026526743546128273, 0.030489929020404816, 0.05588391050696373, 0.027534902095794678, 0.0384669192135334, 0.027926083654165268, 0.02903909608721733, 0.06079467386007309, 0.019825659692287445], [0.037037044763565063, 0.037037044763565063, 0.037037044763565063, 0.037037044763565063, 0.037037044763565063, 0.037037044763565063, 0.037037044763565063, 0.037037044763565063, 0.037037044763565063, 0.037037044763565063, 0.037037044763565063, 0.037037044763565063, 0.037037044763565063, 0.037037044763565063, 0.037037044763565063, 0.037037044763565063, 0.037037044763565063, 0.037037044763565063, 0.037037044763565063, 0.037037044763565063, 0.037037044763565063, 0.037037044763565063, 0.037037044763565063, 0.037037044763565063, 0.037037044763565063, 0.037037044763565063, 0.037037044763565063]],