{"premise_tokens": ["See", "The", "Theory", "of", "Everything", "(", "2006", "film", ")", "for", "accolades", "received", "by", "the", "2006", "film", ".", "@@NULL@@"], "hypothesis_tokens": ["The", "Theory", "of", "Everything", "is", "a", "German", "film", ".", "@@NULL@@"], "label_logits": [0.7259377837181091, -0.1500258445739746, -0.9265475273132324], "label_probs": [0.6218774914741516, 0.2589874267578125, 0.1191350519657135], "h2p_attention": [[0.06017478555440903, 0.12254577875137329, 0.03725261986255646, 0.05311786010861397, 0.09973767399787903, 0.027704132720828056, 0.03320053592324257, 0.05482909828424454, 0.027982013300061226, 0.05958829075098038, 0.03320053592324257, 0.0504266619682312, 0.05943837761878967, 0.12254577875137329, 0.03320053592324257, 0.05482909828424454, 0.047174956649541855, 0.023051302880048752], [0.0016672478523105383, 0.0009321216493844986, 0.9779877662658691, 0.0009742845431901515, 0.0021352325566112995, 0.0006893702666275203, 0.0008413941250182688, 0.0014268847880885005, 0.0007516670157201588, 0.0014996117679402232, 0.0008413941250182688, 0.003131563775241375, 0.0022681555710732937, 0.0009321216493844986, 0.0008413941250182688, 0.0014268847880885005, 0.0010761949233710766, 0.000576781400013715], [0.05470652133226395, 0.0568404346704483, 0.041666481643915176, 0.24479977786540985, 0.08715850114822388, 0.027135279029607773, 0.029924074187874794, 0.04645330458879471, 0.02918141707777977, 0.06684931367635727, 0.029924074187874794, 0.03668580204248428, 0.052855316549539566, 0.0568404346704483, 0.029924074187874794, 0.04645330458879471, 0.03793508559465408, 0.024666771292686462], [0.03334030881524086, 0.039299286901950836, 0.033624425530433655, 0.032093595713377, 0.48858824372291565, 0.009772214107215405, 0.01813950389623642, 0.04138109087944031, 0.011511197313666344, 0.047082554548978806, 0.01813950389623642, 0.03444072604179382, 0.05577251315116882, 0.039299286901950836, 0.01813950389623642, 0.04138109087944031, 0.02891204133629799, 0.009082823060452938], [0.046790026128292084, 0.062396518886089325, 0.05117275193333626, 0.03768482431769371, 0.12845194339752197, 0.016262801364064217, 0.0194044578820467, 0.04157572239637375, 0.015257447026669979, 0.059192005544900894, 0.0194044578820467, 0.10965936630964279, 0.21499060094356537, 0.062396518886089325, 0.0194044578820467, 0.04157572239637375, 0.043598905205726624, 0.010781449265778065], [0.04730333760380745, 0.06177686154842377, 0.09811139851808548, 0.05441465973854065, 0.07670325040817261, 0.021494505926966667, 0.027555635198950768, 0.09365801513195038, 0.023730836808681488, 0.09558525681495667, 0.027555635198950768, 0.054770562797784805, 0.07443540543317795, 0.06177686154842377, 0.027555635198950768, 0.09365801513195038, 0.03977576270699501, 0.02013828605413437], [0.03432360664010048, 0.04246318340301514, 0.19167417287826538, 0.022639213129878044, 0.035328615456819534, 0.00830154400318861, 0.027285655960440636, 0.04739755019545555, 0.008974348194897175, 0.060889486223459244, 0.027285655960440636, 0.3242769241333008, 0.027880940586328506, 0.04246318340301514, 0.027285655960440636, 0.04739755019545555, 0.01699981652200222, 0.007132853846997023], [0.0008945171139203012, 0.0006111203692853451, 0.0006356071098707616, 0.0004838553140871227, 0.001170555828139186, 0.00034536817111074924, 0.0004905215464532375, 0.4954536557197571, 0.0004217177047394216, 0.0006196674075908959, 0.0004905215464532375, 0.0004240474954713136, 0.0005915270303376019, 0.0006111203692853451, 0.0004905215464532375, 0.4954536557197571, 0.0005551172653213143, 0.0002569277712609619], [0.04967242479324341, 0.059463705867528915, 0.05421452596783638, 0.044685304164886475, 0.09248978644609451, 0.039393290877342224, 0.03698158636689186, 0.0627782866358757, 0.039221279323101044, 0.053107280284166336, 0.03698158636689186, 0.09038494527339935, 0.06324724107980728, 0.059463705867528915, 0.03698158636689186, 0.0627782866358757, 0.08909918367862701, 0.02905600517988205], [0.055555541068315506, 0.055555541068315506, 0.055555541068315506, 0.055555541068315506, 0.055555541068315506, 0.055555541068315506, 0.055555541068315506, 0.055555541068315506, 0.055555541068315506, 0.055555541068315506, 0.055555541068315506, 0.055555541068315506, 0.055555541068315506, 0.055555541068315506, 0.055555541068315506, 0.055555541068315506, 0.055555541068315506, 0.055555541068315506]],