{"premise_tokens": ["2010", ":", "Kanye", "West", ",", "Usher", ",", "T.I.", ",", "Eminem", ",", "Chris", "Brown", ",", "Alicia", "Keys", ",", "B.o", ".", "B", "(", "Feat", ".", "@@NULL@@"], "hypothesis_tokens": ["Chris", "Brown", "was", "released", "by", "Usher", ".", "@@NULL@@"], "label_logits": [-0.0728611946105957, -0.38909345865249634, -1.1385223865509033], "label_probs": [0.48230189085006714, 0.3515450954437256, 0.16615299880504608], "h2p_attention": [[0.008632522076368332, 0.007323423866182566, 0.03182865306735039, 0.009385324083268642, 0.010305874980986118, 0.004083164501935244, 0.010305874980986118, 0.004083164501935244, 0.010305874980986118, 0.02429014816880226, 0.010305874980986118, 0.7140536904335022, 0.01275714486837387, 0.010305874980986118, 0.004083164501935244, 0.005220166407525539, 0.010305874980986118, 0.004083164501935244, 0.006979384459555149, 0.0036877288948744535, 0.003668886376544833, 0.0836414098739624, 0.006979384459555149, 0.0033842052798718214], [0.016449090093374252, 0.01842758245766163, 0.03455683961510658, 0.049758244305849075, 0.023769749328494072, 0.010955858044326305, 0.023769749328494072, 0.010955858044326305, 0.023769749328494072, 0.020973844453692436, 0.023769749328494072, 0.03536580502986908, 0.5523579120635986, 0.023769749328494072, 0.010955858044326305, 0.016650861129164696, 0.023769749328494072, 0.010955858044326305, 0.0119676124304533, 0.010875355452299118, 0.011025188490748405, 0.013800389133393764, 0.0119676124304533, 0.009381812997162342], [0.05518537759780884, 0.029139665886759758, 0.03701070696115494, 0.053669802844524384, 0.03853774070739746, 0.03284882381558418, 0.03853774070739746, 0.03284882381558418, 0.03853774070739746, 0.06541778892278671, 0.03853774070739746, 0.04310416802763939, 0.029324840754270554, 0.03853774070739746, 0.03284882381558418, 0.027602285146713257, 0.03853774070739746, 0.03284882381558418, 0.052480269223451614, 0.04389983415603638, 0.026785612106323242, 0.0983932837843895, 0.052480269223451614, 0.022884389385581017], [0.1507488638162613, 0.030712565407156944, 0.035942256450653076, 0.04487975686788559, 0.029196619987487793, 0.03441169857978821, 0.029196619987487793, 0.03441169857978821, 0.029196619987487793, 0.09195084124803543, 0.029196619987487793, 0.04950534552335739, 0.031134096905589104, 0.029196619987487793, 0.03441169857978821, 0.041898462921381, 0.029196619987487793, 0.03441169857978821, 0.03697957471013069, 0.0495881624519825, 0.037636976689100266, 0.027546996250748634, 0.03697957471013069, 0.021670078858733177], [0.023113686591386795, 0.018990423530340195, 0.08692307025194168, 0.03699376434087753, 0.03003155067563057, 0.011340967379510403, 0.03003155067563057, 0.011340967379510403, 0.03003155067563057, 0.1244572326540947, 0.03003155067563057, 0.09183908998966217, 0.020764682441949844, 0.03003155067563057, 0.011340967379510403, 0.013800771906971931, 0.03003155067563057, 0.011340967379510403, 0.018170397728681564, 0.021845242008566856, 0.009580148383975029, 0.2814502418041229, 0.018170397728681564, 0.008347544819116592], [0.04409025236964226, 0.030382700264453888, 0.0421602800488472, 0.051274191588163376, 0.03154560178518295, 0.06560452282428741, 0.03154560178518295, 0.06560452282428741, 0.03154560178518295, 0.048113349825143814, 0.03154560178518295, 0.034251514822244644, 0.03315120190382004, 0.03154560178518295, 0.06560452282428741, 0.03937095031142235, 0.03154560178518295, 0.06560452282428741, 0.03613177314400673, 0.04270891100168228, 0.030517585575580597, 0.05163548141717911, 0.03613177314400673, 0.028388315811753273], [0.0655871033668518, 0.029821909964084625, 0.0458805114030838, 0.054163116961717606, 0.032863907516002655, 0.03136034309864044, 0.032863907516002655, 0.03136034309864044, 0.032863907516002655, 0.04917318373918533, 0.032863907516002655, 0.050814978778362274, 0.031430549919605255, 0.032863907516002655, 0.03136034309864044, 0.03753320872783661, 0.032863907516002655, 0.03136034309864044, 0.07555600255727768, 0.04326678067445755, 0.03340546414256096, 0.06054694950580597, 0.07555600255727768, 0.02463945746421814], [0.0416666641831398, 0.0416666641831398, 0.0416666641831398, 0.0416666641831398, 0.0416666641831398, 0.0416666641831398, 0.0416666641831398, 0.0416666641831398, 0.0416666641831398, 0.0416666641831398, 0.0416666641831398, 0.0416666641831398, 0.0416666641831398, 0.0416666641831398, 0.0416666641831398, 0.0416666641831398, 0.0416666641831398, 0.0416666641831398, 0.0416666641831398, 0.0416666641831398, 0.0416666641831398, 0.0416666641831398, 0.0416666641831398, 0.0416666641831398]],