{"premise_tokens": ["Lem", "Dobbs", "(", "born", "Anton", "Lemuel", "Kitaj", ";", "24", "December", "1959", ")", "is", "a", "British", "-", "American", "screenwriter", ",", "best", "known", "for", "the", "films", "Dark", "City", "(", "1998", ")", "and", "The", "Limey", "(", "1999", ")", ".", "@@NULL@@"], "hypothesis_tokens": ["Lem", "Dobss", "wrote", "Dark", "City", ".", "@@NULL@@"], "label_logits": [-1.7678089141845703, -1.278405785560608, 1.3970011472702026], "label_probs": [0.03800028935074806, 0.061991479247808456, 0.9000082015991211], "h2p_attention": [[0.03731377795338631, 0.03731377795338631, 0.017357438802719116, 0.02606469951570034, 0.03731377795338631, 0.03731377795338631, 0.03731377795338631, 0.01855931617319584, 0.020877117291092873, 0.02928258292376995, 0.03731377795338631, 0.01801498606801033, 0.029060255736112595, 0.022093424573540688, 0.030499713495373726, 0.019149545580148697, 0.03374471515417099, 0.03731377795338631, 0.017942139878869057, 0.03279697895050049, 0.02628525160253048, 0.021506913006305695, 0.023255446925759315, 0.0296200942248106, 0.028220757842063904, 0.03135407343506813, 0.017357438802719116, 0.03731377795338631, 0.01801498606801033, 0.020479567348957062, 0.023255446925759315, 0.03731377795338631, 0.017357438802719116, 0.03731377795338631, 0.01801498606801033, 0.02055061049759388, 0.016146376729011536], [0.03731377795338631, 0.03731377795338631, 0.017357438802719116, 0.02606469951570034, 0.03731377795338631, 0.03731377795338631, 0.03731377795338631, 0.01855931617319584, 0.020877117291092873, 0.02928258292376995, 0.03731377795338631, 0.01801498606801033, 0.029060255736112595, 0.022093424573540688, 0.030499713495373726, 0.019149545580148697, 0.03374471515417099, 0.03731377795338631, 0.017942139878869057, 0.03279697895050049, 0.02628525160253048, 0.021506913006305695, 0.023255446925759315, 0.0296200942248106, 0.028220757842063904, 0.03135407343506813, 0.017357438802719116, 0.03731377795338631, 0.01801498606801033, 0.020479567348957062, 0.023255446925759315, 0.03731377795338631, 0.017357438802719116, 0.03731377795338631, 0.01801498606801033, 0.02055061049759388, 0.016146376729011536], [0.017381757497787476, 0.017381757497787476, 0.015876784920692444, 0.04524359107017517, 0.017381757497787476, 0.017381757497787476, 0.017381757497787476, 0.019838236272335052, 0.013738547451794147, 0.01803537830710411, 0.017381757497787476, 0.01658833771944046, 0.06631632894277573, 0.041558556258678436, 0.01997551880776882, 0.0157216377556324, 0.03586685284972191, 0.017381757497787476, 0.016311829909682274, 0.08637245744466782, 0.06362371891736984, 0.10890091210603714, 0.01826111413538456, 0.03070562705397606, 0.04661962762475014, 0.012459922581911087, 0.015876784920692444, 0.017381757497787476, 0.01658833771944046, 0.02325178124010563, 0.01826111413538456, 0.017381757497787476, 0.015876784920692444, 0.017381757497787476, 0.01658833771944046, 0.016539284959435463, 0.011185084469616413], [0.01377095840871334, 0.01377095840871334, 0.013864853419363499, 0.028407631441950798, 0.01377095840871334, 0.01377095840871334, 0.01377095840871334, 0.010322210378944874, 0.013544253073632717, 0.03540771082043648, 0.01377095840871334, 0.015186665579676628, 0.022191785275936127, 0.018506577238440514, 0.03055521845817566, 0.010166036896407604, 0.04437795281410217, 0.01377095840871334, 0.012633475475013256, 0.04505014792084694, 0.04240075498819351, 0.024189690127968788, 0.01714702695608139, 0.017988815903663635, 0.32893654704093933, 0.020578302443027496, 0.013864853419363499, 0.01377095840871334, 0.015186665579676628, 0.014317814260721207, 0.01714702695608139, 0.01377095840871334, 0.013864853419363499, 0.01377095840871334, 0.015186665579676628, 0.013387899845838547, 0.007878991775214672], [0.0006392684299498796, 0.0006392684299498796, 0.0003673988103400916, 0.002505477052181959, 0.0006392684299498796, 0.0006392684299498796, 0.0006392684299498796, 0.0006804103613831103, 0.0008788838749751449, 0.001038935617543757, 0.0006392684299498796, 0.00046264217235147953, 0.002913269679993391, 0.001270775799639523, 0.0006197869079187512, 0.00046666196431033313, 0.0006273374310694635, 0.0006392684299498796, 0.0005683968192897737, 0.0014611628139391541, 0.0013324908213689923, 0.0008767069084569812, 0.000932163093239069, 0.0018737911013886333, 0.0008598113781772554, 0.9692311882972717, 0.0003673988103400916, 0.0006392684299498796, 0.00046264217235147953, 0.000750307459384203, 0.000932163093239069, 0.0006392684299498796, 0.0003673988103400916, 0.0006392684299498796, 0.00046264217235147953, 0.0009682757663540542, 0.0003292034089099616], [0.02022232674062252, 0.02022232674062252, 0.02154109813272953, 0.033064063638448715, 0.02022232674062252, 0.02022232674062252, 0.02022232674062252, 0.026285912841558456, 0.02482503093779087, 0.03568580001592636, 0.02022232674062252, 0.021447038277983665, 0.06425100564956665, 0.03138177469372749, 0.01939019002020359, 0.017141491174697876, 0.022451302036643028, 0.02022232674062252, 0.021191878244280815, 0.036326706409454346, 0.04161353409290314, 0.029040206223726273, 0.032516032457351685, 0.03196418285369873, 0.026997486129403114, 0.046732205897569656, 0.02154109813272953, 0.02022232674062252, 0.021447038277983665, 0.030827712267637253, 0.032516032457351685, 0.02022232674062252, 0.02154109813272953, 0.02022232674062252, 0.021447038277983665, 0.04872135445475578, 0.015888448804616928], [0.027027033269405365, 0.027027033269405365, 0.027027033269405365, 0.027027033269405365, 0.027027033269405365, 0.027027033269405365, 0.027027033269405365, 0.027027033269405365, 0.027027033269405365, 0.027027033269405365, 0.027027033269405365, 0.027027033269405365, 0.027027033269405365, 0.027027033269405365, 0.027027033269405365, 0.027027033269405365, 0.027027033269405365, 0.027027033269405365, 0.027027033269405365, 0.027027033269405365, 0.027027033269405365, 0.027027033269405365, 0.027027033269405365, 0.027027033269405365, 0.027027033269405365, 0.027027033269405365, 0.027027033269405365, 0.027027033269405365, 0.027027033269405365, 0.027027033269405365, 0.027027033269405365, 0.027027033269405365, 0.027027033269405365, 0.027027033269405365, 0.027027033269405365, 0.027027033269405365, 0.027027033269405365]],