{"premise_tokens": ["Between", "1971", "and", "1973", ",", "Shakur", "was", "charged", "with", "several", "crimes", "and", "was", "the", "subject", "of", "a", "multi", "-", "state", "manhunt", ".", "@@NULL@@"], "hypothesis_tokens": ["Assata", "Shakur", "was", "convicted", "of", "several", "crimes", ".", "@@NULL@@"], "label_logits": [1.3289233446121216, -0.6849010586738586, -2.3887815475463867], "label_probs": [0.8637317419052124, 0.11528851836919785, 0.0209797453135252], "h2p_attention": [[0.05545198544859886, 0.06767301261425018, 0.03714215010404587, 0.06767301261425018, 0.032540224492549896, 0.06767301261425018, 0.04203410819172859, 0.04119322448968887, 0.04205138981342316, 0.03581707179546356, 0.03894754871726036, 0.03714215010404587, 0.04203410819172859, 0.04217654466629028, 0.04195093363523483, 0.035524651408195496, 0.04006907716393471, 0.036941297352313995, 0.03472999855875969, 0.04857134819030762, 0.04610869660973549, 0.03727099671959877, 0.029283389449119568], [0.05545198544859886, 0.06767301261425018, 0.03714215010404587, 0.06767301261425018, 0.032540224492549896, 0.06767301261425018, 0.04203410819172859, 0.04119322448968887, 0.04205138981342316, 0.03581707179546356, 0.03894754871726036, 0.03714215010404587, 0.04203410819172859, 0.04217654466629028, 0.04195093363523483, 0.035524651408195496, 0.04006907716393471, 0.036941297352313995, 0.03472999855875969, 0.04857134819030762, 0.04610869660973549, 0.03727099671959877, 0.029283389449119568], [0.04157591983675957, 0.022761641070246696, 0.03406250476837158, 0.022761641070246696, 0.026703612878918648, 0.022761641070246696, 0.143842875957489, 0.07224112004041672, 0.0401172935962677, 0.02970360405743122, 0.02368435077369213, 0.03406250476837158, 0.143842875957489, 0.037201397120952606, 0.057748131453990936, 0.023048708215355873, 0.04193364456295967, 0.025279995054006577, 0.022770211100578308, 0.0408916138112545, 0.04078289866447449, 0.036364682018756866, 0.01585707627236843], [0.0041201794520020485, 0.001626315526664257, 0.00224104942753911, 0.001626315526664257, 0.002241973765194416, 0.001626315526664257, 0.004102807492017746, 0.9233131408691406, 0.0054796962067484856, 0.004728688392788172, 0.00378719181753695, 0.00224104942753911, 0.004102807492017746, 0.0020773059222847223, 0.003642742522060871, 0.00272816838696599, 0.004152140114456415, 0.013000055216252804, 0.0023169293999671936, 0.004845045041292906, 0.0020081137772649527, 0.002748911501839757, 0.0012430526548996568], [0.061905041337013245, 0.023359481245279312, 0.0464770570397377, 0.023359481245279312, 0.03958549723029137, 0.023359481245279312, 0.027988413348793983, 0.03828638792037964, 0.04746679216623306, 0.045831844210624695, 0.03346730023622513, 0.0464770570397377, 0.027988413348793983, 0.04437106475234032, 0.054133281111717224, 0.19109682738780975, 0.0520293265581131, 0.025660455226898193, 0.025375114753842354, 0.039551742374897, 0.03336134925484657, 0.029613077640533447, 0.0192554984241724], [0.053505126386880875, 0.019998429343104362, 0.03505854681134224, 0.019998429343104362, 0.042790770530700684, 0.019998429343104362, 0.03062761202454567, 0.042228102684020996, 0.05634473264217377, 0.18391729891300201, 0.03158034756779671, 0.03505854681134224, 0.03062761202454567, 0.0330195389688015, 0.0933995172381401, 0.03891702741384506, 0.06580827385187149, 0.027323445305228233, 0.023543473333120346, 0.0448727011680603, 0.027753612026572227, 0.02727818861603737, 0.01635035127401352], [0.05395245924592018, 0.02555609494447708, 0.026759840548038483, 0.02555609494447708, 0.02546929568052292, 0.02555609494447708, 0.02869948372244835, 0.041427310556173325, 0.03044828027486801, 0.037112947553396225, 0.30116546154022217, 0.026759840548038483, 0.02869948372244835, 0.0244436077773571, 0.058683961629867554, 0.03339654952287674, 0.026974093168973923, 0.022581109777092934, 0.01979261264204979, 0.03643045946955681, 0.04652285948395729, 0.0347973108291626, 0.019214794039726257], [0.06602485477924347, 0.028848785907030106, 0.043978240340948105, 0.028848785907030106, 0.030231934040784836, 0.028848785907030106, 0.05197979509830475, 0.04803137853741646, 0.05331694334745407, 0.03781520575284958, 0.04104763641953468, 0.043978240340948105, 0.05197979509830475, 0.04638676345348358, 0.07574445009231567, 0.0348583459854126, 0.04476865381002426, 0.033679451793432236, 0.024453721940517426, 0.04540793597698212, 0.04759921133518219, 0.06950496137142181, 0.02266615815460682], [0.04347826912999153, 0.04347826912999153, 0.04347826912999153, 0.04347826912999153, 0.04347826912999153, 0.04347826912999153, 0.04347826912999153, 0.04347826912999153, 0.04347826912999153, 0.04347826912999153, 0.04347826912999153, 0.04347826912999153, 0.04347826912999153, 0.04347826912999153, 0.04347826912999153, 0.04347826912999153, 0.04347826912999153, 0.04347826912999153, 0.04347826912999153, 0.04347826912999153, 0.04347826912999153, 0.04347826912999153, 0.04347826912999153]],