{"premise_tokens": ["From", "1974", "to", "1975", ",", "he", "was", "editor", "of", "Atlas", "/", "Seaboard", "Comics", ".", "@@NULL@@"], "hypothesis_tokens": ["Larry", "Lieber", "was", "an", "editor", "of", "Atlas", "/", "Seaboard", "Comics", ".", "@@NULL@@"], "label_logits": [2.127849817276001, -0.40371397137641907, -3.831160545349121], "label_probs": [0.924114465713501, 0.07349903136491776, 0.002386495005339384], "h2p_attention": [[0.06143937259912491, 0.029141919687390327, 0.04810608923435211, 0.029141919687390327, 0.02586713805794716, 0.2729812264442444, 0.05818470939993858, 0.15358991920948029, 0.04527443274855614, 0.03363913670182228, 0.047095686197280884, 0.029141919687390327, 0.09284216910600662, 0.05132419988512993, 0.0222302433103323], [0.0923091247677803, 0.09494248032569885, 0.06897386163473129, 0.09494248032569885, 0.0456526093184948, 0.08282417058944702, 0.05897214263677597, 0.06542354822158813, 0.04983963817358017, 0.053160883486270905, 0.05238230526447296, 0.09494248032569885, 0.052261244505643845, 0.0522896908223629, 0.041083402931690216], [0.0803874284029007, 0.03082905523478985, 0.06321810185909271, 0.03082905523478985, 0.0361681766808033, 0.22674542665481567, 0.19482512772083282, 0.07580353319644928, 0.031217865645885468, 0.036845237016677856, 0.03216793015599251, 0.03082905523478985, 0.059403300285339355, 0.04925341531634331, 0.02147730067372322], [0.14803250133991241, 0.019018039107322693, 0.0968923345208168, 0.019018039107322693, 0.03325122594833374, 0.4083559215068817, 0.038715798407793045, 0.03202075511217117, 0.03861884027719498, 0.022554835304617882, 0.03346506133675575, 0.019018039107322693, 0.04370751231908798, 0.03476085141301155, 0.012570332735776901], [0.0005030998145230114, 0.00014403265959117562, 0.00017272564582526684, 0.00014403265959117562, 0.00014769090921618044, 0.0007070427527651191, 0.0003192296717315912, 0.9955418705940247, 0.00015162446652539074, 0.0005004851263947785, 0.00010333767568226904, 0.00014403265959117562, 0.0012100535677745938, 0.00012033322127535939, 9.044683974934742e-05], [0.1304474174976349, 0.0312967449426651, 0.08512911945581436, 0.0312967449426651, 0.0530361644923687, 0.1246272400021553, 0.037498533725738525, 0.043248049914836884, 0.2560291886329651, 0.03610634803771973, 0.03683341667056084, 0.0312967449426651, 0.037680815905332565, 0.03967524692416191, 0.025798281654715538], [0.08545080572366714, 0.03811279311776161, 0.03862237185239792, 0.03811279311776161, 0.05924035608768463, 0.06254283338785172, 0.05052969232201576, 0.16298313438892365, 0.04122282937169075, 0.22231607139110565, 0.039176180958747864, 0.03811279311776161, 0.05890805646777153, 0.03521529585123062, 0.029454044997692108], [0.040785450488328934, 0.024399371817708015, 0.03470311313867569, 0.024399371817708015, 0.022149749100208282, 0.05089126154780388, 0.028661828488111496, 0.021863818168640137, 0.0273219533264637, 0.025452924892306328, 0.5947862863540649, 0.024399371817708015, 0.0227495264261961, 0.038299575448036194, 0.01913641206920147], [0.0923091247677803, 0.09494248032569885, 0.06897386163473129, 0.09494248032569885, 0.0456526093184948, 0.08282417058944702, 0.05897214263677597, 0.06542354822158813, 0.04983963817358017, 0.053160883486270905, 0.05238230526447296, 0.09494248032569885, 0.052261244505643845, 0.0522896908223629, 0.041083402931690216], [0.0006360140978358686, 0.00014889048179611564, 0.0002855815691873431, 0.00014889048179611564, 0.00014625958283431828, 0.0008002541726455092, 0.00032373101566918194, 0.0015659014461562037, 0.00017095547809731215, 0.00023409021378029138, 0.0001391443220200017, 0.00014889048179611564, 0.9949043989181519, 0.00022995909966994077, 0.0001170451650978066], [0.07546176761388779, 0.04121756926178932, 0.07565364241600037, 0.04121756926178932, 0.04319372773170471, 0.21603725850582123, 0.07426590472459793, 0.04308489337563515, 0.04980368912220001, 0.038718558847904205, 0.06481362134218216, 0.04121756926178932, 0.06362529844045639, 0.09930488467216492, 0.03238416835665703], [0.06666667014360428, 0.06666667014360428, 0.06666667014360428, 0.06666667014360428, 0.06666667014360428, 0.06666667014360428, 0.06666667014360428, 0.06666667014360428, 0.06666667014360428, 0.06666667014360428, 0.06666667014360428, 0.06666667014360428, 0.06666667014360428, 0.06666667014360428, 0.06666667014360428]],