{"premise_tokens": ["In", "addition", "to", "his", "own", "private", "practice", ",", "he", "often", "testifies", "for", "the", "prosecution", "as", "an", "expert", "witness", "on", "whether", "a", "defendant", "is", "legally", "sane", "to", "stand", "trial", ".", "@@NULL@@"], "hypothesis_tokens": ["Emil", "Skoda", "often", "testifies", "for", "the", "prosecution", "as", "an", "expert", "witness", ".", "@@NULL@@"], "label_logits": [2.0067992210388184, -0.08185230195522308, -4.760658264160156], "label_probs": [0.8888852000236511, 0.11009202897548676, 0.0010227658785879612], "h2p_attention": [[0.03339971974492073, 0.030110754072666168, 0.03377170115709305, 0.032524224370718, 0.03375433012843132, 0.06694745272397995, 0.04664640128612518, 0.022352905943989754, 0.04055323451757431, 0.02747083269059658, 0.04648672789335251, 0.026794016361236572, 0.02897239848971367, 0.04648672789335251, 0.02866467460989952, 0.030433624982833862, 0.030818676576018333, 0.029023736715316772, 0.0313749723136425, 0.025895824655890465, 0.027524709701538086, 0.027095071971416473, 0.03620421886444092, 0.03449178487062454, 0.03970249369740486, 0.03377170115709305, 0.04133865609765053, 0.021670026704669, 0.025602620095014572, 0.0201156847178936], [0.03339971974492073, 0.030110754072666168, 0.03377170115709305, 0.032524224370718, 0.03375433012843132, 0.06694745272397995, 0.04664640128612518, 0.022352905943989754, 0.04055323451757431, 0.02747083269059658, 0.04648672789335251, 0.026794016361236572, 0.02897239848971367, 0.04648672789335251, 0.02866467460989952, 0.030433624982833862, 0.030818676576018333, 0.029023736715316772, 0.0313749723136425, 0.025895824655890465, 0.027524709701538086, 0.027095071971416473, 0.03620421886444092, 0.03449178487062454, 0.03970249369740486, 0.03377170115709305, 0.04133865609765053, 0.021670026704669, 0.025602620095014572, 0.0201156847178936], [0.019327467307448387, 0.014327793382108212, 0.022709233686327934, 0.021593818441033363, 0.011444632895290852, 0.0056056007742881775, 0.031625255942344666, 0.006232431624084711, 0.13196131587028503, 0.39179277420043945, 0.00410904735326767, 0.017638083547353745, 0.009828907437622547, 0.00410904735326767, 0.022139722481369972, 0.02519669011235237, 0.015677127987146378, 0.008299678564071655, 0.008425574749708176, 0.019636821001768112, 0.017128804698586464, 0.022024624049663544, 0.04647408053278923, 0.011187847703695297, 0.029298700392246246, 0.022709233686327934, 0.027930203825235367, 0.020486442372202873, 0.00807015597820282, 0.0030088748317211866], [0.03339971974492073, 0.030110754072666168, 0.03377170115709305, 0.032524224370718, 0.03375433012843132, 0.06694745272397995, 0.04664640128612518, 0.022352905943989754, 0.04055323451757431, 0.02747083269059658, 0.04648672789335251, 0.026794016361236572, 0.02897239848971367, 0.04648672789335251, 0.02866467460989952, 0.030433624982833862, 0.030818676576018333, 0.029023736715316772, 0.0313749723136425, 0.025895824655890465, 0.027524709701538086, 0.027095071971416473, 0.03620421886444092, 0.03449178487062454, 0.03970249369740486, 0.03377170115709305, 0.04133865609765053, 0.021670026704669, 0.025602620095014572, 0.0201156847178936], [0.01821140944957733, 0.04065350070595741, 0.03829480707645416, 0.025929447263479233, 0.03016664646565914, 0.023118551820516586, 0.02607796899974346, 0.013521951623260975, 0.07456748187541962, 0.03765854239463806, 0.008556957356631756, 0.23747636377811432, 0.016606641933321953, 0.008556957356631756, 0.026659207418560982, 0.03683719038963318, 0.039058901369571686, 0.0137824397534132, 0.01581532321870327, 0.04649459198117256, 0.030491914600133896, 0.014930042438209057, 0.03526974096894264, 0.014434519223868847, 0.017659109085798264, 0.03829480707645416, 0.03899208828806877, 0.01371685415506363, 0.011741794645786285, 0.0064241597428917885], [0.032703153789043427, 0.020344506949186325, 0.043101631104946136, 0.03972736373543739, 0.02487608976662159, 0.03110591135919094, 0.03580813109874725, 0.022919602692127228, 0.10635016113519669, 0.03573997691273689, 0.015758061781525612, 0.02828255109488964, 0.058164238929748535, 0.015758061781525612, 0.03728467598557472, 0.04056669399142265, 0.02873172238469124, 0.025910435244441032, 0.032767102122306824, 0.04587624967098236, 0.03356266766786575, 0.029121356084942818, 0.06331934034824371, 0.022330183535814285, 0.01752389594912529, 0.043101631104946136, 0.01981227844953537, 0.016120726242661476, 0.022390779107809067, 0.010940901935100555], [0.03339971974492073, 0.030110754072666168, 0.03377170115709305, 0.032524224370718, 0.03375433012843132, 0.06694745272397995, 0.04664640128612518, 0.022352905943989754, 0.04055323451757431, 0.02747083269059658, 0.04648672789335251, 0.026794016361236572, 0.02897239848971367, 0.04648672789335251, 0.02866467460989952, 0.030433624982833862, 0.030818676576018333, 0.029023736715316772, 0.0313749723136425, 0.025895824655890465, 0.027524709701538086, 0.027095071971416473, 0.03620421886444092, 0.03449178487062454, 0.03970249369740486, 0.03377170115709305, 0.04133865609765053, 0.021670026704669, 0.025602620095014572, 0.0201156847178936], [0.02445736899971962, 0.019485972821712494, 0.03387182578444481, 0.03420756757259369, 0.020652011036872864, 0.013230398297309875, 0.01514420472085476, 0.023701978847384453, 0.07942692190408707, 0.04286032170057297, 0.008300411514937878, 0.024172315374016762, 0.01985018514096737, 0.008300411514937878, 0.21204668283462524, 0.02884303592145443, 0.013638108968734741, 0.01594916544854641, 0.017247619107365608, 0.04228552058339119, 0.03375467658042908, 0.03404365852475166, 0.07239042967557907, 0.016819486394524574, 0.026258865371346474, 0.03387182578444481, 0.03058294579386711, 0.036674316972494125, 0.012106772512197495, 0.005824885331094265], [0.059246812015771866, 0.017534293234348297, 0.03299783170223236, 0.027213243767619133, 0.024574436247348785, 0.028703073039650917, 0.035034459084272385, 0.011324099265038967, 0.13907045125961304, 0.03584941849112511, 0.0064768181182444096, 0.024547819048166275, 0.015873009338974953, 0.0064768181182444096, 0.021198073402047157, 0.1348365992307663, 0.0218664463609457, 0.01393210794776678, 0.03389866277575493, 0.04861918464303017, 0.023265041410923004, 0.028607875108718872, 0.08040925860404968, 0.009463880211114883, 0.034663885831832886, 0.03299783170223236, 0.019994014874100685, 0.015205287374556065, 0.011838213540613651, 0.004280976019799709], [0.004286017268896103, 0.004036769270896912, 0.003979418892413378, 0.0034986892715096474, 0.0035576680675148964, 0.002829102100804448, 0.008247274905443192, 0.0016235896619036794, 0.007914567366242409, 0.0047960733063519, 0.001410270924679935, 0.005596637260168791, 0.002417308045551181, 0.001410270924679935, 0.0021552126854658127, 0.0047017415054142475, 0.8911547064781189, 0.0019922207575291395, 0.006699396762996912, 0.0049211978912353516, 0.004236447159200907, 0.001908726990222931, 0.004424776416271925, 0.002525526797398925, 0.005080247297883034, 0.003979418892413378, 0.0048547121696174145, 0.0030289795249700546, 0.0018125643255189061, 0.0009204992675222456], [0.011572313494980335, 0.004839709959924221, 0.008534315042197704, 0.014721841551363468, 0.011134374886751175, 0.020844794809818268, 0.01004005502909422, 0.004956378135830164, 0.03202984109520912, 0.010102682746946812, 0.005284428596496582, 0.00785758811980486, 0.008673635311424732, 0.005284428596496582, 0.010028366930782795, 0.011919375509023666, 0.007926719263195992, 0.6310995817184448, 0.01242145337164402, 0.013784839771687984, 0.00906090997159481, 0.05069365352392197, 0.015152601525187492, 0.00847367662936449, 0.01734990067780018, 0.008534315042197704, 0.015169131569564342, 0.01969233714044094, 0.009154246188700199, 0.0036625154316425323], [0.035444144159555435, 0.022031819447875023, 0.03264610841870308, 0.05125519633293152, 0.03181343153119087, 0.027642691507935524, 0.03371338173747063, 0.018638985231518745, 0.09322454035282135, 0.03748108446598053, 0.017786230891942978, 0.02554185688495636, 0.0285989660769701, 