{"premise_tokens": ["Life", "support", "refers", "to", "the", "treatments", "and", "techniques", "performed", "in", "an", "emergency", "in", "order", "to", "support", "life", "after", "the", "failure", "of", "one", "or", "more", "vital", "organs", ".", "@@NULL@@"], "hypothesis_tokens": ["Life", "support", "is", "used", "before", "the", "failure", "of", "one", "or", "more", "vital", "organs", ".", "@@NULL@@"], "label_logits": [2.881316661834717, -0.49679985642433167, -5.177022933959961], "label_probs": [0.9667177796363831, 0.03297632932662964, 0.00030591944232583046], "h2p_attention": [[0.4686039388179779, 0.0017622162122279406, 0.001606773235835135, 0.002029218478128314, 0.0009075867128558457, 0.00045083012082614005, 0.0009197184699587524, 0.0011270242976024747, 0.008194996975362301, 0.0032707618083804846, 0.0037043115589767694, 0.0008950791670940816, 0.0032707618083804846, 0.0024097117129713297, 0.002029218478128314, 0.0017622162122279406, 0.4686039388179779, 0.0023534318897873163, 0.0009075867128558457, 0.010315211489796638, 0.0010114948963746428, 0.0027644981164485216, 0.001360602560453117, 0.0023289313539862633, 0.0050368402153253555, 0.0012772296322509646, 0.0008185088518075645, 0.00027736485935747623], [0.005860625300556421, 0.43502119183540344, 0.004321115091443062, 0.003854166017845273, 0.0020100774709135294, 0.0026080955285578966, 0.002093740738928318, 0.003046979196369648, 0.005449757445603609, 0.002808482851833105, 0.004036322236061096, 0.013761314563453197, 0.002808482851833105, 0.006011452991515398, 0.003854166017845273, 0.43502119183540344, 0.005860625300556421, 0.005641956347972155, 0.0020100774709135294, 0.007238238118588924, 0.001488381065428257, 0.002205314114689827, 0.003237097291275859, 0.0030382871627807617, 0.025299618020653725, 0.008081955835223198, 0.0024089261423796415, 0.0009224357781931758], [0.036900222301483154, 0.03455048054456711, 0.033064357936382294, 0.05426716059446335, 0.021119987592101097, 0.006568025331944227, 0.01146973017603159, 0.014002812094986439, 0.02620769664645195, 0.03766397014260292, 0.06854467839002609, 0.046893417835235596, 0.03766397014260292, 0.0663580670952797, 0.05426716059446335, 0.03455048054456711, 0.036900222301483154, 0.09230164438486099, 0.021119987592101097, 0.07954004406929016, 0.012755569070577621, 0.04731638729572296, 0.031295496970415115, 0.03356733173131943, 0.032248277217149734, 0.010456182062625885, 0.014757366850972176, 0.0036493076477199793], [0.062147125601768494, 0.02648058719933033, 0.047716088593006134, 0.054799988865852356, 0.026699203997850418, 0.014656675048172474, 0.02605135180056095, 0.06840737164020538, 0.03294000402092934, 0.04066311940550804, 0.04258553683757782, 0.024374976754188538, 0.04066311940550804, 0.02433660440146923, 0.054799988865852356, 0.02648058719933033, 0.062147125601768494, 0.045663658529520035, 0.026699203997850418, 0.05617651715874672, 0.030601713806390762, 0.04133795201778412, 0.031160615384578705, 0.021142221987247467, 0.018862305209040642, 0.024945255368947983, 0.016262779012322426, 0.01119839958846569], [0.023377297446131706, 0.008253117091953754, 0.01393190398812294, 0.05279650166630745, 0.012545371428132057, 0.003999864682555199, 0.012267110869288445, 0.010631514713168144, 0.010417556390166283, 0.020281843841075897, 0.024902576580643654, 0.025742951780557632, 0.020281843841075897, 0.04738537222146988, 0.05279650166630745, 0.008253117091953754, 0.023377297446131706, 0.44019815325737, 0.012545371428132057, 0.024965008720755577, 0.016329847276210785, 0.05289587378501892, 0.026057817041873932, 0.030004393309354782, 0.006331156007945538, 0.007489143870770931, 0.009148390032351017, 0.002793127903714776], [0.03575151413679123, 0.02380862832069397, 0.02849980629980564, 0.043042585253715515, 0.058084554970264435, 0.015736475586891174, 0.02904747612774372, 0.024945003911852837, 0.022879034280776978, 0.032658353447914124, 0.0405111201107502, 0.020805934444069862, 0.032658353447914124, 0.02622492052614689, 0.043042585253715515, 0.02380862832069397, 0.03575151413679123, 0.0375589057803154, 0.058084554970264435, 0.12338941544294357, 0.025176936760544777, 0.05577109009027481, 0.04046924412250519, 0.028689375147223473, 0.04204932972788811, 0.018268601968884468, 0.02236010506749153, 0.010925914160907269], [0.0011317083844915032, 0.00023878351203165948, 0.00024168210802599788, 0.0002935891679953784, 0.00034365910687483847, 7.372869731625542e-05, 0.0002926970773842186, 0.00015161569172050804, 0.00018402622663415968, 0.0003728015290107578, 0.0003959896566811949, 0.00025988268316723406, 0.0003728015290107578, 0.00015120906755328178, 0.0002935891679953784, 0.00023878351203165948, 0.0011317083844915032, 0.0005296391318552196, 0.00034365910687483847, 0.9885732531547546, 0.00018402974819764495, 0.0004896221798844635, 0.0007470746641047299, 0.0002670823014341295, 0.0022209661547094584, 0.0003515249991323799, 9.435108222533017e-05, 3.043041033379268e-05], [0.04465276375412941, 0.019756685942411423, 0.025812393054366112, 0.04040391743183136, 0.0282150749117136, 0.014854038134217262, 0.029554249718785286, 0.024797579273581505, 0.024745572358369827, 0.029997920617461205, 0.03761737421154976, 0.02626855857670307, 0.029997920617461205, 0.031047208234667778, 0.04040391743183136, 0.019756685942411423, 0.04465276375412941, 0.06282766163349152, 0.0282150749117136, 0.07404852658510208, 0.12151637673377991, 0.05021987110376358, 0.02514241449534893, 0.04209553077816963, 0.020956281572580338, 0.03136875852942467, 0.01883063092827797, 0.012244360521435738], [0.03884809836745262, 0.00931834988296032, 0.009915102273225784, 0.026993831619620323, 0.019895566627383232, 0.005217631813138723, 0.03177570179104805, 0.011365119367837906, 0.015243226662278175, 0.01632602885365486, 0.028166595846414566, 0.009889081120491028, 0.01632602885365486, 0.015435967594385147, 0.026993831619620323, 0.00931834988296032, 0.03884809836745262, 0.05164426565170288, 0.019895566627383232, 0.06271307170391083, 0.01598617061972618, 0.4186733663082123, 0.023223137483000755, 0.03814990818500519, 0.01613290049135685, 0.008593081496655941, 0.011214269325137138, 0.0038976683281362057], [0.031415533274412155, 0.022474193945527077, 0.034593451768159866, 0.033476121723651886, 0.023720944300293922, 0.010914617218077183, 0.019429534673690796, 0.01762954331934452, 0.01480673998594284, 0.02132410556077957, 0.026957670226693153, 0.0341063030064106, 0.02132410556077957, 0.025438273325562477, 0.033476121723651886, 0.022474193945527077, 0.031415533274412155, 0.08657272160053253, 0.023720944300293922, 0.15722475945949554, 0.013150295242667198, 0.03815756365656853, 0.15759341418743134, 0.030900804325938225, 0.02852093242108822, 0.019076023250818253, 0.013701393269002438, 0.006404196377843618], [0.0429503358900547, 0.01684821955859661, 0.013855047523975372, 0.02525239624083042, 0.013431504368782043, 0.007244334556162357, 0.017532704398036003, 0.01248754933476448, 0.01864730380475521, 0.017721518874168396, 0.022153176367282867, 0.012528553605079651, 0.017721518874168396, 0.0284610353410244, 0.02525239624083042, 0.01684821955859661, 0.0429503358900547, 0.05249198153614998, 0.013431504368782043, 0.04489508643746376, 0.017585763707756996, 0.050066813826560974, 0.0246812105178833, 0.38162097334861755, 0.028614696115255356, 0.0172507893294096, 0.01235990971326828, 0.005115184932947159], [0.005833209492266178, 0.008810055442154408, 0.0010918909683823586, 0.0016552024753764272, 0.0012362379347905517, 0.0009328534360975027, 0.0010081784566864371, 0.001008252496831119, 0.00186251662671566, 0.00111823168117553, 0.0017110592452809215, 0.003749367082491517, 0.00111823168117553, 0.001407539937645197, 0.0016552024753764272, 0.008810055442154408, 0.005833209492266178, 0.0009368465980514884, 0.0012362379347905517, 0.023444173857569695, 0.0005497673992067575, 0.0013295613462105393, 0.0014305395307019353, 0.0017969193868339062, 0.9177181124687195, 0.0014886369463056326, 0.0009066920028999448, 0.0003212187148164958], [0.0014827795093879104, 