{"premise_tokens": ["The", "organisation", "operates", "in", "parallel", "with", "the", "European", "Union", "(", "EU", ")", ",", "and", "all", "four", "member", "states", "participate", "in", "the", "EU", "'s", "single", "market", ".", "@@NULL@@"], "hypothesis_tokens": ["European", "Free", "Trade", "Association", "operates", "in", "parallel", "with", "the", "European", "Union", "since", "2014", ".", "@@NULL@@"], "label_logits": [-0.9220409393310547, 2.042006492614746, -1.446686029434204], "label_probs": [0.047691717743873596, 0.9240859746932983, 0.028222303837537766], "h2p_attention": [[4.635602454072796e-05, 4.615804209606722e-05, 6.322078115772456e-05, 0.00014387645933311433, 8.229793456848711e-05, 0.00013326069165486842, 4.635602454072796e-05, 0.9902971386909485, 0.00022320817515719682, 3.368165926076472e-05, 4.615804209606722e-05, 3.563023346941918e-05, 6.646352267125621e-05, 5.753518780693412e-05, 7.866835949243978e-05, 5.929682083660737e-05, 7.097840716596693e-05, 0.0075148711912333965, 0.0001464791566831991, 0.00014387645933311433, 4.635602454072796e-05, 4.615804209606722e-05, 6.010861397953704e-05, 0.0003142071363981813, 0.00012683268869295716, 4.1834395233308896e-05, 2.8872489565401338e-05], [0.031729042530059814, 0.014644167385995388, 0.011885167099535465, 0.032622724771499634, 0.02800866775214672, 0.05828017368912697, 0.031729042530059814, 0.04004528746008873, 0.032241594046354294, 0.009565158747136593, 0.014644167385995388, 0.010690148919820786, 0.022566981613636017, 0.05265007168054581, 0.1433325707912445, 0.024524420499801636, 0.04916926845908165, 0.017092956230044365, 0.0597020760178566, 0.032622724771499634, 0.031729042530059814, 0.014644167385995388, 0.03589080274105072, 0.054813820868730545, 0.11565340310335159, 0.021373819559812546, 0.0081486189737916], [0.02761789597570896, 0.027399562299251556, 0.033863529562950134, 0.0398094579577446, 0.02712719514966011, 0.05817174166440964, 0.02761789597570896, 0.06566516309976578, 0.03734034299850464, 0.023167958483099937, 0.027399562299251556, 0.02394251897931099, 0.029817553237080574, 0.030569758266210556, 0.05043339356780052, 0.03264212980866432, 0.04617355391383171, 0.05423769727349281, 0.044218406081199646, 0.0398094579577446, 0.02761789597570896, 0.027399562299251556, 0.03822321444749832, 0.04111121594905853, 0.07614792138338089, 0.024517010897397995, 0.017958449199795723], [0.018564091995358467, 0.01555036660283804, 0.01594596542418003, 0.029361596331000328, 0.023826662451028824, 0.028528526425361633, 0.018564091995358467, 0.22759945690631866, 0.05398887023329735, 0.01393655315041542, 0.01555036660283804, 0.014737145975232124, 0.01233262661844492, 0.019304649904370308, 0.028359942138195038, 0.013403572142124176, 0.05240239202976227, 0.1282050609588623, 0.08992794156074524, 0.029361596331000328, 0.018564091995358467, 0.01555036660283804, 0.022980947047472, 0.05037916451692581, 0.019210897386074066, 0.01547964010387659, 0.008383404463529587], [0.01881749927997589, 0.02145257592201233, 0.3193712830543518, 0.035777028650045395, 0.08299575746059418, 0.025198953226208687, 0.01881749927997589, 0.02506270259618759, 0.030042046681046486, 0.013748258352279663, 0.02145257592201233, 0.015173161402344704, 0.01683722995221615, 0.01317315548658371, 0.029756614938378334, 0.025995945557951927, 0.05099235475063324, 0.029765604063868523, 0.028267353773117065, 0.035777028650045395, 0.01881749927997589, 0.02145257592201233, 0.021625222638249397, 0.017969680950045586, 0.03439794480800629, 0.015816576778888702, 0.011445965617895126], [0.01863112673163414, 0.010349291376769543, 0.019482936710119247, 0.24932606518268585, 0.05052328109741211, 0.04104360565543175, 0.01863112673163414, 0.031060483306646347, 0.014325574040412903, 0.009183882735669613, 0.010349291376769543, 0.009992053732275963, 0.013714205473661423, 0.014008233323693275, 0.04427104443311691, 0.017166445031762123, 0.02499212697148323, 0.020112408325076103, 0.018982158973813057, 0.24932606518268585, 0.01863112673163414, 0.010349291376769543, 0.018626978620886803, 0.02041536383330822, 0.02446345053613186, 0.015809310600161552, 0.006233078893274069], [0.0016886258963495493, 0.001226877560839057, 0.005903500132262707, 0.006599256303161383, 0.9299656748771667, 0.0032011105213314295, 0.0016886258963495493, 0.0023206574842333794, 0.0020654641557484865, 0.0012523677432909608, 0.001226877560839057, 0.0016710041090846062, 0.001462678425014019, 0.0017976444214582443, 0.008061224594712257, 0.003955639898777008, 0.0027469145134091377, 0.0018496214179322124, 0.0022873615380376577, 0.006599256303161383, 0.0016886258963495493, 0.001226877560839057, 0.0020969812758266926, 0.0030740126967430115, 0.002119604730978608, 0.0014093719655647874, 0.0008141532307490706], [0.03053751215338707, 0.013095241039991379, 0.020076338201761246, 0.06004783883690834, 0.035854943096637726, 0.1738823652267456, 0.03053751215338707, 0.04208935797214508, 0.02012808993458748, 0.012933061458170414, 0.013095241039991379, 0.012623065151274204, 0.026997793465852737, 0.026525193825364113, 0.09459514915943146, 0.04117198288440704, 0.03178790956735611, 0.032370682805776596, 0.02691602148115635, 0.06004783883690834, 0.03053751215338707, 0.013095241039991379, 0.030368635430932045, 0.03331084921956062, 0.05680478364229202, 0.021450718864798546, 0.009119153022766113], [0.07324068248271942, 0.01984262652695179, 0.022649521008133888, 0.041179969906806946, 0.028574367985129356, 0.04613480344414711, 0.07324068248271942, 0.022119302302598953, 0.023034336045384407, 0.01655764691531658, 0.01984262652695179, 0.01672372594475746, 0.02886047400534153, 0.036626894026994705, 0.13694164156913757, 0.026555946096777916, 0.028421225026249886, 0.020296188071370125, 0.022804224863648415, 0.041179969906806946, 0.07324068248271942, 0.01984262652695179, 0.054971881210803986, 0.025819575414061546, 0.03932696208357811, 0.02819458208978176, 0.013776835985481739], [4.635602454072796e-05, 4.615804209606722e-05, 6.322078115772456e-05, 0.00014387645933311433, 8.229793456848711e-05, 0.00013326069165486842, 4.635602454072796e-05, 0.9902971386909485, 0.00022320817515719682, 3.368165926076472e-05, 4.615804209606722e-05, 3.563023346941918e-05, 6.646352267125621e-05, 5.753518780693412e-05, 7.866835949243978e-05, 5.929682083660737e-05, 7.097840716596693e-05, 0.0075148711912333965, 0.0001464791566831991, 0.00014387645933311433, 4.635602454072796e-05, 4.615804209606722e-05, 6.010861397953704e-05, 0.0003142071363981813, 0.00012683268869295716, 4.1834395233308896e-05, 2.8872489565401338e-05], [0.006406581029295921, 0.01157459057867527, 0.010057199746370316, 0.0088066216558218, 0.00972101278603077, 0.00845761876553297, 0.006406581029295921, 0.029622796922922134, 0.712893009185791, 0.004835597705096006, 0.01157459057867527, 0.005119283217936754, 0.00519403675571084, 0.007846906781196594, 0.011753079481422901, 0.006991890724748373, 0.038139548152685165, 0.017514392733573914, 0.01521964929997921, 0.0088066216558218, 0.006406581029295921, 0.01157459057867527, 0.010120687074959278, 0.017004575580358505, 0.007502505090087652, 0.0066177998669445515, 0.0038317751605063677], [0.024814045056700706, 0.01776374690234661, 0.03099188394844532, 0.09086667746305466, 0.14890597760677338, 0.03164788335561752, 0.024814045056700706, 0.05358533933758736, 0.039567314088344574, 0.015529111959040165, 0.01776374690234661, 0.01701994612812996, 0.020748771727085114, 0.03508482873439789, 0.07710792869329453, 0.019739175215363503, 0.028836192563176155, 0.033471427857875824, 0.024672430008649826, 0.09086667746305466, 0.024814045056700706, 0.01776374690234661, 0.021949248388409615, 0.029673978686332703, 0.025578418746590614, 0.027932414785027504, 0.008490979671478271], [0.014570393599569798, 0.0229687187820673, 0.06117027625441551, 0.03420685976743698, 0.1077243909239769, 0.016983123496174812, 0.014570393599569798, 0.10241368412971497, 0.05291889235377312, 0.014363272115588188, 0.0229687187820673, 0.014090072363615036, 0.013807919807732105, 0.01400476973503828, 