{"premise_tokens": ["The", "Maldives", "have", "been", "historically", "and", "culturally", "linked", "to", "the", "Indian", "subcontinent", "since", "the", "fourth", "century", "BCE", ".", "@@NULL@@"], "hypothesis_tokens": ["The", "Maldives", "have", "been", "historically", "linked", "to", "a", "subcontinent", ".", "@@NULL@@"], "label_logits": [1.7833949327468872, 0.4771210253238678, -4.136415481567383], "label_probs": [0.785229504108429, 0.21266157925128937, 0.0021088984794914722], "h2p_attention": [[0.10564503073692322, 0.028621723875403404, 0.059414543211460114, 0.049285147339105606, 0.028621723875403404, 0.052831973880529404, 0.0464974008500576, 0.02856707014143467, 0.07828648388385773, 0.10564503073692322, 0.04471670463681221, 0.028621723875403404, 0.05807456374168396, 0.10564503073692322, 0.05335633084177971, 0.03700656443834305, 0.028621723875403404, 0.04066888242959976, 0.019872210919857025], [0.044307079166173935, 0.07109149545431137, 0.05134498327970505, 0.04983661323785782, 0.07109149545431137, 0.03901837766170502, 0.0632152184844017, 0.05523309484124184, 0.051646582782268524, 0.044307079166173935, 0.05480683222413063, 0.07109149545431137, 0.06435766816139221, 0.044307079166173935, 0.03793765977025032, 0.0453994981944561, 0.07109149545431137, 0.03915373235940933, 0.030762629583477974], [0.01670553907752037, 0.009325850754976273, 0.43542900681495667, 0.0938534140586853, 0.009325850754976273, 0.01324932835996151, 0.15891911089420319, 0.03586787357926369, 0.0339987576007843, 0.01670553907752037, 0.04062025621533394, 0.009325850754976273, 0.02810293436050415, 0.01670553907752037, 0.03529138118028641, 0.016449499875307083, 0.009325850754976273, 0.015210971236228943, 0.00558745302259922], [0.02281123958528042, 0.014900611713528633, 0.15449528396129608, 0.3290395438671112, 0.014900611713528633, 0.016025075688958168, 0.12143688648939133, 0.06487716734409332, 0.03635110706090927, 0.02281123958528042, 0.026856590062379837, 0.014900611713528633, 0.032689206302165985, 0.02281123958528042, 0.0391225591301918, 0.018630916252732277, 0.014900611713528633, 0.023241793736815453, 0.009197695180773735], [0.044307079166173935, 0.07109149545431137, 0.05134498327970505, 0.04983661323785782, 0.07109149545431137, 0.03901837766170502, 0.0632152184844017, 0.05523309484124184, 0.051646582782268524, 0.044307079166173935, 0.05480683222413063, 0.07109149545431137, 0.06435766816139221, 0.044307079166173935, 0.03793765977025032, 0.0453994981944561, 0.07109149545431137, 0.03915373235940933, 0.030762629583477974], [0.0017352430149912834, 0.0021672891452908516, 0.0077487691305577755, 0.00851439218968153, 0.0021672891452908516, 0.0020832340233027935, 0.026744745671749115, 0.916820228099823, 0.0025041447952389717, 0.0017352430149912834, 0.0027502637822180986, 0.0021672891452908516, 0.009859767742455006, 0.0017352430149912834, 0.0029646686743944883, 0.003186580492183566, 0.0021672891452908516, 0.0017411144217476249, 0.0012070933589711785], [0.04272044077515602, 0.018205948173999786, 0.06598487496376038, 0.04285818338394165, 0.018205948173999786, 0.03810848295688629, 0.038071148097515106, 0.022496433928608894, 0.3498310148715973, 0.04272044077515602, 0.02596665546298027, 0.018205948173999786, 0.06298884004354477, 0.04272044077515602, 0.08101551234722137, 0.03551623597741127, 0.018205948173999786, 0.025333331897854805, 0.010844141244888306], [0.05946716293692589, 0.02652539312839508, 0.05677368491888046, 0.049733176827430725, 0.02652539312839508, 0.0573590025305748, 0.04115770012140274, 0.06092476844787598, 0.09293485432863235, 0.05946716293692589, 0.06828252226114273, 0.02652539312839508, 0.07076714932918549, 0.05946716293692589, 0.11105069518089294, 0.048839446157217026, 0.02652539312839508, 0.03828863799571991, 0.019385362043976784], [0.044307079166173935, 0.07109149545431137, 0.05134498327970505, 0.04983661323785782, 0.07109149545431137, 0.03901837766170502, 0.0632152184844017, 0.05523309484124184, 0.051646582782268524, 0.044307079166173935, 0.05480683222413063, 0.07109149545431137, 0.06435766816139221, 0.044307079166173935, 0.03793765977025032, 0.0453994981944561, 0.07109149545431137, 0.03915373235940933, 0.030762629583477974], [0.05401488393545151, 0.033592864871025085, 0.07185225933790207, 0.06669418513774872, 0.033592864871025085, 0.05121028423309326, 0.06015137583017349, 0.03807009011507034, 0.06165872514247894, 0.05401488393545151, 0.03191697224974632, 0.033592864871025085, 0.0868256464600563, 0.05401488393545151, 0.07055670768022537, 0.057319190353155136, 0.033592864871025085, 0.0809347927570343, 0.026393525302410126], [0.05263159051537514, 0.05263159051537514, 0.05263159051537514, 0.05263159051537514, 0.05263159051537514, 0.05263159051537514, 0.05263159051537514, 0.05263159051537514, 0.05263159051537514, 0.05263159051537514, 0.05263159051537514, 0.05263159051537514, 0.05263159051537514, 0.05263159051537514, 0.05263159051537514, 0.05263159051537514, 0.05263159051537514, 0.05263159051537514, 0.05263159051537514]],