{"premise_tokens": ["The", "Great", "Wall", "stretches", "from", "Dandong", "in", "the", "east", "to", "Lop", "Lake", "in", "the", "west", ",", "along", "an", "arc", "that", "roughly", "delineates", "the", "southern", "edge", "of", "Inner", "Mongolia", ".", "@@NULL@@"], "hypothesis_tokens": ["The", "Great", "Wall", "of", "China", "stretches", "from", "Dandong", "to", "Poyang", ".", "@@NULL@@"], "label_logits": [-0.7667365074157715, 1.8732126951217651, -1.6933807134628296], "label_probs": [0.06489977240562439, 0.9094076752662659, 0.025692524388432503], "h2p_attention": [[0.061602793633937836, 0.029319101944565773, 0.0545637272298336, 0.026453226804733276, 0.04260214418172836, 0.016689646989107132, 0.03463650122284889, 0.061602793633937836, 0.035285718739032745, 0.04564972221851349, 0.017278321087360382, 0.023844946175813675, 0.03463650122284889, 0.061602793633937836, 0.028499256819486618, 0.024274563416838646, 0.02873556688427925, 0.04296492040157318, 0.019035212695598602, 0.04879016429185867, 0.01992426998913288, 0.016689646989107132, 0.061602793633937836, 0.02427614852786064, 0.03515233099460602, 0.026701927185058594, 0.025593310594558716, 0.016689646989107132, 0.023714477196335793, 0.011587708257138729], [0.03379514813423157, 0.09805461019277573, 0.04053305834531784, 0.041078198701143265, 0.03471237048506737, 0.017214294523000717, 0.04228348657488823, 0.03379514813423157, 0.030375812202692032, 0.046713776886463165, 0.019384179264307022, 0.028298242017626762, 0.04228348657488823, 0.03379514813423157, 0.029538393020629883, 0.023511817678809166, 0.03743439167737961, 0.05234561115503311, 0.030816152691841125, 0.03753463923931122, 0.02645304426550865, 0.017214294523000717, 0.03379514813423157, 0.025263933464884758, 0.036296531558036804, 0.02422134205698967, 0.028746096417307854, 0.017214294523000717, 0.0239406768232584, 0.013356762938201427], [0.004774737637490034, 0.003077167086303234, 0.8216735124588013, 0.007481503766030073, 0.012650758028030396, 0.002867614384740591, 0.011047907173633575, 0.004774737637490034, 0.009966742247343063, 0.0051376610063016415, 0.0018753779586404562, 0.008305519819259644, 0.011047907173633575, 0.004774737637490034, 0.006224766373634338, 0.0016982827801257372, 0.005230719689279795, 0.010562636889517307, 0.0027223308570683002, 0.006321420427411795, 0.0015708563150838017, 0.002867614384740591, 0.004774737637490034, 0.0050888508558273315, 0.01476658508181572, 0.001716794678941369, 0.020845258608460426, 0.002867614384740591, 0.002271397737786174, 0.0010140116792172194], [0.029832445085048676, 0.023476898670196533, 0.021918922662734985, 0.044791080057621, 0.06546188145875931, 0.015705516561865807, 0.031717490404844284, 0.029832445085048676, 0.02838306874036789, 0.04271999001502991, 0.014844769611954689, 0.019306110218167305, 0.031717490404844284, 0.029832445085048676, 0.02415643259882927, 0.02661491557955742, 0.049320898950099945, 0.039773713797330856, 0.019812224432826042, 0.04202251508831978, 0.07236633449792862, 0.015705516561865807, 0.029832445085048676, 0.020857583731412888, 0.03108835406601429, 0.12848205864429474, 0.021864674985408783, 0.015705516561865807, 0.01991005800664425, 0.012946242466568947], [0.01571299508213997, 0.02082463540136814, 0.11640145629644394, 0.06100058928132057, 0.06611113250255585, 0.01290841307491064, 0.046180348843336105, 0.01571299508213997, 0.06850247085094452, 0.02300425060093403, 0.013685861602425575, 0.024227093905210495, 0.046180348843336105, 0.01571299508213997, 0.024319946765899658, 0.018324438482522964, 0.041470177471637726, 0.03455416485667229, 0.02057628706097603, 0.019717030227184296, 0.025992613285779953, 0.01290841307491064, 0.01571299508213997, 0.11980258673429489, 0.029841164126992226, 0.016793526709079742, 0.04006650671362877, 0.01290841307491064, 0.012338484637439251, 0.008507738821208477], [0.005548407789319754, 0.007474762387573719, 0.017932184040546417, 0.6103962063789368, 0.03127637505531311, 0.0036425692960619926, 0.02911747619509697, 0.005548407789319754, 0.014927578158676624, 0.012953314930200577, 0.004158370196819305, 0.014473272487521172, 0.02911747619509697, 0.005548407789319754, 0.010895870625972748, 0.003960600588470697, 0.0376264862716198, 0.024774225428700447, 0.015603698790073395, 0.009341795928776264, 0.028562111780047417, 0.0036425692960619926, 0.005548407789319754, 0.017233293503522873, 0.024171730503439903, 0.008408819325268269, 0.0062271300703287125, 0.0036425692960619926, 0.0058153909631073475, 0.0024304529651999474], [0.0058073485270142555, 0.004105130210518837, 0.019706865772604942, 0.02032698690891266, 0.6957436800003052, 0.0035491317976266146, 0.015946757048368454, 0.0058073485270142555, 0.013329826295375824, 0.018954994156956673, 0.0027764583937823772, 0.009861106052994728, 0.015946757048368454, 0.0058073485270142555, 0.011919270269572735, 0.005767056252807379, 0.03200414031744003, 0.018601765856146812, 0.005328573752194643, 0.014089995063841343, 0.013404774479568005, 0.0035491317976266146, 0.0058073485270142555, 0.009237679652869701, 0.01669578067958355, 0.007987088523805141, 0.009128142148256302, 0.0035491317976266146, 0.003680764464661479, 0.0015795881627127528], [0.028622420504689217, 0.02561207115650177, 0.056199755519628525, 0.02978360466659069, 0.04465138912200928, 0.04592518135905266, 0.03299626335501671, 0.028622420504689217, 0.039461400359869, 0.03336374834179878, 0.025009676814079285, 0.02875766158103943, 0.03299626335501671, 0.028622420504689217, 0.0358935110270977, 0.022082891315221786, 0.031099999323487282, 0.030066000297665596, 0.02941090241074562, 0.03238509222865105, 0.028194837272167206, 0.04592518135905266, 0.028622420504689217, 0.03745981678366661, 0.04300200566649437, 0.024108221754431725, 0.04003359377384186, 0.04592518135905266, 0.02529335208237171, 0.019872693344950676], [0.026717066764831543, 0.023718763142824173, 0.03436139598488808, 0.036144472658634186, 0.08138193935155869, 0.011385873891413212, 0.029329240322113037, 0.026717066764831543, 0.017843885347247124, 0.21878188848495483, 0.007851578295230865, 0.020167985931038857, 0.029329240322113037, 0.026717066764831543, 0.019199348986148834, 0.014817222021520138, 0.0652860626578331, 0.05227461829781532, 0.011576889082789421, 0.049484435468912125, 0.04774381220340729, 0.011385873891413212, 0.026717066764831543, 0.013821965083479881, 0.0250278040766716, 0.02237873710691929, 0.015827659517526627, 0.011385873891413212, 0.015843288972973824, 0.006781850941479206], [0.028622420504689217, 0.02561207115650177, 0.056199755519628525, 0.02978360466659069, 0.04465138912200928, 0.04592518135905266, 0.03299626335501671, 0.028622420504689217, 0.039461400359869, 0.03336374834179878, 0.025009676814079285, 0.02875766158103943, 0.03299626335501671, 0.028622420504689217, 0.0358935110270977, 0.022082891315221786, 0.031099999323487282, 0.030066000297665596, 0.02941090241074562, 0.03238509222865105, 0.028194837272167206, 0.04592518135905266, 0.028622420504689217, 0.03745981678366661, 0.04300200566649437, 0.024108221754431725, 0.04003359377384186, 0.04592518135905266, 0.02529335208237171, 0.019872693344950676], [0.0336756706237793, 0.029494116082787514, 0.036859579384326935, 0.03937239199876785, 0.03834373503923416, 0.020943529903888702, 0.04173595830798149, 0.0336756706237793, 0.030686844140291214, 0.03844123333692551, 0.020700573921203613, 0.04024696350097656, 0.04173595830798149, 0.0336756706237793, 0.036172013729810715, 0.021947655826807022, 0.027305226773023605, 0.045503370463848114, 0.03481970727443695, 0.03937462717294693, 0.04458511620759964, 0.020943529903888702, 0.0336756706237793, 0.03653418645262718, 0.038124680519104004, 0.025306319817900658, 0.02826238051056862, 0.020943529903888702, 0.05045892670750618, 0.016455087810754776], [0.033333323895931244, 0.033333323895931244, 0.033333323895931244, 0.033333323895931244, 0.033333323895931244, 0.033333323895931244, 0.033333323895931244, 0.033333323895931244, 0.033333323895931244, 0.033333323895931244, 0.033333323895931244, 0.033333323895931244, 