{"premise_tokens": ["Western", "Asia", ",", "West", "Asia", ",", "Southwestern", "Asia", "or", "Southwest", "Asia", "is", "the", "westernmost", "subregion", "of", "Asia", ".", "@@NULL@@"], "hypothesis_tokens": ["Maharashtra", "is", "in", "West", "Asia", ".", "@@NULL@@"], "label_logits": [2.3342320919036865, 0.13350358605384827, -4.336501121520996], "label_probs": [0.8992887139320374, 0.09957147389650345, 0.0011398203205317259], "h2p_attention": [[0.054458461701869965, 0.051117490977048874, 0.035990726202726364, 0.0584992952644825, 0.051117490977048874, 0.035990726202726364, 0.07484892755746841, 0.051117490977048874, 0.0551995187997818, 0.061881933361291885, 0.051117490977048874, 0.05829291790723801, 0.046648863703012466, 0.07484892755746841, 0.07484892755746841, 0.0392916165292263, 0.051117490977048874, 0.04122314229607582, 0.03238854184746742], [0.014612065628170967, 0.017029495909810066, 0.014796772040426731, 0.046427592635154724, 0.017029495909810066, 0.014796772040426731, 0.009484492242336273, 0.017029495909810066, 0.045191939920186996, 0.02518870122730732, 0.017029495909810066, 0.6498876214027405, 0.03049810230731964, 0.009484492242336273, 0.009484492242336273, 0.018419548869132996, 0.017029495909810066, 0.021310223266482353, 0.005269745364785194], [0.038593839854002, 0.10019594430923462, 0.02052372321486473, 0.08399847149848938, 0.10019594430923462, 0.02052372321486473, 0.015488027594983578, 0.10019594430923462, 0.031059492379426956, 0.0778619647026062, 0.10019594430923462, 0.09627283364534378, 0.027882045134902, 0.015488027594983578, 0.015488027594983578, 0.022852996364235878, 0.10019594430923462, 0.023659102618694305, 0.009327990934252739], [0.013254615478217602, 0.011280178092420101, 0.0029076524078845978, 0.7982164025306702, 0.011280178092420101, 0.0029076524078845978, 0.00393977714702487, 0.011280178092420101, 0.0071006338112056255, 0.07176432013511658, 0.011280178092420101, 0.0192175954580307, 0.005364738870412111, 0.00393977714702487, 0.00393977714702487, 0.0040700663812458515, 0.011280178092420101, 0.004794960375875235, 0.0021812855266034603], [9.307255822932348e-06, 0.19999609887599945, 4.626135989838076e-07, 1.4183921166477376e-06, 0.19999609887599945, 4.626135989838076e-07, 4.3288312667755235e-07, 0.19999609887599945, 5.68480402307614e-07, 3.2150480819836957e-06, 0.19999609887599945, 8.863492553246033e-07, 6.00107512127579e-07, 4.3288312667755235e-07, 4.3288312667755235e-07, 3.719633809851075e-07, 0.19999609887599945, 6.164179353618238e-07, 2.742790456977673e-07], [0.04045126587152481, 0.05930140241980553, 0.035194121301174164, 0.058003563433885574, 0.05930140241980553, 0.035194121301174164, 0.033583953976631165, 0.05930140241980553, 0.05645237863063812, 0.0688614770770073, 0.05930140241980553, 0.1067039743065834, 0.054000552743673325, 0.033583953976631165, 0.033583953976631165, 0.0405799001455307, 0.05930140241980553, 0.08091332018375397, 0.026386523619294167], [0.05263159051537514, 0.05263159051537514, 0.05263159051537514, 0.05263159051537514, 0.05263159051537514, 0.05263159051537514, 0.05263159051537514, 0.05263159051537514, 0.05263159051537514, 0.05263159051537514, 0.05263159051537514, 0.05263159051537514, 0.05263159051537514, 0.05263159051537514, 0.05263159051537514, 0.05263159051537514, 0.05263159051537514, 0.05263159051537514, 0.05263159051537514]], "p2h_attention": [[0.032881978899240494, 0.054225798696279526, 0.08091217279434204, 0.11883342266082764, 0.6636102795600891, 0.029980162158608437, 0.019556177780032158], [2.164386387448758e-06, 4.4316866478766315e-06, 1.4730549082742073e-05, 7.091864972608164e-06, 0.9999670386314392, 3.0820481242699316e-06, 1.3713768112211255e-06], [0.09685702621936798, 0.24474245309829712, 0.1917785108089447, 0.1161881536245346, 0.14701367914676666, 0.1162571981549263, 0.08716295659542084], [0.004585014656186104, 0.022364957258105278, 0.022859398275613785, 0.9289442896842957, 0.013127590529620647, 0.0055802552960813046, 0.0025385254994034767], [2.164386387448758e-06, 4.4316866478766315e-06, 1.4730549082742073e-05, 7.091864972608164e-06, 0.9999670386314392, 3.0820481242699316e-06, 1.3713768112211255e-06], [0.09685702621936798, 0.24474245309829712, 0.1917785108089447, 0.1161881536245346, 0.14701367914676666, 0.1162571981549263, 0.08716295659542084], [0.20221368968486786, 0.15748555958271027, 0.1452862173318863, 0.15804311633110046, 0.138100266456604, 0.11136944591999054, 0.08750168234109879], [2.164386387448758e-06, 4.4316866478766315e-06, 1.4730549082742073e-05, 7.091864972608164e-06, 0.9999670386314392, 3.0820481242699316e-06, 1.3713768112211255e-06], [0.07719739526510239, 0.38844552636146545, 0.15082210302352905, 0.1474495381116867, 0.09388180077075958, 0.09690782427787781, 0.04529588669538498], [0.030198147520422935, 0.0755481943488121, 0.13193048536777496, 0.520000696182251, 0.18526901304721832, 0.041247908025979996, 0.015805484727025032], [2.164386387448758e-06, 4.4316866478766315e-06, 1.4730549082742073e-05, 7.091864972608164e-06, 0.9999670386314392, 3.0820481242699316e-06, 1.3713768112211255e-06], [0.011799606494605541, 0.8085216879844666, 0.06766416132450104, 0.057760316878557205, 0.021186303347349167, 0.026511933654546738, 0.006556062027812004], [0.08041517436504364, 0.3231257200241089, 0.16688790917396545, 0.1373170167207718, 0.12215881794691086, 0.11426267772912979, 0.05583265796303749], [0.20221368968486786, 0.15748555958271027, 0.1452862173318863, 0.15804311633110046, 0.138100266456604, 0.11136944591999054, 0.08750168234109879], [0.20221368968486786, 0.15748555958271027, 0.1452862173318863, 0.15804311633110046, 0.138100266456604, 0.11136944591999054, 0.08750168234109879], [0.09390763938426971, 0.27057138085365295, 0.18964767456054688, 0.1444380134344101, 0.10497838258743286, 0.11904777586460114, 0.07740917801856995], [2.164386387448758e-06, 4.4316866478766315e-06, 1.4730549082742073e-05, 7.091864972608164e-06, 0.9999670386314392, 3.0820481242699316e-06, 1.3713768112211255e-06], [0.0777733325958252, 0.24710384011268616, 0.15498556196689606, 0.13432398438453674, 0.13732950389385223, 0.1873781383037567, 0.06110560894012451], [0.1428571492433548, 0.1428571492433548, 0.1428571492433548, 0.1428571492433548, 0.1428571492433548, 0.1428571492433548, 0.1428571492433548]], "claim": "Maharashtra is in West Asia.", "premise_source_doc_id": "Western_Asia", "premise_source_doc_line_num": 0, "premise_source_doc_sentence": "Western Asia , West Asia , Southwestern Asia or Southwest Asia is the westernmost subregion of Asia ."}
