{"premise_tokens": ["Central", "America", "(", "América", "Central", "or", "Centroamérica", ")", "is", "the", "southernmost", ",", "isthmian", "portion", "of", "the", "North", "American", "continent", ",", "which", "connects", "with", "South", "America", "on", "the", "southeast", ".", "@@NULL@@"], "hypothesis_tokens": ["An", "isthmian", "portion", "of", "North", "America", "is", "the", "location", "of", "Panama", ".", "@@NULL@@"], "label_logits": [-0.8035101294517517, -1.0409998893737793, 0.6335707306861877], "label_probs": [0.16675008833408356, 0.13149996101856232, 0.7017499208450317], "h2p_attention": [[0.01850040629506111, 0.015377359464764595, 0.009824419394135475, 0.012118182145059109, 0.01850040629506111, 0.03371601924300194, 0.012118182145059109, 0.011040465906262398, 0.15044641494750977, 0.029698533937335014, 0.015361621044576168, 0.02118748240172863, 0.012118182145059109, 0.02905104123055935, 0.024607695639133453, 0.029698533937335014, 0.06154106184840202, 0.01991146244108677, 0.031762029975652695, 0.02118748240172863, 0.07419145107269287, 0.06729918718338013, 0.0645863264799118, 0.05007689446210861, 0.015377359464764595, 0.06342468410730362, 0.029698533937335014, 0.02741936221718788, 0.022149398922920227, 0.008009742945432663], [0.030462494120001793, 0.03309674933552742, 0.02287168800830841, 0.04916791990399361, 0.030462494120001793, 0.03626031428575516, 0.04916791990399361, 0.023738130927085876, 0.038292352110147476, 0.03064342588186264, 0.03904327005147934, 0.023642145097255707, 0.04916791990399361, 0.03088151291012764, 0.02581048384308815, 0.03064342588186264, 0.03742153197526932, 0.04446500912308693, 0.03927786648273468, 0.023642145097255707, 0.03510283678770065, 0.02995455637574196, 0.030552493408322334, 0.038690149784088135, 0.03309674933552742, 0.03318457677960396, 0.03064342588186264, 0.032261308282613754, 0.027079293504357338, 0.02127588726580143], [0.020565547049045563, 0.038018278777599335, 0.019148603081703186, 0.017950257286429405, 0.020565547049045563, 0.03200337663292885, 0.017950257286429405, 0.018577497452497482, 0.045240454375743866, 0.031472641974687576, 0.03652685880661011, 0.026445956900715828, 0.017950257286429405, 0.15732711553573608, 0.033412449061870575, 0.031472641974687576, 0.027649739757180214, 0.041707783937454224, 0.040210723876953125, 0.026445956900715828, 0.05274919420480728, 0.026124246418476105, 0.02534940466284752, 0.032265130430459976, 0.038018278777599335, 0.024391934275627136, 0.031472641974687576, 0.035434454679489136, 0.02118596062064171, 0.012366870418190956], [0.02458317205309868, 0.024274734780192375, 0.015658535063266754, 0.017267821356654167, 0.02458317205309868, 0.029228057712316513, 0.017267821356654167, 0.016839265823364258, 0.04975290223956108, 0.03280002623796463, 0.027849720790982246, 0.02926243282854557, 0.017267821356654167, 0.038457196205854416, 0.14126279950141907, 0.03280002623796463, 0.04587044194340706, 0.02565702795982361, 0.026364123448729515, 0.02926243282854557, 0.05613715574145317, 0.03540979325771332, 0.03508845344185829, 0.04857727140188217, 0.024274734780192375, 0.03970304876565933, 0.03280002623796463, 0.025575468316674232, 0.021890610456466675, 0.014234069734811783], [0.013289482332766056, 0.017039600759744644, 0.0027097552083432674, 0.004046393092721701, 0.013289482332766056, 0.0053450558334589005, 0.004046393092721701, 0.0032437958288937807, 0.01681477762758732, 0.005893616005778313, 0.0040435888804495335, 0.005220339167863131, 0.004046393092721701, 0.0051435804925858974, 0.007413751445710659, 0.005893616005778313, 0.3366480767726898, 0.008550486527383327, 0.012863526120781898, 0.005220339167863131, 0.010038930922746658, 0.009218416176736355, 0.012349956668913364, 0.4376845061779022, 0.017039600759744644, 0.009168277494609356, 0.005893616005778313, 0.010481331497430801, 0.0050627258606255054, 0.002300563035532832], [5.9330490330467e-05, 0.48642513155937195, 6.56660722597735e-06, 8.352888471563347e-06, 5.9330490330467e-05, 1.1376580005162396e-05, 8.352888471563347e-06, 7.205578640423482e-06, 1.140840322477743e-05, 8.311694728035945e-06, 1.031334886647528e-05, 8.081780833890662e-06, 8.352888471563347e-06, 1.6507143300259486e-05, 9.157245585811324e-06, 8.311694728035945e-06, 3.977081360062584e-05, 0.02564712055027485, 0.0007832525297999382, 8.081780833890662e-06, 1.1870240086864214e-05, 1.053017967933556e-05, 1.9434424757491797e-05, 0.00016971865261439234, 0.48642513155937195, 2.1110157831571996e-05, 8.311694728035945e-06, 0.000176136294612661, 8.124328815029003e-06, 5.369566679291893e-06], [0.01042012870311737, 0.008462279103696346, 0.006007863208651543, 0.007168468553572893, 0.01042012870311737, 0.034156493842601776, 0.007168468553572893, 0.00563646387308836, 0.49119117856025696, 0.02305075339972973, 0.01270121056586504, 0.0111835403367877, 0.007168468553572893, 0.014570320025086403, 0.013921668753027916, 0.02305075339972973, 0.029111120849847794, 0.011566412635147572, 0.014468373730778694, 0.0111835403367877, 0.04604161158204079, 0.035001643002033234, 0.03682433068752289, 0.02072596177458763, 0.008462279103696346, 0.03430091589689255, 0.02305075339972973, 0.022895382717251778, 0.016106467694044113, 0.0039829229936003685], [0.017681431025266647, 0.020130595192313194, 0.015629874542355537, 0.01873078942298889, 0.017681431025266647, 0.04816967621445656, 0.01873078942298889, 0.01578664779663086, 0.07526440173387527, 0.06913680583238602, 0.024294570088386536, 0.027243342250585556, 0.01873078942298889, 0.03309633210301399, 0.029967568814754486, 0.06913680583238602, 0.03331609442830086, 0.030168645083904266, 0.027506116777658463, 0.027243342250585556, 0.05802484601736069, 0.029615532606840134, 0.04354973882436752, 0.033195339143276215, 0.020130595192313194, 0.03894855082035065, 0.06913680583238602, 0.03013301081955433, 0.026614755392074585, 0.013004882261157036], [0.02413429506123066, 0.03804880380630493, 0.019945435225963593, 0.021311821416020393, 0.02413429506123066, 0.031933050602674484, 0.021311821416020393, 0.01880982331931591, 0.0575566291809082, 0.0286052655428648, 0.02436988241970539, 0.019295258447527885, 0.021311821416020393, 0.038604576140642166, 0.024014029651880264, 0.0286052655428648, 0.04891307279467583, 0.027602115646004677, 0.06134449690580368, 0.019295258447527885, 0.04532354325056076, 0.07095950841903687, 0.033108796924352646, 0.04151380807161331, 0.03804880380630493, 0.04453704506158829, 0.0286052655428648, 0.04830082133412361, 0.03498596325516701, 0.015469450503587723], [0.02458317205309868, 0.024274734780192375, 0.015658535063266754, 0.017267821356654167, 0.02458317205309868, 0.029228057712316513, 0.017267821356654167, 0.016839265823364258, 0.04975290223956108, 0.03280002623796463, 0.027849720790982246, 0.02926243282854557, 0.017267821356654167, 0.038457196205854416, 0.14126279950141907, 0.03280002623796463, 0.04587044194340706, 0.02565702795982361, 0.026364123448729515, 0.02926243282854557, 0.05613715574145317, 0.03540979325771332, 0.03508845344185829, 0.04857727140188217, 0.024274734780192375, 0.03970304876565933, 0.03280002623796463, 0.025575468316674232, 0.021890610456466675, 0.014234069734811783], [0.015382283367216587, 0.17683523893356323, 0.00913219153881073, 0.012780417688190937, 0.015382283367216587, 0.020489495247602463, 0.012780417688190937, 0.009269816800951958, 0.01535999309271574, 0.011171207763254642, 0.019141940400004387, 0.017316285520792007, 0.012780417688190937, 0.01706751063466072, 0.01291537657380104, 0.011171207763254642, 0.01917554996907711, 0.15985353291034698, 0.07321148365736008, 0.017316285520792007, 0.019024237990379333, 0.022131741046905518, 0.02515733428299427, 0.018597841262817383, 0.17683523893356323, 0.018995489925146103, 0.011171207763254642, 0.03205921873450279, 0.009911869652569294, 0.007582901511341333], [0.023049842566251755, 0.027047323063015938, 0.02423608861863613, 0.02275232784450054, 0.023049842566251755, 0.03824514150619507, 0.02275232784450054, 0.024130260571837425, 0.07228939980268478, 0.03658408671617508, 