{"premise_tokens": ["The", "Golden", "Raspberry", "Awards", "(", "often", "shortened", "to", "Razzies", "and", "Razzie", "Awards", ")", "is", "an", "award", "in", "recognition", "of", "the", "worst", "in", "film", ".", "@@NULL@@"], "hypothesis_tokens": ["Razzie", "Awards", "is", "a", "shortened", "name", "for", "the", "Golden", "Raspberry", "Awards", ".", "@@NULL@@"], "label_logits": [0.5193921327590942, 0.5943710803985596, -2.6850826740264893], "label_probs": [0.47204509377479553, 0.5087991952896118, 0.01915568672120571], "h2p_attention": [[0.03603489324450493, 0.03259385749697685, 0.03679632768034935, 0.03241819888353348, 0.026895778253674507, 0.03416729345917702, 0.05781862139701843, 0.04200409725308418, 0.05781862139701843, 0.03173359856009483, 0.05781862139701843, 0.03241819888353348, 0.027914665639400482, 0.04502958431839943, 0.037852317094802856, 0.037147264927625656, 0.0415414422750473, 0.042060159146785736, 0.030351631343364716, 0.03603489324450493, 0.07737938314676285, 0.0415414422750473, 0.04776619374752045, 0.031843677163124084, 0.0250192079693079], [0.00022688627359457314, 0.007962358184158802, 0.0051353792659938335, 0.31429436802864075, 0.0002392210008110851, 0.00029744277708232403, 0.0002369480935158208, 0.00027090273215435445, 0.0002369480935158208, 0.00022718528634868562, 0.0002369480935158208, 0.31429436802864075, 0.0002846524294000119, 0.0003813853836618364, 0.00038285378832370043, 0.3513912856578827, 0.0005122593138366938, 0.0007943608216010034, 0.0002329057751921937, 0.00022688627359457314, 0.0006159429321996868, 0.0005122593138366938, 0.0005044134450145066, 0.0003188675327692181, 0.00018286808335687965], [0.022271139547228813, 0.00770410243421793, 0.011355594731867313, 0.00802574586123228, 0.005804667714983225, 0.05943823978304863, 0.006926019676029682, 0.05722501128911972, 0.006926019676029682, 0.0120948925614357, 0.006926019676029682, 0.00802574586123228, 0.005445829592645168, 0.474578320980072, 0.07228072732686996, 0.011478200554847717, 0.03971685841679573, 0.016775479540228844, 0.01345081627368927, 0.022271139547228813, 0.05731313303112984, 0.03971685841679573, 0.014839590527117252, 0.015561720356345177, 0.003848214400932193], [0.04021715745329857, 0.02694574184715748, 0.03708258271217346, 0.022780273109674454, 0.013993068598210812, 0.07463300973176956, 0.017938906326889992, 0.06285108625888824, 0.017938906326889992, 0.03879142552614212, 0.017938906326889992, 0.022780273109674454, 0.015448936261236668, 0.07273493707180023, 0.0712474063038826, 0.02919725887477398, 0.06295618414878845, 0.0261415746062994, 0.03542431443929672, 0.04021715745329857, 0.08980819582939148, 0.06295618414878845, 0.060972001403570175, 0.02589428797364235, 0.013110160827636719], [0.03603489324450493, 0.03259385749697685, 0.03679632768034935, 0.03241819888353348, 0.026895778253674507, 0.03416729345917702, 0.05781862139701843, 0.04200409725308418, 0.05781862139701843, 0.03173359856009483, 0.05781862139701843, 0.03241819888353348, 0.027914665639400482, 0.04502958431839943, 0.037852317094802856, 0.037147264927625656, 0.0415414422750473, 0.042060159146785736, 0.030351631343364716, 0.03603489324450493, 0.07737938314676285, 0.0415414422750473, 0.04776619374752045, 0.031843677163124084, 0.0250192079693079], [0.02890576235949993, 0.025493569672107697, 0.06696601212024689, 0.03598268702626228, 0.01892475038766861, 0.11281197518110275, 0.012990189716219902, 0.06179051846265793, 0.012990189716219902, 0.016902590170502663, 0.012990189716219902, 0.03598268702626228, 0.017260544002056122, 0.098005011677742, 0.05370322987437248, 0.03964532911777496, 0.08811551332473755, 0.046395882964134216, 0.01635296829044819, 0.02890576235949993, 0.042409852147102356, 0.08811551332473755, 0.011830860748887062, 0.017748592421412468, 0.008779806084930897], [0.038302287459373474, 0.025294829159975052, 0.02838851511478424, 0.02795512229204178, 0.016794433817267418, 0.08685731887817383, 0.019736140966415405, 0.08832482993602753, 0.019736140966415405, 0.036320701241493225, 0.019736140966415405, 0.02795512229204178, 0.01929030381143093, 0.08134768158197403, 0.08496291190385818, 0.03241906687617302, 0.04200359433889389, 0.03342216834425926, 0.04015539214015007, 0.038302287459373474, 0.0730566531419754, 0.04200359433889389, 0.035736072808504105, 0.027081791311502457, 0.01481696404516697], [0.0779586136341095, 0.02418438531458378, 0.022587493062019348, 0.018194139003753662, 0.01762423664331436, 0.04790295660495758, 0.021120823919773102, 0.05776992440223694, 0.021120823919773102, 0.03898628428578377, 0.021120823919773102, 0.018194139003753662, 0.017801012843847275, 0.08486808836460114, 0.05437229573726654, 0.019566062837839127, 0.043832652270793915, 0.03105199709534645, 0.03379140794277191, 0.0779586136341095, 0.12660536170005798, 0.043832652270793915, 0.034880027174949646, 0.030010780319571495, 0.014664296060800552], [0.005631695967167616, 0.30254971981048584, 0.06468307226896286, 0.14868567883968353, 0.00431074108928442, 0.0064273495227098465, 0.004448643419891596, 0.005652726627886295, 0.004448643419891596, 0.0050733392126858234, 0.004448643419891596, 0.14868567883968353, 0.005327848717570305, 0.006836408749222755, 0.008105505257844925, 0.18956971168518066, 0.009084648452699184, 0.01136550772935152, 0.004790970589965582, 0.005631695967167616, 0.01860084757208824, 0.009084648452699184, 0.016938595101237297, 0.006202980875968933, 0.0034148001577705145], [0.0021154077257961035, 0.02601432427763939, 0.7622748613357544, 0.03856753930449486, 0.0022406692150980234, 0.0025812964886426926, 0.00201984541490674, 0.0027655698359012604, 0.00201984541490674, 0.002205050550401211, 0.00201984541490674, 0.03856753930449486, 0.0024731713347136974, 0.004052639007568359, 0.004273363389074802, 0.07020645588636398, 0.003753497265279293, 0.005199916195124388, 0.001984461210668087, 0.0021154077257961035, 0.009653422050178051, 0.003753497265279293, 0.004802012350410223, 0.0029669739305973053, 0.001373369013890624], [0.00022688627359457314, 0.007962358184158802, 0.0051353792659938335, 0.31429436802864075, 0.0002392210008110851, 0.00029744277708232403, 0.0002369480935158208, 0.00027090273215435445, 0.0002369480935158208, 0.00022718528634868562, 0.0002369480935158208, 0.31429436802864075, 0.0002846524294000119, 0.0003813853836618364, 0.00038285378832370043, 0.3513912856578827, 0.0005122593138366938, 0.0007943608216010034, 0.0002329057751921937, 0.00022688627359457314, 0.0006159429321996868, 0.0005122593138366938, 0.0005044134450145066, 0.0003188675327692181, 0.00018286808335687965], [0.03942730277776718, 0.03499581664800644, 0.041620511561632156, 0.03359335660934448, 0.026119651272892952, 0.05167242884635925, 0.024520576000213623, 0.045006800442934036, 0.024520576000213623, 0.03738012909889221, 0.024520576000213623, 0.03359335660934448, 0.026005597785115242, 0.07790753245353699, 0.05327511578798294, 0.03703727945685387, 0.04886424541473389, 0.03198050707578659, 0.029628509655594826, 0.03942730277776718, 0.07007097452878952, 0.04886424541473389, 0.04162503406405449, 0.05907705798745155, 0.01926553249359131], [0.03999999538064003, 0.03999999538064003, 0.03999999538064003, 0.03999999538064003, 0.03999999538064003, 0.03999999538064003, 0.03999999538064003, 0.03999999538064003, 0.03999999538064003, 0.03999999538064003, 0.03999999538064003, 0.03999999538064003, 0.03999999538064003, 0.03999999538064003, 0.03999999538064003, 0.03999999538064003, 0.03999999538064003, 0.03999999538064003, 0.03999999538064003, 0.03999999538064003, 0.03999999538064003, 0.03999999538064003, 0.03999999538064003, 0.03999999538064003, 0.03999999538064003]],