{"premise_tokens": ["It", "was", "shot", "entirely", "on", "location", "in", "England", "on", "a", "15-week", "schedule", ".", "@@NULL@@"], "hypothesis_tokens": ["Pride", "&", "Prejudice", "was", "shot", "on", "a", "15-week", "schedule", "in", "2015", ".", "@@NULL@@"], "label_logits": [0.8197909593582153, 1.8863856792449951, -4.077657699584961], "label_probs": [0.2555626928806305, 0.7425293922424316, 0.0019079298945143819], "h2p_attention": [[0.06747812777757645, 0.0941634327173233, 0.07970548421144485, 0.0891575962305069, 0.04610324651002884, 0.06220124661922455, 0.06782770901918411, 0.10184948146343231, 0.04610324651002884, 0.07803846895694733, 0.042611557990312576, 0.13772444427013397, 0.061163466423749924, 0.025872452184557915], [0.08134844154119492, 0.07068923860788345, 0.057533446699380875, 0.09353834390640259, 0.06803187727928162, 0.05187803879380226, 0.07378599792718887, 0.13538441061973572, 0.06803187727928162, 0.0781562551856041, 0.050074245780706406, 0.07646409422159195, 0.059549275785684586, 0.035534508526325226], [0.12901820242404938, 0.06787407398223877, 0.03389003500342369, 0.05686547979712486, 0.0797552764415741, 0.040065258741378784, 0.09618853777647018, 0.18693043291568756, 0.0797552764415741, 0.06092728301882744, 0.03132776543498039, 0.05576174706220627, 0.060752153396606445, 0.020888492465019226], [0.1205514520406723, 0.19946885108947754, 0.060039933770895004, 0.1302804797887802, 0.04847848415374756, 0.04285888001322746, 0.052100587636232376, 0.044525593519210815, 0.04847848415374756, 0.058149948716163635, 0.03156387433409691, 0.09108681231737137, 0.0504273883998394, 0.02198921889066696], [0.003043161239475012, 0.0013834865530952811, 0.9803389310836792, 0.002830933080986142, 0.0019194020424038172, 0.0009745463612489402, 0.002028513001278043, 0.0008431921014562249, 0.0019194020424038172, 0.0012941225431859493, 0.0008873202023096383, 0.0010667570168152452, 0.0009635587339289486, 0.0005066926823928952], [0.07177194207906723, 0.018278200179338455, 0.031406208872795105, 0.050553757697343826, 0.31461459398269653, 0.023869354277849197, 0.055789269506931305, 0.026281293481588364, 0.31461459398269653, 0.02765277586877346, 0.012931316159665585, 0.02458581142127514, 0.019360138103365898, 0.008290757425129414], [0.13567034900188446, 0.04775622487068176, 0.04612338915467262, 0.08534602075815201, 0.06023307144641876, 0.03265701234340668, 0.0867203027009964, 0.060639578849077225, 0.06023307144641876, 0.24614015221595764, 0.02471032366156578, 0.06004311144351959, 0.035668641328811646, 0.018058864399790764], [0.08232299238443375, 0.06117671728134155, 0.07463481277227402, 0.12036847323179245, 0.06647437065839767, 0.05871530994772911, 0.0707642138004303, 0.07727020978927612, 0.06647437065839767, 0.05831678956747055, 0.09849174320697784, 0.06812617182731628, 0.054244451224803925, 0.042619239538908005], [0.0014367415569722652, 0.002102398546412587, 0.0010685386369004846, 0.0024034532252699137, 0.001505080726929009, 0.0024441254790872335, 0.003231398994103074, 0.006828509736806154, 0.001505080726929009, 0.0016874930588528514, 0.0008112927316688001, 0.9735857248306274, 0.0008826295961625874, 0.0005075388471595943], [0.07728726416826248, 0.02168816514313221, 0.03664570301771164, 0.07550543546676636, 0.061595141887664795, 0.04965620115399361, 0.36614665389060974, 0.10007649660110474, 0.061595141887664795, 0.04395622760057449, 0.015198403969407082, 0.05827890336513519, 0.023216690868139267, 0.009153559803962708], [0.05723510682582855, 0.059572406113147736, 0.050033047795295715, 0.12834186851978302, 0.071379154920578, 0.04005095362663269, 0.0810101181268692, 0.058822549879550934, 0.071379154920578, 0.07430750131607056, 0.04129008203744888, 0.18629248440265656, 0.05637960135936737, 0.023905886337161064], [0.14800773561000824, 0.0725087895989418, 0.06012670323252678, 0.08658328652381897, 0.07383257895708084, 0.07150770723819733, 0.08019440621137619, 0.04715610668063164, 0.07383257895708084, 0.062449630349874496, 0.04024237021803856, 0.05498486012220383, 0.09695533663034439, 0.031617965549230576], [0.0714285671710968, 0.0714285671710968, 0.0714285671710968, 0.0714285671710968, 0.0714285671710968, 0.0714285671710968, 0.0714285671710968, 0.0714285671710968, 0.0714285671710968, 0.0714285671710968, 0.0714285671710968, 0.0714285671710968, 0.0714285671710968, 0.0714285671710968]],