{"premise_tokens": ["S.", "S.", "Rajamouli", "(", "born", "Koduri", "Srisaila", "Sri", "Rajamouli", ")", "is", "an", "Indian", "film", "director", "and", "screenwriter", ",", "known", "for", "his", "works", "primarily", "in", "Telugu", "cinema", ".", "@@NULL@@"], "hypothesis_tokens": ["S.", "S.", "Rajamouli", "is", "a", "film", "director", ".", "@@NULL@@"], "label_logits": [4.0179667472839355, -2.577270984649658, -3.234649419784546], "label_probs": [0.9979290962219238, 0.0013640313409268856, 0.0007068522390909493], "h2p_attention": [[0.2139030396938324, 0.2139030396938324, 0.012132157571613789, 0.012299605645239353, 0.028435369953513145, 0.012132157571613789, 0.012132157571613789, 0.012132157571613789, 0.012132157571613789, 0.012247063219547272, 0.028534067794680595, 0.019111763685941696, 0.10521645098924637, 0.023910434916615486, 0.0512845516204834, 0.01320390310138464, 0.012132157571613789, 0.012495682574808598, 0.02122369036078453, 0.017668725922703743, 0.01949104480445385, 0.03591765835881233, 0.02314966730773449, 0.02199125476181507, 0.012132157571613789, 0.017985928803682327, 0.0125510785728693, 0.010550887323915958], [0.2139030396938324, 0.2139030396938324, 0.012132157571613789, 0.012299605645239353, 0.028435369953513145, 0.012132157571613789, 0.012132157571613789, 0.012132157571613789, 0.012132157571613789, 0.012247063219547272, 0.028534067794680595, 0.019111763685941696, 0.10521645098924637, 0.023910434916615486, 0.0512845516204834, 0.01320390310138464, 0.012132157571613789, 0.012495682574808598, 0.02122369036078453, 0.017668725922703743, 0.01949104480445385, 0.03591765835881233, 0.02314966730773449, 0.02199125476181507, 0.012132157571613789, 0.017985928803682327, 0.0125510785728693, 0.010550887323915958], [0.024651415646076202, 0.024651415646076202, 0.049543529748916626, 0.02304641343653202, 0.03460751473903656, 0.049543529748916626, 0.049543529748916626, 0.049543529748916626, 0.049543529748916626, 0.023919474333524704, 0.0385848805308342, 0.03243483603000641, 0.03819477930665016, 0.04092982038855553, 0.03035961091518402, 0.02719183638691902, 0.049543529748916626, 0.023822754621505737, 0.03490035608410835, 0.028555894270539284, 0.03466290235519409, 0.026905087754130363, 0.02925059385597706, 0.03559596836566925, 0.049543529748916626, 0.052205249667167664, 0.027286160737276077, 0.021438421681523323], [0.009946278296411037, 0.009946278296411037, 0.006619273219257593, 0.005547585431486368, 0.051867831498384476, 0.006619273219257593, 0.006619273219257593, 0.006619273219257593, 0.006619273219257593, 0.0052046398632228374, 0.4535597264766693, 0.06907949596643448, 0.010973971337080002, 0.014182359911501408, 0.03034561686217785, 0.01155922282487154, 0.006619273219257593, 0.010326739400625229, 0.032672684639692307, 0.020191648975014687, 0.05269946530461311, 0.0744805559515953, 0.023414593189954758, 0.03795783966779709, 0.006619273219257593, 0.011158131994307041, 0.014872508123517036, 0.0036777809727936983], [0.018667040392756462, 0.018667040392756462, 0.016216052696108818, 0.012649173848330975, 0.06058322265744209, 0.016216052696108818, 0.016216052696108818, 0.016216052696108818, 0.016216052696108818, 0.013965219259262085, 0.06574946641921997, 0.06440480053424835, 0.04174388200044632, 0.05511624366044998, 0.030663473531603813, 0.03506588935852051, 0.016216052696108818, 0.03242384269833565, 0.06922665238380432, 0.056250397115945816, 0.05943680182099342, 0.05361074581742287, 0.045170314610004425, 0.05690986290574074, 0.016216052696108818, 0.06092515587806702, 0.023407401517033577, 0.011851060204207897], [0.0009565816726535559, 0.0009565816726535559, 0.0008058806415647268, 0.0005674072890542448, 0.0017550115007907152, 0.0008058806415647268, 0.0008058806415647268, 0.0008058806415647268, 0.0008058806415647268, 0.0006928423536010087, 0.00162774499040097, 0.0017742135096341372, 0.0012822842691093683, 0.8139836192131042, 0.0024912646040320396, 0.0006527290679514408, 0.0008058806415647268, 0.0005356110050342977, 0.0013163175899535418, 0.0010180550161749125, 0.0018647084943950176, 0.0009125733631663024, 0.001307912403717637, 0.0037753775250166655, 0.0008058806415647268, 0.15555399656295776, 0.000912005256395787, 0.00042210810352116823], [0.000194722946616821, 0.000194722946616821, 5.673130726790987e-05, 4.660616832552478e-05, 0.00019204696582164615, 5.673130726790987e-05, 5.673130726790987e-05, 5.673130726790987e-05, 5.673130726790987e-05, 4.596445432980545e-05, 0.0003305444261059165, 0.00028827961068600416, 0.00012029940990032628, 0.00023643727763555944, 0.9954320192337036, 9.14517804631032e-05, 5.673130726790987e-05, 0.0001559551019454375, 5.8540190366329625e-05, 0.00022214445925783366, 0.00032397746690548956, 0.001080636284314096, 0.00019417294242884964, 0.00018707866547629237, 5.673130726790987e-05, 9.358175884699449e-05, 7.366101635852829e-05, 4.0060793253360316e-05], [0.022793013602495193, 0.022793013602495193, 0.024387052282691002, 0.025977417826652527, 0.039873506873846054, 0.024387052282691002, 0.024387052282691002, 0.024387052282691002, 0.024387052282691002, 0.02586398459970951, 0.07748331874608994, 0.05298503488302231, 0.02317041903734207, 0.04139838367700577, 0.03523124009370804, 0.03717659041285515, 0.024387052282691002, 0.025556283071637154, 0.05018370598554611, 0.03502094745635986, 0.07027700543403625, 0.04326124116778374, 0.03761597350239754, 0.04859818145632744, 0.024387052282691002, 0.036115434020757675, 0.05875536426901817, 0.019160622730851173], [0.035714294761419296, 0.035714294761419296, 0.035714294761419296, 0.035714294761419296, 0.035714294761419296, 0.035714294761419296, 0.035714294761419296, 0.035714294761419296, 0.035714294761419296, 0.035714294761419296, 0.035714294761419296, 0.035714294761419296, 0.035714294761419296, 0.035714294761419296, 0.035714294761419296, 0.035714294761419296, 0.035714294761419296, 0.035714294761419296, 0.035714294761419296, 0.035714294761419296, 0.035714294761419296, 0.035714294761419296, 0.035714294761419296, 0.035714294761419296, 0.035714294761419296, 0.035714294761419296, 0.035714294761419296, 0.035714294761419296]],