{"premise_tokens": ["Raymond", "G.", "Gosling", "(", "15", "July", "1926", "--", "18", "May", "2015", ")", "was", "a", "British", "scientist", "who", "deduced", "the", "structure", "of", "DNA", "with", "Maurice", "Wilkins", "and", "Rosalind", "Franklin", "at", "King", "'s", "College", ",", "London", ".", "@@NULL@@"], "hypothesis_tokens": ["Raymond", "Gosling", "is", "British", ".", "@@NULL@@"], "label_logits": [-0.3281910717487335, 0.0774940550327301, -0.37169569730758667], "label_probs": [0.28920474648475647, 0.4339025616645813, 0.276892751455307], "h2p_attention": [[0.04147900268435478, 0.0213327594101429, 0.02129811979830265, 0.019294995814561844, 0.024723133072257042, 0.026393994688987732, 0.04147900268435478, 0.02300713025033474, 0.021845214068889618, 0.023349177092313766, 0.031000949442386627, 0.020025944337248802, 0.02576407976448536, 0.02455964684486389, 0.0339043028652668, 0.028960300609469414, 0.022771479561924934, 0.04147900268435478, 0.025851383805274963, 0.030590534210205078, 0.02177422121167183, 0.02028857171535492, 0.025774670764803886, 0.04147900268435478, 0.04147900268435478, 0.022765640169382095, 0.04147900268435478, 0.04147900268435478, 0.03352789580821991, 0.023114468902349472, 0.028383824974298477, 0.023422950878739357, 0.019944967702031136, 0.025183305144309998, 0.02284461259841919, 0.01794874668121338], [0.022069359198212624, 0.02228139154613018, 0.06674028933048248, 0.019596926867961884, 0.02720027230679989, 0.032464876770973206, 0.022069359198212624, 0.04233568161725998, 0.027987943962216377, 0.028693461790680885, 0.024624580517411232, 0.022206278517842293, 0.02319532446563244, 0.029553839936852455, 0.03011574223637581, 0.025751380249857903, 0.027993502095341682, 0.022069359198212624, 0.027146801352500916, 0.03009847365319729, 0.02661561220884323, 0.04866999387741089, 0.03224636986851692, 0.022069359198212624, 0.022069359198212624, 0.026146920397877693, 0.022069359198212624, 0.022069359198212624, 0.020160621032118797, 0.035379473119974136, 0.033119671046733856, 0.0252543818205595, 0.023755017668008804, 0.025579053908586502, 0.022002020850777626, 0.018598701804876328], [0.01167783048003912, 0.012542267329990864, 0.008932769298553467, 0.00978714507073164, 0.06054775044322014, 0.04454676806926727, 0.01167783048003912, 0.0069526564329862595, 0.04197986051440239, 0.08115444332361221, 0.02011862024664879, 0.009182111360132694, 0.03470495715737343, 0.03599754348397255, 0.0276035163551569, 0.025731228291988373, 0.0728692039847374, 0.01167783048003912, 0.03755095973610878, 0.014923895709216595, 0.022679170593619347, 0.013652297668159008, 0.05998888239264488, 0.01167783048003912, 0.01167783048003912, 0.020392978563904762, 0.01167783048003912, 0.01167783048003912, 0.06228278949856758, 0.02981347218155861, 0.04138779267668724, 0.04524455964565277, 0.01821860857307911, 0.026742396876215935, 0.0262383334338665, 0.006488402374088764], [9.328813575848471e-06, 1.6349564248230308e-05, 7.996810381882824e-06, 5.4422325774794444e-06, 1.6872771084308624e-05, 1.3444680917018559e-05, 9.328813575848471e-06, 9.234720891981851e-06, 1.5532174074905924e-05, 1.0138130164705217e-05, 1.2694241377175786e-05, 5.906439582759049e-06, 1.0655811820470262e-05, 1.5037696357467212e-05, 0.9994646906852722, 3.693786129588261e-05, 2.243796370748896e-05, 9.328813575848471e-06, 9.984027201426215e-06, 1.7766369637683965e-05, 1.2232324479555245e-05, 2.189384940720629e-05, 2.065223998215515e-05, 9.328813575848471e-06, 9.328813575848471e-06, 9.724134542921092e-06, 9.328813575848471e-06, 9.328813575848471e-06, 9.618795047572348e-06, 2.7932566808885895e-05, 2.2534701201948337e-05, 3.8125588616821915e-05, 1.1210227967239916e-05, 5.866036735824309e-05, 6.027070867276052e-06, 4.938621259498177e-06], [0.020264551043510437, 0.017270157113671303, 0.018835069611668587, 0.02158607356250286, 0.0339726060628891, 0.03400276601314545, 0.020264551043510437, 0.016692470759153366, 0.030949171632528305, 0.038351066410541534, 0.03754952549934387, 0.021491818130016327, 0.03651270642876625, 0.03144729509949684, 0.019430674612522125, 0.030719991773366928, 0.03179965913295746, 0.020264551043510437, 0.032583922147750854, 0.02502484992146492, 0.02448590286076069, 0.03131071850657463, 0.037451956421136856, 0.020264551043510437, 0.020264551043510437, 0.03089207597076893, 0.020264551043510437, 0.020264551043510437, 0.04846730828285217, 0.032817501574754715, 0.03153984993696213, 0.029249930754303932, 0.021236123517155647, 0.027732256799936295, 0.048823077231645584, 0.01592162251472473], [0.027777768671512604, 0.027777768671512604, 0.027777768671512604, 0.027777768671512604, 0.027777768671512604, 0.027777768671512604, 0.027777768671512604, 0.027777768671512604, 0.027777768671512604, 0.027777768671512604, 0.027777768671512604, 0.027777768671512604, 0.027777768671512604, 0.027777768671512604, 0.027777768671512604, 0.027777768671512604, 0.027777768671512604, 0.027777768671512604, 0.027777768671512604, 0.027777768671512604, 0.027777768671512604, 0.027777768671512604, 0.027777768671512604, 0.027777768671512604, 0.027777768671512604, 0.027777768671512604, 0.027777768671512604, 0.027777768671512604, 0.027777768671512604, 0.027777768671512604, 0.027777768671512604, 0.027777768671512604, 0.027777768671512604, 0.027777768671512604, 0.027777768671512604, 0.027777768671512604]],