{"premise_tokens": ["The", "Navy", "Lark", "is", "a", "radio", "sit", "-", "com", "about", "life", "aboard", "a", "British", "Royal", "Navy", "frigate", "named", "HMS", "Troutbridge", ",", "(", "a", "play", "on", "HMS", "Troubridge", ",", "a", "Royal", "Navy", "destroyer", ")", "based", "in", "HMNB", "Portsmouth", ".", "@@NULL@@"], "hypothesis_tokens": ["The", "Navy", "Lark", "is", "set", "aboard", "a", "frigate", ".", "@@NULL@@"], "label_logits": [0.9632301330566406, 0.8956528902053833, -2.2672507762908936], "label_probs": [0.5065358281135559, 0.47343653440475464, 0.020027656108140945], "h2p_attention": [[0.061335641890764236, 0.01683424785733223, 0.016617270186543465, 0.06677182018756866, 0.03539267182350159, 0.020454080775380135, 0.024480339139699936, 0.013892083428800106, 0.01859152689576149, 0.056170571595430374, 0.037752583622932434, 0.020286550745368004, 0.03539267182350159, 0.02332438714802265, 0.022026795893907547, 0.01683424785733223, 0.016617270186543465, 0.02446272224187851, 0.016617270186543465, 0.016617270186543465, 0.02416929602622986, 0.013866252265870571, 0.03539267182350159, 0.042152099311351776, 0.03455372527241707, 0.016617270186543465, 0.016617270186543465, 0.02416929602622986, 0.03539267182350159, 0.022026795893907547, 0.01683424785733223, 0.016617270186543465, 0.014005335047841072, 0.01959625445306301, 0.03448629379272461, 0.016617270186543465, 0.02126520313322544, 0.0236116424202919, 0.011537454091012478], [0.0008421042002737522, 0.3051854968070984, 0.001005925121717155, 0.0014273455599322915, 0.000941440521273762, 0.0029320025350898504, 0.0008025944698601961, 0.0007728850468993187, 0.0011447550496086478, 0.0017391754081472754, 0.0014102921122685075, 0.0025368218775838614, 0.000941440521273762, 0.004935421049594879, 0.010449495166540146, 0.3051854968070984, 0.001005925121717155, 0.000960423203650862, 0.001005925121717155, 0.001005925121717155, 0.0007234103977680206, 0.0006135966395959258, 0.000941440521273762, 0.001256832154467702, 0.002102333353832364, 0.001005925121717155, 0.001005925121717155, 0.0007234103977680206, 0.000941440521273762, 0.010449495166540146, 0.3051854968070984, 0.001005925121717155, 0.0006462138262577355, 0.01655763015151024, 0.001181264640763402, 0.001005925121717155, 0.00706323841586709, 0.000782281975261867, 0.000577141297981143], [0.022141380235552788, 0.026794064790010452, 0.03552623465657234, 0.02766810730099678, 0.021035024896264076, 0.029856663197278976, 0.022895481437444687, 0.018232174217700958, 0.025977246463298798, 0.028638625517487526, 0.024987144395709038, 0.02149926871061325, 0.021035024896264076, 0.029038606211543083, 0.022271370515227318, 0.026794064790010452, 0.03552623465657234, 0.018086861819028854, 0.03552623465657234, 0.03552623465657234, 0.017082611098885536, 0.01652591861784458, 0.021035024896264076, 0.021570710465312004, 0.023977486416697502, 0.03552623465657234, 0.03552623465657234, 0.017082611098885536, 0.021035024896264076, 0.022271370515227318, 0.026794064790010452, 0.03552623465657234, 0.01715196669101715, 0.026255398988723755, 0.025524843484163284, 0.03552623465657234, 0.037593137472867966, 0.019566118717193604, 0.015372873283922672], [0.016585763543844223, 0.007087601814419031, 0.005157945677638054, 0.3534279763698578, 0.015899641439318657, 0.01131491083651781, 0.02642490528523922, 0.004384797066450119, 0.006025047041475773, 0.20725741982460022, 0.02897816151380539, 0.011642499826848507, 0.015899641439318657, 0.012192110531032085, 0.007718817796558142, 0.007087601814419031, 0.005157945677638054, 0.01705954037606716, 0.005157945677638054, 0.005157945677638054, 0.008046919479966164, 0.004322852473706007, 0.015899641439318657, 0.03418124467134476, 0.024680620059370995, 0.005157945677638054, 0.005157945677638054, 0.008046919479966164, 0.015899641439318657, 0.007718817796558142, 0.007087601814419031, 0.005157945677638054, 0.004055618308484554, 0.014823335222899914, 0.029577940702438354, 0.005157945677638054, 0.02095387876033783, 0.011589130386710167, 0.0028658423107117414], [0.009151152335107327, 0.03158343955874443, 0.005117792170494795, 0.03508327528834343, 0.008719872683286667, 0.006959639023989439, 0.01760220341384411, 0.011790329590439796, 0.009070063009858131, 0.010608484037220478, 0.02068592980504036, 0.007625702302902937, 0.008719872683286667, 0.02024051733314991, 0.11092591285705566, 0.03158343955874443, 0.005117792170494795, 0.0664624497294426, 0.005117792170494795, 0.005117792170494795, 0.012428202666342258, 0.007357307244092226, 0.008719872683286667, 0.022667309269309044, 0.026493676006793976, 0.005117792170494795, 0.005117792170494795, 0.012428202666342258, 0.008719872683286667, 0.11092591285705566, 0.03158343955874443, 0.005117792170494795, 0.008959324099123478, 0.24133484065532684, 0.0340820774435997, 0.005117792170494795, 0.015880614519119263, 0.0067391349002718925, 0.00392556469887495], [0.00883551873266697, 0.022087255492806435, 0.007027526386082172, 0.020413987338542938, 0.016123566776514053, 0.02384771779179573, 0.010441882535815239, 0.009562050923705101, 0.01790483482182026, 0.027305902913212776, 0.03350462391972542, 0.3992654085159302, 0.016123566776514053, 0.029699280858039856, 0.03436765819787979, 0.022087255492806435, 0.007027526386082172, 0.008266109973192215, 0.007027526386082172, 0.007027526386082172, 0.008937403559684753, 0.005761431064456701, 0.016123566776514053, 0.018298089504241943, 0.018505092710256577, 0.007027526386082172, 0.007027526386082172, 0.008937403559684753, 0.016123566776514053, 0.03436765819787979, 0.022087255492806435, 0.007027526386082172, 0.00594837311655283, 0.03574296087026596, 0.01700753904879093, 0.007027526386082172, 0.02263328619301319, 0.008444560691714287, 0.005024974700063467], [0.020075669512152672, 0.010675232857465744, 0.008954774588346481, 0.03630794957280159, 0.08919873833656311, 0.01881573535501957, 0.02001538872718811, 0.010475553572177887, 0.013858193531632423, 0.03890499472618103, 0.09809337556362152, 0.020998777821660042, 0.08919873833656311, 0.019927021116018295, 0.010671931318938732, 0.010675232857465744, 0.008954774588346481, 0.025660738348960876, 0.008954774588346481, 0.008954774588346481, 0.017904987558722496, 0.006985084153711796, 0.08919873833656311, 0.032415203750133514, 0.02182786539196968, 0.008954774588346481, 0.008954774588346481, 0.017904987558722496, 0.08919873833656311, 0.010671931318938732, 0.010675232857465744, 0.008954774588346481, 0.007711826357990503, 0.015675710514187813, 0.031426575034856796, 0.008954774588346481, 0.023741384968161583, 0.012925960123538971, 0.006544352509081364], [0.022141380235552788, 0.026794064790010452, 0.03552623465657234, 0.02766810730099678, 0.021035024896264076, 0.029856663197278976, 0.022895481437444687, 0.018232174217700958, 0.025977246463298798, 0.028638625517487526, 0.024987144395709038, 0.02149926871061325, 0.021035024896264076, 0.029038606211543083, 0.022271370515227318, 0.026794064790010452, 0.03552623465657234, 0.018086861819028854, 0.03552623465657234, 0.03552623465657234, 0.017082611098885536, 0.01652591861784458, 0.021035024896264076, 0.021570710465312004, 0.023977486416697502, 0.03552623465657234, 0.03552623465657234, 0.017082611098885536, 0.021035024896264076, 0.022271370515227318, 0.026794064790010452, 0.03552623465657234, 0.01715196669101715, 0.026255398988723755, 0.025524843484163284, 0.03552623465657234, 0.037593137472867966, 0.019566118717193604, 0.015372873283922672], [0.028682736679911613, 0.018997028470039368, 0.017838329076766968, 0.05667649209499359, 0.027682196348905563, 0.035077907145023346, 0.02566140703856945, 0.015120691619813442, 0.020712435245513916, 0.04673517867922783, 0.04135961830615997, 0.02355308085680008, 0.027682196348905563, 0.017104292288422585, 0.030201006680727005, 0.018997028470039368, 0.017838329076766968, 0.028698626905679703, 0.017838329076766968, 0.017838329076766968, 0.018693581223487854, 0.019001631066203117, 0.027682196348905563, 0.02984577603638172, 0.03272794187068939, 0.017838329076766968, 0.017838329076766968, 