{"premise_tokens": ["At", "present", "the", "Glasgow", "and", "Clyde", "City", "Region", "consists", "of", "the", "Glasgow", "City", "Council", "Local", "Authority", ",", "Lanarkshire", ",", "Dumbartonshire", ",", "Renfrew", "and", "Inverclyde", ",", "with", "a", "combined", "population", "of", "over", "1.7", "million", ".", "@@NULL@@"], "hypothesis_tokens": ["Glasgow", "'s", "population", "was", "over", "a", "million", "in", "1938", ".", "@@NULL@@"], "label_logits": [2.7805886268615723, 0.39010879397392273, -5.577244758605957], "label_probs": [0.9159016609191895, 0.08388352394104004, 0.00021482643205672503], "h2p_attention": [[7.477750477846712e-05, 8.78901410032995e-05, 3.682059104903601e-05, 0.49851104617118835, 3.910473969881423e-05, 0.00038195328670553863, 0.0002697738236747682, 4.307379276724532e-05, 3.757833837880753e-05, 6.0621037846431136e-05, 3.682059104903601e-05, 0.49851104617118835, 0.0002697738236747682, 0.0001260929275304079, 0.00031712697818875313, 0.00012554983550217003, 2.576148290245328e-05, 4.444877413334325e-05, 2.576148290245328e-05, 4.444877413334325e-05, 2.576148290245328e-05, 4.444877413334325e-05, 3.910473969881423e-05, 4.444877413334325e-05, 2.576148290245328e-05, 5.7564226153772324e-05, 6.060329178581014e-05, 0.00011214743426535279, 0.00022801653540227562, 6.0621037846431136e-05, 7.671911589568481e-05, 4.444877413334325e-05, 3.6891626223223284e-05, 5.096888344269246e-05, 2.3057718863128684e-05], [0.026263004168868065, 0.06458637863397598, 0.036190785467624664, 0.018685296177864075, 0.03005981259047985, 0.052611615508794785, 0.06310033798217773, 0.031065428629517555, 0.0182186346501112, 0.024329353123903275, 0.036190785467624664, 0.018685296177864075, 0.06310033798217773, 0.028970375657081604, 0.021670112386345863, 0.031129462644457817, 0.025854352861642838, 0.014343121089041233, 0.025854352861642838, 0.014343121089041233, 0.025854352861642838, 0.014343121089041233, 0.03005981259047985, 0.014343121089041233, 0.025854352861642838, 0.03020492009818554, 0.03800288215279579, 0.04109390825033188, 0.027106229215860367, 0.024329353123903275, 0.024869827553629875, 0.014343121089041233, 0.017305847257375717, 0.01796715147793293, 0.00906999222934246], [0.0003928873920813203, 0.0008259908063337207, 0.0001750826049828902, 0.0006987889646552503, 0.0002541913418099284, 0.0003414288512431085, 0.0003597690083552152, 0.00023414925090037286, 0.000215839478187263, 0.00020205303735565394, 0.0001750826049828902, 0.0006987889646552503, 0.0003597690083552152, 0.00017036378267221153, 0.00025790854124352336, 0.0001955752377398312, 0.0001851162378443405, 0.00010309353820048273, 0.0001851162378443405, 0.00010309353820048273, 0.0001851162378443405, 0.00010309353820048273, 0.0002541913418099284, 0.00010309353820048273, 0.0001851162378443405, 0.00028117693727836013, 0.0002969627967104316, 0.001241442863829434, 0.9893743991851807, 0.00020205303735565394, 0.0009625760721974075, 0.00010309353820048273, 0.00024195686273742467, 0.00026098877424374223, 7.066364196361974e-05], [0.0446808822453022, 0.047591984272003174, 0.02982279285788536, 0.03954643756151199, 0.027306480333209038, 0.09180505573749542, 0.036008935421705246, 0.030823657289147377, 0.017763299867510796, 0.0184771828353405, 0.02982279285788536, 0.03954643756151199, 0.036008935421705246, 0.0213310606777668, 0.03488380089402199, 0.026704613119363785, 0.02140716277062893, 0.018247053027153015, 0.02140716277062893, 0.018247053027153015, 0.02140716277062893, 0.018247053027153015, 0.027306480333209038, 0.018247053027153015, 0.02140716277062893, 0.03216034919023514, 0.03361643850803375, 0.029500627890229225, 0.02364516444504261, 0.0184771828353405, 0.025605004280805588, 0.018247053027153015, 0.018836284056305885, 0.0291520394384861, 0.01271195150911808], [0.007208520546555519, 0.022539805620908737, 0.008356365375220776, 0.01416879240423441, 0.009655043482780457, 0.010921518318355083, 0.010983475483953953, 0.007324681617319584, 0.012362174689769745, 0.01908402517437935, 0.008356365375220776, 0.01416879240423441, 0.010983475483953953, 0.016176976263523102, 0.015173720195889473, 0.018537763506174088, 0.009135141968727112, 0.005643387790769339, 0.009135141968727112, 0.005643387790769339, 0.009135141968727112, 0.005643387790769339, 0.009655043482780457, 0.005643387790769339, 0.009135141968727112, 0.016484251245856285, 0.01777992583811283, 0.028839435428380966, 0.058007579296827316, 0.01908402517437935, 0.5536613464355469, 0.005643387790769339, 0.013043684884905815, 0.008427317254245281, 0.004258392378687859], [0.029103519394993782, 0.05769030377268791, 0.028103388845920563, 0.024078818038105965, 0.02710709720849991, 0.028796309605240822, 0.03536388278007507, 0.022801682353019714, 0.017552487552165985, 0.024754194542765617, 0.028103388845920563, 0.024078818038105965, 0.03536388278007507, 0.01840641349554062, 0.02920859307050705, 0.02131318859755993, 0.025064708665013313, 0.012535546906292439, 0.025064708665013313, 0.012535546906292439, 0.025064708665013313, 0.012535546906292439, 0.02710709720849991, 0.012535546906292439, 0.025064708665013313, 0.03507271781563759, 0.12486691027879715, 0.050930846482515335, 0.03850004822015762, 0.024754194542765617, 0.03825071081519127, 0.012535546906292439, 0.01849883422255516, 0.018094699829816818, 0.009161263704299927], [0.007014010101556778, 0.005604755133390427, 0.004647542256861925, 0.005094175226986408, 0.006002768874168396, 0.005538699682801962, 0.008031615987420082, 0.0064616273157298565, 0.005630161613225937, 0.005447435192763805, 0.004647542256861925, 0.005094175226986408, 0.008031615987420082, 0.00535690737888217, 0.007363269571214914, 0.004342303611338139, 0.005622655153274536, 0.004737521056085825, 0.005622655153274536, 0.004737521056085825, 0.005622655153274536, 0.004737521056085825, 0.006002768874168396, 0.004737521056085825, 0.005622655153274536, 0.01136854849755764, 0.006429113447666168, 0.011426957324147224, 0.010901953093707561, 0.005447435192763805, 0.009752519428730011, 0.004737521056085825, 0.7901895642280579, 0.00481046549975872, 0.003183920169249177], [0.06509606540203094, 0.07754817605018616, 0.020775770768523216, 0.037799619138240814, 0.015620729885995388, 0.031846821308135986, 0.06806300580501556, 0.03603702783584595, 0.02007046714425087, 0.01702847145497799, 0.020775770768523216, 0.037799619138240814, 0.06806300580501556, 0.022297032177448273, 0.02439242973923683, 0.021970698609948158, 0.015292856842279434, 0.011540605686604977, 0.015292856842279434, 0.011540605686604977, 0.015292856842279434, 0.011540605686604977, 0.015620729885995388, 0.011540605686604977, 0.015292856842279434, 0.045768167823553085, 0.033377282321453094, 0.033276692032814026, 0.07407039403915405, 0.01702847145497799, 0.03194370120763779, 0.011540605686604977, 0.020275749266147614, 0.017629126086831093, 0.006950573064386845], [0.033385612070560455, 0.028695618733763695, 0.02574167586863041, 0.03445329889655113, 0.022669026628136635, 0.033556438982486725, 0.03470612317323685, 0.03617365285754204, 0.02205151878297329, 0.02168181538581848, 0.02574167586863041, 0.03445329889655113, 0.03470612317323685, 0.026295695453882217, 0.027339927852153778, 0.03480220213532448, 0.019860325381159782, 0.04130297526717186, 0.019860325381159782, 0.04130297526717186, 0.019860325381159782, 0.04130297526717186, 0.022669026628136635, 0.04130297526717186, 0.019860325381159782, 0.025665288791060448, 0.024455420672893524, 0.02614452689886093, 0.026074901223182678, 0.02168181538581848, 0.02368544042110443, 0.04130297526717186, 0.026593536138534546, 0.022747665643692017, 0.017872577533125877], [0.043832868337631226, 0.04516223445534706, 0.029468249529600143, 0.03182930499315262, 0.027938177809119225, 0.04431833699345589, 0.042351920157670975, 0.03344595059752464, 0.01854979246854782, 0.022144561633467674, 0.029468249529600143, 0.03182930499315262, 0.042351920157670975, 0.02373981662094593, 0.029680965468287468, 0.023682165890932083, 0.019205527380108833, 0.018326854333281517, 0.019205527380108833, 