{"premise_tokens": ["In", "Indian", "classical", "music", ",", "improvisation", "is", "a", "core", "component", "and", "an", "essential", "criterion", "of", "performances", ".", "@@NULL@@"], "hypothesis_tokens": ["Musical", "improvisation", "is", "an", "essential", "criterion", "of", "performances", "in", "Indian", "classical", "music", ".", "@@NULL@@"], "label_logits": [4.4381232261657715, -0.21531881392002106, -6.834031105041504], "label_probs": [0.9905487298965454, 0.009438689798116684, 1.2602063179656398e-05], "h2p_attention": [[0.041948769241571426, 0.08002370595932007, 0.10801483690738678, 0.26957207918167114, 0.010842450894415379, 0.13819244503974915, 0.029821710661053658, 0.03026975505053997, 0.049611277878284454, 0.03439417853951454, 0.01164694782346487, 0.036271851509809494, 0.04412003234028816, 0.03229008615016937, 0.01664118282496929, 0.04295039921998978, 0.015352408401668072, 0.008035900071263313], [0.01076514832675457, 0.020477933809161186, 0.05919063463807106, 0.04528363049030304, 0.00475821178406477, 0.7157160043716431, 0.012117065489292145, 0.01164449192583561, 0.030530057847499847, 0.016883457079529762, 0.004890939686447382, 0.01075869332998991, 0.01956470124423504, 0.00700145959854126, 0.005475811660289764, 0.015021772123873234, 0.005963060073554516, 0.003956958651542664], [0.042780280113220215, 0.012368184514343739, 0.009972096420824528, 0.010642440058290958, 0.011638723313808441, 0.012692991644144058, 0.5111832618713379, 0.02299656718969345, 0.021629951894283295, 0.031870342791080475, 0.013027790002524853, 0.07785585522651672, 0.03445376455783844, 0.04925817996263504, 0.014488297514617443, 0.10223428905010223, 0.0167620200663805, 0.0041450331918895245], [0.10465401411056519, 0.018550094217061996, 0.038584452122449875, 0.020827822387218475, 0.02000296860933304, 0.020560411736369133, 0.14203551411628723, 0.0410955436527729, 0.02425345592200756, 0.033006004989147186, 0.020214539021253586, 0.2381763905286789, 0.033047981560230255, 0.0943378284573555, 0.02323197014629841, 0.09894802421331406, 0.02091110683977604, 0.007561948150396347], [0.009455404244363308, 0.003658481640741229, 0.009309658780694008, 0.009338571690022945, 0.005183632485568523, 0.014352194033563137, 0.024127662181854248, 0.010659721679985523, 0.026838885620236397, 0.01468655839562416, 0.008092226460576057, 0.012685798108577728, 0.7750614285469055, 0.023713920265436172, 0.00663537485525012, 0.03661260008811951, 0.006685143802314997, 0.002902729669585824], [0.0006294525228440762, 8.78860373632051e-05, 0.00028852690593339503, 0.00012271845480427146, 0.0002243065246148035, 0.000126494953292422, 0.000849564909003675, 0.0002431466564303264, 0.00039084735908545554, 0.00015285643166862428, 0.000143274970469065, 0.0008918634848669171, 0.0005840405356138945, 0.9930891394615173, 0.00026893228641711175, 0.0016287030884996057, 0.00020677372231148183, 7.149016892071813e-05], [0.049871135503053665, 0.03527173027396202, 0.05648305267095566, 0.038094744086265564, 0.0418480820953846, 0.02816963940858841, 0.07115142047405243, 0.05500316247344017, 0.026521975174546242, 0.03919145092368126, 0.0491335429251194, 0.06253837794065475, 0.046532146632671356, 0.07657566666603088, 0.2020193338394165, 0.06993284076452255, 0.031305670738220215, 0.020356083288788795], [0.0023225259501487017, 0.0005183617467992008, 0.0009231914300471544, 0.000444566598162055, 0.0005713876453228295, 0.0004754804540425539, 0.0030891692731529474, 0.0014190629590302706, 0.000887074216734618, 0.0011345588136464357, 0.00037044036434963346, 0.001638877554796636, 0.0015797815285623074, 0.0028534394223243, 0.0004302887828089297, 0.9809386730194092, 0.0002778866037260741, 0.0001252486399607733], [0.3102942109107971, 0.025316298007965088, 0.04053029417991638, 0.02175951562821865, 0.017067763954401016, 0.02110411413013935, 0.08006159961223602, 0.03725109249353409, 0.016304031014442444, 0.021668219938874245, 0.017433691769838333, 0.10735711455345154, 0.02526864781975746, 0.06830072402954102, 0.019004814326763153, 0.14384542405605316, 0.019675180315971375, 0.007757264655083418], [3.426572584430687e-05, 0.9990605711936951, 0.000432671164162457, 0.00010481013305252418, 2.34547806030605e-05, 5.433668047771789e-05, 3.132899655611254e-05, 3.69831504940521e-05, 3.994022335973568e-05, 2.9329776225495152e-05, 1.5561172403977253e-05, 2.57561569014797e-05, 1.323313426837558e-05, 1.2907495147373993e-05, 1.8192853531218134e-05, 4.3453837861306965e-05, 1.269674703507917e-05, 1.0499496056581847e-05], [0.0024958141148090363, 0.019684776663780212, 0.942242443561554, 0.007608664687722921, 0.0009372053318656981, 0.007145501207560301, 0.0011492104968056083, 0.001796490978449583, 0.0028792456723749638, 0.001254491275176406, 0.0008985277381725609, 0.0024373605847358704, 0.0015320335514843464, 0.0019278837135061622, 0.0013254550285637379, 0.003520949510857463, 0.0006861438159830868, 0.00047768442891538143], [0.01101049967110157, 0.03918332979083061, 0.06252214312553406, 0.685745120048523, 0.004821339622139931, 0.0449206717312336, 0.010078121908009052, 0.017999986186623573, 0.0319448746740818, 0.023588409647345543, 0.0057725319638848305, 0.010811267420649529, 0.012628166005015373, 0.006737987976521254, 0.007345770951360464, 0.013932536356151104, 0.007031862623989582, 0.0039252424612641335], [0.06599938869476318, 0.03146689385175705, 0.03737693652510643, 0.046615827828645706, 0.03470704331994057, 0.03921365365386009, 0.10522721707820892, 0.05139556899666786, 0.06727935373783112, 0.05951570346951485, 0.050488151609897614, 0.07195701450109482, 0.0599285326898098, 0.07526252418756485, 0.04001828283071518, 0.05773305520415306, 0.07979348301887512, 0.026021337136626244], [0.055555541068315506, 0.055555541068315506, 0.055555541068315506, 0.055555541068315506, 0.055555541068315506, 0.055555541068315506, 0.055555541068315506, 0.055555541068315506, 0.055555541068315506, 0.055555541068315506, 0.055555541068315506, 0.055555541068315506, 0.055555541068315506, 0.055555541068315506, 0.055555541068315506, 0.055555541068315506, 0.055555541068315506, 0.055555541068315506]],