{"premise_tokens": ["In", "1972", ",", "the", "population", "first", "exceeded", "100,000", ".", "@@NULL@@"], "hypothesis_tokens": ["The", "population", "of", "Wolfsburg", "first", "exceeded", "200,000", "in", "1973", ".", "@@NULL@@"], "label_logits": [1.9747666120529175, 0.9613754153251648, -4.610749244689941], "label_probs": [0.7329410910606384, 0.26604729890823364, 0.0010116163175553083], "h2p_attention": [[0.12285524606704712, 0.05919796973466873, 0.08610158413648605, 0.21850435435771942, 0.101836659014225, 0.16789183020591736, 0.05919796973466873, 0.05919796973466873, 0.08411496132612228, 0.04110145568847656], [0.0007595447241328657, 0.00010398356971563771, 0.0001867144019342959, 0.0001765941415214911, 0.9979159235954285, 0.0003147854586131871, 0.00010398356971563771, 0.00010398356971563771, 0.00026324193459004164, 7.127369462978095e-05], [0.1189999058842659, 0.05892506241798401, 0.0998557060956955, 0.11192746460437775, 0.13888674974441528, 0.230282261967659, 0.05892506241798401, 0.05892506241798401, 0.07469996064901352, 0.04857262596487999], [0.10199033468961716, 0.14195320010185242, 0.06825747340917587, 0.0884709507226944, 0.08961620181798935, 0.08619862794876099, 0.14195320010185242, 0.14195320010185242, 0.07818090915679932, 0.0614258274435997], [0.004834508523344994, 0.0016430298564955592, 0.006921838968992233, 0.004782650154083967, 0.005171083379536867, 0.96952223777771, 0.0016430298564955592, 0.0016430298564955592, 0.0026678291615098715, 0.001170836272649467], [0.10199033468961716, 0.14195320010185242, 0.06825747340917587, 0.0884709507226944, 0.08961620181798935, 0.08619862794876099, 0.14195320010185242, 0.14195320010185242, 0.07818090915679932, 0.0614258274435997], [0.10199033468961716, 0.14195320010185242, 0.06825747340917587, 0.0884709507226944, 0.08961620181798935, 0.08619862794876099, 0.14195320010185242, 0.14195320010185242, 0.07818090915679932, 0.0614258274435997], [0.584007203578949, 0.02424159273505211, 0.0321233756840229, 0.043640490621328354, 0.15558840334415436, 0.060284994542598724, 0.02424159273505211, 0.02424159273505211, 0.03703081235289574, 0.01460000965744257], [0.10199033468961716, 0.14195320010185242, 0.06825747340917587, 0.0884709507226944, 0.08961620181798935, 0.08619862794876099, 0.14195320010185242, 0.14195320010185242, 0.07818090915679932, 0.0614258274435997], [0.12827110290527344, 0.06436774134635925, 0.06745382398366928, 0.10349865257740021, 0.1867859959602356, 0.11523395031690598, 0.06436774134635925, 0.06436774134635925, 0.15508024394512177, 0.050572991371154785], [0.09999998658895493, 0.09999998658895493, 0.09999998658895493, 0.09999998658895493, 0.09999998658895493, 0.09999998658895493, 0.09999998658895493, 0.09999998658895493, 0.09999998658895493, 0.09999998658895493]], "p2h_attention": [[0.0424564927816391, 0.1513671725988388, 0.034798670560121536, 0.023583900183439255, 0.058649417012929916, 0.023583900183439255, 0.023583900183439255, 0.5681626796722412, 0.023583900183439255, 0.03602614253759384, 0.014203900471329689], [0.07705096155405045, 0.07804838567972183, 0.06489883363246918, 0.12362963706254959, 0.07507196068763733, 0.12362963706254959, 0.12362963706254959, 0.08882524818181992, 0.12362963706254959, 0.06808917969465256, 0.05349687859416008], [0.0967104360461235, 0.12093938142061234, 0.09490754455327988, 0.05130013823509216, 0.27292588353157043, 0.05130013823509216, 0.05130013823509216, 0.10157512873411179, 0.05130013823509216, 0.06157540902495384, 0.046165693551301956], [0.20462892949581146, 0.0953698456287384, 0.08869706839323044, 0.05543879047036171, 0.15723039209842682, 0.05543879047036171, 0.05543879047036171, 0.11505371332168579, 0.05543879047036171, 0.07877350598573685, 0.03849143907427788], [0.00017657276475802064, 0.9977951049804688, 0.00020377273904159665, 0.00010397098230896518, 0.00031474733259528875, 0.00010397098230896518, 0.00010397098230896518, 0.0007594528142362833, 0.00010397098230896518, 0.0002632100658956915, 7.126506534405053e-05], [0.004781348165124655, 0.005169675685465336, 0.0055494108237326145, 0.0016425824724137783, 0.9692583084106445, 0.0016425824724137783, 0.0016425824724137783, 0.004833192564547062, 0.0016425824724137783, 0.002667102962732315, 0.0011705175274983048], [0.07705096155405045, 0.07804838567972183, 0.06489883363246918, 0.12362963706254959, 0.07507196068763733, 0.12362963706254959, 0.12362963706254959, 0.08882524818181992, 0.12362963706254959, 0.06808917969465256, 0.05349687859416008], [0.07705096155405045, 0.07804838567972183, 0.06489883363246918, 0.12362963706254959, 0.07507196068763733, 0.12362963706254959, 0.12362963706254959, 0.08882524818181992, 0.12362963706254959, 0.06808917969465256, 0.05349687859416008], [0.09630556404590607, 0.17380449175834656, 0.07237092405557632, 0.05989422649145126, 0.10722526907920837, 0.05989422649145126, 0.05989422649145126, 0.11935634911060333, 0.05989422649145126, 0.14430227875709534, 0.04705820232629776], [0.09090908616781235, 0.09090908616781235, 0.09090908616781235, 0.09090908616781235, 0.09090908616781235, 0.09090908616781235, 0.09090908616781235, 0.09090908616781235, 0.09090908616781235, 0.09090908616781235, 0.09090908616781235]], "claim": "The population of Wolfsburg first exceeded 200,000 in 1973.", "premise_source_doc_id": "Wolfsburg", "premise_source_doc_line_num": 12, "premise_source_doc_sentence": "In 1972 , the population first exceeded 100,000 ."}
