{"premise_tokens": ["The", "character", "first", "appeared", "in", "Scream", "(", "1996", ")", "as", "a", "disguise", "used", "by", "teenagers", "Billy", "Loomis", "(", "Skeet", "Ulrich", ")", "and", "Stu", "Macher", "(", "Matthew", "Lillard", ")", ",", "during", "their", "killing", "spree", "in", "the", "fictional", "town", "of", "Woodsboro", ".", "@@NULL@@"], "hypothesis_tokens": ["Matthew", "Lillard", "was", "in", "Scream", "in", "1996", ".", "@@NULL@@"], "label_logits": [1.2920678853988647, -0.09878624975681305, -2.456489324569702], "label_probs": [0.785907506942749, 0.1955830305814743, 0.018509460613131523], "h2p_attention": [[0.009808559902012348, 0.017644688487052917, 0.012448027729988098, 0.032964665442705154, 0.02795269340276718, 0.009711816906929016, 0.008009795099496841, 0.021586062386631966, 0.008271249942481518, 0.011227290146052837, 0.015967903658747673, 0.01805002987384796, 0.013445883058011532, 0.01506250910460949, 0.016522850841283798, 0.024316905066370964, 0.009963370859622955, 0.008009795099496841, 0.035043198615312576, 0.009963370859622955, 0.008271249942481518, 0.011258440092206001, 0.009963370859622955, 0.009963370859622955, 0.008009795099496841, 0.404969185590744, 0.009963370859622955, 0.008271249942481518, 0.012859158217906952, 0.014854113571345806, 0.01949075609445572, 0.012535959482192993, 0.02706989273428917, 0.02795269340276718, 0.009808559902012348, 0.017904717475175858, 0.02394663542509079, 0.009321624413132668, 0.009963370859622955, 0.01038072258234024, 0.007271087262779474], [0.022664640098810196, 0.021446220576763153, 0.022082513198256493, 0.02218369022011757, 0.02612805925309658, 0.02912752330303192, 0.016916468739509583, 0.03885471448302269, 0.017557311803102493, 0.022423911839723587, 0.02153213694691658, 0.02899135835468769, 0.020595800131559372, 0.021379154175519943, 0.021378783509135246, 0.028180217370390892, 0.0363658145070076, 0.016916468739509583, 0.01744498498737812, 0.0363658145070076, 0.017557311803102493, 0.019959280267357826, 0.0363658145070076, 0.0363658145070076, 0.016916468739509583, 0.02156285010278225, 0.0363658145070076, 0.017557311803102493, 0.017486317083239555, 0.022131500765681267, 0.028103956952691078, 0.02569916471838951, 0.027823427692055702, 0.02612805925309658, 0.022664640098810196, 0.021617284044623375, 0.0259388480335474, 0.01909007504582405, 0.0363658145070076, 0.02002851665019989, 0.015736173838377], [0.02726398967206478, 0.03226930648088455, 0.035250287503004074, 0.03898102045059204, 0.02753506414592266, 0.024797743186354637, 0.013602400198578835, 0.029036104679107666, 0.013881443999707699, 0.031058628112077713, 0.030732138082385063, 0.04332654923200607, 0.020444653928279877, 0.04265075922012329, 0.02418435551226139, 0.023800354450941086, 0.016681447625160217, 0.013602400198578835, 0.021095681935548782, 0.016681447625160217, 0.013881443999707699, 0.02496357634663582, 0.016681447625160217, 0.016681447625160217, 0.013602400198578835, 0.015616671182215214, 0.016681447625160217, 0.013881443999707699, 0.019570421427488327, 0.025040049105882645, 0.05163231119513512, 0.037925101816654205, 0.020479490980505943, 0.02753506414592266, 0.02726398967206478, 0.03433847427368164, 0.02550419233739376, 0.016891833394765854, 0.016681447625160217, 0.02665078639984131, 0.011621261015534401], [0.013822125270962715, 0.016688048839569092, 0.019093887880444527, 0.046382397413253784, 0.184970885515213, 0.015244240872561932, 0.00681337108835578, 0.052464865148067474, 0.007412939332425594, 0.019416039809584618, 0.022205917164683342, 0.020374545827507973, 0.016791248694062233, 0.01842462457716465, 0.011769545264542103, 0.01424971129745245, 0.007677968125790358, 0.00681337108835578, 0.025418326258659363, 0.007677968125790358, 0.007412939332425594, 0.010392476804554462, 0.007677968125790358, 0.007677968125790358, 0.00681337108835578, 0.017777172848582268, 0.007677968125790358, 0.007412939332425594, 0.010174342431128025, 0.0172993466258049, 0.023019306361675262, 0.021722404286265373, 0.022723518311977386, 0.184970885515213, 0.013822125270962715, 0.02777535282075405, 0.036578088998794556, 0.01132904551923275, 0.007677968125790358, 0.011728661134839058, 0.004624218214303255], [0.0036334055475890636, 0.0019337547710165381, 0.004051194526255131, 0.002727894578129053, 0.0038579206448048353, 0.8951075077056885, 0.002796639921143651, 0.00306546688079834, 0.002689144341275096, 0.0028643982950598, 0.0038253196980804205, 0.0032733287662267685, 0.0028486645314842463, 0.0018401230918243527, 0.00226593972183764, 0.0028730365447700024, 0.002166158054023981, 0.002796639921143651, 0.002627998124808073, 0.002166158054023981, 0.002689144341275096, 0.002116960007697344, 0.002166158054023981, 0.002166158054023981, 0.002796639921143651, 0.001563100959174335, 0.002166158054023981, 0.002689144341275096, 0.0015823477879166603, 0.0022545927204191685, 0.004146174527704716, 0.0031764183659106493, 0.0019224673742428422, 0.0038579206448048353, 0.0036334055475890636, 0.0027226563543081284, 0.0016703370492905378, 0.0015714284963905811, 0.002166158054023981, 0.0023617746774107218, 0.001170269213616848], [0.013822125270962715, 0.016688048839569092, 0.019093887880444527, 0.046382397413253784, 0.184970885515213, 0.015244240872561932, 0.00681337108835578, 0.052464865148067474, 0.007412939332425594, 0.019416039809584618, 0.022205917164683342, 0.020374545827507973, 0.016791248694062233, 0.01842462457716465, 0.011769545264542103, 0.01424971129745245, 0.007677968125790358, 0.00681337108835578, 0.025418326258659363, 0.007677968125790358, 0.007412939332425594, 0.010392476804554462, 0.007677968125790358, 0.007677968125790358, 0.00681337108835578, 0.017777172848582268, 0.007677968125790358, 0.007412939332425594, 0.010174342431128025, 0.0172993466258049, 0.023019306361675262, 0.021722404286265373, 0.022723518311977386, 0.184970885515213, 0.013822125270962715, 0.02777535282075405, 0.036578088998794556, 0.01132904551923275, 0.007677968125790358, 0.011728661134839058, 0.004624218214303255], [0.0002224487834610045, 0.0001595549110788852, 0.0009560334729030728, 0.00036663032369688153, 0.0009796974482014775, 0.00022618964430876076, 0.0001495492906542495, 0.9831581711769104, 0.0001641148264752701, 0.0006092077819630504, 0.00028220636886544526, 0.00023783046344760805, 0.0003395311359781772, 0.00025046084192581475, 0.0004092495364602655, 0.0001587003789609298, 0.00021320955420378596, 0.0001495492906542495, 0.0006103423656895757, 0.00021320955420378596, 0.0001641148264752701, 0.00032264748006127775, 0.00021320955420378596, 0.00021320955420378596, 0.0001495492906542495, 0.0002563516900409013, 0.00021320955420378596, 0.0001641148264752701, 0.0002893887285608798, 0.00038780036265961826, 0.0018692369339987636, 0.0017736331792548299, 0.0010618846863508224, 0.0009796974482014775, 0.0002224487834610045, 0.000181278504896909, 0.0006968258530832827, 0.0004357305006124079, 0.00021320955420378596, 0.0002502987044863403, 8.634991536382586e-05], [0.026683948934078217, 0.024642175063490868, 0.02970953658223152, 0.023081256076693535, 0.03307076916098595, 0.026313982903957367, 0.01767747476696968, 0.03779467195272446, 0.0176002848893404, 0.02710036002099514, 0.02575313113629818, 0.022562852129340172, 0.018935324624180794, 0.02838178537786007, 0.026088664308190346, 0.025369061157107353, 0.01659524068236351, 0.01767747476696968, 0.026016516610980034, 0.01659524068236351, 0.0176002848893404, 0.02529844641685486, 0.01659524068236351, 0.01659524068236351, 0.01767747476696968, 0.018614962697029114, 0.01659524068236351, 0.0176002848893404, 0.017390895634889603, 0.0309053435921669, 0.041015904396772385, 0.03389210253953934, 0.03277938440442085, 0.03307076916098595, 0.026683948934078217, 0.02105926349759102, 0.03930658474564552, 0.020052235573530197, 0.01659524068236351, 0.039982669055461884, 0.013038688339293003], [0.02439025230705738, 0.02439025230705738, 0.02439025230705738, 0.02439025230705738, 0.02439025230705738, 0.02439025230705738, 0.02439025230705738, 0.02439025230705738, 