{"premise_tokens": ["Michael", "Anthony", "Trevino", "(", "born", "January", "25", ",", "1985", ")", "is", "an", "American", "actor", ".", "@@NULL@@"], "hypothesis_tokens": ["Michael", "Trevino", "is", "a", "stage", "actor", ".", "@@NULL@@"], "label_logits": [-1.3541438579559326, -0.21865592896938324, 0.6633276343345642], "label_probs": [0.08596988022327423, 0.2675977647304535, 0.6464323401451111], "h2p_attention": [[0.8058747053146362, 0.021884657442569733, 0.009872888214886189, 0.005361015442758799, 0.016922477632761, 0.008531546220183372, 0.013682124204933643, 0.011755149811506271, 0.009416244924068451, 0.00550476461648941, 0.020398179069161415, 0.024166004732251167, 0.021504266187548637, 0.011899996548891068, 0.00813645776361227, 0.005089380778372288], [0.07888404279947281, 0.04467926174402237, 0.09397321939468384, 0.04371399059891701, 0.06564287096261978, 0.07196751236915588, 0.05999220162630081, 0.045186541974544525, 0.08618703484535217, 0.04536999762058258, 0.07318706065416336, 0.061521776020526886, 0.0849846750497818, 0.05229005217552185, 0.0517558678984642, 0.040663983672857285], [0.020176321268081665, 0.013932298868894577, 0.00906024593859911, 0.007593353744596243, 0.07099499553442001, 0.029657481238245964, 0.029755106195807457, 0.014134904369711876, 0.017892582342028618, 0.0071239410899579525, 0.6208177804946899, 0.09455376118421555, 0.01461881771683693, 0.024297399446368217, 0.020357005298137665, 0.005034026689827442], [0.05629843473434448, 0.0338047556579113, 0.028792932629585266, 0.022459648549556732, 0.10757049918174744, 0.07676956802606583, 0.054009757936000824, 0.057571202516555786, 0.06313583999872208, 0.024796394631266594, 0.11674357950687408, 0.11435601115226746, 0.098407082259655, 0.0826798528432846, 0.04156176745891571, 0.021042531356215477], [0.13109970092773438, 0.03791297227144241, 0.018034256994724274, 0.021764107048511505, 0.08946976810693741, 0.05989699065685272, 0.06507040560245514, 0.02287050150334835, 0.08297868818044662, 0.024856895208358765, 0.11945999413728714, 0.14366397261619568, 0.05062238872051239, 0.09183569997549057, 0.029589368030428886, 0.010874398984014988], [0.006579201202839613, 0.008143505081534386, 0.0036182657349854708, 0.0048057520762085915, 0.020029721781611443, 0.015984876081347466, 0.01601756364107132, 0.006778434384614229, 0.0063626691699028015, 0.004999148193746805, 0.01358111947774887, 0.014630873687565327, 0.015612798742949963, 0.8553742170333862, 0.004668047185987234, 0.002813787432387471], [0.05241398140788078, 0.04807554557919502, 0.041727885603904724, 0.044449109584093094, 0.06822624802589417, 0.07083043456077576, 0.062312398105859756, 0.04372851923108101, 0.06670376658439636, 0.04425502568483353, 0.13257914781570435, 0.0906609520316124, 0.04632728174328804, 0.054390210658311844, 0.10053437203168869, 0.032785117626190186], [0.0625, 0.0625, 0.0625, 0.0625, 0.0625, 0.0625, 0.0625, 0.0625, 0.0625, 0.0625, 0.0625, 0.0625, 0.0625, 0.0625, 0.0625, 0.0625]], "p2h_attention": [[0.860752284526825, 0.010545201599597931, 0.021787231788039207, 0.014543665573000908, 0.065534807741642, 0.012710349634289742, 0.008690524846315384, 0.005435951519757509], [0.2309391349554062, 0.05900907516479492, 0.148638054728508, 0.08627849072217941, 0.18724283576011658, 0.1554328352212906, 0.07875355333089828, 0.053705986589193344], [0.15352068841457367, 0.18288657069206238, 0.14243346452713013, 0.10828682780265808, 0.13124436140060425, 0.10176461935043335, 0.10072501003742218, 0.07913847267627716], [0.09781313687562943, 0.09982184320688248, 0.14006617665290833, 0.09911057353019714, 0.18584488332271576, 0.15859338641166687, 0.12589295208454132, 0.09285708516836166], [0.07808706164360046, 0.0379103384912014, 0.3312015235424042, 0.12005362659692764, 0.19321955740451813, 0.16717205941677094, 0.04887140169739723, 0.023484433069825172], [0.061325233429670334, 0.0647444948554039, 0.21552368998527527, 0.1334650069475174, 0.20150046050548553, 0.20782333612442017, 0.07903499901294708, 0.03658274561166763], [0.0987711250782013, 0.054203376173973083, 0.2171637862920761, 0.09430087357759476, 0.21984656155109406, 0.20914460718631744, 0.0698295459151268, 0.036740198731422424], [0.1460869312286377, 0.07028253376483917, 0.17759288847446442, 0.17304357886314392, 0.1330205202102661, 0.15236541628837585, 0.08435993641614914, 0.06324820220470428], [0.07889583706855774, 0.09038020670413971, 0.15156498551368713, 0.12794379889965057, 0.3253887891769409, 0.09642496705055237, 0.08675908297300339, 0.042642366141080856], [0.09654516726732254, 0.09958998113870621, 0.12631691992282867, 0.1051834374666214, 0.2040320485830307, 0.15858478844165802, 0.12048767507076263, 0.08925998210906982], [0.02576887421309948, 0.011571601964533329, 0.7928985357284546, 0.03567007556557655, 0.07062951475381851, 0.031032251194119453, 0.02599964663386345, 0.006429378408938646], [0.09017807245254517, 0.02873293310403824, 0.35671740770339966, 0.10321006923913956, 0.2509016990661621, 0.09875067323446274, 0.05251756310462952, 0.01899157650768757], [0.15936937928199768, 0.07882716506719589, 0.10953223705291748, 0.17638985812664032, 0.17558303475379944, 0.20928335189819336, 0.05329730361700058, 0.03771770000457764], [0.007140026427805424, 0.003926694393157959, 0.01473880372941494, 0.011998296715319157, 0.025788387283682823, 0.9282881617546082, 0.00506596127524972, 0.003053640713915229], [0.09221411496400833, 0.07341362535953522, 0.23325204849243164, 0.11392605304718018, 0.15694861114025116, 0.09569098055362701, 0.17687436938285828, 0.05768023803830147], [0.125, 0.125, 0.125, 0.125, 0.125, 0.125, 0.125, 0.125]], "claim": "Michael Trevino is a stage actor.", "premise_source_doc_id": "Michael_Trevino", "premise_source_doc_line_num": 0, "premise_source_doc_sentence": "Michael Anthony Trevino  (  born January 25 , 1985  )  is an American actor ."}
