{"premise_tokens": ["Manga", "Box", "is", "a", "manga", "magazine", "mobile", "app", "developed", "by", "DeNA", ".", "@@NULL@@"], "hypothesis_tokens": ["Manga", "Box", "is", "a", "manga", "magazine", "desktop", "app", ".", "@@NULL@@"], "label_logits": [0.47504082322120667, 1.724985122680664, -2.892677068710327], "label_probs": [0.22101318836212158, 0.7713688611984253, 0.007617926690727472], "h2p_attention": [[0.4993475079536438, 7.5694210863730405e-06, 1.4965444279368967e-05, 1.5514891856582835e-05, 0.4993475079536438, 0.0009718513465486467, 1.4750522495887708e-05, 0.00017350379494018853, 7.288850611075759e-05, 1.8429045667289756e-05, 5.475131729326677e-06, 6.66084861222771e-06, 3.401856702112127e-06], [0.017105065286159515, 0.7743021249771118, 0.019579865038394928, 0.017274098470807076, 0.017105065286159515, 0.029827473685145378, 0.040198661386966705, 0.011413432657718658, 0.012711680494248867, 0.02996954135596752, 0.010793723165988922, 0.012031855061650276, 0.007687374018132687], [0.024568339809775352, 0.014224398881196976, 0.6887329816818237, 0.03098398447036743, 0.024568339809775352, 0.013864938169717789, 0.017568519338965416, 0.019222840666770935, 0.016681591048836708, 0.11136393249034882, 0.010051403194665909, 0.022583985701203346, 0.005584730766713619], [0.08880509436130524, 0.0437544621527195, 0.10802891105413437, 0.2653976082801819, 0.08880509436130524, 0.06881333887577057, 0.0539374053478241, 0.06811682134866714, 0.057795021682977676, 0.07197174429893494, 0.026643602177500725, 0.03845926746726036, 0.019471749663352966], [0.4993475079536438, 7.5694210863730405e-06, 1.4965444279368967e-05, 1.5514891856582835e-05, 0.4993475079536438, 0.0009718513465486467, 1.4750522495887708e-05, 0.00017350379494018853, 7.288850611075759e-05, 1.8429045667289756e-05, 5.475131729326677e-06, 6.66084861222771e-06, 3.401856702112127e-06], [0.01713472418487072, 0.00023271907411981374, 0.00014890499005559832, 0.0002119634737027809, 0.01713472418487072, 0.9618633389472961, 0.00035417129402048886, 0.0019407578511163592, 0.0005366738187149167, 0.0001807733060559258, 9.749840683070943e-05, 0.00010366009519202635, 5.997818516334519e-05], [0.07593652606010437, 0.04054078832268715, 0.04014216735959053, 0.03107471577823162, 0.07593652606010437, 0.0273312795907259, 0.24203063547611237, 0.06891190260648727, 0.28545475006103516, 0.043380893766880035, 0.022395377978682518, 0.031449705362319946, 0.015414802357554436], [0.10163544118404388, 0.0029586285818368196, 0.006859106477349997, 0.006971106398850679, 0.10163544118404388, 0.06448077410459518, 0.032598912715911865, 0.654407262802124, 0.013852466829121113, 0.006100516766309738, 0.002509005833417177, 0.0039985524490475655, 0.001992747187614441], [0.07354651391506195, 0.05878996476531029, 0.15189623832702637, 0.07418987154960632, 0.07354651391506195, 0.06491823494434357, 0.06613381206989288, 0.07537011802196503, 0.07929399609565735, 0.08176252990961075, 0.04780774191021919, 0.11518248170614243, 0.037561990320682526], [0.07692307978868484, 0.07692307978868484, 0.07692307978868484, 0.07692307978868484, 0.07692307978868484, 0.07692307978868484, 0.07692307978868484, 0.07692307978868484, 0.07692307978868484, 0.07692307978868484, 0.07692307978868484, 0.07692307978868484, 0.07692307978868484]], "p2h_attention": [[0.49939483404159546, 7.570138222945388e-06, 1.496686218160903e-05, 1.55163616000209e-05, 0.49939483404159546, 0.0009719434892758727, 1.6759837308200076e-05, 0.00017352023860439658, 6.661480256298091e-06, 3.4021791179839056e-06], [0.01846114546060562, 0.8356883525848389, 0.021132145076990128, 0.018643580377101898, 0.01846114546060562, 0.0321921780705452, 0.02182057499885559, 0.012318282388150692, 0.012985734269022942, 0.008296824991703033], [0.028605161234736443, 0.016561606898903847, 0.8018985986709595, 0.036074958741664886, 0.028605161234736443, 0.016143083572387695, 0.016932988539338112, 0.022381342947483063, 0.026294758543372154, 0.0065023573115468025], [0.10713537782430649, 0.05278583616018295, 0.13032719492912292, 0.32017841935157776, 0.10713537782430649, 0.08301712572574615, 0.04735536873340607, 0.08217683434486389, 0.046397656202316284, 0.023490920662879944], [0.49939483404159546, 7.570138222945388e-06, 1.496686218160903e-05, 1.55163616000209e-05, 0.49939483404159546, 0.0009719434892758727, 1.6759837308200076e-05, 0.00017352023860439658, 6.661480256298091e-06, 3.4021791179839056e-06], [0.017152957618236542, 0.00023296670406125486, 0.00014906343130860478, 0.00021218901383690536, 0.017152957618236542, 0.9628868103027344, 0.00010645770817063749, 0.0019428228260949254, 0.00010377039870945737, 6.0042006225558e-05], [0.07161925733089447, 0.0863717645406723, 0.05196024477481842, 0.045753397047519684, 0.07161925733089447, 0.09753450006246567, 0.25934067368507385, 0.2702023983001709, 0.029081260785460472, 0.016517270356416702], [0.10655312985181808, 0.0031017835717648268, 0.007190987933427095, 0.007308407220989466, 0.10655312985181808, 0.06760071218013763, 0.009339628741145134, 0.6860710978507996, 0.004192024935036898, 0.0020891674794256687], [0.24350766837596893, 0.018792934715747833, 0.033947259187698364, 0.033733002841472626, 0.24350766837596893, 0.10169196128845215, 0.2104596495628357, 0.07900314033031464, 0.02399171143770218, 0.011365002021193504], [0.10740918666124344, 0.0772959366440773, 0.39536380767822266, 0.07328440994024277, 0.10740918666124344, 0.059757914394140244, 0.05579754710197449, 0.06069723516702652, 0.04315789416432381, 0.019826889038085938], [0.1117570698261261, 0.09749661386013031, 0.12497428804636002, 0.09501326829195023, 0.1117570698261261, 0.11287569254636765, 0.10088271647691727, 0.0874270424246788, 0.08837836980819702, 0.06943786144256592], [0.09174541383981705, 0.07333739101886749, 0.18948258459568024, 0.09254796802997589, 0.09174541383981705, 0.08098208904266357, 0.09559814631938934, 0.09402026981115341, 0.14368410408496857, 0.04685661196708679], [0.09999998658895493, 0.09999998658895493, 0.09999998658895493, 0.09999998658895493, 0.09999998658895493, 0.09999998658895493, 0.09999998658895493, 0.09999998658895493, 0.09999998658895493, 0.09999998658895493]], "claim": "Manga Box is a manga magazine desktop app.", "premise_source_doc_id": "Manga_Box", "premise_source_doc_line_num": 0, "premise_source_doc_sentence": "Manga Box is a manga magazine mobile app developed by DeNA ."}
