{"premise_tokens": ["Examples", "of", "characters", "include", "letters", ",", "numerical", "digits", ",", "common", "punctuation", "marks", "(", "such", "as", "''", ".", "''", "@@NULL@@"], "hypothesis_tokens": ["Characters", "(", "computing", ")", "include", ",", "for", "example", ",", "common", "punctuation", "marks", ".", "@@NULL@@"], "label_logits": [2.5438144207000732, -0.5079429745674133, -3.934734582901001], "label_probs": [0.9534599184989929, 0.04507555067539215, 0.0014645506162196398], "h2p_attention": [[0.011808712035417557, 0.0017714444547891617, 0.9230498671531677, 0.021725883707404137, 0.00757446326315403, 0.0023864982649683952, 0.0012365136062726378, 0.0012365136062726378, 0.0023864982649683952, 0.006404330488294363, 0.0012365136062726378, 0.0018136295257136226, 0.0017290834803134203, 0.0061481106095016, 0.004492521286010742, 0.0012365136062726378, 0.0016713259974494576, 0.0012365136062726378, 0.0008551490609534085], [0.05471086874604225, 0.04141691327095032, 0.07612545043230057, 0.057079993188381195, 0.06466011703014374, 0.042739853262901306, 0.040473077446222305, 0.040473077446222305, 0.042739853262901306, 0.06152254715561867, 0.040473077446222305, 0.05347025766968727, 0.1294735074043274, 0.040185414254665375, 0.04481690004467964, 0.040473077446222305, 0.05104368180036545, 0.040473077446222305, 0.03764919564127922], [0.08714663982391357, 0.049141641706228256, 0.1321672946214676, 0.09284769743680954, 0.05302215740084648, 0.03439125418663025, 0.0350230447947979, 0.0350230447947979, 0.03439125418663025, 0.07728108018636703, 0.0350230447947979, 0.06295504420995712, 0.04531669244170189, 0.05942120403051376, 0.03386211395263672, 0.0350230447947979, 0.04075712710618973, 0.0350230447947979, 0.022183658555150032], [0.05011831596493721, 0.0447700172662735, 0.0820126160979271, 0.04988379031419754, 0.07475388050079346, 0.042597923427820206, 0.04222328960895538, 0.04222328960895538, 0.042597923427820206, 0.05659880489110947, 0.04222328960895538, 0.05772558972239494, 0.11440631002187729, 0.039927493780851364, 0.044563986361026764, 0.04222328960895538, 0.051083311438560486, 0.04222328960895538, 0.03784366697072983], [0.026373447850346565, 0.004096531309187412, 0.04053095355629921, 0.8057414889335632, 0.0022230467293411493, 0.008552875369787216, 0.0018967809155583382, 0.0018967809155583382, 0.008552875369787216, 0.005505221895873547, 0.0018967809155583382, 0.002951650647446513, 0.0024186852388083935, 0.07049394398927689, 0.008789755403995514, 0.0018967809155583382, 0.0026902679819613695, 0.0018967809155583382, 0.0015953322872519493], [0.05458519980311394, 0.03872735798358917, 0.05257217213511467, 0.10099443048238754, 0.02073529362678528, 0.14723274111747742, 0.020933203399181366, 0.020933203399181366, 0.14723274111747742, 0.036125704646110535, 0.020933203399181366, 0.031960517168045044, 0.021385230123996735, 0.12316469848155975, 0.07665380835533142, 0.020933203399181366, 0.02512606419622898, 0.020933203399181366, 0.018838075920939445], [0.06904435902833939, 0.059718601405620575, 0.12098295986652374, 0.06185130029916763, 0.08232277631759644, 0.04638185352087021, 0.02935134246945381, 0.02935134246945381, 0.04638185352087021, 0.0813615620136261, 0.02935134246945381, 0.052779220044612885, 0.024976473301649094, 0.05368686094880104, 0.09144414961338043, 0.02935134246945381, 0.0402757003903389, 0.02935134246945381, 0.02203560434281826], [0.12742860615253448, 0.032136060297489166, 0.1055917963385582, 0.1295117437839508, 0.027490612119436264, 0.04532394930720329, 0.01564093679189682, 0.01564093679189682, 0.04532394930720329, 0.08097762614488602, 0.01564093679189682, 0.024257168173789978, 0.01537443045526743, 0.17178787291049957, 0.08241280913352966, 0.01564093679189682, 0.021725835278630257, 0.01564093679189682, 0.012452873401343822], [0.05458519980311394, 0.03872735798358917, 0.05257217213511467, 0.10099443048238754, 0.02073529362678528, 0.14723274111747742, 0.020933203399181366, 0.020933203399181366, 0.14723274111747742, 0.036125704646110535, 0.020933203399181366, 0.031960517168045044, 0.021385230123996735, 0.12316469848155975, 0.07665380835533142, 0.020933203399181366, 0.02512606419622898, 0.020933203399181366, 0.018838075920939445], [0.009679681621491909, 0.003127139061689377, 0.010547931306064129, 0.004860252607613802, 0.017311545088887215, 0.0027009397745132446, 0.002409007167443633, 0.002409007167443633, 0.0027009397745132446, 0.9108907580375671, 0.002409007167443633, 0.0040419818833470345, 0.002301514847204089, 0.007268496789038181, 0.008357910439372063, 0.002409007167443633, 0.0027575423009693623, 0.002409007167443633, 0.0014084295835345984], [0.047355931252241135, 0.040757812559604645, 0.04858022555708885, 0.03994555398821831, 0.04268565773963928, 0.03733374550938606, 0.07764197140932083, 0.07764197140932083, 0.03733374550938606, 0.057465262711048126, 0.07764197140932083, 0.05879015102982521, 0.036117106676101685, 0.04119076952338219, 0.04787564277648926, 0.07764197140932083, 0.042761415243148804, 0.07764197140932083, 0.03359714522957802], [0.016387121751904488, 0.017211193218827248, 0.015628192573785782, 0.013633767142891884, 0.0170388575643301, 0.012501996010541916, 0.012894490733742714, 0.012894490733742714, 0.012501996010541916, 0.021147610619664192, 0.012894490733742714, 0.7480741143226624, 0.010465467348694801, 0.014253907836973667, 0.015937894582748413, 0.012894490733742714, 0.013376608490943909, 0.012894490733742714, 0.007368890102952719], [0.05172757804393768, 0.050008196383714676, 0.06355239450931549, 0.05483485385775566, 0.05498780682682991, 0.04337109625339508, 0.041386816650629044, 0.041386816650629044, 0.04337109625339508, 0.06366480141878128, 0.041386816650629044, 0.0590277798473835, 0.0440857969224453, 0.06461919099092484, 0.06758549064397812, 0.041386816650629044, 0.09971262514591217, 0.041386816650629044, 0.03251713886857033], [0.05263159051537514, 0.05263159051537514, 0.05263159051537514, 0.05263159051537514, 0.05263159051537514, 0.05263159051537514, 0.05263159051537514, 0.05263159051537514, 0.05263159051537514, 0.05263159051537514, 0.05263159051537514, 0.05263159051537514, 0.05263159051537514, 0.05263159051537514, 0.05263159051537514, 0.05263159051537514, 0.05263159051537514, 0.05263159051537514, 0.05263159051537514]],