{"premise_tokens": ["The", "series", "also", "stars", "Robin", "Wright", ",", "Kate", "Mara", ",", "and", "Corey", "Stoll", "in", "lead", "roles", ".", "@@NULL@@"], "hypothesis_tokens": ["Brothers", "(", "2009", "film", ")", "stars", "Robin", "Wright", ".", "@@NULL@@"], "label_logits": [0.9103636741638184, 1.021470546722412, -2.5671403408050537], "label_probs": [0.46546295285224915, 0.520161509513855, 0.014375544153153896], "h2p_attention": [[0.03418365865945816, 0.044659506529569626, 0.028782149776816368, 0.045637696981430054, 0.05447617918252945, 0.09539078176021576, 0.029940327629446983, 0.28827738761901855, 0.02947632595896721, 0.029940327629446983, 0.0828341692686081, 0.02947632595896721, 0.03411160036921501, 0.03985266387462616, 0.04122840240597725, 0.025524308905005455, 0.047298211604356766, 0.018909884616732597], [0.04838452488183975, 0.09874600172042847, 0.044410452246665955, 0.0827370211482048, 0.06852136552333832, 0.05939918011426926, 0.045701950788497925, 0.048758119344711304, 0.04327807202935219, 0.045701950788497925, 0.045378636568784714, 0.04327807202935219, 0.04451960697770119, 0.05931726098060608, 0.049329567700624466, 0.0776984691619873, 0.054581280797719955, 0.04025848209857941], [0.02849511243402958, 0.0869566947221756, 0.06567824631929398, 0.09100726246833801, 0.059611428529024124, 0.04919390752911568, 0.03952409327030182, 0.08440081030130386, 0.02855197712779045, 0.03952409327030182, 0.036243315786123276, 0.02855197712779045, 0.050552576780319214, 0.0895390436053276, 0.04818114638328552, 0.10252215713262558, 0.05307745188474655, 0.018388617783784866], [0.03413621336221695, 0.3619215786457062, 0.03261137381196022, 0.04091917723417282, 0.019662028178572655, 0.02742103300988674, 0.018210655078291893, 0.032930657267570496, 0.027399761602282524, 0.018210655078291893, 0.022192642092704773, 0.027399761602282524, 0.0498085655272007, 0.1283620297908783, 0.04630453884601593, 0.06714978814125061, 0.03100796788930893, 0.01435158122330904], [0.046825505793094635, 0.1087418645620346, 0.04445504769682884, 0.07122310250997543, 0.06854137033224106, 0.0598234087228775, 0.04342043399810791, 0.05415484681725502, 0.04303856939077377, 0.04342043399810791, 0.04317721724510193, 0.04303856939077377, 0.0467270128428936, 0.061837390065193176, 0.05584675446152687, 0.07508440315723419, 0.05206966772675514, 0.03857438266277313], [1.8085627573327656e-07, 5.204979061090853e-07, 6.270850576584053e-07, 0.9988934397697449, 0.00012570411490742117, 7.721220754319802e-05, 8.469980912195751e-07, 1.1278310694251559e-06, 1.0548890827521973e-07, 8.469980912195751e-07, 2.1419184292881255e-07, 1.0548890827521973e-07, 4.1886164581228513e-07, 1.816574012991623e-06, 7.096686204022262e-06, 0.0008895604405552149, 1.569172667359453e-07, 7.837775228836108e-08], [0.00025474035646766424, 0.0004475934838410467, 0.0012187773827463388, 0.25119829177856445, 0.7157915234565735, 0.013037612661719322, 0.000521789537742734, 0.0007445044466294348, 0.0001802793995011598, 0.000521789537742734, 0.00022070204431656748, 0.0001802793995011598, 0.00047887032269500196, 0.0005364111275412142, 0.002441882388666272, 0.011814987286925316, 0.0002532613871153444, 0.00015662453370168805], [0.0006384619628079236, 0.002314077690243721, 0.001498079509474337, 0.3830145299434662, 0.032363854348659515, 0.44234734773635864, 0.0008301811176352203, 0.0027325472328811884, 0.00047432933934032917, 0.0008301811176352203, 0.0006514681153930724, 0.00047432933934032917, 0.002217547968029976, 0.0022006435319781303, 0.006846356671303511, 0.1195501908659935, 0.0006270954036153853, 0.00038879612111486495], [0.06460548937320709, 0.05980340391397476, 0.05801016464829445, 0.06320204585790634, 0.05104609951376915, 0.050917256623506546, 0.04210573807358742, 0.07050352543592453, 0.040179360657930374, 0.04210573807358742, 0.061250995844602585, 0.040179360657930374, 0.0611027367413044, 0.08006884157657623, 0.04080502688884735, 0.0457422137260437, 0.09680353105068207, 0.031568460166454315], [0.055555541068315506, 0.055555541068315506, 0.055555541068315506, 0.055555541068315506, 0.055555541068315506, 0.055555541068315506, 0.055555541068315506, 0.055555541068315506, 0.055555541068315506, 0.055555541068315506, 0.055555541068315506, 0.055555541068315506, 0.055555541068315506, 0.055555541068315506, 0.055555541068315506, 0.055555541068315506, 0.055555541068315506, 0.055555541068315506]],