{"premise_tokens": ["Czechoslovakia", ":", "Communist", "Party", "of", "Czechoslovakia", "@@NULL@@"], "hypothesis_tokens": ["The", "Communist", "Party", "of", "Czechoslovakia", "'s", "leader", "'s", "proposition", "led", "to", "something", ".", "@@NULL@@"], "label_logits": [-0.9003936648368835, -2.900940418243408, 1.3798151016235352], "label_probs": [0.09162557125091553, 0.01239339541643858, 0.8959810137748718], "h2p_attention": [[0.11904206871986389, 0.11317584663629532, 0.16859474778175354, 0.20703718066215515, 0.1904565542936325, 0.11904206871986389, 0.0826515182852745], [0.00010033033322542906, 7.855058356653899e-05, 0.9959951639175415, 0.0035906194243580103, 8.52892771945335e-05, 0.00010033033322542906, 4.970753434463404e-05], [4.8191239329753444e-05, 3.511877002893016e-05, 0.001581967226229608, 0.998213529586792, 5.111086284159683e-05, 4.8191239329753444e-05, 2.1900315914535895e-05], [0.06513282656669617, 0.06578969955444336, 0.09212207049131393, 0.12530097365379333, 0.5328319072723389, 0.06513282656669617, 0.05368976294994354], [0.19060765206813812, 0.0882740244269371, 0.16647782921791077, 0.18149466812610626, 0.1000586524605751, 0.19060765206813812, 0.08247952908277512], [0.1191544234752655, 0.11725911498069763, 0.1729150265455246, 0.19405438005924225, 0.2021143138408661, 0.1191544234752655, 0.07534829527139664], [0.028664110228419304, 0.05809855833649635, 0.5752520561218262, 0.18171297013759613, 0.10558966547250748, 0.028664110228419304, 0.022018585354089737], [0.1191544234752655, 0.11725911498069763, 0.1729150265455246, 0.19405438005924225, 0.2021143138408661, 0.1191544234752655, 0.07534829527139664], [0.18206216394901276, 0.06288980692625046, 0.24317370355129242, 0.1638200581073761, 0.11085174232721329, 0.18206216394901276, 0.05514043942093849], [0.0554276779294014, 0.06662379950284958, 0.35694625973701477, 0.3214336335659027, 0.09899692237377167, 0.0554276779294014, 0.04514402523636818], [0.10583886504173279, 0.10391243547201157, 0.1863584667444229, 0.22698532044887543, 0.2080245018005371, 0.10583886504173279, 0.0630415752530098], [0.1039547249674797, 0.06858014315366745, 0.2083538919687271, 0.3476083278656006, 0.12279889732599258, 0.1039547249674797, 0.04474931210279465], [0.11762852966785431, 0.1118580773472786, 0.1605706363916397, 0.2577628493309021, 0.1421319991350174, 0.11762852966785431, 0.09241937845945358], [0.1428571492433548, 0.1428571492433548, 0.1428571492433548, 0.1428571492433548, 0.1428571492433548, 0.1428571492433548, 0.1428571492433548]], "p2h_attention": [[0.05890236422419548, 0.08254548162221909, 0.08999135345220566, 0.04961255192756653, 0.09450988471508026, 0.06467252969741821, 0.05323927477002144, 0.06467252969741821, 0.13503071665763855, 0.050212230533361435, 0.06865958869457245, 0.09500379115343094, 0.05205143615603447, 0.0408962145447731], [0.06644777953624725, 0.07668397575616837, 0.07781555503606796, 0.059462595731019974, 0.05193549767136574, 0.07551803439855576, 0.1280423104763031, 0.07551803439855576, 0.05534616485238075, 0.07161542773246765, 0.07998673617839813, 0.07436857372522354, 0.05873294919729233, 0.0485263392329216], [0.00010113925236510113, 0.9934853315353394, 0.0035815711598843336, 8.507435995852575e-05, 0.00010007750825025141, 0.00011378518684068695, 0.0012953740078955889, 0.00011378518684068695, 0.00021866172028239816, 0.0003920386952813715, 0.00014657115389127284, 0.0002308563416590914, 8.614493708591908e-05, 4.9582275096327066e-05], [5.48153548152186e-05, 0.0015807085437700152, 0.9974192976951599, 5.107019387651235e-05, 4.81528950331267e-05, 5.635789057123475e-05, 0.0001805930951377377, 5.635789057123475e-05, 6.501319876406342e-05, 0.00015581020852550864, 7.87907702033408e-05, 0.00016998416685964912, 6.103262057877146e-05, 2.188289181503933e-05], [0.05698608234524727, 0.042432233691215515, 0.05771472677588463, 0.24542704224586487, 0.030000751838088036, 0.06633570045232773, 0.11859207600355148, 0.06633570045232773, 0.049715980887413025, 0.054230690002441406, 0.08160392940044403, 0.06786279380321503, 0.03803229331970215, 0.024729976430535316], [0.05890236422419548, 0.08254548162221909, 0.08999135345220566, 0.04961255192756653, 0.09450988471508026, 0.06467252969741821, 0.05323927477002144, 0.06467252969741821, 0.13503071665763855, 0.050212230533361435, 0.06865958869457245, 0.09500379115343094, 0.05205143615603447, 0.0408962145447731], [0.0714285671710968, 0.0714285671710968, 0.0714285671710968, 0.0714285671710968, 0.0714285671710968, 0.0714285671710968, 0.0714285671710968, 0.0714285671710968, 0.0714285671710968, 0.0714285671710968, 0.0714285671710968, 0.0714285671710968, 0.0714285671710968, 0.0714285671710968]], "claim": "The Communist Party of Czechoslovakia's leader's proposition led to something.", "premise_source_doc_id": "1960_International_Meeting_of_Communist_and_Workers_Parties", "premise_source_doc_line_num": 44, "premise_source_doc_sentence": "Czechoslovakia : Communist Party of Czechoslovakia"}
