{"premise_tokens": ["Nina", "Agdal", "(", "born", "26", "March", "1992", ")", "is", "a", "Danish", "model", ".", "@@NULL@@"], "hypothesis_tokens": ["Nina", "Agdal", "is", "a", "lawyer", ".", "@@NULL@@"], "label_logits": [-3.6107876300811768, 2.280104160308838, 0.3769245147705078], "label_probs": [0.0024000429548323154, 0.8681623339653015, 0.1294376254081726], "h2p_attention": [[0.8409945964813232, 0.006660479586571455, 0.006212090607732534, 0.025577841326594353, 0.008195217698812485, 0.0158340185880661, 0.00932798720896244, 0.006812660489231348, 0.025985663756728172, 0.01602146029472351, 0.013357776217162609, 0.011207588948309422, 0.010109717026352882, 0.00370293902233243], [0.08017641305923462, 0.10301056504249573, 0.04791794344782829, 0.07195571064949036, 0.056444939225912094, 0.06327223777770996, 0.10789204388856888, 0.04973320662975311, 0.08022541552782059, 0.06099238246679306, 0.11129242926836014, 0.06577889621257782, 0.05673320218920708, 0.044574618339538574], [0.03896383196115494, 0.009993068873882294, 0.008375149220228195, 0.07830449193716049, 0.020354820415377617, 0.046966757625341415, 0.021118469536304474, 0.00785740651190281, 0.6847358345985413, 0.030804166570305824, 0.010783434845507145, 0.013737392611801624, 0.02245292253792286, 0.005552319344133139], [0.09080465883016586, 0.02871709316968918, 0.022400489076972008, 0.10728716105222702, 0.04137573018670082, 0.09165704995393753, 0.04178628325462341, 0.02473108097910881, 0.11643607169389725, 0.2860517203807831, 0.04422716423869133, 0.042086150497198105, 0.041452303528785706, 0.02098710648715496], [0.30413326621055603, 0.024970218539237976, 0.019642794504761696, 0.20476363599300385, 0.022686131298542023, 0.021695474162697792, 0.036766573786735535, 0.020714305341243744, 0.08396392315626144, 0.06884440034627914, 0.06239938363432884, 0.08131011575460434, 0.03097495622932911, 0.01713482476770878], [0.09509187936782837, 0.044330302625894547, 0.047221239656209946, 0.07248126715421677, 0.060989394783973694, 0.07781153917312622, 0.07723729312419891, 0.04701504483819008, 0.1408476084470749, 0.06879344582557678, 0.05311921611428261, 0.07342753559350967, 0.10680433362722397, 0.03482980653643608], [0.0714285671710968, 0.0714285671710968, 0.0714285671710968, 0.0714285671710968, 0.0714285671710968, 0.0714285671710968, 0.0714285671710968, 0.0714285671710968, 0.0714285671710968, 0.0714285671710968, 0.0714285671710968, 0.0714285671710968, 0.0714285671710968, 0.0714285671710968]], "p2h_attention": [[0.8677205443382263, 0.006872142665088177, 0.02681146003305912, 0.016530605033040047, 0.0678137019276619, 0.010430993512272835, 0.0038206144236028194], [0.16340181231498718, 0.20993848145008087, 0.16350169479846954, 0.12430422008037567, 0.13238555192947388, 0.11562388390302658, 0.09084434062242508], [0.18997904658317566, 0.12173768132925034, 0.17081762850284576, 0.12087025493383408, 0.12981893122196198, 0.15353266894817352, 0.11324381083250046], [0.16150979697704315, 0.037744976580142975, 0.32975682616233826, 0.11952995508909225, 0.2794182300567627, 0.04865822568535805, 0.023381995037198067], [0.16776572167873383, 0.09599015861749649, 0.2778959274291992, 0.14944535493850708, 0.10036218166351318, 0.1327371746301651, 0.07580351084470749], [0.18573838472366333, 0.061657026410102844, 0.36742880940437317, 0.18970133364200592, 0.05499795079231262, 0.0970398336648941, 0.043436720967292786], [0.15648937225341797, 0.150364488363266, 0.23628243803977966, 0.12368717044591904, 0.1332959532737732, 0.13775883615016937, 0.06212172284722328], [0.20200176537036896, 0.12250219285488129, 0.1553780883550644, 0.12938252091407776, 0.13273203372955322, 0.14820773899555206, 0.10979562997817993], [0.04753370210528374, 0.0121909873560071, 0.8353395462036133, 0.03757936507463455, 0.03319153934717178, 0.027391307055950165, 0.006773519795387983], [0.13577838242053986, 0.04294009506702423, 0.17410452663898468, 0.4277274012565613, 0.12608517706394196, 0.061982784420251846, 0.031381599605083466], [0.2210329920053482, 0.15298451483249664, 0.11900145560503006, 0.129123717546463, 0.22313624620437622, 0.09344802051782608, 0.06127305328845978], [0.17978055775165558, 0.08765487372875214, 0.14696268737316132, 0.11911426484584808, 0.28186559677124023, 0.1252232789993286, 0.05939872935414314], [0.17175142467021942, 0.08006773889064789, 0.25439372658729553, 0.12425217777490616, 0.11372055858373642, 0.192905992269516, 0.06290829926729202], [0.1428571492433548, 0.1428571492433548, 0.1428571492433548, 0.1428571492433548, 0.1428571492433548, 0.1428571492433548, 0.1428571492433548]], "claim": "Nina Agdal is a lawyer.", "premise_source_doc_id": "Nina_Agdal", "premise_source_doc_line_num": 0, "premise_source_doc_sentence": "Nina Agdal  (  born 26 March 1992  )  is a Danish model ."}
{"premise_tokens": ["Nina", "Agdal", "@@NULL@@"], "hypothesis_tokens": ["Nina", "Agdal", "is", "a", "lawyer", ".", "@@NULL@@"], "label_logits": [-2.0565669536590576, 0.04775366559624672, 0.6930100917816162], "label_probs": [0.04026162624359131, 0.3302069306373596, 0.6295315027236938], "h2p_attention": [[0.9878271818161011, 0.007823355495929718, 0.004349447321146727], [0.3520190417766571, 0.4522736072540283, 0.19570735096931458], [0.7148118019104004, 0.1833280324935913, 0.10186020284891129], [0.6462557315826416, 0.20437926054000854, 0.14936502277851105], [0.8783929347991943, 0.07211857289075851, 0.04948849976062775], [0.545714795589447, 0.2544034421443939, 0.19988182187080383], [0.3333333432674408, 0.3333333432674408, 0.3333333432674408]], "p2h_attention": [[0.8677206039428711, 0.006872139871120453, 0.026811448857188225, 0.01653059758245945, 0.06781372427940369, 0.010430987924337387, 0.003820612793788314], [0.16340182721614838, 0.20993845164775848, 0.16350169479846954, 0.12430419772863388, 0.13238559663295746, 0.11562389135360718, 0.09084434062242508], [0.1428571492433548, 0.1428571492433548, 0.1428571492433548, 0.1428571492433548, 0.1428571492433548, 0.1428571492433548, 0.1428571492433548]], "claim": "Nina Agdal is a lawyer.", "premise_source_doc_id": "Agdal_-LRB-disambiguation-RRB-", "premise_source_doc_line_num": 8, "premise_source_doc_sentence": "Nina Agdal"}
