{"premise_tokens": ["At", "the", "2012", "UCI", "Track", "Cycling", "World", "Championships", "in", "Melbourne", ",", "Vogel", "and", "Welte", "won", "the", "gold", "medal", "in", "the", "team", "sprint", ".", "@@NULL@@"], "hypothesis_tokens": ["UCI", "Track", "Cycling", "World", "Championships", "awards", "first", "place", "contestants", "with", "a", "gold", "medal", ".", "@@NULL@@"], "label_logits": [2.047410249710083, 0.808946967124939, -4.856388568878174], "label_probs": [0.7746934294700623, 0.22452881932258606, 0.0007777644204907119], "h2p_attention": [[0.04792886972427368, 0.03695512190461159, 0.044577110558748245, 0.05929515138268471, 0.051350608468055725, 0.047054536640644073, 0.031254932284355164, 0.034926701337099075, 0.0426022969186306, 0.05929515138268471, 0.0285117719322443, 0.05929515138268471, 0.032543983310461044, 0.05929515138268471, 0.03684442117810249, 0.03695512190461159, 0.028077339753508568, 0.030518723651766777, 0.0426022969186306, 0.03695512190461159, 0.05814751610159874, 0.036698006093502045, 0.03265687823295593, 0.025658132508397102], [0.0001438385806977749, 0.0001391275873174891, 0.0017405507387593389, 0.00011836782505270094, 0.9823516011238098, 0.005919190123677254, 0.0009488038485869765, 0.0026181393768638372, 0.0003739254316315055, 0.00011836782505270094, 9.351341577712446e-05, 0.00011836782505270094, 0.0001555891940370202, 0.00011836782505270094, 0.00047624504077248275, 0.0001391275873174891, 0.00015253676974680275, 0.00023093551862984896, 0.0003739254316315055, 0.0001391275873174891, 0.0026441423688083887, 0.000696013099513948, 0.0001312105596298352, 5.9144327678950503e-05], [8.128878107527271e-05, 4.132314643356949e-05, 0.00017278957238886505, 5.041422991780564e-05, 0.002751224674284458, 0.9941709041595459, 0.0003471112286206335, 0.0006287021096795797, 0.00013074760499875993, 5.041422991780564e-05, 3.447289054747671e-05, 5.041422991780564e-05, 4.547975186142139e-05, 5.041422991780564e-05, 9.209178824676201e-05, 4.132314643356949e-05, 7.605710561620072e-05, 0.00010977099736919627, 0.00013074760499875993, 4.132314643356949e-05, 0.00032002158695831895, 0.000497778004501015, 5.757573671871796e-05, 2.7490134016261436e-05], [0.0021748889703303576, 0.0025195323396474123, 0.007201985456049442, 0.0018868796760216355, 0.024849290028214455, 0.01955881342291832, 0.8367331027984619, 0.03489166870713234, 0.005804803222417831, 0.0018868796760216355, 0.0019860377069562674, 0.0018868796760216355, 0.0030131409876048565, 0.0018868796760216355, 0.006281743291765451, 0.0025195323396474123, 0.003903856035321951, 0.011891636997461319, 0.005804803222417831, 0.0025195323396474123, 0.0037280868273228407, 0.012971891090273857, 0.002549032447859645, 0.0015489973593503237], [0.0012115354184061289, 0.0007950157742016017, 0.00729205971583724, 0.0006714374758303165, 0.0218349676579237, 0.011280826292932034, 0.011110768653452396, 0.8701241612434387, 0.002908952534198761, 0.0006714374758303165, 0.0005666202632710338, 0.0006714374758303165, 0.0007406913791783154, 0.0006714374758303165, 0.01998911239206791, 0.0007950157742016017, 0.0010041658533737063, 0.031375952064991, 0.002908952534198761, 0.0007950157742016017, 0.002978797070682049, 0.007906010374426842, 0.0012023955350741744, 0.0004932567826472223], [0.007845783606171608, 0.004966375418007374, 0.01751803234219551, 0.005186621565371752, 0.017615430057048798, 0.01265018805861473, 0.009579800069332123, 0.11058010160923004, 0.011212981306016445, 0.005186621565371752, 0.004159592092037201, 0.005186621565371752, 0.004972920753061771, 0.005186621565371752, 0.4044932723045349, 0.004966375418007374, 0.0080898841843009, 0.2974921762943268, 0.011212981306016445, 0.004966375418007374, 0.023991335183382034, 0.011957305483520031, 0.006979777943342924, 0.004002849105745554], [0.037010811269283295, 0.047552675008773804, 0.048496097326278687, 0.01633623242378235, 0.07897045463323593, 0.029137058183550835, 0.0388643778860569, 0.02069554291665554, 0.04806829243898392, 0.01633623242378235, 0.06882210075855255, 0.01633623242378235, 0.06260131299495697, 0.01633623242378235, 0.018479418009519577, 0.047552675008773804, 0.017859889194369316, 0.018915530294179916, 0.04806829243898392, 0.047552675008773804, 0.14977115392684937, 0.06806991994380951, 0.026525549590587616, 0.011641329154372215], [0.03334818780422211, 0.020207129418849945, 0.060722965747117996, 0.014991309493780136, 0.16420495510101318, 0.039475053548812866, 0.034034717828035355, 0.17225049436092377, 0.1003657802939415, 0.014991309493780136, 0.011361871846020222, 0.014991309493780136, 0.01251827459782362, 0.014991309493780136, 0.031185980886220932, 0.020207129418849945, 0.010534546338021755, 0.028830144554376602, 0.1003657802939415, 0.020207129418849945, 0.02140151895582676, 0.029276974499225616, 0.022248461842536926, 0.007287750951945782], [0.012071358971297741, 0.01022621151059866, 0.031153205782175064, 0.011299733072519302, 0.17671959102153778, 0.06575889885425568, 0.023302527144551277, 0.07520382106304169, 0.0299056489020586, 0.011299733072519302, 0.009807173162698746, 0.011299733072519302, 0.010067449882626534, 0.011299733072519302, 0.1742551177740097, 0.01022621151059866, 0.011379747651517391, 0.06476649641990662, 0.0299056489020586, 0.01022621151059866, 0.15510618686676025, 0.03575659170746803, 0.01191563531756401, 0.00704745901748538], [0.0720621645450592, 0.04613390937447548, 0.03132373094558716, 0.01978336274623871, 0.053727515041828156, 0.04545389488339424, 0.024247456341981888, 0.03395440801978111, 0.09071601927280426, 0.01978336274623871, 0.04078635573387146, 0.01978336274623871, 0.04007238522171974, 0.01978336274623871, 0.03239057958126068, 0.04613390937447548, 0.01912938989698887, 0.02145467884838581, 0.09071601927280426, 0.04613390937447548, 0.10479982197284698, 0.03544771671295166, 0.032406218349933624, 0.013776570558547974], [0.04347727820277214, 0.04198319464921951, 0.04371011257171631, 0.0187266506254673, 0.0950687825679779, 0.06675923615694046, 0.03849425166845322, 0.051128044724464417, 0.06572075188159943, 0.0187266506254673, 0.03744376078248024, 0.0187266506254673, 0.040494851768016815, 0.0187266506254673, 0.035559460520744324, 0.04198319464921951, 0.018495434895157814, 0.03739233314990997, 0.06572075188159943, 0.04198319464921951, 0.06354114413261414, 0.0554204024374485, 0.027031375095248222, 0.01368586253374815], [0.027164455503225327, 0.0298354122787714, 0.0322747677564621, 0.027392974123358727, 0.0645609200000763, 0.06925822794437408, 0.06308867037296295, 0.05096133053302765, 0.03787712752819061, 0.027392974123358727, 0.031178191304206848, 0.027392974123358727, 0.03354679420590401, 0.027392974123358727, 0.06884614378213882, 0.0298354122787714, 0.08819987624883652, 0.05943414196372032, 0.03787712752819061, 0.0298354122787714, 0.035413164645433426, 0.04662279784679413, 0.029585372656583786, 0.025032730773091316], [0.002144286409020424, 0.0016225603176280856, 0.005995411891490221, 0.001275235670618713, 0.004186264704912901, 0.004281141329556704, 0.008230757899582386, 0.06819813698530197, 0.002802105387672782, 0.001275235670618713, 0.0011398573406040668, 0.001275235670618713, 0.002006732625886798, 0.001275235670618713, 0.3259750306606293, 0.0016225603176280856, 0.002545521594583988, 0.5434826612472534, 0.002802105387672782, 0.0016225603176280856, 0.004652409814298153, 0.007998114451766014, 0.0025187113787978888, 0.0010721338912844658], [0.062138933688402176, 0.0417751744389534, 0.055299170315265656, 0.0259807538241148, 0.04528536647558212, 0.04275284335017204, 0.03359130024909973, 0.04975954443216324, 0.05177408829331398, 0.0259807538241148, 0.027226395905017853, 0.0259807538241148, 0.03960609808564186, 0.0259807538241148, 0.05259212851524353, 0.0417751744389534, 0.024125201627612114, 0.04795471578836441, 0.05177408829331398, 0.0417751744389534, 0.06652206927537918, 0.03734168782830238, 0.06259505450725555, 0.020412780344486237], [0.0416666641831398, 0.0416666641831398, 0.0416666641831398, 0.0416666641831398, 0.0416666641831398, 