{"premise_tokens": ["Saint", "Lucia", "(", "-LSB-", "seɪnt_ˈluːʃə", "-RSB-", "Sainte", "-", "Lucie", ")", "is", "a", "sovereign", "island", "country", "in", "the", "eastern", "Caribbean", "Sea", "on", "the", "boundary", "with", "the", "Atlantic", "Ocean", ".", "@@NULL@@"], "hypothesis_tokens": ["Saint", "Lucia", "is", "an", "island", "country", ".", "@@NULL@@"], "label_logits": [2.2453062534332275, -0.7522231340408325, -2.956134557723999], "label_probs": [0.9474911689758301, 0.047289490699768066, 0.0052193705923855305], "h2p_attention": [[0.7744075655937195, 0.003294417867437005, 0.003505236003547907, 0.003294417867437005, 0.003294417867437005, 0.003294417867437005, 0.003294417867437005, 0.006875247694551945, 0.003294417867437005, 0.003588505554944277, 0.006943333428353071, 0.0063504804857075214, 0.006761579308658838, 0.0072350092232227325, 0.01105839479714632, 0.008251218125224113, 0.003697154577821493, 0.019993266090750694, 0.01553043071180582, 0.013427495956420898, 0.0056945509277284145, 0.003697154577821493, 0.019153090193867683, 0.0063567087054252625, 0.003697154577821493, 0.035995349287986755, 0.011667896062135696, 0.003800748847424984, 0.0025460771284997463], [0.02488165721297264, 0.04443920776247978, 0.020672010257840157, 0.04443920776247978, 0.04443920776247978, 0.04443920776247978, 0.04443920776247978, 0.022806337103247643, 0.04443920776247978, 0.021455122157931328, 0.0346095971763134, 0.02631237730383873, 0.031356386840343475, 0.04588383808732033, 0.033949051052331924, 0.03192862123250961, 0.02769630216062069, 0.04448210820555687, 0.03517533466219902, 0.0508606918156147, 0.029993055388331413, 0.02769630216062069, 0.0319439060986042, 0.027614114806056023, 0.02769630216062069, 0.045849449932575226, 0.04679755121469498, 0.02447494864463806, 0.01922968588769436], [0.011096399277448654, 0.007323353551328182, 0.006137671880424023, 0.007323353551328182, 0.007323353551328182, 0.007323353551328182, 0.007323353551328182, 0.006225621793419123, 0.007323353551328182, 0.005758247338235378, 0.5018040537834167, 0.02257462404668331, 0.007349867839366198, 0.029441431164741516, 0.009534332901239395, 0.041995346546173096, 0.023548798635601997, 0.02089385874569416, 0.011594943702220917, 0.045775532722473145, 0.035042036324739456, 0.023548798635601997, 0.028508424758911133, 0.03761997073888779, 0.023548798635601997, 0.016675017774105072, 0.026862747967243195, 0.01645446941256523, 0.0040689799934625626], [0.015489022247493267, 0.011293934658169746, 0.009156187064945698, 0.011293934658169746, 0.011293934658169746, 0.011293934658169746, 0.011293934658169746, 0.012172558344900608, 0.011293934658169746, 0.01028952095657587, 0.14021342992782593, 0.04056835174560547, 0.021864719688892365, 0.06979402899742126, 0.019093044102191925, 0.10331147164106369, 0.027678515762090683, 0.0474231094121933, 0.021184857934713364, 0.06493720412254333, 0.059110697358846664, 0.027678515762090683, 0.048136599361896515, 0.06019332632422447, 0.027678515762090683, 0.031088989228010178, 0.04706598073244095, 0.020642852410674095, 0.00746493972837925], [0.00019904808141291142, 0.0001671389618422836, 7.038950570859015e-05, 0.0001671389618422836, 0.0001671389618422836, 0.0001671389618422836, 0.0001671389618422836, 7.986786658875644e-05, 0.0001671389618422836, 7.243258733069524e-05, 0.0005068315076641738, 0.000374992610886693, 0.0003087068034801632, 0.967498779296875, 0.00035339698661118746, 0.0004251616483088583, 0.00016876163135748357, 0.0008890192257240415, 0.001137390616349876, 0.011825774796307087, 0.0006159753538668156, 0.00016876163135748357, 0.0002866147260647267, 0.00038487432175315917, 0.00016876163135748357, 0.006590630393475294, 0.006641082931309938, 0.00015998049639165401, 7.00471136951819e-05], [0.0020442456007003784, 0.0008309367694891989, 0.0008494890644215047, 0.0008309367694891989, 0.0008309367694891989, 0.0008309367694891989, 0.0008309367694891989, 0.0007534990436397493, 0.0008309367694891989, 0.0009793400531634688, 0.0011028519365936518, 0.0024472693912684917, 0.006299401633441448, 0.002374570816755295, 0.9274620413780212, 0.0025568893179297447, 0.0007949068676680326, 0.0064791105687618256, 0.022514088079333305, 0.0021554494742304087, 0.0018733593169599771, 0.0007949068676680326, 0.0014066619332879782, 0.0011906343279406428, 0.0007949068676680326, 0.004591138567775488, 0.004253162536770105, 0.0008258691523224115, 0.0004706656909547746], [0.027120213955640793, 0.02312305197119713, 0.024630988016724586, 0.02312305197119713, 0.02312305197119713, 0.02312305197119713, 0.02312305197119713, 0.019600292667746544, 0.02312305197119713, 0.024523437023162842, 0.07346728444099426, 0.035883236676454544, 0.021738756448030472, 0.04149273782968521, 0.03187822923064232, 0.04607929289340973, 0.03718018904328346, 0.03797110170125961, 0.0318261943757534, 0.049737196415662766, 0.04242381080985069, 0.03718018904328346, 0.02572293020784855, 0.042734913527965546, 0.03718018904328346, 0.04278971999883652, 0.0562233105301857, 0.055710021406412125, 0.018167514353990555], [0.03448275476694107, 0.03448275476694107, 0.03448275476694107, 0.03448275476694107, 0.03448275476694107, 0.03448275476694107, 0.03448275476694107, 0.03448275476694107, 0.03448275476694107, 0.03448275476694107, 0.03448275476694107, 0.03448275476694107, 0.03448275476694107, 0.03448275476694107, 0.03448275476694107, 0.03448275476694107, 0.03448275476694107, 0.03448275476694107, 0.03448275476694107, 0.03448275476694107, 0.03448275476694107, 0.03448275476694107, 0.03448275476694107, 0.03448275476694107, 0.03448275476694107, 0.03448275476694107, 0.03448275476694107, 0.03448275476694107, 0.03448275476694107]],