{"premise_tokens": ["Thunderball", "is", "the", "ninth", "book", "in", "Ian", "Fleming", "'s", "James", "Bond", "series", ",", "and", "the", "eighth", "full", "-", "length", "James", "Bond", "novel", ".", "@@NULL@@"], "hypothesis_tokens": ["Spectre", "is", "based", "on", "an", "Ian", "Fleming", "novel", ".", "@@NULL@@"], "label_logits": [-1.2972350120544434, -0.10555322468280792, 0.33775579929351807], "label_probs": [0.10613429546356201, 0.34945929050445557, 0.5444064140319824], "h2p_attention": [[0.05975162982940674, 0.04653502628207207, 0.037239622324705124, 0.031228089705109596, 0.0347750186920166, 0.04293026775121689, 0.05975162982940674, 0.05975162982940674, 0.04088766872882843, 0.028121385723352432, 0.07916057854890823, 0.032597485929727554, 0.028731266036629677, 0.0327945239841938, 0.037239622324705124, 0.02924291603267193, 0.04499916359782219, 0.03066471964120865, 0.03274288773536682, 0.028121385723352432, 0.07916057854890823, 0.044808924198150635, 0.03290828689932823, 0.02585565857589245], [0.00801638513803482, 0.5492913126945496, 0.025777291506528854, 0.03360974043607712, 0.017270784825086594, 0.04596949741244316, 0.00801638513803482, 0.00801638513803482, 0.0284111350774765, 0.00726461922749877, 0.017351515591144562, 0.018488842993974686, 0.012506375089287758, 0.01399899460375309, 0.025777291506528854, 0.046645794063806534, 0.024525171145796776, 0.006814771331846714, 0.03270144388079643, 0.00726461922749877, 0.017351515591144562, 0.02246442809700966, 0.018011607229709625, 0.004454039968550205], [0.020320847630500793, 0.06154204159975052, 0.02020883373916149, 0.021718593314290047, 0.041675832122564316, 0.07363072037696838, 0.020320847630500793, 0.020320847630500793, 0.04391685873270035, 0.024666715413331985, 0.044120196253061295, 0.15883538126945496, 0.02839253470301628, 0.015524561516940594, 0.02020883373916149, 0.02409178763628006, 0.06271817535161972, 0.04187647998332977, 0.11194691807031631, 0.024666715413331985, 0.044120196253061295, 0.04337085038423538, 0.019907169044017792, 0.011898118071258068], [0.02215615287423134, 0.12233468890190125, 0.04254325479269028, 0.020362861454486847, 0.0353805311024189, 0.09558776766061783, 0.02215615287423134, 0.02215615287423134, 0.03656936436891556, 0.02375161461532116, 0.024746162816882133, 0.0507008321583271, 0.030606700107455254, 0.029399683699011803, 0.04254325479269028, 0.021293815225362778, 0.068700410425663, 0.02497444674372673, 0.11492578685283661, 0.02375161461532116, 0.024746162816882133, 0.05323629826307297, 0.03317110985517502, 0.014205150306224823], [0.014457089826464653, 0.1794837862253189, 0.03543059155344963, 0.03734076768159866, 0.03213614225387573, 0.1322464942932129, 0.014457089826464653, 0.014457089826464653, 0.037706997245550156, 0.014114695601165295, 0.04973243549466133, 0.04520263895392418, 0.02527683787047863, 0.0255441851913929, 0.03543059155344963, 0.0412403829395771, 0.05154196172952652, 0.015581795014441013, 0.04646635428071022, 0.014114695601165295, 0.04973243549466133, 0.05232487991452217, 0.026424411684274673, 0.009555687196552753], [0.05975162982940674, 0.04653502628207207, 0.037239622324705124, 0.031228089705109596, 0.0347750186920166, 0.04293026775121689, 0.05975162982940674, 0.05975162982940674, 0.04088766872882843, 0.028121385723352432, 0.07916057854890823, 0.032597485929727554, 0.028731266036629677, 0.0327945239841938, 0.037239622324705124, 0.02924291603267193, 0.04499916359782219, 0.03066471964120865, 0.03274288773536682, 0.028121385723352432, 0.07916057854890823, 0.044808924198150635, 0.03290828689932823, 0.02585565857589245], [0.05975162982940674, 0.04653502628207207, 0.037239622324705124, 0.031228089705109596, 0.0347750186920166, 0.04293026775121689, 0.05975162982940674, 0.05975162982940674, 0.04088766872882843, 0.028121385723352432, 0.07916057854890823, 0.032597485929727554, 0.028731266036629677, 0.0327945239841938, 0.037239622324705124, 0.02924291603267193, 0.04499916359782219, 0.03066471964120865, 0.03274288773536682, 0.028121385723352432, 0.07916057854890823, 0.044808924198150635, 0.03290828689932823, 0.02585565857589245], [2.0688959921244532e-05, 6.021035005687736e-05, 1.964858893188648e-05, 0.00012385600712150335, 0.033395327627658844, 0.00010623284470057115, 2.0688959921244532e-05, 2.0688959921244532e-05, 3.349782491568476e-05, 3.105229916400276e-05, 2.577195300546009e-05, 0.00012922367022838444, 1.5538349543930963e-05, 1.7018259313772433e-05, 1.964858893188648e-05, 8.976159733720124e-05, 5.454866186482832e-05, 1.9115539544145577e-05, 9.296613279730082e-05, 3.105229916400276e-05, 2.577195300546009e-05, 0.9656132459640503, 2.2518219338962808e-05, 1.19379474199377e-05], [0.028698250651359558, 0.09118097275495529, 0.04614470154047012, 0.05153491348028183, 0.036419935524463654, 0.0571894571185112, 0.028698250651359558, 0.028698250651359558, 0.0446661077439785, 0.02437484823167324, 0.035168398171663284, 0.04271479696035385, 0.03007417544722557, 0.04374874383211136, 0.04614470154047012, 0.05648072063922882, 0.04610040783882141, 0.024326123297214508, 0.04387142136693001, 0.02437484823167324, 0.035168398171663284, 0.04253143444657326, 0.06914227455854416, 0.022547883912920952], [0.0416666641831398, 0.0416666641831398, 0.0416666641831398, 0.0416666641831398, 0.0416666641831398, 0.0416666641831398, 0.0416666641831398, 0.0416666641831398, 0.0416666641831398, 0.0416666641831398, 0.0416666641831398, 0.0416666641831398, 0.0416666641831398, 0.0416666641831398, 0.0416666641831398, 0.0416666641831398, 0.0416666641831398, 0.0416666641831398, 0.0416666641831398, 0.0416666641831398, 0.0416666641831398, 0.0416666641831398, 0.0416666641831398, 0.0416666641831398]],