{"premise_tokens": ["Merkel", "was", "appointed", "as", "the", "Minister", "for", "Women", "and", "Youth", "in", "the", "federal", "government", "under", "Chancellor", "Helmut", "Kohl", "in", "1991", ",", "and", "became", "the", "Minister", "for", "the", "Environment", "in", "1994", ".", "@@NULL@@"], "hypothesis_tokens": ["Angela", "Merkel", "became", "the", "Minister", "for", "the", "Environment", "of", "Spain", "in", "1994", ".", "@@NULL@@"], "label_logits": [1.723571538925171, 1.4036914110183716, -5.303373336791992], "label_probs": [0.5789973139762878, 0.42048874497413635, 0.0005139407585375011], "h2p_attention": [[0.04222620651125908, 0.026228195056319237, 0.04222620651125908, 0.02603754773736, 0.026317071169614792, 0.026860347017645836, 0.024338338524103165, 0.029113557189702988, 0.023175740614533424, 0.024785790592432022, 0.030338624492287636, 0.026317071169614792, 0.030365074053406715, 0.03954008221626282, 0.033221207559108734, 0.04222620651125908, 0.04735982045531273, 0.05444086715579033, 0.030338624492287636, 0.04222620651125908, 0.020304257050156593, 0.023175740614533424, 0.028629150241613388, 0.026317071169614792, 0.026860347017645836, 0.024338338524103165, 0.026317071169614792, 0.042282216250896454, 0.030338624492287636, 0.04222620651125908, 0.02325613610446453, 0.018272075802087784], [0.04222620651125908, 0.026228195056319237, 0.04222620651125908, 0.02603754773736, 0.026317071169614792, 0.026860347017645836, 0.024338338524103165, 0.029113557189702988, 0.023175740614533424, 0.024785790592432022, 0.030338624492287636, 0.026317071169614792, 0.030365074053406715, 0.03954008221626282, 0.033221207559108734, 0.04222620651125908, 0.04735982045531273, 0.05444086715579033, 0.030338624492287636, 0.04222620651125908, 0.020304257050156593, 0.023175740614533424, 0.028629150241613388, 0.026317071169614792, 0.026860347017645836, 0.024338338524103165, 0.026317071169614792, 0.042282216250896454, 0.030338624492287636, 0.04222620651125908, 0.02325613610446453, 0.018272075802087784], [0.013741616159677505, 0.025591060519218445, 0.013741616159677505, 0.030175229534506798, 0.01861891895532608, 0.013657018542289734, 0.014976742677390575, 0.058120474219322205, 0.02711022086441517, 0.019808823242783546, 0.02107265591621399, 0.01861891895532608, 0.010934967547655106, 0.010566864162683487, 0.016684528440237045, 0.013741616159677505, 0.02952183037996292, 0.05427369102835655, 0.02107265591621399, 0.013741616159677505, 0.0144716901704669, 0.02711022086441517, 0.3766978979110718, 0.01861891895532608, 0.013657018542289734, 0.014976742677390575, 0.01861891895532608, 0.013289629481732845, 0.02107265591621399, 0.013741616159677505, 0.013203250244259834, 0.008770356886088848], [0.017317423596978188, 0.02820783667266369, 0.017317423596978188, 0.04097423702478409, 0.06391996890306473, 0.015937427058815956, 0.031081296503543854, 0.028605254366993904, 0.0319657064974308, 0.018353262916207314, 0.03593934699892998, 0.06391996890306473, 0.015988238155841827, 0.01908055879175663, 0.035863518714904785, 0.017317423596978188, 0.02711590752005577, 0.059783995151519775, 0.03593934699892998, 0.017317423596978188, 0.025187645107507706, 0.0319657064974308, 0.025525297969579697, 0.06391996890306473, 0.015937427058815956, 0.031081296503543854, 0.06391996890306473, 0.030630214139819145, 0.03593934699892998, 0.017317423596978188, 0.0246064942330122, 0.012023575603961945], [0.0051680938340723515, 0.006905201822519302, 0.0051680938340723515, 0.004049904178828001, 0.004660055972635746, 0.35392820835113525, 0.006723174825310707, 0.012678143568336964, 0.004670978989452124, 0.008100593462586403, 0.00681840255856514, 0.004660055972635746, 0.02064579725265503, 0.07644865661859512, 0.015422800555825233, 0.0051680938340723515, 0.018574804067611694, 0.014130642637610435, 0.00681840255856514, 0.0051680938340723515, 0.004458407871425152, 0.004670978989452124, 0.005474511068314314, 0.004660055972635746, 0.35392820835113525, 0.006723174825310707, 0.004660055972635746, 0.009489425458014011, 0.00681840255856514, 0.0051680938340723515, 0.004524854943156242, 0.0035156577359884977], [0.008832152932882309, 0.01441974751651287, 0.008832152932882309, 0.02751658298075199, 0.017140720039606094, 0.012680353596806526, 0.24511373043060303, 0.01965143345296383, 0.016253935173153877, 0.01465796958655119, 0.018797097727656364, 0.017140720039606094, 0.033846404403448105, 0.03167320415377617, 0.017077434808015823, 0.008832152932882309, 0.024941882118582726, 0.037535037845373154, 0.018797097727656364, 0.008832152932882309, 0.013956825248897076, 0.016253935173153877, 0.011323058977723122, 0.017140720039606094, 0.012680353596806526, 0.24511373043060303, 0.017140720039606094, 0.017439253628253937, 0.018797097727656364, 0.008832152932882309, 0.012119419872760773, 0.006630764342844486], [0.017317423596978188, 0.02820783667266369, 0.017317423596978188, 0.04097423702478409, 0.06391996890306473, 0.015937427058815956, 0.031081296503543854, 0.028605254366993904, 0.0319657064974308, 0.018353262916207314, 0.03593934699892998, 0.06391996890306473, 0.015988238155841827, 0.01908055879175663, 0.035863518714904785, 0.017317423596978188, 0.02711590752005577, 0.059783995151519775, 0.03593934699892998, 0.017317423596978188, 0.025187645107507706, 0.0319657064974308, 0.025525297969579697, 0.06391996890306473, 0.015937427058815956, 0.031081296503543854, 0.06391996890306473, 0.030630214139819145, 0.03593934699892998, 0.017317423596978188, 0.0246064942330122, 0.012023575603961945], [0.014446328394114971, 0.013021040707826614, 0.014446328394114971, 0.01680409349501133, 0.015903912484645844, 0.01685081608593464, 0.016419194638729095, 0.013662256300449371, 0.010305334813892841, 0.017273221164941788, 0.028164314106106758, 0.015903912484645844, 0.012763923034071922, 0.030986761674284935, 0.018169114366173744, 0.014446328394114971, 0.024251999333500862, 0.04009925201535225, 0.028164314106106758, 0.014446328394114971, 0.008498696610331535, 0.010305334813892841, 0.009459828026592731, 0.015903912484645844, 0.01685081608593464, 0.016419194638729095, 0.015903912484645844, 0.4693056643009186, 0.028164314106106758, 0.014446328394114971, 0.011970272287726402, 0.006242918316274881], [0.018713831901550293, 0.022422177717089653, 0.018713831901550293, 0.04293330758810043, 0.03554670512676239, 0.026371698826551437, 0.04180602729320526, 0.033125706017017365, 0.0372338704764843, 0.032292671501636505, 0.03779281675815582, 0.03554670512676239, 0.04618632420897484, 0.03560509532690048, 0.049492064863443375, 0.018713831901550293, 0.029993107542395592, 0.028654811903834343, 0.03779281675815582, 0.018713831901550293, 0.03171287104487419, 0.0372338704764843, 0.025977548211812973, 0.03554670512676239, 0.026371698826551437, 0.04180602729320526, 0.03554670512676239, 0.022496849298477173, 0.03779281675815582, 0.018713831901550293, 0.02372373454272747, 0.015426033176481724], [0.019367842003703117, 0.0232145506888628, 0.019367842003703117, 0.03055736981332302, 0.013644196093082428, 0.08419334143400192, 0.025738611817359924, 0.032699618488550186, 0.026506975293159485, 0.039208877831697464, 0.0249920766800642, 0.013644196093082428, 0.04508693516254425, 0.06834472715854645, 0.035250596702098846, 0.019367842003703117, 0.047975167632102966, 0.08240330219268799, 0.0249920766800642, 0.019367842003703117, 0.018280629068613052, 0.026506975293159485, 0.025949187576770782, 0.013644196093082428, 0.08419334143400192, 0.025738611817359924, 0.013644196093082428, 0.0315861739218235, 0.0249920766800642, 0.019367842003703117, 0.012112735770642757, 0.008060137741267681], [0.008044116199016571, 0.011478976346552372, 0.008044116199016571, 0.02034195512533188, 0.014481275342404842, 0.00939607247710228, 0.013734015636146069, 0.02691054344177246, 0.010888074524700642, 0.011554570868611336, 0.19379179179668427, 0.014481275342404842, 0.008320426568388939, 0.01302263792604208, 0.0441950187087059, 0.008044116199016571, 0.029808206483721733, 0.025520792230963707, 0.19379179179668427, 0.008044116199016571, 