{"premise_tokens": ["is", "a", "five", "-", "issue", "comic", "book", "story", "arc", "written", "by", "Allan", "Heinberg", "with", "art", "by", "Terry", "Dodson", "and", "Rachel", "Dodson", ".", "@@NULL@@"], "hypothesis_tokens": ["Wonder", "Woman", "'s", "screenplay", "was", "written", "by", "Allan", "Heinberg", ".", "@@NULL@@"], "label_logits": [0.31123608350753784, 1.3285605907440186, -2.171048879623413], "label_probs": [0.2597850263118744, 0.7185094356536865, 0.02170557901263237], "h2p_attention": [[0.08375635743141174, 0.04579322040081024, 0.024551454931497574, 0.027452511712908745, 0.059321049600839615, 0.07214096933603287, 0.04015173390507698, 0.05118251219391823, 0.025018254294991493, 0.05213090404868126, 0.06265441328287125, 0.031198259443044662, 0.031198259443044662, 0.05139048025012016, 0.04085814580321312, 0.06265441328287125, 0.06511732190847397, 0.031198259443044662, 0.037282153964042664, 0.031198259443044662, 0.031198259443044662, 0.026836564764380455, 0.015716219320893288], [0.2054831087589264, 0.039421726018190384, 0.028730547055602074, 0.016577621921896935, 0.06048211082816124, 0.04616251215338707, 0.023977721109986305, 0.035637740045785904, 0.016233084723353386, 0.04985625669360161, 0.09469166398048401, 0.016467081382870674, 0.016467081382870674, 0.037012699991464615, 0.028836378827691078, 0.09469166398048401, 0.060940373688936234, 0.016467081382870674, 0.029811514541506767, 0.016467081382870674, 0.016467081382870674, 0.04148367419838905, 0.007634052075445652], [0.09565936028957367, 0.06283514946699142, 0.03509940952062607, 0.03534064441919327, 0.07242473214864731, 0.05899447947740555, 0.03337910771369934, 0.03887183964252472, 0.026676636189222336, 0.06554152071475983, 0.061827652156353, 0.023715363815426826, 0.023715363815426826, 0.049941759556531906, 0.033217791467905045, 0.061827652156353, 0.05537942796945572, 0.023715363815426826, 0.04970183223485947, 0.023715363815426826, 0.023715363815426826, 0.029707448557019234, 0.014996608719229698], [0.04983634129166603, 0.037888702005147934, 0.029854869470000267, 0.03284015506505966, 0.03993506729602814, 0.042180221527814865, 0.037242043763399124, 0.04200754687190056, 0.04098013415932655, 0.042357008904218674, 0.03761950880289078, 0.06399056315422058, 0.06399056315422058, 0.03976314887404442, 0.034035515040159225, 0.03761950880289078, 0.03783363103866577, 0.06399056315422058, 0.03512104973196983, 0.06399056315422058, 0.06399056315422058, 0.03524288162589073, 0.027689924463629723], [0.10368568450212479, 0.05126307159662247, 0.025636490434408188, 0.02783614583313465, 0.05877150595188141, 0.06414581090211868, 0.02905765175819397, 0.03925549238920212, 0.03158062323927879, 0.0447760671377182, 0.07114405184984207, 0.027825670316815376, 0.027825670316815376, 0.04904261976480484, 0.04246092215180397, 0.07114405184984207, 0.04559072479605675, 0.027825670316815376, 0.041640754789114, 0.027825670316815376, 0.027825670316815376, 0.04445512592792511, 0.019384969025850296], [0.001376558211632073, 0.000798906316049397, 0.001272458815947175, 0.0003753608325496316, 0.0027796169742941856, 0.005714415106922388, 0.021079083904623985, 0.001531301299110055, 0.0005486073205247521, 0.953021764755249, 0.0018686905968934298, 0.0003694679180625826, 0.0003694679180625826, 0.0010159119265154004, 0.0016896153101697564, 0.0018686905968934298, 0.0019706818275153637, 0.0003694679180625826, 0.0006311903125606477, 0.0003694679180625826, 0.0003694679180625826, 0.0003681280941236764, 0.0002415311464574188], [0.015102523379027843, 0.002799395704641938, 0.0026749800890684128, 0.001393327140249312, 0.0019048784160986543, 0.0019082793733105063, 0.003463424975052476, 0.0025440752506256104, 0.0031614641193300486, 0.005859646014869213, 0.4688642621040344, 0.0010289601050317287, 0.0010289601050317287, 0.004150117747485638, 0.0033130974043160677, 0.4688642621040344, 0.004996758420020342, 0.0010289601050317287, 0.0014487329171970487, 0.0010289601050317287, 0.0010289601050317287, 0.0016485905507579446, 0.000757368397898972], [0.04983634129166603, 0.037888702005147934, 0.029854869470000267, 0.03284015506505966, 0.03993506729602814, 0.042180221527814865, 0.037242043763399124, 0.04200754687190056, 0.04098013415932655, 0.042357008904218674, 0.03761950880289078, 0.06399056315422058, 0.06399056315422058, 0.03976314887404442, 0.034035515040159225, 0.03761950880289078, 0.03783363103866577, 0.06399056315422058, 0.03512104973196983, 0.06399056315422058, 0.06399056315422058, 0.03524288162589073, 0.027689924463629723], [0.04983634129166603, 0.037888702005147934, 0.029854869470000267, 0.03284015506505966, 0.03993506729602814, 0.042180221527814865, 0.037242043763399124, 0.04200754687190056, 0.04098013415932655, 0.042357008904218674, 0.03761950880289078, 0.06399056315422058, 0.06399056315422058, 0.03976314887404442, 0.034035515040159225, 0.03761950880289078, 0.03783363103866577, 0.06399056315422058, 0.03512104973196983, 0.06399056315422058, 0.06399056315422058, 0.03524288162589073, 0.027689924463629723], [0.09326880425214767, 0.04555478319525719, 0.04320034012198448, 0.02488313429057598, 0.05038373917341232, 0.04608980566263199, 0.03725386783480644, 0.0451725535094738, 0.04880484193563461, 0.035153117030858994, 0.05020461976528168, 0.029355375096201897, 0.029355375096201897, 0.05425318330526352, 0.046531882137060165, 0.05020461976528168, 0.04372384026646614, 0.029355375096201897, 0.04475048929452896, 0.029355375096201897, 0.029355375096201897, 0.0707254707813263, 0.023064179345965385], [0.04347826912999153, 0.04347826912999153, 0.04347826912999153, 0.04347826912999153, 0.04347826912999153, 0.04347826912999153, 0.04347826912999153, 0.04347826912999153, 0.04347826912999153, 0.04347826912999153, 0.04347826912999153, 0.04347826912999153, 0.04347826912999153, 0.04347826912999153, 0.04347826912999153, 0.04347826912999153, 0.04347826912999153, 0.04347826912999153, 0.04347826912999153, 0.04347826912999153, 0.04347826912999153, 0.04347826912999153, 0.04347826912999153]],