{"premise_tokens": ["It", "is", "a", "common", "additive", "in", "swimming", "pools", "used", "to", "raise", "the", "ph", "which", "can", "be", "lowered", "by", "chlorine", "tablets", "and", "other", "additives", "which", "contains", "acids", ".", "@@NULL@@"], "hypothesis_tokens": ["Sodium", "carbonate", "is", "an", "uncommon", "additive", "in", "swimming", "pools", ".", "@@NULL@@"], "label_logits": [-1.3887535333633423, 0.13092748820781708, 0.7093391418457031], "label_probs": [0.07287899404764175, 0.3331128656864166, 0.5940081477165222], "h2p_attention": [[0.021069902926683426, 0.05050290375947952, 0.04118591919541359, 0.13105128705501556, 0.013256759382784367, 0.05379856750369072, 0.069852814078331, 0.013379384763538837, 0.03593156486749649, 0.030249297618865967, 0.02042764611542225, 0.015570308081805706, 0.013256759382784367, 0.025901813060045242, 0.058014314621686935, 0.038693565875291824, 0.014657219871878624, 0.032114073634147644, 0.04862804338335991, 0.06396054476499557, 0.016027571633458138, 0.028719976544380188, 0.013256759382784367, 0.025901813060045242, 0.04177667200565338, 0.05187510699033737, 0.018554355949163437, 0.012385144829750061], [0.04121016338467598, 0.03839841112494469, 0.02919287234544754, 0.0364915169775486, 0.04930410161614418, 0.035423941910266876, 0.05165519565343857, 0.033325012773275375, 0.027923407033085823, 0.03581846505403519, 0.057782407850027084, 0.030728301033377647, 0.04930410161614418, 0.03520006313920021, 0.03049025498330593, 0.039762139320373535, 0.05767764896154404, 0.028985461220145226, 0.033934276551008224, 0.024216342717409134, 0.02706042490899563, 0.024986764416098595, 0.04930410161614418, 0.03520006313920021, 0.025630541145801544, 0.022504927590489388, 0.02715429663658142, 0.02133481577038765], [0.1425105631351471, 0.3198757469654083, 0.014390229247510433, 0.016204334795475006, 0.004668282810598612, 0.02676999755203724, 0.018150733783841133, 0.005265405867248774, 0.008768532425165176, 0.03857085853815079, 0.014570523984730244, 0.015011216513812542, 0.004668282810598612, 0.02998342551290989, 0.0413258820772171, 0.1232423484325409, 0.007207714021205902, 0.0517219640314579, 0.01779937744140625, 0.004563167691230774, 0.008152212016284466, 0.02187836542725563, 0.004668282810598612, 0.02998342551290989, 0.010129052214324474, 0.006837486755102873, 0.01048892643302679, 0.0025937771424651146], [0.10276240855455399, 0.1007373034954071, 0.02914661169052124, 0.028185322880744934, 0.008114205673336983, 0.07422484457492828, 0.056421153247356415, 0.014591792598366737, 0.020395446568727493, 0.0413399264216423, 0.049458857625722885, 0.019885823130607605, 0.008114205673336983, 0.04967780038714409, 0.040873412042856216, 0.09981787949800491, 0.023778250440955162, 0.05329934507608414, 0.02483907714486122, 0.009568216279149055, 0.014336963184177876, 0.02803059294819832, 0.008114205673336983, 0.04967780038714409, 0.016048163175582886, 0.008366035297513008, 0.014831000007689, 0.0053632380440831184], [0.07466989755630493, 0.05045296996831894, 0.028943607583642006, 0.29388555884361267, 0.00800540205091238, 0.09237904846668243, 0.027792012318968773, 0.011051754467189312, 0.026649177074432373, 0.023623699322342873, 0.01157801691442728, 0.018981844186782837, 0.00800540205091238, 0.027429703623056412, 0.050909459590911865, 0.023246299475431442, 0.012037430889904499, 0.013224960304796696, 0.0539843924343586, 0.01663586124777794, 0.014278214424848557, 0.019176440313458443, 0.00800540205091238, 0.027429703623056412, 0.029289254918694496, 0.008322786539793015, 0.014759652316570282, 0.005252025555819273], [0.04121016338467598, 0.03839841112494469, 0.02919287234544754, 0.0364915169775486, 0.04930410161614418, 0.035423941910266876, 0.05165519565343857, 0.033325012773275375, 0.027923407033085823, 0.03581846505403519, 0.057782407850027084, 0.030728301033377647, 0.04930410161614418, 0.03520006313920021, 0.03049025498330593, 0.039762139320373535, 0.05767764896154404, 0.028985461220145226, 0.033934276551008224, 0.024216342717409134, 0.02706042490899563, 0.024986764416098595, 0.04930410161614418, 0.03520006313920021, 0.025630541145801544, 0.022504927590489388, 0.02715429663658142, 0.02133481577038765], [0.05021551623940468, 0.06138124316930771, 0.0285594891756773, 0.0639437660574913, 0.009874793700873852, 0.23789487779140472, 0.08716590702533722, 0.020385324954986572, 0.02159557119011879, 0.02572009712457657, 0.02025316283106804, 0.017776919528841972, 0.009874793700873852, 0.035647355020046234, 0.04581455513834953, 0.052092403173446655, 0.019234977662563324, 0.023696288466453552, 0.034193482249975204, 0.012014809064567089, 0.013365979306399822, 0.020683620125055313, 0.009874793700873852, 0.035647355020046234, 0.014114134013652802, 0.007946991361677647, 0.015084472484886646, 0.005947302561253309], [0.0002665706560947001, 0.00020827491243835539, 0.00023506164143327624, 0.00020080822287127376, 7.20610551070422e-05, 0.00043621647637337446, 0.9939714670181274, 0.0010210543405264616, 0.0001713913952698931, 0.00017152726650238037, 0.0006335555226542056, 7.691582868574187e-05, 7.20610551070422e-05, 0.0002443589910399169, 0.0002925405860878527, 0.00036554536200128496, 0.00036347421701066196, 0.00027380380197428167, 0.00019925292872358114, 5.135625906405039e-05, 4.5245342334965244e-05, 5.704000795958564e-05, 7.20610551070422e-05, 0.0002443589910399169, 0.00010818688315339386, 5.278322714730166e-05, 6.324468267848715e-05, 2.976291398226749e-05], [0.02400042675435543, 0.020225536078214645, 0.016245253384113312, 0.025266626849770546, 0.015562598593533039, 0.03415060415863991, 0.34180155396461487, 0.1644795536994934, 0.028606759384274483, 0.017997819930315018, 0.03297300636768341, 0.014390007592737675, 0.015562598593533039, 0.022335458546876907, 0.023963192477822304, 0.021352209150791168, 0.020830169320106506, 0.018896769732236862, 0.017862161621451378, 0.011984598822891712, 0.011715405620634556, 0.01233974564820528, 0.015562598593533039, 0.022335458546876907, 0.01588810607790947, 0.010630183853209019, 0.013078410178422928, 0.009963243268430233], [0.07742547988891602, 0.06688547879457474, 0.03266851603984833, 0.03238324448466301, 0.021051501855254173, 0.041951119899749756, 0.03514649346470833, 0.02171139046549797, 0.024019956588745117, 0.03863941505551338, 0.02717508003115654, 0.033849284052848816, 0.021051501855254173, 0.04523091018199921, 0.04908614978194237, 0.06339511275291443, 0.028758836910128593, 0.03600303456187248, 0.034755393862724304, 0.02064189687371254, 0.032091736793518066, 0.03486843407154083, 0.021051501855254173, 0.04523091018199921, 0.02548154816031456, 0.0221871230751276, 0.050719063729047775, 0.01653992012143135], [0.035714294761419296, 0.035714294761419296, 0.035714294761419296, 0.035714294761419296, 0.035714294761419296, 0.035714294761419296, 0.035714294761419296, 0.035714294761419296, 0.035714294761419296, 0.035714294761419296, 0.035714294761419296, 0.035714294761419296, 0.035714294761419296, 0.035714294761419296, 0.035714294761419296, 0.035714294761419296, 0.035714294761419296, 0.035714294761419296, 0.035714294761419296, 0.035714294761419296, 0.035714294761419296, 0.035714294761419296, 0.035714294761419296, 0.035714294761419296, 0.035714294761419296, 0.035714294761419296, 0.035714294761419296, 0.035714294761419296]],