{"premise_tokens": ["OPPO", "Digital", "is", "an", "independently", "operated", "overseas", "division", "sharing", "the", "brand", "name", "OPPO", "with", "OPPO", "Electronics", ",", "both", "owned", "by", "Chinese", "company", "BBK", "Electronics", ".", "@@NULL@@"], "hypothesis_tokens": ["OPPO", "Electronics", "is", "a", "company", ".", "@@NULL@@"], "label_logits": [1.7654672861099243, -1.927551507949829, -1.0918694734573364], "label_probs": [0.9239426851272583, 0.023003149777650833, 0.05305415764451027], "h2p_attention": [[0.05189124122262001, 0.03211110830307007, 0.04041329771280289, 0.033971820026636124, 0.02867990732192993, 0.04124648496508598, 0.032944630831480026, 0.038207124918699265, 0.05570260435342789, 0.03234071284532547, 0.054750002920627594, 0.03322235867381096, 0.05189124122262001, 0.032244738191366196, 0.05189124122262001, 0.034100379794836044, 0.024951638653874397, 0.035958558320999146, 0.055114198476076126, 0.030506420880556107, 0.03521354869008064, 0.03562149405479431, 0.05189124122262001, 0.034100379794836044, 0.028579166159033775, 0.02245432138442993], [0.004035080783069134, 0.013802183791995049, 0.006495240144431591, 0.005370383616536856, 0.014619382098317146, 0.006911612115800381, 0.005077383480966091, 0.011485911905765533, 0.011043939739465714, 0.00387533288449049, 0.00837758369743824, 0.008318612352013588, 0.004035080783069134, 0.007902543060481548, 0.004035080783069134, 0.41168680787086487, 0.004209252540022135, 0.004968107212334871, 0.013011434115469456, 0.008016654290258884, 0.008485888130962849, 0.010835808701813221, 0.004035080783069134, 0.41168680787086487, 0.005021763499826193, 0.0026570092886686325], [0.006375283468514681, 0.018098410218954086, 0.43684127926826477, 0.06653318554162979, 0.03100603260099888, 0.010417548008263111, 0.008686359971761703, 0.07269106805324554, 0.0206874068826437, 0.02050020731985569, 0.019120311364531517, 0.03954015672206879, 0.006375283468514681, 0.03274974972009659, 0.006375283468514681, 0.008659188635647297, 0.009946090169250965, 0.04686859995126724, 0.009367937222123146, 0.07063458114862442, 0.009615174494683743, 0.016009721904993057, 0.006375283468514681, 0.008659188635647297, 0.014324302785098553, 0.0035422160290181637], [0.015093878842890263, 0.03663678467273712, 0.06119950860738754, 0.059947893023490906, 0.04680695757269859, 0.02063213288784027, 0.030578624457120895, 0.030043411999940872, 0.07237251102924347, 0.033838901668787, 0.05446528643369675, 0.04697912558913231, 0.015093878842890263, 0.042230572551488876, 0.015093878842890263, 0.025540299713611603, 0.03018006682395935, 0.06587895005941391, 0.04407614842057228, 0.04077273979783058, 0.06384779512882233, 0.07523801177740097, 0.015093878842890263, 0.025540299713611603, 0.021787581965327263, 0.011030948720872402], [0.0025999483186751604, 0.01134759932756424, 0.007407322525978088, 0.008801734074950218, 0.021449510008096695, 0.009212744422256947, 0.016918877139687538, 0.020847709849476814, 0.02747667208313942, 0.004361341707408428, 0.06493069976568222, 0.020052699372172356, 0.0025999483186751604, 0.006411328911781311, 0.0025999483186751604, 0.00668375613167882, 0.003592540742829442, 0.006412912625819445, 0.0441860593855381, 0.007194217760115862, 0.04316801577806473, 0.6476933360099792, 0.0025999483186751604, 0.00668375613167882, 0.003128406824544072, 0.0016388999065384269], [0.02469906210899353, 0.027980996295809746, 0.07847462594509125, 0.05366290733218193, 0.03453259915113449, 0.026328401640057564, 0.02322496473789215, 0.0656713992357254, 0.05034652352333069, 0.03971429541707039, 0.03870068117976189, 0.03922923281788826, 0.02469906210899353, 0.04564760997891426, 0.02469906210899353, 0.03667701035737991, 0.025883248075842857, 0.0547003336250782, 0.03860349580645561, 0.042241230607032776, 0.026951737701892853, 0.03704262524843216, 0.02469906210899353, 0.03667701035737991, 0.059507083147764206, 0.01940576732158661], [0.03846152499318123, 0.03846152499318123, 0.03846152499318123, 0.03846152499318123, 0.03846152499318123, 0.03846152499318123, 0.03846152499318123, 0.03846152499318123, 0.03846152499318123, 0.03846152499318123, 0.03846152499318123, 0.03846152499318123, 0.03846152499318123, 0.03846152499318123, 0.03846152499318123, 0.03846152499318123, 0.03846152499318123, 0.03846152499318123, 0.03846152499318123, 0.03846152499318123, 0.03846152499318123, 0.03846152499318123, 0.03846152499318123, 0.03846152499318123, 0.03846152499318123, 0.03846152499318123]],