{"premise_tokens": ["The", "Siege", "of", "Orléans", "(", "1428", "--", "1429", ")", "was", "the", "watershed", "of", "the", "Hundred", "Years", "'", "War", "between", "France", "and", "England", ".", "@@NULL@@"], "hypothesis_tokens": ["The", "Siege", "of", "Orléans", "occurred", "from", "April", "1428", "to", "March", "1429", ".", "@@NULL@@"], "label_logits": [-3.4655277729034424, -1.8673183917999268, 2.3018980026245117], "label_probs": [0.0030707085970789194, 0.015182108618319035, 0.9817472100257874], "h2p_attention": [[0.10055263340473175, 0.02724207378923893, 0.04358486086130142, 0.02724207378923893, 0.02273210510611534, 0.02724207378923893, 0.023614486679434776, 0.02724207378923893, 0.022960115224123, 0.044373806565999985, 0.10055263340473175, 0.02724207378923893, 0.04358486086130142, 0.10055263340473175, 0.033978160470724106, 0.04041557013988495, 0.02447383478283882, 0.03132464736700058, 0.055718883872032166, 0.026662835851311684, 0.05028531700372696, 0.040799401700496674, 0.03870852291584015, 0.01891431212425232], [0.03867773339152336, 0.062059108167886734, 0.03257765620946884, 0.062059108167886734, 0.02886834740638733, 0.062059108167886734, 0.03442228212952614, 0.062059108167886734, 0.02996196039021015, 0.03854711353778839, 0.03867773339152336, 0.062059108167886734, 0.03257765620946884, 0.03867773339152336, 0.042155005037784576, 0.03623911738395691, 0.032634031027555466, 0.0334317721426487, 0.05085189267992973, 0.03762264922261238, 0.034060973674058914, 0.04868753254413605, 0.03417913243174553, 0.026854148134589195], [0.03597203269600868, 0.018937746062874794, 0.1549239605665207, 0.018937746062874794, 0.017172830179333687, 0.018937746062874794, 0.022718671709299088, 0.018937746062874794, 0.018467748537659645, 0.022690465673804283, 0.03597203269600868, 0.018937746062874794, 0.1549239605665207, 0.03597203269600868, 0.06696221977472305, 0.07767394185066223, 0.024143604561686516, 0.023500556126236916, 0.05018698424100876, 0.032982561737298965, 0.03767937794327736, 0.05374995246529579, 0.02400759421288967, 0.015610610134899616], [0.03867773339152336, 0.062059108167886734, 0.03257765620946884, 0.062059108167886734, 0.02886834740638733, 0.062059108167886734, 0.03442228212952614, 0.062059108167886734, 0.02996196039021015, 0.03854711353778839, 0.03867773339152336, 0.062059108167886734, 0.03257765620946884, 0.03867773339152336, 0.042155005037784576, 0.03623911738395691, 0.032634031027555466, 0.0334317721426487, 0.05085189267992973, 0.03762264922261238, 0.034060973674058914, 0.04868753254413605, 0.03417913243174553, 0.026854148134589195], [0.04408969730138779, 0.03042849339544773, 0.029380155727267265, 0.03042849339544773, 0.01930519938468933, 0.03042849339544773, 0.015038666315376759, 0.03042849339544773, 0.018674954771995544, 0.040510114282369614, 0.04408969730138779, 0.03042849339544773, 0.029380155727267265, 0.04408969730138779, 0.07920636236667633, 0.05996670573949814, 0.01768556609749794, 0.07741063088178635, 0.16974098980426788, 0.02788562886416912, 0.029825259000062943, 0.028304243460297585, 0.06032249331474304, 0.012951352633535862], [0.03322340548038483, 0.020304320380091667, 0.04569355025887489, 0.020304320380091667, 0.01223867665976286, 0.020304320380091667, 0.0292893685400486, 0.020304320380091667, 0.014906899072229862, 0.03382350876927376, 0.03322340548038483, 0.020304320380091667, 0.04569355025887489, 0.03322340548038483, 0.08821965008974075, 0.09951317310333252, 0.018199235200881958, 0.029159829020500183, 0.06389123201370239, 0.10425537079572678, 0.03726416453719139, 0.14656592905521393, 0.021057384088635445, 0.009036707691848278], [0.032611995935440063, 0.018424974754452705, 0.04948464035987854, 0.018424974754452705, 0.022189777344465256, 0.018424974754452705, 0.04747790843248367, 0.018424974754452705, 0.022040074691176414, 0.05615754425525665, 0.032611995935440063, 0.018424974754452705, 0.04948464035987854, 0.032611995935440063, 0.03235752880573273, 0.08334740251302719, 0.030873849987983704, 0.070029616355896, 0.074556864798069, 0.08396008610725403, 0.030921965837478638, 0.11787907034158707, 0.02687356062233448, 0.012404495850205421], [0.03867773339152336, 0.062059108167886734, 0.03257765620946884, 0.062059108167886734, 0.02886834740638733, 0.062059108167886734, 0.03442228212952614, 0.062059108167886734, 0.02996196039021015, 0.03854711353778839, 0.03867773339152336, 0.062059108167886734, 0.03257765620946884, 0.03867773339152336, 0.042155005037784576, 0.03623911738395691, 0.032634031027555466, 0.0334317721426487, 0.05085189267992973, 0.03762264922261238, 0.034060973674058914, 0.04868753254413605, 0.03417913243174553, 0.026854148134589195], [0.04411489516496658, 0.018800215795636177, 0.036951497197151184, 0.018800215795636177, 0.013111688196659088, 0.018800215795636177, 0.01681266911327839, 0.018800215795636177, 0.013457386754453182, 0.03296145424246788, 0.04411489516496658, 0.018800215795636177, 0.036951497197151184, 0.04411489516496658, 0.056994009763002396, 0.058094270527362823, 0.016116563230752945, 0.027011387050151825, 0.2643166482448578, 0.038602590560913086, 0.03935239091515541, 0.08556179702281952, 0.026160242035984993, 0.011198108084499836], [0.03116167150437832, 0.01586037129163742, 0.053454313427209854, 0.01586037129163742, 0.01901146210730076, 0.01586037129163742, 0.03896840661764145, 0.01586037129163742, 0.019262436777353287, 0.04656818509101868, 0.03116167150437832, 0.01586037129163742, 0.053454313427209854, 0.03116167150437832, 0.04627978801727295, 0.11939765512943268, 0.029016369953751564, 0.0758645236492157, 0.07287861406803131, 0.08907520771026611, 0.028066620230674744, 0.09977973997592926, 0.024962082505226135, 0.011173463426530361], [0.03867773339152336, 0.062059108167886734, 0.03257765620946884, 0.062059108167886734, 0.02886834740638733, 0.062059108167886734, 0.03442228212952614, 0.062059108167886734, 0.02996196039021015, 0.03854711353778839, 0.03867773339152336, 0.062059108167886734, 0.03257765620946884, 0.03867773339152336, 0.042155005037784576, 0.03623911738395691, 0.032634031027555466, 0.0334317721426487, 0.05085189267992973, 0.03762264922261238, 0.034060973674058914, 0.04868753254413605, 0.03417913243174553, 0.026854148134589195], [0.04882488399744034, 0.0303651075810194, 0.03669052943587303, 0.0303651075810194, 0.032345324754714966, 0.0303651075810194, 0.025012580677866936, 0.0303651075810194, 0.03220408782362938, 0.05471191182732582, 0.04882488399744034, 0.0303651075810194, 0.03669052943587303, 0.04882488399744034, 0.0633559599518776, 0.05924881994724274, 0.035540640354156494, 0.04596812278032303, 0.06949515640735626, 0.031548794358968735, 0.04628976061940193, 0.03558190539479256, 0.07315819710493088, 0.023857513442635536], [0.0416666641831398, 0.0416666641831398, 0.0416666641831398, 0.0416666641831398, 0.0416666641831398, 0.0416666641831398, 0.0416666641831398, 0.0416666641831398, 0.0416666641831398, 0.0416666641831398, 0.0416666641831398, 0.0416666641831398, 0.0416666641831398, 0.0416666641831398, 0.0416666641831398, 0.0416666641831398, 0.0416666641831398, 0.0416666641831398, 0.0416666641831398, 0.0416666641831398, 0.0416666641831398, 0.0416666641831398, 0.0416666641831398, 0.0416666641831398]],