{"premise_tokens": ["Philip", "Jennings", "(", "The", "Americans", ")", ",", "fictional", "character", "in", "the", "2010s", "American", "television", "drama", "series", "The", "Americans", "@@NULL@@"], "hypothesis_tokens": ["Elizabeth", "Jennings", "(", "The", "Americans", ")", "is", "a", "mother", ".", "@@NULL@@"], "label_logits": [-1.224427580833435, -0.16135209798812866, 0.7831045389175415], "label_probs": [0.0881819948554039, 0.25530993938446045, 0.6565080285072327], "h2p_attention": [[0.025382140651345253, 0.025382140651345253, 0.026642942801117897, 0.041847288608551025, 0.040355026721954346, 0.030524011701345444, 0.04004137963056564, 0.13766972720623016, 0.1585393100976944, 0.06376577168703079, 0.041847288608551025, 0.025382140651345253, 0.034023385494947433, 0.03913038969039917, 0.10218964517116547, 0.06788980215787888, 0.041847288608551025, 0.040355026721954346, 0.017185309901833534], [0.07687202841043472, 0.07687202841043472, 0.03575894981622696, 0.04790974035859108, 0.061208825558423996, 0.03711359575390816, 0.03696352243423462, 0.04569578543305397, 0.04533418267965317, 0.05523090809583664, 0.04790974035859108, 0.07687202841043472, 0.06951921433210373, 0.043338555842638016, 0.059080854058265686, 0.04193751513957977, 0.04790974035859108, 0.061208825558423996, 0.033263977617025375], [0.03518852964043617, 0.03518852964043617, 0.11256822198629379, 0.03934048116207123, 0.03670869767665863, 0.09895718097686768, 0.03715933486819267, 0.05046674981713295, 0.06802807003259659, 0.04822966828942299, 0.03934048116207123, 0.03518852964043617, 0.04009466990828514, 0.045248717069625854, 0.08922111243009567, 0.08028838783502579, 0.03934048116207123, 0.03670869767665863, 0.032733362168073654], [0.03179274499416351, 0.03179274499416351, 0.026529403403401375, 0.11734951287508011, 0.04824705421924591, 0.02679550275206566, 0.04624154418706894, 0.04020082950592041, 0.048398640006780624, 0.06598039716482162, 0.11734951287508011, 0.03179274499416351, 0.05120681971311569, 0.034189119935035706, 0.060779500752687454, 0.03368347883224487, 0.11734951287508011, 0.04824705421924591, 0.022073866799473763], [0.0005406916025094688, 0.0005406916025094688, 0.0003295248607173562, 0.0006422469741664827, 0.32974541187286377, 0.00034871557727456093, 0.0005041410331614316, 0.0009211457800120115, 0.0009231666917912662, 0.0009774049976840615, 0.0006422469741664827, 0.0005406916025094688, 0.3297523260116577, 0.0007351249223574996, 0.0013026102678850293, 0.0008724626968614757, 0.0006422469741664827, 0.32974541187286377, 0.00029383914079517126], [0.03490477800369263, 0.03490477800369263, 0.0945764034986496, 0.03797603026032448, 0.0371268205344677, 0.1028498038649559, 0.03521447628736496, 0.05487687513232231, 0.0677173063158989, 0.05015084147453308, 0.03797603026032448, 0.03490477800369263, 0.03706866875290871, 0.04940520226955414, 0.09576907753944397, 0.08819092065095901, 0.03797603026032448, 0.0371268205344677, 0.03128427267074585], [0.02547519840300083, 0.02547519840300083, 0.021350668743252754, 0.08191745728254318, 0.03315635025501251, 0.020030785351991653, 0.03974391520023346, 0.059487730264663696, 0.08113303780555725, 0.14608609676361084, 0.08191745728254318, 0.02547519840300083, 0.04110455513000488, 0.040618326514959335, 0.0890442430973053, 0.058755554258823395, 0.08191745728254318, 0.03315635025501251, 0.014154456555843353], [0.02615933306515217, 0.02615933306515217, 0.02040533348917961, 0.05864649638533592, 0.0521039217710495, 0.02252834662795067, 0.05230533704161644, 0.10595791786909103, 0.06805843114852905, 0.0918055847287178, 0.05864649638533592, 0.02615933306515217, 0.0894060954451561, 0.056430425494909286, 0.05335196852684021, 0.06200727820396423, 0.05864649638533592, 0.0521039217710495, 0.01911783590912819], [0.027107348665595055, 0.027107348665595055, 0.028146836906671524, 0.03685223311185837, 0.05458591505885124, 0.035262782126665115, 0.021367071196436882, 0.08138883858919144, 0.07110240310430527, 0.049002841114997864, 0.03685223311185837, 0.027107348665595055, 0.08889088034629822, 0.09731357544660568, 0.1073630228638649, 0.10289394110441208, 0.03685223311185837, 0.05458591505885124, 0.016217125579714775], [0.039038337767124176, 0.039038337767124176, 0.04158417135477066, 0.06277080625295639, 0.044352639466524124, 0.04140259325504303, 0.040910013020038605, 0.04953942075371742, 0.05796778202056885, 0.07779503613710403, 0.06277080625295639, 0.039038337767124176, 0.04334127902984619, 0.04846338927745819, 0.116086445748806, 0.058105096220970154, 0.06277080625295639, 0.044352639466524124, 0.030671969056129456], [0.05263159051537514, 0.05263159051537514, 0.05263159051537514, 0.05263159051537514, 0.05263159051537514, 0.05263159051537514, 0.05263159051537514, 0.05263159051537514, 0.05263159051537514, 0.05263159051537514, 0.05263159051537514, 0.05263159051537514, 0.05263159051537514, 0.05263159051537514, 0.05263159051537514, 0.05263159051537514, 0.05263159051537514, 0.05263159051537514, 0.05263159051537514]],