{"premise_tokens": ["He", "was", "ranked", "second", "in", "Times", "``", "Top", "100", "Most", "Influential", "Heroes", "and", "Icons", "of", "2009", "''", ",", "after", "Michelle", "Obama", ".", "@@NULL@@"], "hypothesis_tokens": ["Chesley", "Sullenberger", "was", "not", "ranked", "second", "on", "a", "Times", "list", ".", "@@NULL@@"], "label_logits": [-0.535407304763794, 2.1109766960144043, -2.211693048477173], "label_probs": [0.06540215015411377, 0.9223632216453552, 0.012234613299369812], "h2p_attention": [[0.0546422079205513, 0.03890613466501236, 0.03200682997703552, 0.03602881729602814, 0.04500342532992363, 0.040369074791669846, 0.06263711303472519, 0.045079972594976425, 0.04949980229139328, 0.05489806830883026, 0.06263711303472519, 0.05584946647286415, 0.034378211945295334, 0.03658568114042282, 0.032881077378988266, 0.042084742337465286, 0.06263711303472519, 0.030118737369775772, 0.04577665403485298, 0.03355683758854866, 0.04282114654779434, 0.034497469663619995, 0.02710426039993763], [0.0546422079205513, 0.03890613466501236, 0.03200682997703552, 0.03602881729602814, 0.04500342532992363, 0.040369074791669846, 0.06263711303472519, 0.045079972594976425, 0.04949980229139328, 0.05489806830883026, 0.06263711303472519, 0.05584946647286415, 0.034378211945295334, 0.03658568114042282, 0.032881077378988266, 0.042084742337465286, 0.06263711303472519, 0.030118737369775772, 0.04577665403485298, 0.03355683758854866, 0.04282114654779434, 0.034497469663619995, 0.02710426039993763], [0.16672860085964203, 0.1432572305202484, 0.02277478203177452, 0.0460943803191185, 0.03741830214858055, 0.03653164580464363, 0.02266896888613701, 0.03210633248090744, 0.030064638704061508, 0.06272763013839722, 0.02266896888613701, 0.03059142269194126, 0.03392382338643074, 0.02103978954255581, 0.022954866290092468, 0.038165055215358734, 0.02266896888613701, 0.026594890281558037, 0.06241142377257347, 0.04237118735909462, 0.024228010326623917, 0.036216627806425095, 0.015792515128850937], [0.6816633343696594, 0.016771959140896797, 0.002096619224175811, 0.033239301294088364, 0.018580643460154533, 0.011214375495910645, 0.0029308246448636055, 0.007096178364008665, 0.003676540218293667, 0.10373928397893906, 0.0029308246448636055, 0.005926987621933222, 0.014324263669550419, 0.0036154494155198336, 0.008038791827857494, 0.015275826677680016, 0.0029308246448636055, 0.007046355865895748, 0.039548177272081375, 0.007378358393907547, 0.0033493770752102137, 0.007484094239771366, 0.0011417469941079617], [0.010963625274598598, 0.004346336703747511, 0.8235307335853577, 0.007589086424559355, 0.008172922767698765, 0.014206859283149242, 0.0035589791368693113, 0.015450399369001389, 0.01752741076052189, 0.016333337873220444, 0.0035589791368693113, 0.006581475492566824, 0.003495655255392194, 0.004685302264988422, 0.00615953654050827, 0.007690936792641878, 0.0035589791368693113, 0.00409776670858264, 0.008589512668550014, 0.009989161044359207, 0.01302017830312252, 0.003878967836499214, 0.0030138413421809673], [0.005391980521380901, 0.000574203790165484, 0.0004953799652867019, 0.9631652235984802, 0.0007275723619386554, 0.002933243988081813, 0.0002615060075186193, 0.0003409858327358961, 0.0005101817077957094, 0.0036769742146134377, 0.0002615060075186193, 0.0007740216096863151, 0.002144142519682646, 0.00033003935823217034, 0.0010357311693951488, 0.00091636209981516, 0.0002615060075186193, 0.0016096581239253283, 0.012634845450520515, 0.0005647424841299653, 0.0006819069385528564, 0.0005115297390148044, 0.00019672942289616913], [0.1490543782711029, 0.030078917741775513, 0.023678474128246307, 0.044722408056259155, 0.0918077826499939, 0.03214307501912117, 0.021279996261000633, 0.05601513758301735, 0.02718133106827736, 0.05359319597482681, 0.021279996261000633, 0.03193933889269829, 0.028237082064151764, 0.03306062892079353, 0.038055531680583954, 0.07726816833019257, 0.021279996261000633, 0.02939636819064617, 0.07018157094717026, 0.028240209445357323, 0.04600368067622185, 0.031859368085861206, 0.013643412850797176], [0.11730226129293442, 0.03178048133850098, 0.02159995585680008, 0.10765795409679413, 0.05771002918481827, 0.041319362819194794, 0.016444053500890732, 0.03246187046170235, 0.039754148572683334, 0.09963113814592361, 0.016444053500890732, 0.04566605016589165, 0.035558924078941345, 0.03706173971295357, 0.0324724018573761, 0.036713384091854095, 0.016444053500890732, 0.03287972882390022, 0.07017025351524353, 0.03574946150183678, 0.039424631744623184, 0.023736516013741493, 0.0120176887139678], [0.10010945796966553, 0.01709342561662197, 0.03483283892273903, 0.11017676442861557, 0.02834136225283146, 0.32775846123695374, 0.011005819775164127, 0.018754495307803154, 0.030326470732688904, 0.07127342373132706, 0.011005819775164127, 0.018674751743674278, 0.026957638561725616, 0.01116979494690895, 0.018157485872507095, 0.01700843870639801, 0.011005819775164127, 0.018870452418923378, 0.04891220107674599, 0.02125011384487152, 0.024256810545921326, 0.01566881313920021, 0.007389433681964874], [0.04635772854089737, 0.021738050505518913, 0.2662016451358795, 0.020668331533670425, 0.039745595306158066, 0.024648727849125862, 0.011064535938203335, 0.10916178673505783, 0.03609340637922287, 0.11249510943889618, 0.011064535938203335, 0.026063788682222366, 0.013346678577363491, 0.022686753422021866, 0.02745458483695984, 0.04704379662871361, 0.011064535938203335, 0.022988861426711082, 0.028872182592749596, 0.04841814562678337, 0.027014663442969322, 0.015658177435398102, 0.010148250497877598], [0.13618141412734985, 0.046814315021038055, 0.026273487135767937, 0.053079091012477875, 0.051776427775621414, 0.04328594729304314, 0.02598193660378456, 0.028117548674345016, 0.03886004537343979, 0.07054021954536438, 0.02598193660378456, 0.036070480942726135, 0.03960788622498512, 0.025353357195854187, 0.031394291669130325, 0.05892273411154747, 0.02598193660378456, 0.027227628976106644, 0.05319669470191002, 0.041782695800065994, 0.030558152124285698, 0.06259789317846298, 0.020413707941770554], [0.04347826912999153, 0.04347826912999153, 0.04347826912999153, 0.04347826912999153, 0.04347826912999153, 0.04347826912999153, 0.04347826912999153, 0.04347826912999153, 0.04347826912999153, 0.04347826912999153, 0.04347826912999153, 0.04347826912999153, 0.04347826912999153, 0.04347826912999153, 0.04347826912999153, 0.04347826912999153, 0.04347826912999153, 0.04347826912999153, 0.04347826912999153, 0.04347826912999153, 0.04347826912999153, 0.04347826912999153, 0.04347826912999153]],