{"premise_tokens": ["Traditionally", ",", "a", "mojito", "is", "a", "cocktail", "that", "consists", "of", "five", "ingredients", ":", "white", "rum", ",", "sugar", "(", "traditionally", "sugar", "cane", "juice", ")", ",", "lime", "juice", ",", "soda", "water", ",", "and", "mint", ".", "@@NULL@@"], "hypothesis_tokens": ["Mojito", "is", "a", "cocktail", ".", "@@NULL@@"], "label_logits": [0.9021540880203247, 0.6855234503746033, -1.4499435424804688], "label_probs": [0.5262059569358826, 0.42371541261672974, 0.05007867142558098], "h2p_attention": [[0.04557527229189873, 0.02161872386932373, 0.026620659977197647, 0.044959865510463715, 0.03501508757472038, 0.026620659977197647, 0.029630159959197044, 0.031704381108284, 0.024003922939300537, 0.023601487278938293, 0.020976075902581215, 0.03158247470855713, 0.020821768790483475, 0.028015796095132828, 0.043265923857688904, 0.02161872386932373, 0.03514282777905464, 0.02091420814394951, 0.04557527229189873, 0.03514282777905464, 0.02904519997537136, 0.03609948605298996, 0.021706493571400642, 0.02161872386932373, 0.024302806705236435, 0.03609948605298996, 0.02161872386932373, 0.03549065440893173, 0.047794729471206665, 0.02161872386932373, 0.02467610314488411, 0.023306146264076233, 0.024761704728007317, 0.01945498399436474], [0.05827818810939789, 0.010118307545781136, 0.01999242790043354, 0.006485672201961279, 0.4444052278995514, 0.01999242790043354, 0.006794728804379702, 0.031043654307723045, 0.013156211003661156, 0.012595630250871181, 0.012747937813401222, 0.02286764420568943, 0.006286911200731993, 0.02238919772207737, 0.02278723753988743, 0.010118307545781136, 0.009096133522689342, 0.005435614380985498, 0.05827818810939789, 0.009096133522689342, 0.008961793966591358, 0.021234195679426193, 0.005099590867757797, 0.010118307545781136, 0.006762441713362932, 0.021234195679426193, 0.010118307545781136, 0.01775181293487549, 0.05051099509000778, 0.010118307545781136, 0.011325914412736893, 0.00662247696891427, 0.014572326093912125, 0.003603549674153328], [0.025635283440351486, 0.021538056433200836, 0.10729788988828659, 0.010771771892905235, 0.04367512837052345, 0.10729788988828659, 0.015747593715786934, 0.03460545837879181, 0.01508281845599413, 0.0212712325155735, 0.021814031526446342, 0.04756009578704834, 0.010531733743846416, 0.020640172064304352, 0.03631911426782608, 0.021538056433200836, 0.02234429493546486, 0.008402415551245213, 0.025635283440351486, 0.02234429493546486, 0.032824836671352386, 0.04817546531558037, 0.00927661918103695, 0.021538056433200836, 0.01269886177033186, 0.04817546531558037, 0.021538056433200836, 0.035255346447229385, 0.04069456458091736, 0.021538056433200836, 0.02329307794570923, 0.021517852321267128, 0.015548739582300186, 0.007872255519032478], [0.03494274616241455, 0.007914080284535885, 0.01499060820788145, 0.01141319703310728, 0.01413012109696865, 0.01499060820788145, 0.4367508292198181, 0.011557341553270817, 0.013161896727979183, 0.01454247161746025, 0.012005848810076714, 0.032196737825870514, 0.007855590432882309, 0.01367995236068964, 0.04286084324121475, 0.007914080284535885, 0.01323353499174118, 0.008515030145645142, 0.03494274616241455, 0.01323353499174118, 0.014376123435795307, 0.02721044048666954, 0.008888691663742065, 0.007914080284535885, 0.02037392184138298, 0.02721044048666954, 0.007914080284535885, 0.024250654503703117, 0.05017177760601044, 0.007914080284535885, 0.008465591818094254, 0.014559416100382805, 0.012425247579813004, 0.007493837270885706], [0.041465874761343, 0.020408712327480316, 0.030222030356526375, 0.019474992528557777, 0.06187654659152031, 0.030222030356526375, 0.025370469316840172, 0.03661372885107994, 0.019711894914507866, 0.023531869053840637, 0.028660042211413383, 0.032998424023389816, 0.01851961761713028, 0.027122698724269867, 0.04341292381286621, 0.020408712327480316, 0.02679908275604248, 0.02074502781033516, 0.041465874761343, 0.02679908275604248, 0.02775442600250244, 0.035300690680742264, 0.02065444365143776, 0.020408712327480316, 0.023228157311677933, 0.035300690680742264, 0.020408712327480316, 0.04324117675423622, 0.04377174749970436, 0.020408712327480316, 0.02968844398856163, 0.021782442927360535, 0.046920809894800186, 0.015301275998353958], [0.02941174991428852, 0.02941174991428852, 0.02941174991428852, 0.02941174991428852, 0.02941174991428852, 0.02941174991428852, 0.02941174991428852, 0.02941174991428852, 0.02941174991428852, 0.02941174991428852, 0.02941174991428852, 0.02941174991428852, 0.02941174991428852, 0.02941174991428852, 0.02941174991428852, 0.02941174991428852, 0.02941174991428852, 0.02941174991428852, 0.02941174991428852, 0.02941174991428852, 0.02941174991428852, 0.02941174991428852, 0.02941174991428852, 0.02941174991428852, 0.02941174991428852, 0.02941174991428852, 0.02941174991428852, 0.02941174991428852, 0.02941174991428852, 0.02941174991428852, 0.02941174991428852, 0.02941174991428852, 0.02941174991428852, 0.02941174991428852]],