{"premise_tokens": ["In", "1997", ",", "Pharmacia", "&", "Upjohn", "sold", "several", "brands", "to", "Johnson", "&", "Johnson", ",", "including", "Motrin", "and", "Cortaid", ".", "@@NULL@@"], "hypothesis_tokens": ["Ibuprofen", "is", "available", "as", "Motrin", ",", "sold", "by", "Johnson", "&", "Johnson", ".", "@@NULL@@"], "label_logits": [2.821894884109497, -1.7202450037002563, -3.184117555618286], "label_probs": [0.9870553016662598, 0.010512721724808216, 0.0024319991935044527], "h2p_attention": [[0.05120394751429558, 0.07126718759536743, 0.034268464893102646, 0.07126718759536743, 0.04345698282122612, 0.07126718759536743, 0.05448334291577339, 0.037719350308179855, 0.06978504359722137, 0.051774218678474426, 0.03821791335940361, 0.04345698282122612, 0.03821791335940361, 0.034268464893102646, 0.03760755434632301, 0.07126718759536743, 0.039114803075790405, 0.07126718759536743, 0.03925049304962158, 0.030838655307888985], [0.11232011020183563, 0.019586922600865364, 0.030557598918676376, 0.019586922600865364, 0.0208039078861475, 0.019586922600865364, 0.033774133771657944, 0.05972408130764961, 0.05846558138728142, 0.1618335247039795, 0.08090825378894806, 0.0208039078861475, 0.08090825378894806, 0.030557598918676376, 0.12231208384037018, 0.019586922600865364, 0.03420461341738701, 0.019586922600865364, 0.044008880853652954, 0.010882830247282982], [0.04167625308036804, 0.014282548800110817, 0.0255467277020216, 0.014282548800110817, 0.01869739592075348, 0.014282548800110817, 0.19385895133018494, 0.06129391863942146, 0.1259269118309021, 0.03563150018453598, 0.049855489283800125, 0.01869739592075348, 0.049855489283800125, 0.0255467277020216, 0.225069060921669, 0.014282548800110817, 0.020034996792674065, 0.014282548800110817, 0.02527996338903904, 0.011616606265306473], [0.06605412065982819, 0.022417636588215828, 0.06401398032903671, 0.022417636588215828, 0.021745214238762856, 0.022417636588215828, 0.04190210625529289, 0.07395409792661667, 0.07820162177085876, 0.0914805680513382, 0.050895627588033676, 0.021745214238762856, 0.050895627588033676, 0.06401398032903671, 0.1438681036233902, 0.022417636588215828, 0.07071202248334885, 0.022417636588215828, 0.03269781917333603, 0.015731770545244217], [0.05120394751429558, 0.07126718759536743, 0.034268464893102646, 0.07126718759536743, 0.04345698282122612, 0.07126718759536743, 0.05448334291577339, 0.037719350308179855, 0.06978504359722137, 0.051774218678474426, 0.03821791335940361, 0.04345698282122612, 0.03821791335940361, 0.034268464893102646, 0.03760755434632301, 0.07126718759536743, 0.039114803075790405, 0.07126718759536743, 0.03925049304962158, 0.030838655307888985], [0.043699365109205246, 0.022070197388529778, 0.15522973239421844, 0.022070197388529778, 0.025665409862995148, 0.022070197388529778, 0.04105754941701889, 0.05197926238179207, 0.03440425917506218, 0.04339359700679779, 0.029468117281794548, 0.025665409862995148, 0.029468117281794548, 0.15522973239421844, 0.1386295109987259, 0.022070197388529778, 0.0694069191813469, 0.022070197388529778, 0.026490801945328712, 0.019861271604895592], [0.0038678233977407217, 0.0022132466547191143, 0.0025896879378706217, 0.0022132466547191143, 0.0030287867411971092, 0.0022132466547191143, 0.8598729968070984, 0.004693793132901192, 0.0844389870762825, 0.0037599492352455854, 0.002779144560918212, 0.0030287867411971092, 0.002779144560918212, 0.0025896879378706217, 0.00880846194922924, 0.0022132466547191143, 0.003143210895359516, 0.0022132466547191143, 0.002300599357113242, 0.001252741552889347], [0.028486568480730057, 0.009713394567370415, 0.02572164312005043, 0.009713394567370415, 0.015051308088004589, 0.009713394567370415, 0.03079681657254696, 0.05230732262134552, 0.054107971489429474, 0.02767457626760006, 0.05699876323342323, 0.015051308088004589, 0.05699876323342323, 0.02572164312005043, 0.5261280536651611, 0.009713394567370415, 0.013676056638360023, 0.009713394567370415, 0.015562719665467739, 0.007149566430598497], [0.03299608826637268, 0.016672566533088684, 0.01996072381734848, 0.016672566533088684, 0.02028241939842701, 0.016672566533088684, 0.029845625162124634, 0.03741491585969925, 0.041197363287210464, 0.03907803073525429, 0.276898056268692, 0.02028241939842701, 0.276898056268692, 0.01996072381734848, 0.03787688538432121, 0.016672566533088684, 0.023613369092345238, 0.016672566533088684, 0.026879169046878815, 0.013453366234898567], [0.038869839161634445, 0.026378687471151352, 0.02418968640267849, 0.026378687471151352, 0.20525462925434113, 0.026378687471151352, 0.045258086174726486, 0.04129704087972641, 0.0719837173819542, 0.036030497401952744, 0.028221355751156807, 0.20525462925434113, 0.028221355751156807, 0.02418968640267849, 0.03637869283556938, 0.026378687471151352, 0.03286803886294365, 0.026378687471151352, 0.03137005865573883, 0.018719278275966644], [0.03299608826637268, 0.016672566533088684, 0.01996072381734848, 0.016672566533088684, 0.02028241939842701, 0.016672566533088684, 0.029845625162124634, 0.03741491585969925, 0.041197363287210464, 0.03907803073525429, 0.276898056268692, 0.02028241939842701, 0.276898056268692, 0.01996072381734848, 0.03787688538432121, 0.016672566533088684, 0.023613369092345238, 0.016672566533088684, 0.026879169046878815, 0.013453366234898567], [0.07320261746644974, 0.03673382103443146, 0.038495004177093506, 0.03673382103443146, 0.048366278409957886, 0.03673382103443146, 0.05300245061516762, 0.04815095663070679, 0.05965832248330116, 0.06742385029792786, 0.05766354128718376, 0.048366278409957886, 0.05766354128718376, 0.038495004177093506, 0.052481021732091904, 0.03673382103443146, 0.05599847808480263, 0.03673382103443146, 0.08850224316120148, 0.028861338272690773], [0.04999999329447746, 0.04999999329447746, 0.04999999329447746, 0.04999999329447746, 0.04999999329447746, 0.04999999329447746, 0.04999999329447746, 0.04999999329447746, 0.04999999329447746, 0.04999999329447746, 0.04999999329447746, 0.04999999329447746, 0.04999999329447746, 0.04999999329447746, 0.04999999329447746, 0.04999999329447746, 0.04999999329447746, 0.04999999329447746, 0.04999999329447746, 0.04999999329447746]],