{"premise_tokens": ["The", "Sami", "Parliament", "of", "Norway", "(", "Sametinget", ",", "Sámediggi", ",", "Sámedigge", ",", "Saemiedigkie", ",", "Sää", "´", "mte", "´", "ǧǧ", ")", "is", "the", "representative", "body", "for", "people", "of", "Sami", "heritage", "in", "Norway", ".", "@@NULL@@"], "hypothesis_tokens": ["The", "Sami", "Parliament", "of", "Norway", "represents", "five", "Finno", "-", "Ugric", "people", ".", "@@NULL@@"], "label_logits": [-1.161797046661377, -0.9980283379554749, 1.1430331468582153], "label_probs": [0.081964410841465, 0.09654929488897324, 0.8214862942695618], "h2p_attention": [[0.07793080061674118, 0.021113289520144463, 0.027106817811727524, 0.03377935662865639, 0.02154247649013996, 0.017617948353290558, 0.021113289520144463, 0.030708612874150276, 0.021113289520144463, 0.030708612874150276, 0.021113289520144463, 0.030708612874150276, 0.021113289520144463, 0.030708612874150276, 0.021113289520144463, 0.021113289520144463, 0.021113289520144463, 0.021113289520144463, 0.021113289520144463, 0.017794663086533546, 0.08483780920505524, 0.07793080061674118, 0.022342819720506668, 0.030581006780266762, 0.0378941111266613, 0.028975294902920723, 0.03377935662865639, 0.021113289520144463, 0.02278752811253071, 0.04381701350212097, 0.02154247649013996, 0.030000079423189163, 0.014659062959253788], [0.02473936416208744, 0.03969474881887436, 0.046158481389284134, 0.020837582647800446, 0.033112406730651855, 0.018465004861354828, 0.03969474881887436, 0.019087018445134163, 0.03969474881887436, 0.019087018445134163, 0.03969474881887436, 0.019087018445134163, 0.03969474881887436, 0.019087018445134163, 0.03969474881887436, 0.03969474881887436, 0.03969474881887436, 0.03969474881887436, 0.03969474881887436, 0.01916451007127762, 0.03091457299888134, 0.02473936416208744, 0.02748924493789673, 0.04178512841463089, 0.022879255935549736, 0.02307550236582756, 0.020837582647800446, 0.03969474881887436, 0.032140932977199554, 0.028519826009869576, 0.03311240300536156, 0.021861931309103966, 0.017176667228341103], [1.3948915693617892e-06, 2.027127720793942e-06, 0.9997719526290894, 6.553340881509939e-06, 1.3804437912767753e-05, 1.1102246162408846e-06, 2.027127720793942e-06, 1.0264247976010665e-06, 2.027127720793942e-06, 1.0264247976010665e-06, 2.027127720793942e-06, 1.0264247976010665e-06, 2.027127720793942e-06, 1.0264247976010665e-06, 2.027127720793942e-06, 2.027127720793942e-06, 2.027127720793942e-06, 2.027127720793942e-06, 2.027127720793942e-06, 1.4808778132646694e-06, 1.0842618394235615e-05, 1.3948915693617892e-06, 1.8150056348531507e-05, 5.477916056406684e-05, 8.818324204185046e-06, 5.860052624484524e-06, 6.553340881509939e-06, 2.027127720793942e-06, 4.79892514704261e-05, 6.505741566797951e-06, 1.3804437912767753e-05, 1.837135187088279e-06, 7.543420679212431e-07], [0.028404561802744865, 0.01495379488915205, 0.1070871576666832, 0.12233246117830276, 0.01980993151664734, 0.013560165651142597, 0.01495379488915205, 0.025341033935546875, 0.01495379488915205, 0.025341033935546875, 0.01495379488915205, 0.025341033935546875, 0.01495379488915205, 0.025341033935546875, 0.01495379488915205, 0.01495379488915205, 0.01495379488915205, 0.01495379488915205, 0.01495379488915205, 0.014582671225070953, 0.04308561980724335, 0.028404561802744865, 0.020955244079232216, 0.043463218957185745, 0.033406246453523636, 0.031871482729911804, 0.12233246117830276, 0.01495379488915205, 0.023555299267172813, 0.030199380591511726, 0.01980993151664734, 0.018957098945975304, 0.012326591648161411], [0.004945247899740934, 0.006487098056823015, 0.0615813285112381, 0.005408025812357664, 0.3405621647834778, 0.003646882250905037, 0.006487098056823015, 0.005111968144774437, 0.006487098056823015, 0.005111968144774437, 0.006487098056823015, 0.005111968144774437, 0.006487098056823015, 0.005111968144774437, 0.006487098056823015, 0.006487098056823015, 0.006487098056823015, 0.006487098056823015, 0.006487098056823015, 0.004239459987729788, 0.009046063758432865, 0.004945247899740934, 0.04958999156951904, 0.010786730796098709, 0.015935977920889854, 0.00762886693701148, 0.005408025812357664, 0.006487098056823015, 0.024593131616711617, 0.011066809296607971, 0.3405618369579315, 0.0048832823522388935, 0.003365105716511607], [0.04326460137963295, 0.01737084798514843, 0.06342033296823502, 0.016058946028351784, 0.04455380514264107, 0.009732048027217388, 0.01737084798514843, 0.01650194264948368, 0.01737084798514843, 0.01650194264948368, 0.01737084798514843, 0.01650194264948368, 0.01737084798514843, 0.01650194264948368, 0.01737084798514843, 0.01737084798514843, 0.01737084798514843, 0.01737084798514843, 0.01737084798514843, 0.010475337505340576, 0.06769000738859177, 0.04326460137963295, 0.12428423762321472, 0.04267309233546257, 0.048170268535614014, 0.023097988218069077, 0.016058946028351784, 0.01737084798514843, 0.06969738006591797, 0.05070023983716965, 0.044553790241479874, 0.017783962190151215, 0.007433299906551838], [0.023244893178343773, 0.014317418448626995, 0.03160941228270531, 0.05304255709052086, 0.050471723079681396, 0.01819029450416565, 0.014317418448626995, 0.058084070682525635, 0.014317418448626995, 0.058084070682525635, 0.014317418448626995, 0.058084070682525635, 0.014317418448626995, 0.058084070682525635, 0.014317418448626995, 0.014317418448626995, 0.014317418448626995, 0.014317418448626995, 0.014317418448626995, 0.016751732677221298, 0.046976521611213684, 0.023244893178343773, 0.018235882744193077, 0.02179299108684063, 0.07139896601438522, 0.038265734910964966, 0.05304255709052086, 0.014317418448626995, 0.024460772052407265, 0.030819792300462723, 0.05047173053026199, 0.024872569367289543, 0.013279183767735958], [0.02473936416208744, 0.03969474881887436, 0.046158481389284134, 0.020837582647800446, 0.033112406730651855, 0.018465004861354828, 0.03969474881887436, 0.019087018445134163, 0.03969474881887436, 0.019087018445134163, 0.03969474881887436, 0.019087018445134163, 0.03969474881887436, 0.019087018445134163, 0.03969474881887436, 0.03969474881887436, 0.03969474881887436, 0.03969474881887436, 0.03969474881887436, 0.01916451007127762, 0.03091457299888134, 0.02473936416208744, 0.02748924493789673, 0.04178512841463089, 0.022879255935549736, 0.02307550236582756, 0.020837582647800446, 0.03969474881887436, 0.032140932977199554, 0.028519826009869576, 0.03311240300536156, 0.021861931309103966, 0.017176667228341103], [0.027251699939370155, 0.02684229426085949, 0.027836967259645462, 0.029825622215867043, 0.025417575612664223, 0.028433220461010933, 0.02684229426085949, 0.034925252199172974, 0.02684229426085949, 0.034925252199172974, 0.02684229426085949, 0.034925252199172974, 0.02684229426085949, 0.034925252199172974, 0.02684229426085949, 0.02684229426085949, 0.02684229426085949, 0.02684229426085949, 0.02684229426085949, 0.02836003340780735, 0.034628480672836304, 0.027251699939370155, 0.04129250347614288, 0.07236377894878387, 0.023022251203656197, 0.024220416322350502, 0.029825622215867043, 0.02684229426085949, 0.03338061273097992, 0.03945541009306908, 0.025417571887373924, 0.02441762015223503, 0.022632693871855736], [0.02473936416208744, 0.03969474881887436, 0.046158481389284134, 0.020837582647800446, 0.033112406730651855, 0.018465004861354828, 0.03969474881887436, 0.019087018445134163, 0.03969474881887436, 0.019087018445134163, 0.03969474881887436, 0.019087018445134163, 0.03969474881887436, 0.019087018445134163, 0.03969474881887436, 0.03969474881887436, 0.03969474881887436, 0.03969474881887436, 0.03969474881887436, 0.01916451007127762, 0.03091457299888134, 0.02473936416208744, 0.02748924493789673, 0.04178512841463089, 0.022879255935549736, 0.02307550236582756, 0.020837582647800446, 0.03969474881887436, 0.032140932977199554, 0.028519826009869576, 0.03311240300536156, 0.021861931309103966, 0.017176667228341103], [0.014282655902206898, 0.009707323275506496, 0.05613328889012337, 0.018682999536395073, 0.016381312161684036, 0.00787091813981533, 0.009707323275506496, 0.009217428043484688, 0.009707323275506496, 