{"premise_tokens": ["The", "Money", "Laundering", "Control", "Act", "of", "1986", "(", "Public", "Law", "99", "-", "570", ")", "is", "a", "United", "States", "Act", "of", "Congress", "that", "made", "money", "laundering", "a", "federal", "crime", ".", "@@NULL@@"], "hypothesis_tokens": ["Money", "laundering", "is", "not", "a", "crime", ".", "@@NULL@@"], "label_logits": [-1.37654447555542, 3.174421787261963, -2.396777629852295], "label_probs": [0.010407515801489353, 0.9858404397964478, 0.003752022748813033], "h2p_attention": [[0.0061507741920650005, 0.36483606696128845, 0.006418958771973848, 0.017446352168917656, 0.010100609622895718, 0.00697069289162755, 0.006418958771973848, 0.003940860275179148, 0.03917926922440529, 0.010812287218868732, 0.006915381643921137, 0.0037707828450948, 0.006418958771973848, 0.004236371722072363, 0.01477990485727787, 0.007788719143718481, 0.007791990879923105, 0.009920354932546616, 0.010100609622895718, 0.00697069289162755, 0.01127369049936533, 0.008477776311337948, 0.007839369587600231, 0.36483606696128845, 0.006418958771973848, 0.007788719143718481, 0.02383315935730934, 0.008013159036636353, 0.006779590621590614, 0.0037707828450948], [0.028708655387163162, 0.033930979669094086, 0.04606354609131813, 0.03450452536344528, 0.04721010476350784, 0.024180855602025986, 0.04606354609131813, 0.021427612751722336, 0.04224338009953499, 0.046037159860134125, 0.02994127757847309, 0.02363995462656021, 0.04606354609131813, 0.02223934791982174, 0.03587464243173599, 0.02727414481341839, 0.02941974438726902, 0.035681333392858505, 0.04721010476350784, 0.024180855602025986, 0.02682213857769966, 0.03248266503214836, 0.030319586396217346, 0.033930979669094086, 0.04606354609131813, 0.02727414481341839, 0.03312452882528305, 0.03278506174683571, 0.0253695547580719, 0.019932566210627556], [0.021304091438651085, 0.01442845817655325, 0.00662528071552515, 0.05879490450024605, 0.032811012119054794, 0.012866759672760963, 0.00662528071552515, 0.0055526201613247395, 0.06783843785524368, 0.01653401367366314, 0.012325536459684372, 0.005632186308503151, 0.00662528071552515, 0.00520936306566, 0.45397135615348816, 0.02042277902364731, 0.00822879932820797, 0.007136418949812651, 0.032811012119054794, 0.012866759672760963, 0.019023310393095016, 0.031711891293525696, 0.02091222070157528, 0.01442845817655325, 0.00662528071552515, 0.02042277902364731, 0.014869987033307552, 0.04482869803905487, 0.014886005781590939, 0.0036811186000704765], [0.04208218306303024, 0.020018938928842545, 0.004605407826602459, 0.030272167176008224, 0.09227071702480316, 0.012631913647055626, 0.004605407826602459, 0.0024294282775372267, 0.19853109121322632, 0.03592753782868385, 0.008223183453083038, 0.004132119007408619, 0.004605407826602459, 0.002484458964318037, 0.17681784927845, 0.0349360816180706, 0.006131252273917198, 0.004842469003051519, 0.09227071702480316, 0.012631913647055626, 0.005831986200064421, 0.05775704234838486, 0.0455516092479229, 0.020018938928842545, 0.004605407826602459, 0.0349360816180706, 0.005495356395840645, 0.021799035370349884, 0.01176027487963438, 0.0017941066762432456], [0.025855211541056633, 0.01740921474993229, 0.011532744392752647, 0.03400757536292076, 0.09713654965162277, 0.02277394011616707, 0.011532744392752647, 0.008996005170047283, 0.05774680897593498, 0.021981818601489067, 0.021428868174552917, 0.01349133811891079, 0.011532744392752647, 0.009931967593729496, 0.04676056280732155, 0.11487796902656555, 0.022830132395029068, 0.02524515613913536, 0.09713654965162277, 0.02277394011616707, 0.020169764757156372, 0.037050165235996246, 0.03927013278007507, 0.01740921474993229, 0.011532744392752647, 0.11487796902656555, 0.018871227279305458, 0.020761504769325256, 0.016647182404994965, 0.008428392000496387], [0.004702345933765173, 0.004736872855573893, 0.0036663368809968233, 0.02445290796458721, 0.014008046127855778, 0.004642246291041374, 0.0036663368809968233, 0.0029777188319712877, 0.010640434920787811, 0.010790823958814144, 0.004240518435835838, 0.002355031669139862, 0.0036663368809968233, 0.0029297831933945417, 0.027145376428961754, 0.005490774288773537, 0.00366929080337286, 0.0033782673999667168, 0.014008046127855778, 0.004642246291041374, 0.005647598300129175, 0.009435038082301617, 0.005507742986083031, 0.004736872855573893, 0.0036663368809968233, 0.005490774288773537, 0.005819608457386494, 0.7926337718963623, 0.009023502469062805, 0.0022290486376732588], [0.035312552005052567, 0.031023088842630386, 0.021961532533168793, 0.04613487049937248, 0.04271232336759567, 0.02653639018535614, 0.021961532533168793, 0.023393720388412476, 0.04945053532719612, 0.03197373449802399, 0.03739618510007858, 0.018615730106830597, 0.021961532533168793, 0.0232915747910738, 0.06977686285972595, 0.03408074378967285, 0.022606967017054558, 0.021921968087553978, 0.04271232336759567, 0.02653639018535614, 0.02786886692047119, 0.041288528591394424, 0.033771585673093796, 0.031023088842630386, 0.021961532533168793, 0.03408074378967285, 0.020628174766898155, 0.0698503702878952, 0.05291159078478813, 0.017254922538995743], [0.033333323895931244, 0.033333323895931244, 0.033333323895931244, 0.033333323895931244, 0.033333323895931244, 0.033333323895931244, 0.033333323895931244, 0.033333323895931244, 0.033333323895931244, 0.033333323895931244, 0.033333323895931244, 0.033333323895931244, 0.033333323895931244, 0.033333323895931244, 0.033333323895931244, 0.033333323895931244, 0.033333323895931244, 0.033333323895931244, 0.033333323895931244, 0.033333323895931244, 0.033333323895931244, 0.033333323895931244, 0.033333323895931244, 0.033333323895931244, 0.033333323895931244, 0.033333323895931244, 0.033333323895931244, 0.033333323895931244, 0.033333323895931244, 0.033333323895931244]],