{"premise_tokens": ["Curtis", "Knight", "(", "May", "9", ",", "1929November", "29", ",", "1999", ")", ",", "born", "Mont", "Curtis", "McNear", ",", "was", "an", "American", "musician", "who", "is", "known", "for", "his", "connection", "to", "Jimi", "Hendrix", ".", "@@NULL@@"], "hypothesis_tokens": ["Curtis", "Knight", "was", "born", "in", "November", "2000", ".", "@@NULL@@"], "label_logits": [-1.45484459400177, 2.245720624923706, -1.0277290344238281], "label_probs": [0.023254185914993286, 0.94110107421875, 0.035644713789224625], "h2p_attention": [[0.044982098042964935, 0.031005101278424263, 0.02092454954981804, 0.025321127846837044, 0.025140607729554176, 0.021629415452480316, 0.044982098042964935, 0.024685034528374672, 0.021629415452480316, 0.044982098042964935, 0.02171722799539566, 0.021629415452480316, 0.0314212329685688, 0.044982098042964935, 0.044982098042964935, 0.044982098042964935, 0.021629415452480316, 0.02793998084962368, 0.02944858744740486, 0.04067956283688545, 0.03205353021621704, 0.024694638326764107, 0.035032402724027634, 0.03168711066246033, 0.025926779955625534, 0.03147152066230774, 0.04764649644494057, 0.032678619027137756, 0.026511481031775475, 0.033365681767463684, 0.02477394789457321, 0.019464604556560516], [0.009697763249278069, 0.4753294885158539, 0.0075955260545015335, 0.028230950236320496, 0.02172514796257019, 0.017942434176802635, 0.009697763249278069, 0.017375336959958076, 0.017942434176802635, 0.009697763249278069, 0.008480316959321499, 0.017942434176802635, 0.019190166145563126, 0.009697763249278069, 0.009697763249278069, 0.009697763249278069, 0.017942434176802635, 0.022977463901042938, 0.02685069851577282, 0.04670911282300949, 0.011134283617138863, 0.01623496040701866, 0.029525743797421455, 0.01713147573173046, 0.015857167541980743, 0.02325054444372654, 0.013219674117863178, 0.014191183261573315, 0.019765429198741913, 0.016452740877866745, 0.012728247791528702, 0.006088131573051214], [0.017345478758215904, 0.04560619592666626, 0.014143863692879677, 0.048734400421381, 0.0270451158285141, 0.020349452272057533, 0.017345478758215904, 0.03265403211116791, 0.020349452272057533, 0.017345478758215904, 0.014434016309678555, 0.020349452272057533, 0.036257605999708176, 0.017345478758215904, 0.017345478758215904, 0.017345478758215904, 0.020349452272057533, 0.1096152737736702, 0.03721750155091286, 0.02159080095589161, 0.02543402649462223, 0.029943231493234634, 0.06463376432657242, 0.045370638370513916, 0.026278458535671234, 0.05786259472370148, 0.03190434351563454, 0.035568661987781525, 0.03376784548163414, 0.03667154163122177, 0.02771165408194065, 0.012083863839507103], [0.0018759415252134204, 0.0036629950627684593, 0.001768261194229126, 0.013839234597980976, 0.0064068143256008625, 0.002773140324279666, 0.0018759415252134204, 0.005303218495100737, 0.002773140324279666, 0.0018759415252134204, 0.0016615617787465453, 0.002773140324279666, 0.8027145266532898, 0.0018759415252134204, 0.0018759415252134204, 0.0018759415252134204, 0.002773140324279666, 0.003486864035949111, 0.010769370011985302, 0.04175899550318718, 0.007623274344950914, 0.006973741576075554, 0.01638905704021454, 0.0063447426073253155, 0.0025835593696683645, 0.00687853479757905, 0.0071689169853925705, 0.006902763620018959, 0.012055735103785992, 0.009779161773622036, 0.0024183352943509817, 0.0011620952282100916], [0.01196549367159605, 0.027870913967490196, 0.010618087835609913, 0.04074998199939728, 0.028440937399864197, 0.01585589163005352, 0.01196549367159605, 0.023393787443637848, 0.01585589163005352, 0.01196549367159605, 0.01155246701091528, 0.01585589163005352, 0.2014983594417572, 0.01196549367159605, 0.01196549367159605, 0.01196549367159605, 0.01585589163005352, 0.017074791714549065, 0.099734365940094, 0.035059306770563126, 0.02952364832162857, 0.02586171217262745, 0.07437693327665329, 0.0394589900970459, 0.020429126918315887, 0.03248666599392891, 0.035917334258556366, 0.031165579333901405, 0.02866431511938572, 0.025421513244509697, 0.018278177827596664, 0.007206470239907503], [0.002691835630685091, 0.005089899990707636, 0.003319517709314823, 0.6815727949142456, 0.03254717215895653, 0.004297180566936731, 0.002691835630685091, 0.11995411664247513, 0.004297180566936731, 0.002691835630685091, 0.003250657580792904, 0.004297180566936731, 0.021047092974185944, 0.002691835630685091, 0.002691835630685091, 0.002691835630685091, 0.004297180566936731, 0.0066092307679355145, 0.004351065959781408, 0.010548747144639492, 0.005511144641786814, 0.0037899038288742304, 0.009268557652831078, 0.0062974668107926846, 0.002260147826746106, 0.009120520204305649, 0.011022808961570263, 0.010245073586702347, 0.009193412028253078, 0.006516007240861654, 0.003410272765904665, 0.0017343198414891958], [0.010563038289546967, 0.010915017686784267, 0.01071553397923708, 0.10070133954286575, 0.06821043789386749, 0.016990171745419502, 0.010563038289546967, 0.07784244418144226, 0.016990171745419502, 0.010563038289546967, 0.010849783197045326, 0.016990171745419502, 0.11618948727846146, 0.010563038289546967, 0.010563038289546967, 0.010563038289546967, 0.016990171745419502, 0.013377287425100803, 0.03334701806306839, 0.033462733030319214, 0.023825200274586678, 0.015831034630537033, 0.061040960252285004, 0.02731986902654171, 0.010655631311237812, 0.04346723482012749, 0.08011943846940994, 0.025849759578704834, 0.04115036502480507, 0.03472280874848366, 0.02299366146326065, 0.006073927041143179], [0.021215926855802536, 0.034849535673856735, 0.022599494084715843, 0.04015156626701355, 0.031024988740682602, 0.02223312109708786, 0.021215926855802536, 0.02845323644578457, 0.02223312109708786, 0.021215926855802536, 0.022500809282064438, 0.02223312109708786, 0.03468862920999527, 0.021215926855802536, 0.021215926855802536, 0.021215926855802536, 0.02223312109708786, 0.0382268950343132, 0.04609522968530655, 0.023554418236017227, 0.029975036159157753, 0.03329259157180786, 0.06740792095661163, 0.04365816339850426, 0.030467065051198006, 0.06113866716623306, 0.036286503076553345, 0.03894122689962387, 0.024183159694075584, 0.02849242463707924, 0.05111522600054741, 0.016669107601046562], [0.03125, 0.03125, 0.03125, 0.03125, 0.03125, 0.03125, 0.03125, 0.03125, 0.03125, 0.03125, 0.03125, 0.03125, 0.03125, 0.03125, 0.03125, 0.03125, 0.03125, 0.03125, 0.03125, 0.03125, 0.03125, 0.03125, 0.03125, 0.03125, 0.03125, 0.03125, 0.03125, 0.03125, 0.03125, 0.03125, 0.03125, 0.03125]],