{"premise_tokens": ["It", "has", "a", "staff", "of", "about", "20", ",", "including", "publisher", "James", "Israel", ",", "and", "Editor", "-", "in", "-", "Chief", "Dana", "Harris", ".", "@@NULL@@"], "hypothesis_tokens": ["IndieWire", "includes", "publisher", "James", "Israel", ".", "@@NULL@@"], "label_logits": [1.3582125902175903, -0.3519408404827118, -2.739583730697632], "label_probs": [0.8351098299026489, 0.1510196179151535, 0.013870535418391228], "h2p_attention": [[0.0535237118601799, 0.04869053140282631, 0.0379156693816185, 0.04865901917219162, 0.03361547738313675, 0.051621176302433014, 0.03810190036892891, 0.03079143911600113, 0.03379173204302788, 0.06403610855340958, 0.03013782575726509, 0.06889750063419342, 0.03079143911600113, 0.03514605015516281, 0.044126395136117935, 0.03286352753639221, 0.046008575707674026, 0.03286352753639221, 0.04736854135990143, 0.06403610855340958, 0.06403610855340958, 0.03526797145605087, 0.027709634974598885], [0.008195530623197556, 0.009042417630553246, 0.005866196472197771, 0.007352948654443026, 0.0030487049371004105, 0.003395539242774248, 0.004769552033394575, 0.00788883212953806, 0.865359365940094, 0.0019511133432388306, 0.002946309745311737, 0.0076719061471521854, 0.00788883212953806, 0.0031915437430143356, 0.016463058069348335, 0.005492729600518942, 0.005454630590975285, 0.005492729600518942, 0.02035263180732727, 0.0019511133432388306, 0.0019511133432388306, 0.0027046683244407177, 0.0015685540856793523], [0.0535237118601799, 0.04869053140282631, 0.0379156693816185, 0.04865901917219162, 0.03361547738313675, 0.051621176302433014, 0.03810190036892891, 0.03079143911600113, 0.03379173204302788, 0.06403610855340958, 0.03013782575726509, 0.06889750063419342, 0.03079143911600113, 0.03514605015516281, 0.044126395136117935, 0.03286352753639221, 0.046008575707674026, 0.03286352753639221, 0.04736854135990143, 0.06403610855340958, 0.06403610855340958, 0.03526797145605087, 0.027709634974598885], [0.026176128536462784, 0.031457819044589996, 0.035542745143175125, 0.024184178560972214, 0.022170523181557655, 0.022950084879994392, 0.029755864292383194, 0.030203893780708313, 0.04394620656967163, 0.020634720101952553, 0.3573920726776123, 0.026182882487773895, 0.030203893780708313, 0.023404734209179878, 0.0703173279762268, 0.025881562381982803, 0.04184949770569801, 0.025881562381982803, 0.03111327439546585, 0.020634720101952553, 0.020634720101952553, 0.02050943113863468, 0.018972190096974373], [0.0011072758352383971, 0.00088722282089293, 0.00026696702116169035, 0.00033102845191024244, 0.0001138699590228498, 0.0006317473016679287, 0.00022568560962099582, 0.00011502569395815954, 0.000220380665268749, 0.00011017904034815729, 6.115415453677997e-05, 0.9938443899154663, 0.00011502569395815954, 0.00012612782302312553, 0.0003823746519628912, 5.278378012008034e-05, 0.0002342566440347582, 5.278378012008034e-05, 0.0007011151174083352, 0.00011017904034815729, 0.00011017904034815729, 0.0001559890661155805, 4.431249180925079e-05], [0.1013408750295639, 0.05728033557534218, 0.042759254574775696, 0.07090890407562256, 0.033293768763542175, 0.07218941301107407, 0.0480535551905632, 0.02887500636279583, 0.03936588391661644, 0.027553945779800415, 0.023402933031320572, 0.07620825618505478, 0.02887500636279583, 0.04200432077050209, 0.028802253305912018, 0.023356148973107338, 0.05490909889340401, 0.023356148973107338, 0.034322936087846756, 0.027553945779800415, 0.027553945779800415, 0.06638530641794205, 0.021648816764354706], [0.04347826912999153, 0.04347826912999153, 0.04347826912999153, 0.04347826912999153, 0.04347826912999153, 0.04347826912999153, 0.04347826912999153, 0.04347826912999153, 0.04347826912999153, 0.04347826912999153, 0.04347826912999153, 0.04347826912999153, 0.04347826912999153, 0.04347826912999153, 0.04347826912999153, 0.04347826912999153, 0.04347826912999153, 0.04347826912999153, 0.04347826912999153, 0.04347826912999153, 0.04347826912999153, 0.04347826912999153, 0.04347826912999153]], "p2h_attention": [[0.046955328434705734, 0.12701265513896942, 0.046955328434705734, 0.033539559692144394, 0.6074339151382446, 0.11379413306713104, 0.024309128522872925], [0.050777774304151535, 0.16658852994441986, 0.050777774304151535, 0.047914955765008926, 0.5785840153694153, 0.07645948976278305, 0.028897475451231003], [0.0788671001791954, 0.21555840969085693, 0.0788671001791954, 0.10797951370477676, 0.3472476899623871, 0.11384235322475433, 0.05763787031173706], [0.08275269716978073, 0.22090812027454376, 0.08275269716978073, 0.06007080897688866, 0.3520374894142151, 0.15435339510440826, 0.04712480679154396], [0.11395101994276047, 0.18256838619709015, 0.11395101994276047, 0.10976609587669373, 0.24137532711029053, 0.14445698261260986, 0.0939311683177948], [0.07251162827014923, 0.08425969630479813, 0.07251162827014923, 0.04708443954586983, 0.5549166202545166, 0.12979258596897125, 0.03892337903380394], [0.08773907274007797, 0.1940239667892456, 0.08773907274007797, 0.10007654130458832, 0.32497867941856384, 0.14163433015346527, 0.06380829960107803], [0.08067860454320908, 0.3651510775089264, 0.08067860454320908, 0.11558584868907928, 0.18846382200717926, 0.09683830291032791, 0.07260378450155258], [0.0021613051649183035, 0.9777628779411316, 0.0021613051649183035, 0.004105258267372847, 0.00881421472877264, 0.0032227179035544395, 0.001772297197021544], [0.1973055750131607, 0.10620091110467911, 0.1973055750131607, 0.09285949170589447, 0.21228429675102234, 0.10866629332304001, 0.08537784963846207], [0.04127252474427223, 0.07127853482961655, 0.04127252474427223, 0.7148376107215881, 0.052369680255651474, 0.041021931916475296, 0.037947218865156174], [0.00011078359239036217, 0.00021792469487991184, 0.00011078359239036217, 6.148970715003088e-05, 0.9992976188659668, 0.00015684496611356735, 4.455563612282276e-05], [0.08067860454320908, 0.3651510775089264, 0.08067860454320908, 0.11558584868907928, 0.18846382200717926, 0.09683830291032791, 0.07260378450155258], [0.10942083597183228, 0.17553171515464783, 0.10942083597183228, 0.1064242348074913, 0.24554942548274994, 0.1673840582370758, 0.08626890927553177], [0.05617839843034744, 0.37026509642601013, 0.05617839843034744, 0.13075149059295654, 0.3044140934944153, 0.04693470150232315, 0.035277821123600006], [0.11286614090204239, 0.3332490921020508, 0.11286614090204239, 0.1298234760761261, 0.11335863173007965, 0.10267089307308197, 0.09516565501689911], [0.09313907474279404, 0.19506973028182983, 0.09313907474279404, 0.1237361803650856, 0.29654425382614136, 0.1422768086194992, 0.05609497055411339], [0.11286614090204239, 0.3332490921020508, 0.11286614090204239, 0.1298234760761261, 0.11335863173007965, 0.10267089307308197, 0.09516565501689911], [0.04690937325358391, 0.35605862736701965, 0.04690937325358391, 0.04500167816877365, 0.4341737926006317, 0.043506160378456116, 0.027441030368208885], [0.1973055750131607, 0.10620091110467911, 0.1973055750131607, 0.09285949170589447, 0.21228429675102234, 0.10866629332304001, 0.08537784963846207], [0.1973055750131607, 0.10620091110467911, 0.1973055750131607, 0.09285949170589447, 0.21228429675102234, 0.10866629332304001, 0.08537784963846207], [0.09837798774242401, 0.13327935338020325, 0.09837798774242401, 0.08355730026960373, 0.2720922529697418, 0.2370206117630005, 0.07729445397853851], [0.1428571492433548, 0.1428571492433548, 0.1428571492433548, 0.1428571492433548, 0.1428571492433548, 0.1428571492433548, 0.1428571492433548]], "claim": "IndieWire includes publisher James Israel.", "premise_source_doc_id": "IndieWire", "premise_source_doc_line_num": 2, "premise_source_doc_sentence": "It has a staff of about 20 , including publisher James Israel , and Editor-in-Chief Dana Harris ."}
