{"premise_tokens": ["The", "village", "was", "stormed", "by", "Haganah", "troops", "in", "May", "1948", "and", "almost", "completely", "razed", ".", "@@NULL@@"], "hypothesis_tokens": ["Al", "-", "Bassa", "was", "harmed", "by", "Haganah", "troops", "in", "May", "1948", ".", "@@NULL@@"], "label_logits": [1.4398692846298218, 1.4648213386535645, -4.10179328918457], "label_probs": [0.4928084909915924, 0.5052597522735596, 0.0019318112172186375], "h2p_attention": [[0.025782102718949318, 0.18920445442199707, 0.02248067781329155, 0.11884285509586334, 0.045814186334609985, 0.0273495651781559, 0.2352997213602066, 0.05668681114912033, 0.03532109409570694, 0.0273495651781559, 0.02199002355337143, 0.0669296458363533, 0.053840272128582, 0.0273495651781559, 0.029965247958898544, 0.015794187784194946], [0.050566818565130234, 0.06418328732252121, 0.060304850339889526, 0.05646049976348877, 0.07725991308689117, 0.04980714991688728, 0.04559521749615669, 0.07321137189865112, 0.1568884700536728, 0.04980714991688728, 0.057090986520051956, 0.05731436237692833, 0.06439878791570663, 0.04980714991688728, 0.04530804604291916, 0.041996028274297714], [0.05086354911327362, 0.05322108045220375, 0.05069177225232124, 0.07174013555049896, 0.047978684306144714, 0.08161146193742752, 0.06662054359912872, 0.05863608792424202, 0.04594036191701889, 0.08161146193742752, 0.044792234897613525, 0.07740134000778198, 0.10701746493577957, 0.08161146193742752, 0.04494761675596237, 0.03531482070684433], [0.047965627163648605, 0.07233524322509766, 0.1854638308286667, 0.0354282446205616, 0.07503561675548553, 0.029347725212574005, 0.06638600677251816, 0.048442523926496506, 0.08245629072189331, 0.029347725212574005, 0.04391849413514137, 0.09298177808523178, 0.09421106427907944, 0.029347725212574005, 0.046886809170246124, 0.02044532261788845], [0.05086354911327362, 0.05322108045220375, 0.05069177225232124, 0.07174013555049896, 0.047978684306144714, 0.08161146193742752, 0.06662054359912872, 0.05863608792424202, 0.04594036191701889, 0.08161146193742752, 0.044792234897613525, 0.07740134000778198, 0.10701746493577957, 0.08161146193742752, 0.04494761675596237, 0.03531482070684433], [0.003823287086561322, 0.016612853854894638, 0.005441755522042513, 0.0030431959312409163, 0.9179211258888245, 0.002014451427385211, 0.01523483358323574, 0.005907800514250994, 0.004046745132654905, 0.002014451427385211, 0.002836263505741954, 0.006143325008451939, 0.008235241286456585, 0.002014451427385211, 0.0032275356352329254, 0.0014827413251623511], [0.05086354911327362, 0.05322108045220375, 0.05069177225232124, 0.07174013555049896, 0.047978684306144714, 0.08161146193742752, 0.06662054359912872, 0.05863608792424202, 0.04594036191701889, 0.08161146193742752, 0.044792234897613525, 0.07740134000778198, 0.10701746493577957, 0.08161146193742752, 0.04494761675596237, 0.03531482070684433], [0.0017784704687073827, 0.0026867282576858997, 0.0016892760759219527, 0.002587781520560384, 0.005345526617020369, 0.0009814526420086622, 0.9665647745132446, 0.001820183009840548, 0.004257918801158667, 0.0009814526420086622, 0.0012547350488603115, 0.004496975801885128, 0.0030973327811807394, 0.0009814526420086622, 0.0009556605364196002, 0.0005202572210691869], [0.02952832356095314, 0.12832431495189667, 0.02340642549097538, 0.04459714516997337, 0.03936068341135979, 0.016402509063482285, 0.034562017768621445, 0.3951548933982849, 0.055860791355371475, 0.016402509063482285, 0.0222015380859375, 0.09569691121578217, 0.047164689749479294, 0.016402509063482285, 0.025056038051843643, 0.009878757409751415], [0.0010261333081871271, 0.0014480958925560117, 0.001264482270926237, 0.0015873039374127984, 0.0008557037217542529, 0.00040786879253573716, 0.0025660330429673195, 0.0017729147803038359, 0.9827707409858704, 0.00040786879253573716, 0.0007268721237778664, 0.0028588315472006798, 0.0008305930532515049, 0.00040786879253573716, 0.000755219254642725, 0.0003135328006464988], [0.05086354911327362, 0.05322108045220375, 0.05069177225232124, 0.07174013555049896, 0.047978684306144714, 0.08161146193742752, 0.06662054359912872, 0.05863608792424202, 0.04594036191701889, 0.08161146193742752, 0.044792234897613525, 0.07740134000778198, 0.10701746493577957, 0.08161146193742752, 0.04494761675596237, 0.03531482070684433], [0.05658186599612236, 0.09495311975479126, 0.06340418756008148, 0.0747760534286499, 0.06018203869462013, 0.035189319401979446, 0.05078631639480591, 0.07012476027011871, 0.06659648567438126, 0.035189319401979446, 0.053643979132175446, 0.11209137737751007, 0.07886292785406113, 0.035189319401979446, 0.08478110283613205, 0.027647839859128], [0.0625, 0.0625, 0.0625, 0.0625, 0.0625, 0.0625, 0.0625, 0.0625, 0.0625, 0.0625, 0.0625, 0.0625, 0.0625, 0.0625, 0.0625, 0.0625]],