{"premise_tokens": ["The", "Federal", "Republic", "of", "Germany", "was", "a", "founding", "member", "of", "the", "European", "Economic", "Community", "in", "1957", "and", "the", "European", "Union", "in", "1993", ".", "@@NULL@@"], "hypothesis_tokens": ["Gold", "Beach", "was", "in", "Germany", ".", "@@NULL@@"], "label_logits": [-2.576650857925415, -0.17854394018650055, 1.5099449157714844], "label_probs": [0.013978353701531887, 0.15379440784454346, 0.8322272300720215], "h2p_attention": [[0.0358923077583313, 0.03787877783179283, 0.06478538364171982, 0.035990241914987564, 0.04124676063656807, 0.03641596809029579, 0.04069770872592926, 0.057259298861026764, 0.043983832001686096, 0.035990241914987564, 0.0358923077583313, 0.05123603343963623, 0.04805947467684746, 0.04404476284980774, 0.045566581189632416, 0.032954033464193344, 0.040357135236263275, 0.0358923077583313, 0.05123603343963623, 0.04039410129189491, 0.045566581189632416, 0.032954033464193344, 0.03559151291847229, 0.030114633962512016], [0.03753804787993431, 0.04103492200374603, 0.022426756098866463, 0.022364798933267593, 0.036720309406518936, 0.042082544416189194, 0.04067285358905792, 0.044191986322402954, 0.0597662478685379, 0.022364798933267593, 0.03753804787993431, 0.04165920987725258, 0.040485914796590805, 0.056017789989709854, 0.09999258816242218, 0.032249387353658676, 0.02689630351960659, 0.03753804787993431, 0.04165920987725258, 0.033393509685993195, 0.09999258816242218, 0.032249387353658676, 0.032444000244140625, 0.01872076280415058], [0.03990351781249046, 0.03097626194357872, 0.03752470016479492, 0.02472284808754921, 0.06838911771774292, 0.15429088473320007, 0.04497949033975601, 0.03507114201784134, 0.06986132264137268, 0.02472284808754921, 0.03990351781249046, 0.028728099539875984, 0.039160147309303284, 0.03566202148795128, 0.04030025750398636, 0.02441493049263954, 0.03653663024306297, 0.03990351781249046, 0.028728099539875984, 0.035490743815898895, 0.04030025750398636, 0.02441493049263954, 0.03900602459907532, 0.01700885221362114], [0.020257962867617607, 0.011639506556093693, 0.01596466451883316, 0.01660406030714512, 0.031245417892932892, 0.016058022156357765, 0.03254540264606476, 0.035980504006147385, 0.027174392715096474, 0.01660406030714512, 0.020257962867617607, 0.033772628754377365, 0.025337189435958862, 0.0230531245470047, 0.27109676599502563, 0.011252973228693008, 0.01523140724748373, 0.020257962867617607, 0.033772628754377365, 0.015576457604765892, 0.27109676599502563, 0.011252973228693008, 0.017189742997288704, 0.006777339614927769], [0.00011467318836366758, 0.00015984463971108198, 0.0004803811898455024, 5.2625829994212836e-05, 0.9907400608062744, 0.00011707796511473134, 0.00018396988161839545, 0.00014173475210554898, 0.00012540417083073407, 5.2625829994212836e-05, 0.00011467318836366758, 0.0030484390445053577, 0.00042039339314214885, 0.00017330350237898529, 0.00013424258213490248, 7.697904948145151e-05, 0.00010959643259411678, 0.00011467318836366758, 0.0030484390445053577, 0.00029192844522185624, 0.00013424258213490248, 7.697904948145151e-05, 5.861051249667071e-05, 2.9118118618498556e-05], [0.04520544409751892, 0.026407204568386078, 0.03590938076376915, 0.03397062048316002, 0.044461775571107864, 0.05065606161952019, 0.04362853989005089, 0.03615979105234146, 0.06054859608411789, 0.03397062048316002, 0.04520544409751892, 0.03200545161962509, 0.04304099082946777, 0.05250873044133186, 0.056025389581918716, 0.028114112094044685, 0.04285825416445732, 0.04520544409751892, 0.03200545161962509, 0.03814947232604027, 0.056025389581918716, 0.028114112094044685, 0.06773490458726883, 0.022088930010795593], [0.0416666641831398, 0.0416666641831398, 0.0416666641831398, 0.0416666641831398, 0.0416666641831398, 0.0416666641831398, 0.0416666641831398, 0.0416666641831398, 0.0416666641831398, 0.0416666641831398, 0.0416666641831398, 0.0416666641831398, 0.0416666641831398, 0.0416666641831398, 0.0416666641831398, 0.0416666641831398, 0.0416666641831398, 0.0416666641831398, 0.0416666641831398, 0.0416666641831398, 0.0416666641831398, 0.0416666641831398, 0.0416666641831398, 0.0416666641831398]], "p2h_attention": [[0.07681040465831757, 0.12922434508800507, 0.15119323134422302, 0.19263391196727753, 0.2538018524646759, 0.13189013302326202, 0.06444603949785233], [0.08572115004062653, 0.14938248693943024, 0.12411481887102127, 0.11704285442829132, 0.3741144835948944, 0.0814736858010292, 0.068150594830513], [0.07957615703344345, 0.04431251809000969, 0.08160669356584549, 0.08713329583406448, 0.6102478504180908, 0.06013355031609535, 0.03698993846774101], [0.11233852803707123, 0.11229567229747772, 0.13662970066070557, 0.23029081523418427, 0.16988587379455566, 0.14456073939800262, 0.09399864077568054], [4.023690053145401e-05, 5.7622906751930714e-05, 0.00011812024604296312, 0.00013543767272494733, 0.9995600581169128, 5.913228960707784e-05, 2.9377340979408473e-05], [0.05444154515862465, 0.10120327025651932, 0.408395916223526, 0.10667163133621216, 0.18102063238620758, 0.10324589908123016, 0.04502110183238983], [0.06669171154499054, 0.1072162538766861, 0.13050253689289093, 0.23697897791862488, 0.31179043650627136, 0.09747100621461868, 0.04934912547469139], [0.09935387969017029, 0.12334921211004257, 0.10774355381727219, 0.27741146087646484, 0.25434860587120056, 0.08553968369960785, 0.05225362628698349], [0.07015831768512726, 0.15335436165332794, 0.1972992867231369, 0.19260357320308685, 0.20687702298164368, 0.13167189061641693, 0.04803565517067909], [0.11233852803707123, 0.11229567229747772, 0.13662970066070557, 0.23029081523418427, 0.16988587379455566, 0.14456073939800262, 0.09399864077568054], [0.07681040465831757, 0.12922434508800507, 0.15119323134422302, 0.19263391196727753, 0.2538018524646759, 0.13189013302326202, 0.06444603949785233], [0.01445020455867052, 0.018900077790021896, 0.014345248229801655, 0.042323529720306396, 0.8891814351081848, 0.012306241318583488, 0.008493294939398766], [0.0587037019431591, 0.07955079525709152, 0.08469025790691376, 0.13751916587352753, 0.5310760140419006, 0.07167565822601318, 0.03678443655371666], [0.07585190236568451, 0.15518589317798615, 0.10873785614967346, 0.17640887200832367, 0.3086695075035095, 0.12328396737575531, 0.05186206474900246], [0.026374099776148796, 0.09310073405504227, 0.04129919782280922, 0.6972264647483826, 0.08035925030708313, 0.044209834188222885, 0.017430458217859268], [0.10104961693286896, 0.15907488763332367, 0.132551372051239, 0.15332455933094025, 0.2441253513097763, 0.11753125488758087, 0.09234295040369034], [0.09657498449087143, 0.10353589802980423, 0.15480159223079681, 0.16195808351039886, 0.27124089002609253, 0.13982398808002472, 0.0720645859837532], [0.07681040465831757, 0.12922434508800507, 0.15119323134422302, 0.19263391196727753, 0.2538018524646759, 0.13189013302326202, 0.06444603949785233], [0.01445020455867052, 0.018900077790021896, 0.014345248229801655, 0.042323529720306396, 0.8891814351081848, 0.012306241318583488, 0.008493294939398766], [0.0661974623799324, 0.08803178369998932, 0.1029771938920021, 0.11342541873455048, 0.4947822093963623, 0.0852343812584877, 0.04935156926512718], [0.026374099776148796, 0.09310073405504227, 0.04129919782280922, 0.6972264647483826, 0.08035925030708313, 0.044209834188222885, 0.017430458217859268], [0.10104961693286896, 0.15907488763332367, 0.132551372051239, 0.15332455933094025, 0.2441253513097763, 0.11753125488758087, 0.09234295040369034], [0.08549471199512482, 0.1253664344549179, 0.16589264571666718, 0.18347656726837158, 0.1456070989370346, 0.22182385623455048, 0.07233865559101105], [0.1428571492433548, 0.1428571492433548, 0.1428571492433548, 0.1428571492433548, 0.1428571492433548, 0.1428571492433548, 0.1428571492433548]], "claim": "Gold Beach was in Germany.", "premise_source_doc_id": "Germany", "premise_source_doc_line_num": 31, "premise_source_doc_sentence": "The Federal Republic of Germany was a founding member of the European Economic Community in 1957 and the European Union in 1993 ."}
