{"premise_tokens": ["The", "movie", "is", "a", "remake", "of", "1996", "Tamil", "movie", "Poove", "Unakkaga", ".", "@@NULL@@"], "hypothesis_tokens": ["Poove", "Unakkaga", "is", "a", "movie", ".", "@@NULL@@"], "label_logits": [1.6442316770553589, -1.8798744678497314, -1.027626872062683], "label_probs": [0.9102479219436646, 0.026832422241568565, 0.06291964650154114], "h2p_attention": [[0.06307930499315262, 0.07692480087280273, 0.07882457226514816, 0.05992737039923668, 0.10121186077594757, 0.05313072353601456, 0.10813886672258377, 0.07987511903047562, 0.07692480087280273, 0.10121186077594757, 0.10121186077594757, 0.05574255809187889, 0.04379628226161003], [0.06307930499315262, 0.07692480087280273, 0.07882457226514816, 0.05992737039923668, 0.10121186077594757, 0.05313072353601456, 0.10813886672258377, 0.07987511903047562, 0.07692480087280273, 0.10121186077594757, 0.10121186077594757, 0.05574255809187889, 0.04379628226161003], [0.03321328014135361, 0.020646745339035988, 0.7077456116676331, 0.03183930367231369, 0.010328874923288822, 0.02005939930677414, 0.04394804313778877, 0.061967883259058, 0.020646745339035988, 0.010328874923288822, 0.010328874923288822, 0.023207422345876694, 0.005738898646086454], [0.06482742726802826, 0.10008490830659866, 0.1172439455986023, 0.28803643584251404, 0.028916344046592712, 0.05710167810320854, 0.06906534731388092, 0.05393373221158981, 0.10008490830659866, 0.028916344046592712, 0.028916344046592712, 0.04173990339040756, 0.02113272063434124], [0.0016471829731017351, 0.48732566833496094, 0.002670199377462268, 0.0035150679759681225, 0.0013036156306043267, 0.001545302220620215, 0.006310697644948959, 0.003418930806219578, 0.48732566833496094, 0.0013036156306043267, 0.0013036156306043267, 0.001588261453434825, 0.0007421993068419397], [0.07665810734033585, 0.08015737682580948, 0.15147483348846436, 0.0739840418100357, 0.047675106674432755, 0.05760641396045685, 0.10857721418142319, 0.07603847235441208, 0.08015737682580948, 0.047675106674432755, 0.047675106674432755, 0.11486293375492096, 0.03745778277516365], [0.07692307978868484, 0.07692307978868484, 0.07692307978868484, 0.07692307978868484, 0.07692307978868484, 0.07692307978868484, 0.07692307978868484, 0.07692307978868484, 0.07692307978868484, 0.07692307978868484, 0.07692307978868484, 0.07692307978868484, 0.07692307978868484]], "p2h_attention": [[0.08471564203500748, 0.08471564203500748, 0.3404059410095215, 0.18043354153633118, 0.1305375099182129, 0.12037324905395508, 0.05881849676370621], [0.0026153461076319218, 0.0026153461076319218, 0.0053570205345749855, 0.007052016444504261, 0.9776848554611206, 0.003186409594491124, 0.0014890186721459031], [0.012754283845424652, 0.012754283845424652, 0.8739372491836548, 0.039315756410360336, 0.025494979694485664, 0.02865695022046566, 0.007086497265845537], [0.046187032014131546, 0.046187032014131546, 0.18726953864097595, 0.4600702226161957, 0.15986202657222748, 0.06666964292526245, 0.033754535019397736], [0.19552583992481232, 0.19552583992481232, 0.15227702260017395, 0.11577051877975464, 0.14860694110393524, 0.1076861023902893, 0.08460772037506104], [0.09160134941339493, 0.09160134941339493, 0.2639263868331909, 0.20402663946151733, 0.15721221268177032, 0.11612406373023987, 0.07550808042287827], [0.08735434710979462, 0.08735434710979462, 0.27092620730400085, 0.11562315374612808, 0.300813227891922, 0.10255023837089539, 0.03537854924798012], [0.07403521984815598, 0.07403521984815598, 0.43833106756210327, 0.10360224545001984, 0.1869966685771942, 0.08240535855293274, 0.04059421271085739], [0.0026153461076319218, 0.0026153461076319218, 0.0053570205345749855, 0.007052016444504261, 0.9776848554611206, 0.003186409594491124, 0.0014890186721459031], [0.19552583992481232, 0.19552583992481232, 0.15227702260017395, 0.11577051877975464, 0.14860694110393524, 0.1076861023902893, 0.08460772037506104], [0.19552583992481232, 0.19552583992481232, 0.15227702260017395, 0.11577051877975464, 0.14860694110393524, 0.1076861023902893, 0.08460772037506104], [0.08616702258586884, 0.08616702258586884, 0.27377253770828247, 0.13371725380420685, 0.14487481117248535, 0.207600936293602, 0.06770043820142746], [0.1428571492433548, 0.1428571492433548, 0.1428571492433548, 0.1428571492433548, 0.1428571492433548, 0.1428571492433548, 0.1428571492433548]], "claim": "Poove Unakkaga is a movie.", "premise_source_doc_id": "Badhaai_Ho_Badhaai", "premise_source_doc_line_num": 2, "premise_source_doc_sentence": "The movie is a remake of 1996 Tamil movie Poove Unakkaga ."}
{"premise_tokens": ["The", "film", "is", "remake", "of", "1996", "Tamil", "movie", "Poove", "Unakkaga", ".", "@@NULL@@"], "hypothesis_tokens": ["Poove", "Unakkaga", "is", "a", "movie", ".", "@@NULL@@"], "label_logits": [1.4530647993087769, -2.3452024459838867, -0.6223809719085693], "label_probs": [0.871148407459259, 0.019522057846188545, 0.10932955145835876], "h2p_attention": [[0.06662631034851074, 0.08831676095724106, 0.08325694501399994, 0.1069030836224556, 0.056118302047252655, 0.11421959847211838, 0.0843665599822998, 0.08125033974647522, 0.1069030836224556, 0.1069030836224556, 0.05887700244784355, 0.04625898227095604], [0.06662631034851074, 0.08831676095724106, 0.08325694501399994, 0.1069030836224556, 0.056118302047252655, 0.11421959847211838, 0.0843665599822998, 0.08125033974647522, 0.1069030836224556, 0.1069030836224556, 0.05887700244784355, 0.04625898227095604], [0.03425304964184761, 0.022823313251137733, 0.7299022078514099, 0.010652229189872742, 0.020687375217676163, 0.04532387852668762, 0.06390783935785294, 0.02129310928285122, 0.010652229189872742, 0.010652229189872742, 0.023933950811624527, 0.005918559618294239], [0.09128545224666595, 0.13839508593082428, 0.1650947481393814, 0.04071797430515289, 0.08040659129619598, 0.09725300222635269, 0.07594572007656097, 0.1409325748682022, 0.04071797430515289, 0.04071797430515289, 0.05877521634101868, 0.029757622629404068], [0.001627735560759902, 0.49685195088386536, 0.002638672711327672, 0.0012882247101515532, 0.0015270576113834977, 0.00623619370162487, 0.00337856519035995, 0.48157206177711487, 0.0012882247101515532, 0.0012882247101515532, 0.0015695097390562296, 0.0007334365509450436], [0.08271361142396927, 0.08732417970895767, 0.16344037652015686, 0.05144113674759865, 0.06215694919228554, 0.11715412139892578, 0.08204502612352371, 0.08648929744958878, 0.05144113674759865, 0.05144113674759865, 0.12393637001514435, 0.04041670635342598], [0.0833333432674408, 0.0833333432674408, 0.0833333432674408, 0.0833333432674408, 0.0833333432674408, 0.0833333432674408, 0.0833333432674408, 0.0833333432674408, 0.0833333432674408, 0.0833333432674408, 0.0833333432674408, 0.0833333432674408]],