{"premise_tokens": ["Nadi", "(", "pronounced", "-LSB-", "ˈnandi", "-RSB-", ")", "is", "the", "third", "-", "largest", "conurbation", "in", "Fiji", ".", "@@NULL@@"], "hypothesis_tokens": ["Nadi", "is", "an", "Oceanic", "conurbation", ".", "@@NULL@@"], "label_logits": [-2.833653688430786, -0.20863719284534454, 1.4792544841766357], "label_probs": [0.011177918873727322, 0.15430894494056702, 0.8345131278038025], "h2p_attention": [[0.08008415997028351, 0.03725315257906914, 0.04873603209853172, 0.08008415997028351, 0.08008415997028351, 0.08008415997028351, 0.038664404302835464, 0.06237015873193741, 0.049911677837371826, 0.04489395022392273, 0.041099436581134796, 0.08276382833719254, 0.08008415997028351, 0.05753875896334648, 0.05758751183748245, 0.04410644993185997, 0.0346539281308651], [0.010013822466135025, 0.008392542600631714, 0.02042677439749241, 0.010013822466135025, 0.010013822466135025, 0.010013822466135025, 0.007873725146055222, 0.6861578822135925, 0.032200202345848083, 0.06813635677099228, 0.008512803353369236, 0.017765382304787636, 0.010013822466135025, 0.05742368474602699, 0.014978091232478619, 0.02249954827129841, 0.005563850048929453], [0.023480387404561043, 0.019035952165722847, 0.02989363484084606, 0.023480387404561043, 0.023480387404561043, 0.023480387404561043, 0.021392183378338814, 0.29150739312171936, 0.05754436179995537, 0.08792083710432053, 0.025307070463895798, 0.048607006669044495, 0.023480387404561043, 0.21478725969791412, 0.028165597468614578, 0.042917028069496155, 0.015519806183874607], [0.03690137714147568, 0.03225850313901901, 0.052358850836753845, 0.03690137714147568, 0.03690137714147568, 0.03690137714147568, 0.03514578938484192, 0.07459373027086258, 0.0375220961868763, 0.030484333634376526, 0.03725527971982956, 0.08164091408252716, 0.03690137714147568, 0.10777478665113449, 0.25254198908805847, 0.049837540835142136, 0.024079352617263794], [0.08008415997028351, 0.03725315257906914, 0.04873603209853172, 0.08008415997028351, 0.08008415997028351, 0.08008415997028351, 0.038664404302835464, 0.06237015873193741, 0.049911677837371826, 0.04489395022392273, 0.041099436581134796, 0.08276382833719254, 0.08008415997028351, 0.05753875896334648, 0.05758751183748245, 0.04410644993185997, 0.0346539281308651], [0.04102174565196037, 0.04369692504405975, 0.07644066214561462, 0.04102174565196037, 0.04102174565196037, 0.04102174565196037, 0.04350611940026283, 0.13033556938171387, 0.06595999002456665, 0.08487537503242493, 0.03477215766906738, 0.06047015264630318, 0.04102174565196037, 0.08174753934144974, 0.04202341288328171, 0.09883309155702591, 0.03223031386733055], [0.05882352963089943, 0.05882352963089943, 0.05882352963089943, 0.05882352963089943, 0.05882352963089943, 0.05882352963089943, 0.05882352963089943, 0.05882352963089943, 0.05882352963089943, 0.05882352963089943, 0.05882352963089943, 0.05882352963089943, 0.05882352963089943, 0.05882352963089943, 0.05882352963089943, 0.05882352963089943, 0.05882352963089943]], "p2h_attention": [[0.19684694707393646, 0.15330590307712555, 0.12887048721313477, 0.13053661584854126, 0.19684694707393646, 0.1084137037396431, 0.0851793885231018], [0.12528584897518158, 0.1757962703704834, 0.14294855296611786, 0.15613162517547607, 0.12528584897518158, 0.15800753235816956, 0.11654441058635712], [0.10076868534088135, 0.26305848360061646, 0.1380131095647812, 0.15580208599567413, 0.10076868534088135, 0.16993695497512817, 0.07165194302797318], [0.19684694707393646, 0.15330590307712555, 0.12887048721313477, 0.13053661584854126, 0.19684694707393646, 0.1084137037396431, 0.0851793885231018], [0.19684694707393646, 0.15330590307712555, 0.12887048721313477, 0.13053661584854126, 0.19684694707393646, 0.1084137037396431, 0.0851793885231018], [0.19684694707393646, 0.15330590307712555, 0.12887048721313477, 0.13053661584854126, 0.19684694707393646, 0.1084137037396431, 0.0851793885231018], [0.1262933313846588, 0.16018663346767426, 0.15602363646030426, 0.16521522402763367, 0.1262933313846588, 0.15279439091682434, 0.11319351941347122], [0.01169852539896965, 0.8015955090522766, 0.12208714336156845, 0.020135581493377686, 0.01169852539896965, 0.026284819468855858, 0.006499899551272392], [0.08481986075639725, 0.3408247232437134, 0.21835561096668243, 0.09176778048276901, 0.08481986075639725, 0.12052133679389954, 0.05889085680246353], [0.05100024864077568, 0.4821036458015442, 0.2230192869901657, 0.04983894154429436, 0.05100024864077568, 0.10367023944854736, 0.039367418736219406], [0.12949402630329132, 0.16705656051635742, 0.1780417412519455, 0.1689310222864151, 0.12949402630329132, 0.11779677867889404, 0.1091858446598053], [0.13750961422920227, 0.18384172022342682, 0.18032565712928772, 0.1952126920223236, 0.13750961422920227, 0.10802429914474487, 0.057576458901166916], [0.19684694707393646, 0.15330590307712555, 0.12887048721313477, 0.13053661584854126, 0.19684694707393646, 0.1084137037396431, 0.0851793885231018], [0.046780090779066086, 0.29078277945518494, 0.38991978764533997, 0.126103013753891, 0.046780090779066086, 0.07146003842353821, 0.028174294158816338], [0.08058257400989532, 0.1305408477783203, 0.08800310641527176, 0.5085739493370056, 0.08058257400989532, 0.06322546303272247, 0.0484914630651474], [0.08216231316328049, 0.26104864478111267, 0.1785115748643875, 0.13360872864723206, 0.08216231316328049, 0.19795244932174683, 0.06455398350954056], [0.1428571492433548, 0.1428571492433548, 0.1428571492433548, 0.1428571492433548, 0.1428571492433548, 0.1428571492433548, 0.1428571492433548]], "claim": "Nadi is an Oceanic conurbation.", "premise_source_doc_id": "Nadi", "premise_source_doc_line_num": 0, "premise_source_doc_sentence": "Nadi  (  pronounced -LSB- ˈnandi -RSB-  )  is the third-largest conurbation in Fiji ."}
