{"premise_tokens": ["Shoeless", "Joe", "is", "a", "magic", "realist", "novel", "by", "Canadian", "author", "W.", "P.", "Kinsella", ".", "@@NULL@@"], "hypothesis_tokens": ["A", "Canadian", "author", "wrote", "Shoeless", "Joe", ".", "@@NULL@@"], "label_logits": [3.2218077182769775, -0.4665657579898834, -4.141982078552246], "label_probs": [0.9749948382377625, 0.02438720501959324, 0.0006179440533742309], "h2p_attention": [[0.05523703247308731, 0.0442521870136261, 0.09945464879274368, 0.24433298408985138, 0.07476649433374405, 0.024528898298740387, 0.09487611055374146, 0.06625933945178986, 0.08953171968460083, 0.06965422630310059, 0.034160684794187546, 0.025083722546696663, 0.024528898298740387, 0.03540676087141037, 0.017926275730133057], [4.2602943040037644e-07, 1.364394506708777e-06, 3.6258063573768595e-07, 6.523090974042134e-07, 5.299818326420791e-07, 2.703618520172313e-07, 5.215089800003625e-07, 4.96347183798207e-07, 0.9999905228614807, 1.5614735957569792e-06, 2.3481618427467765e-06, 3.677853612771287e-07, 2.703615962218464e-07, 1.6686115600350604e-07, 1.3060710557510902e-07], [0.000643364095594734, 0.0007289369823411107, 0.000944278493989259, 0.0007520766812376678, 0.0009839331032708287, 0.00029036839259788394, 0.14129027724266052, 0.0005984523450024426, 0.0023140497505664825, 0.8485897779464722, 0.0013003831263631582, 0.000781807757448405, 0.00029036839259788394, 0.00029823207296431065, 0.00019355511176399887], [0.005931511987000704, 0.0049922047182917595, 0.006558038294315338, 0.00410973746329546, 0.006842625327408314, 0.00171888608019799, 0.2445308417081833, 0.005435088649392128, 0.0035606606397777796, 0.703508734703064, 0.004311854485422373, 0.004039259627461433, 0.00171888608019799, 0.0016355747357010841, 0.0011060959659516811], [0.9538165330886841, 0.022372575476765633, 0.001613239641301334, 0.001812972011975944, 0.00126844912301749, 0.0007999839726835489, 0.007227998226881027, 0.002260009991005063, 0.0019192147301509976, 0.0019557029008865356, 0.0016338586574420333, 0.0012093005934730172, 0.0007999839726835489, 0.00072166055906564, 0.0005883703124709427], [0.1410805732011795, 0.6988216042518616, 0.01242922805249691, 0.0091589679941535, 0.00927741825580597, 0.005209905561059713, 0.018883032724261284, 0.018066149204969406, 0.038759227842092514, 0.013972925953567028, 0.01126475166529417, 0.008371642790734768, 0.005209905561059713, 0.005784366279840469, 0.003710240125656128], [0.0450533963739872, 0.05726630240678787, 0.14854012429714203, 0.07255066186189651, 0.0906514972448349, 0.04675143584609032, 0.06928665935993195, 0.07995600253343582, 0.04692817106842995, 0.05659719929099083, 0.04881429299712181, 0.04148322343826294, 0.04675143584609032, 0.11263756453990936, 0.036732062697410583], [0.06666667014360428, 0.06666667014360428, 0.06666667014360428, 0.06666667014360428, 0.06666667014360428, 0.06666667014360428, 0.06666667014360428, 0.06666667014360428, 0.06666667014360428, 0.06666667014360428, 0.06666667014360428, 0.06666667014360428, 0.06666667014360428, 0.06666667014360428, 0.06666667014360428]], "p2h_attention": [[0.001838076044805348, 0.0019457900198176503, 0.0019827834330499172, 0.003198863472789526, 0.9670239686965942, 0.022682366892695427, 0.0007316533010452986, 0.000596517464146018], [0.009869221597909927, 0.04176490008831024, 0.015056489035487175, 0.018044212833046913, 0.15202099084854126, 0.7530133128166199, 0.006232928019016981, 0.003997959196567535], [0.18329870700836182, 0.0917196199297905, 0.1611831933259964, 0.19588696956634521, 0.09058836847543716, 0.11067932099103928, 0.13360504806041718, 0.03303880989551544], [0.39222124218940735, 0.14372289180755615, 0.11181407421827316, 0.10692031681537628, 0.08867053687572479, 0.07103686034679413, 0.0568375326693058, 0.02877657487988472], [0.15099124610424042, 0.1469024419784546, 0.18403302133083344, 0.22395700216293335, 0.07804716378450394, 0.09052319824695587, 0.08934380859136581, 0.036202192306518555], [0.11868325620889664, 0.1795477569103241, 0.13012062013149261, 0.13478943705558777, 0.11793211847543716, 0.12179495394229889, 0.11039543896913528, 0.08673641830682755], [0.005397300235927105, 0.004071975126862526, 0.7444190979003906, 0.22545023262500763, 0.01252786722034216, 0.005190146621316671, 0.0019235977670177817, 0.0010197879746556282], [0.1349509209394455, 0.13875150680541992, 0.11288696527481079, 0.17940421402454376, 0.14024211466312408, 0.17777979373931885, 0.07947390526533127, 0.03651058301329613], [6.523122237922507e-07, 0.9999952912330627, 1.561480985401431e-06, 4.2044248971251363e-07, 4.26031448341746e-07, 1.3644009868585272e-06, 1.668619518113701e-07, 1.3060773085271649e-07], [0.0007700760615989566, 0.002369431545957923, 0.8688989877700806, 0.1260528862476349, 0.0006587616517208517, 0.0007463825168088078, 0.00030536961276084185, 0.00019818743749056011], [0.04931335896253586, 0.46525317430496216, 0.17385800182819366, 0.10087867826223373, 0.07186077535152435, 0.07856837660074234, 0.034389808773994446, 0.025877846404910088], [0.07626575976610184, 0.15348121523857117, 0.22015227377414703, 0.1990382969379425, 0.11202404648065567, 0.12298056483268738, 0.06155380606651306, 0.0545039176940918], [0.11868325620889664, 0.17954769730567932, 0.1301206350326538, 0.13478945195674896, 0.11793212592601776, 0.12179496884346008, 0.11039546877145767, 0.08673643320798874], [0.15049485862255096, 0.09734506160020828, 0.11740189790725708, 0.11266864091157913, 0.09345613420009613, 0.11878987401723862, 0.23364876210689545, 0.07619483768939972], [0.125, 0.125, 0.125, 0.125, 0.125, 0.125, 0.125, 0.125]], "claim": "A Canadian author wrote Shoeless Joe.", "premise_source_doc_id": "Shoeless_Joe_-LRB-novel-RRB-", "premise_source_doc_line_num": 0, "premise_source_doc_sentence": "Shoeless Joe is a magic realist novel by Canadian author W. P. Kinsella ."}
