{"premise_tokens": ["On", "November", "23", ",", "2016", ",", "then", "President", "-", "elect", "Donald", "Trump", "announced", "that", "he", "would", "nominate", "DeVos", "to", "serve", "as", "Secretary", "of", "Education", "in", "his", "administration", ".", "@@NULL@@"], "hypothesis_tokens": ["Betsy", "DeVos", "received", "a", "nomination", "to", "serve", "as", "Secretary", "of", "Education", ".", "@@NULL@@"], "label_logits": [2.7638046741485596, 0.9959691166877747, -6.356200218200684], "label_probs": [0.854108452796936, 0.14579807221889496, 9.34857307584025e-05], "h2p_attention": [[0.03503861278295517, 0.036877769976854324, 0.02455812320113182, 0.018005846068263054, 0.07796792685985565, 0.018005846068263054, 0.04415489733219147, 0.03827454522252083, 0.023707138374447823, 0.022096063941717148, 0.02160097472369671, 0.03471823036670685, 0.045587312430143356, 0.02879350073635578, 0.053292058408260345, 0.05156958848237991, 0.022096063941717148, 0.022096063941717148, 0.021926511079072952, 0.04686212167143822, 0.022793499752879143, 0.036128025501966476, 0.023436229676008224, 0.09747518599033356, 0.033289045095443726, 0.035200443118810654, 0.022389810532331467, 0.027577675879001617, 0.014480984769761562], [0.03210214525461197, 0.03194515034556389, 0.027060585096478462, 0.022870974615216255, 0.03681303560733795, 0.022870974615216255, 0.03140772506594658, 0.054392099380493164, 0.024410061538219452, 0.04756413772702217, 0.023318488150835037, 0.030261484906077385, 0.043774235993623734, 0.033540837466716766, 0.04149312525987625, 0.04579000174999237, 0.04756413772702217, 0.04756413772702217, 0.03455441817641258, 0.029507005587220192, 0.029329031705856323, 0.03586667776107788, 0.02496858686208725, 0.04556993395090103, 0.034173816442489624, 0.033278029412031174, 0.04123121500015259, 0.026196008548140526, 0.02058190107345581], [0.017744161188602448, 0.01511481124907732, 0.03904104232788086, 0.010819647461175919, 0.06584800779819489, 0.010819647461175919, 0.04511597380042076, 0.0652545616030693, 0.00798517931252718, 0.015591457486152649, 0.021799366921186447, 0.02103237994015217, 0.03134339675307274, 0.028169788420200348, 0.10307718068361282, 0.07790817320346832, 0.015591457486152649, 0.015591457486152649, 0.027757132425904274, 0.06912373006343842, 0.014462966471910477, 0.009986329823732376, 0.010710055008530617, 0.1302194446325302, 0.023166518658399582, 0.0198045764118433, 0.057319533079862595, 0.022400934249162674, 0.007201217580586672], [0.033598024398088455, 0.033724114298820496, 0.0209678802639246, 0.027559826150536537, 0.02672920562326908, 0.027559826150536537, 0.04032459855079651, 0.05794786289334297, 0.016124248504638672, 0.013783425092697144, 0.02510925754904747, 0.020233184099197388, 0.023756960406899452, 0.04428071901202202, 0.09832289069890976, 0.07558563351631165, 0.013783425092697144, 0.013783425092697144, 0.04829185828566551, 0.03242509067058563, 0.05837351083755493, 0.02729106694459915, 0.027218405157327652, 0.026528123766183853, 0.04837261140346527, 0.05052047222852707, 0.03783503919839859, 0.019895976409316063, 0.010073240846395493], [0.03210214525461197, 0.03194515034556389, 0.027060585096478462, 0.022870974615216255, 0.03681303560733795, 0.022870974615216255, 0.03140772506594658, 0.054392099380493164, 0.024410061538219452, 0.04756413772702217, 0.023318488150835037, 0.030261484906077385, 0.043774235993623734, 0.033540837466716766, 0.04149312525987625, 0.04579000174999237, 0.04756413772702217, 0.04756413772702217, 0.03455441817641258, 0.029507005587220192, 0.029329031705856323, 0.03586667776107788, 0.02496858686208725, 0.04556993395090103, 0.034173816442489624, 0.033278029412031174, 0.04123121500015259, 0.026196008548140526, 0.02058190107345581], [0.02201762981712818, 0.03192096948623657, 0.021022509783506393, 0.011806157417595387, 0.011622549965977669, 0.011806157417595387, 0.08689825981855392, 0.024869706481695175, 0.007075699511915445, 0.009072107262909412, 0.010037998668849468, 0.009722177870571613, 0.011449148878455162, 0.03942851722240448, 0.18531294167041779, 0.0798439085483551, 0.009072107262909412, 0.009072107262909412, 0.17432239651679993, 0.024540558457374573, 0.03142254054546356, 0.010463226586580276, 0.017831068485975266, 0.026531711220741272, 0.023369135335087776, 0.04972198233008385, 0.03171921521425247, 0.012623713351786137, 0.005403685383498669], [0.002421540440991521, 0.0025060290936380625, 0.002640451304614544, 0.0018647013930603862, 0.004560726694762707, 0.0018647013930603862, 0.005015031900256872, 0.004125038627535105, 0.0019104358507320285, 0.0022853510454297066, 0.005340546369552612, 0.008124038577079773, 0.005131336394697428, 0.002979876706376672, 0.006253066007047892, 0.00938516017049551, 0.0022853510454297066, 0.0022853510454297066, 0.007239484693855047, 0.8773836493492126, 0.006012336350977421, 0.002294705016538501, 0.004172658547759056, 0.012919261120259762, 0.003266751766204834, 0.003919458948075771, 0.007878757081925869, 0.0023400832433253527, 0.0015940915327519178], [0.02094028703868389, 0.03500165790319443, 0.01770610921084881, 0.028776507824659348, 0.013896962627768517, 0.028776507824659348, 0.04686114192008972, 0.014896547421813011, 0.009587748907506466, 0.010077507235109806, 0.018319036811590195, 0.009661675430834293, 0.016369186341762543, 0.03223312273621559, 0.09643200039863586, 0.07542166113853455, 0.010077507235109806, 0.010077507235109806, 0.04112369194626808, 0.026672931388020515, 0.2574453055858612, 0.018513096496462822, 0.01968253031373024, 0.0135416891425848, 0.02969362400472164, 0.04153131693601608, 0.03491227701306343, 0.014698799699544907, 0.007071977015584707], [0.0013673902722075582, 0.0010283358860760927, 0.0006131123518571258, 0.0008178855059668422, 0.0007044923841021955, 0.0008178855059668422, 0.0006545814103446901, 0.0016317558474838734, 0.0003822223807219416, 0.0005257137236185372, 0.0017780967755243182, 0.0004241248534526676, 0.0008908833260647953, 0.0006925738998688757, 0.0010937859769910574, 0.0007645092555321753, 0.0005257137236185372, 0.0005257137236185372, 0.0005841430393047631, 0.000434267392847687, 0.0007897359319031239, 0.9775696396827698, 0.0004077990888617933, 0.001246539643034339, 0.0014251639368012547, 0.0006305956630967557, 0.0009136666776612401, 0.00045801204396411777, 0.0003016779955942184], [0.03635794296860695, 0.04706718772649765, 0.03565308079123497, 0.02679697796702385, 0.02343868650496006, 0.02679697796702385, 0.045496437698602676, 0.04335174337029457, 0.017177414149045944, 0.0158129520714283, 0.02278769388794899, 0.020081577822566032, 0.03104502707719803, 0.04230997711420059, 0.06296899169683456, 0.043452732264995575, 0.0158129520714283, 0.0158129520714283, 0.04301222041249275, 0.034119609743356705, 0.03627810627222061, 0.01762005314230919, 0.12936095893383026, 0.017332134768366814, 0.0319344587624073, 0.04987959563732147, 0.03516056388616562, 0.020046256482601166, 0.013034803792834282], [0.0018457869300618768, 0.000828086631372571, 0.0009451605146750808, 0.0008517034002579749, 0.0031731000635772943, 0.0008517034002579749, 0.0026995232328772545, 0.00242799473926425, 0.0005861425306648016, 0.001209147390909493, 0.0025435402058064938, 0.0011996547691524029, 0.0016302254516631365, 0.0018307348946109414, 0.00710142171010375, 0.0071540409699082375, 0.001209147390909493, 0.001209147390909493, 0.0026813994627445936, 0.00442599318921566, 0.0010457270545884967, 0.002256569918245077, 0.0007261626305989921, 0.9416400790214539, 0.0016196845099329948, 0.002443542005494237, 0.0021386188454926014, 0.001179733662866056, 0.000546117837075144], [0.03814474493265152, 0.032120365649461746, 0.030012214556336403, 0.021787557750940323, 0.03177548572421074, 0.021787557750940323, 0.057924896478652954, 0.03258246183395386, 0.01762331835925579, 0.02079075388610363, 0.021840939298272133, 0.024420438334345818, 0.025599418208003044, 0.039087407290935516, 0.10897240042686462, 0.059926051646471024, 0.02079075388610363, 0.02079075388610363, 0.03816081956028938, 0.023979417979717255, 