{"premise_tokens": ["In", "2015", ",", "Kathmandu", "Valley", "was", "hit", "by", "the", "April", "2015", "Nepal", "earthquake", ".", "@@NULL@@"], "hypothesis_tokens": ["Kathmandu", "Valley", "was", "rarely", "hit", "by", "the", "Nepal", "earthquake", ".", "@@NULL@@"], "label_logits": [-1.6346409320831299, 2.457235813140869, -2.1116998195648193], "label_probs": [0.01626737415790558, 0.9736369848251343, 0.010095634497702122], "h2p_attention": [[0.0001836863229982555, 5.108495679451153e-05, 2.756289359240327e-05, 0.9892865419387817, 0.009681071154773235, 5.0711878429865465e-05, 9.846470493357629e-05, 9.997591405408457e-05, 3.0290948416222818e-05, 0.00030618987511843443, 5.108495679451153e-05, 2.2558073396794498e-05, 6.240660877665505e-05, 3.674094477901235e-05, 1.1715123946487438e-05], [0.0012003314914181828, 8.573593368055299e-05, 9.340985707240179e-05, 0.04422467574477196, 0.9524812698364258, 0.00013019482139497995, 0.0004886356182396412, 0.00034425611374899745, 0.00023312511621043086, 0.00015072288806550205, 8.573593368055299e-05, 0.00012840684212278575, 0.00014670297969132662, 0.000153307817527093, 5.351655272534117e-05], [0.054267194122076035, 0.057074856013059616, 0.038570161908864975, 0.09914420545101166, 0.05571986362338066, 0.20776377618312836, 0.043175287544727325, 0.08405780792236328, 0.05373295769095421, 0.10368920117616653, 0.057074856013059616, 0.03287645801901817, 0.037425413727760315, 0.05252441391348839, 0.022903641685843468], [0.24247123301029205, 0.022278692573308945, 0.027787096798419952, 0.085301473736763, 0.1627703756093979, 0.04883764311671257, 0.05555148422718048, 0.1051669716835022, 0.07427223771810532, 0.03268852457404137, 0.022278692573308945, 0.018798518925905228, 0.035678088665008545, 0.055599164217710495, 0.010519876144826412], [0.011433674022555351, 0.0042528375051915646, 0.003827606327831745, 0.021684614941477776, 0.023556722328066826, 0.004863495472818613, 0.8704620599746704, 0.01401601918041706, 0.007471535820513964, 0.00461438437923789, 0.0042528375051915646, 0.005648959428071976, 0.016201505437493324, 0.005133622791618109, 0.002579989144578576], [0.005991906393319368, 0.0031476065050810575, 0.005410328507423401, 0.012833729386329651, 0.009673822671175003, 0.005519226659089327, 0.00816979631781578, 0.9309890270233154, 0.003877716837450862, 0.0018382942071184516, 0.0031476065050810575, 0.002043129876255989, 0.002580530010163784, 0.0032734842970967293, 0.00150385033339262], [0.07966985553503036, 0.04061867669224739, 0.05583563074469566, 0.06891651451587677, 0.11610697209835052, 0.0625307485461235, 0.07718794047832489, 0.06872725486755371, 0.14169691503047943, 0.07007381319999695, 0.04061867669224739, 0.03838902711868286, 0.05842692032456398, 0.054547347128391266, 0.026653699576854706], [0.0667872279882431, 0.06947463005781174, 0.04469764232635498, 0.07745338976383209, 0.09651292860507965, 0.05773855000734329, 0.08807162195444107, 0.05464830622076988, 0.05793420225381851, 0.05974659323692322, 0.06947463005781174, 0.09295646101236343, 0.07308400422334671, 0.051195885986089706, 0.04022401571273804], [0.008502759970724583, 0.0037174175959080458, 0.003581163240596652, 0.014171482995152473, 0.007292607333511114, 0.004347044508904219, 0.016705883666872978, 0.004564955364912748, 0.005831599701195955, 0.0360565222799778, 0.0037174175959080458, 0.004833579063415527, 0.8798980712890625, 0.004119174089282751, 0.002660308498889208], [0.07889575511217117, 0.07336021959781647, 0.04148884862661362, 0.09755435585975647, 0.08910859376192093, 0.0713345929980278, 0.061894141137599945, 0.06770943105220795, 0.0636589527130127, 0.06738907843828201, 0.07336021959781647, 0.03959069401025772, 0.04816389083862305, 0.09538527578115463, 0.031105948612093925], [0.06666667014360428, 0.06666667014360428, 0.06666667014360428, 0.06666667014360428, 0.06666667014360428, 0.06666667014360428, 0.06666667014360428, 0.06666667014360428, 0.06666667014360428, 0.06666667014360428, 0.06666667014360428, 0.06666667014360428, 0.06666667014360428, 0.06666667014360428, 0.06666667014360428]], "p2h_attention": [[0.18817222118377686, 0.2691774368286133, 0.02843533083796501, 0.27661457657814026, 0.05318550392985344, 0.04781738668680191, 0.035872530192136765, 0.019926613196730614, 0.03835776820778847, 0.03043937310576439, 0.012001221999526024], [0.19536130130290985, 0.07177402824163437, 0.11164329200983047, 0.09487927705049515, 0.07385046035051346, 0.09377092868089676, 0.06827481836080551, 0.07738079130649567, 0.06260392814874649, 0.10565972328186035, 0.04480148106813431], [0.11538328975439072, 0.0855991393327713, 0.08258699625730515, 0.12953805923461914, 0.07275690138339996, 0.17643459141254425, 0.10273506492376328, 0.0544959120452404, 0.06601717323064804, 0.0654112920165062, 0.049041617661714554], [0.9898056983947754, 0.009686151519417763, 5.073849024483934e-05, 9.504308400209993e-05, 9.851637878455222e-05, 0.00010002837370848283, 3.0306844564620405e-05, 2.2569911379832774e-05, 6.243929965421557e-05, 3.676022242871113e-05, 1.1721271221176721e-05], [0.04425955191254616, 0.9532323479652405, 0.0001302974997088313, 0.0008286957163363695, 0.0004890209529548883, 0.0003445275651756674, 0.00023330895055551082, 0.00012850810890085995, 0.00014681866741739213, 0.00015342871483881027, 5.3558753279503435e-05], [0.12460748851299286, 0.07003044337034225, 0.261123925447464, 0.13363660871982574, 0.05426403507590294, 0.10564644634723663, 0.06753323972225189, 0.04132014885544777, 0.04703741520643234, 0.06601431220769882, 0.028786003589630127], [0.02200941927731037, 0.023909570649266243, 0.004936343990266323, 0.013828015886247158, 0.8835003972053528, 0.014225959777832031, 0.007583449129015207, 0.005733572877943516, 0.01644418202340603, 0.005210517439991236, 0.002618633909150958], [0.012891765683889389, 0.009717569686472416, 0.005544185172766447, 0.015101942233741283, 0.008206740953028202, 0.9351990818977356, 0.003895252477377653, 0.0020523692946881056, 0.0025922006461769342, 0.0032882874365895987, 0.0015106508508324623], [0.07645809650421143, 0.12881262600421906, 0.06937351822853088, 0.20877259969711304, 0.08563466370105743, 0.07624811679124832, 0.15720289945602417, 0.04258996248245239, 0.06482063233852386, 0.06051648408174515, 0.029570430517196655], [0.432487815618515, 0.046603742986917496, 0.07491330057382584, 0.05141793191432953, 0.029595518484711647, 0.020227421075105667, 0.04350389912724495, 0.024578630924224854, 0.22427543997764587, 0.035848915576934814, 0.01654740609228611], [0.19536130130290985, 0.07177402824163437, 0.11164329200983047, 0.09487927705049515, 0.07385046035051346, 0.09377092868089676, 0.06827481836080551, 0.07738079130649567, 0.06260392814874649, 0.10565972328186035, 0.04480148106813431], [0.10168520361185074, 0.12670765817165375, 0.07580245286226273, 0.09436602890491486, 0.11562542617321014, 0.07174540311098099, 0.07605931162834167, 0.12203851342201233, 0.09594882279634476, 0.06721286475658417, 0.05280837044119835], [0.014863424003124237, 0.007648678496479988, 0.004559292923659086, 0.009462944231927395, 0.017521562054753304, 0.004787840880453587, 0.006116329226642847, 0.005069582723081112, 0.9228598475456238, 0.004320296458899975, 0.002790200524032116], [0.11754874140024185, 0.1073719710111618, 0.08595505356788635, 0.1980944722890854, 0.07457973062992096, 0.08158691227436066, 0.07670626789331436, 0.04770505055785179, 0.058035384863615036, 0.11493507772684097, 0.03748130798339844], [0.09090908616781235, 0.09090908616781235, 0.09090908616781235, 0.09090908616781235, 0.09090908616781235, 0.09090908616781235, 0.09090908616781235, 0.09090908616781235, 0.09090908616781235, 0.09090908616781235, 0.09090908616781235]], "claim": "Kathmandu Valley was rarely hit by the Nepal earthquake.", "premise_source_doc_id": "Kathmandu_Valley", "premise_source_doc_line_num": 15,