{"premise_tokens": ["William", "(", "given", "name", ")", ",", "a", "masculine", "given", "name", "@@NULL@@"], "hypothesis_tokens": ["Prince", "William", "ended", "his", "military", "service", "in", "1989", ".", "@@NULL@@"], "label_logits": [-6.014564037322998, -1.8726552724838257, 3.7584617137908936], "label_probs": [5.676104046870023e-05, 0.003571563633158803, 0.9963716864585876], "h2p_attention": [[0.13865399360656738, 0.029587585479021072, 0.06556614488363266, 0.15122123062610626, 0.03836188092827797, 0.039887554943561554, 0.06825246661901474, 0.23033037781715393, 0.06556614488363266, 0.15122123062610626, 0.02135148085653782], [0.9125738739967346, 0.003985466435551643, 0.010200579650700092, 0.01451022271066904, 0.004415981471538544, 0.013198699802160263, 0.007548206485807896, 0.005826158449053764, 0.010200579650700092, 0.01451022271066904, 0.0030300780199468136], [0.05841997265815735, 0.049481239169836044, 0.07872845977544785, 0.08366280049085617, 0.052972957491874695, 0.0632612332701683, 0.15010324120521545, 0.2745550572872162, 0.07872845977544785, 0.08366280049085617, 0.02642383985221386], [0.11300411075353622, 0.02958584949374199, 0.09803856164216995, 0.1162397488951683, 0.03150584176182747, 0.07620272785425186, 0.11806801706552505, 0.17953532934188843, 0.09803856164216995, 0.1162397488951683, 0.023541495203971863], [0.09616778045892715, 0.04752423241734505, 0.08233826607465744, 0.15373432636260986, 0.04931364580988884, 0.0676276832818985, 0.15875263512134552, 0.07583372294902802, 0.08233826607465744, 0.15373432636260986, 0.03263511881232262], [0.09940595179796219, 0.027100570499897003, 0.11605123430490494, 0.20960155129432678, 0.027262311428785324, 0.037071049213409424, 0.06352687627077103, 0.07283931970596313, 0.11605123430490494, 0.20960155129432678, 0.021488362923264503], [0.053441811352968216, 0.030974430963397026, 0.11132698506116867, 0.2109828144311905, 0.03370014950633049, 0.04625383019447327, 0.10095085203647614, 0.06903693079948425, 0.11132698506116867, 0.2109828144311905, 0.021022271364927292], [0.0882871150970459, 0.07482822984457016, 0.09002957493066788, 0.10298774391412735, 0.07766292244195938, 0.07734888792037964, 0.09524515271186829, 0.1309857815504074, 0.09002957493066788, 0.10298774391412735, 0.06960732489824295], [0.07095769047737122, 0.06978769600391388, 0.10707130283117294, 0.10405704379081726, 0.0694829672574997, 0.0686563029885292, 0.10166898369789124, 0.1457151174545288, 0.10707130283117294, 0.10405704379081726, 0.051474541425704956], [0.09090908616781235, 0.09090908616781235, 0.09090908616781235, 0.09090908616781235, 0.09090908616781235, 0.09090908616781235, 0.09090908616781235, 0.09090908616781235, 0.09090908616781235, 0.09090908616781235, 0.09090908616781235]], "p2h_attention": [[0.019771987572312355, 0.9169805645942688, 0.006731492001563311, 0.014615248888731003, 0.00897202268242836, 0.014084940776228905, 0.0077401152811944485, 0.003861786564812064, 0.004197133705019951, 0.0030447097960859537], [0.10301376134157181, 0.09777751564979553, 0.13920612633228302, 0.09342513233423233, 0.10825392603874207, 0.09375378489494324, 0.10953110456466675, 0.07991425693035126, 0.10078596323728561, 0.07433848083019257], [0.09850522875785828, 0.10798881202936172, 0.09557482600212097, 0.13358895480632782, 0.08093272894620895, 0.17324237525463104, 0.1698746234178543, 0.04148947447538376, 0.06672494858503342, 0.03207802772521973], [0.14460760354995728, 0.09777471423149109, 0.0646461695432663, 0.10081542283296585, 0.09618160873651505, 0.19915789365768433, 0.20491503179073334, 0.030209042131900787, 0.04127483814954758, 0.020417677238583565], [0.12437651306390762, 0.10088811069726944, 0.13877932727336884, 0.0926453173160553, 0.10460402816534042, 0.08782656490802765, 0.11097334325313568, 0.07723698765039444, 0.09344419836997986, 0.06922556459903717], [0.08771544694900513, 0.20452389121055603, 0.11241088807582855, 0.15198585391044617, 0.09729847311973572, 0.08100246638059616, 0.10330818593502045, 0.05217541381716728, 0.06262599676847458, 0.046953365206718445], [0.09585059434175491, 0.07469550520181656, 0.17033293843269348, 0.15038438141345978, 0.14586135745048523, 0.08864590525627136, 0.14399082958698273, 0.04102914035320282, 0.05922437459230423, 0.029985027387738228], [0.23741751909255981, 0.04231730476021767, 0.22867728769779205, 0.16784384846687317, 0.05114071071147919, 0.07460227608680725, 0.0722755417227745, 0.04141510650515556, 0.06230195239186287, 0.02200845256447792], [0.09850522875785828, 0.10798881202936172, 0.09557482600212097, 0.13358895480632782, 0.08093272894620895, 0.17324237525463104, 0.1698746234178543, 0.04148947447538376, 0.06672494858503342, 0.03207802772521973], [0.14460760354995728, 0.09777471423149109, 0.0646461695432663, 0.10081542283296585, 0.09618160873651505, 0.19915789365768433, 0.20491503179073334, 0.030209042131900787, 0.04127483814954758, 0.020417677238583565], [0.09999998658895493, 0.09999998658895493, 0.09999998658895493, 0.09999998658895493, 0.09999998658895493, 0.09999998658895493, 0.09999998658895493, 0.09999998658895493, 0.09999998658895493, 0.09999998658895493]], "claim": "Prince William ended his military service in 1989.", "premise_source_doc_id": "William", "premise_source_doc_line_num": 3, "premise_source_doc_sentence": "William  (  given name  )  , a masculine given name"}
