{"premise_tokens": ["Michael", "Angelo", "Bellisario", "(", "born", "April", "7", ",", "1980", ")", "is", "an", "American", "actor", "and", "the", "son", "of", "scriptwriter", "and", "producer", "Donald", "P.", "Bellisario", ".", "@@NULL@@"], "hypothesis_tokens": ["Donald", "P.", "Bellisario", "is", "a", "record", "produce", "and", "playwright", ".", "@@NULL@@"], "label_logits": [0.3571952283382416, -1.1651135683059692, -0.5127073526382446], "label_probs": [0.6107989549636841, 0.1332809180021286, 0.25592008233070374], "h2p_attention": [[0.01611804962158203, 0.007006123661994934, 0.007006123661994934, 0.007834795862436295, 0.010157579556107521, 0.0067302025854587555, 0.008344380185008049, 0.018927961587905884, 0.009847274981439114, 0.008804760873317719, 0.014369464479386806, 0.012222625315189362, 0.024196807295084, 0.01509382389485836, 0.014555887319147587, 0.011320213787257671, 0.023422274738550186, 0.010810821317136288, 0.007006123661994934, 0.014555887319147587, 0.01902366615831852, 0.7000073194503784, 0.011179620400071144, 0.007006123661994934, 0.008268251083791256, 0.006183905526995659], [0.03035973571240902, 0.0223128292709589, 0.0223128292709589, 0.020841598510742188, 0.07580671459436417, 0.023749127984046936, 0.023174433037638664, 0.023833582177758217, 0.03670332580804825, 0.020502982661128044, 0.03831186518073082, 0.02869408205151558, 0.07040691375732422, 0.029240163043141365, 0.024583635851740837, 0.02099037915468216, 0.03305981680750847, 0.02269311435520649, 0.0223128292709589, 0.024583635851740837, 0.03400084748864174, 0.03457418456673622, 0.2539159655570984, 0.0223128292709589, 0.021598078310489655, 0.01912439987063408], [0.047125425189733505, 0.056139711290597916, 0.056139711290597916, 0.02611479163169861, 0.03921513259410858, 0.03608309477567673, 0.029944101348519325, 0.02699449472129345, 0.051297955214977264, 0.0271040927618742, 0.043722037225961685, 0.03675318509340286, 0.05076994746923447, 0.031238138675689697, 0.030812129378318787, 0.03498852998018265, 0.04380455240607262, 0.029470294713974, 0.056139711290597916, 0.030812129378318787, 0.04811395704746246, 0.02752269245684147, 0.028342807665467262, 0.056139711290597916, 0.030919017270207405, 0.024292713031172752], [0.017270861193537712, 0.00775553984567523, 0.00775553984567523, 0.006499885115772486, 0.06077147647738457, 0.027360737323760986, 0.016950875520706177, 0.012099429965019226, 0.011562250554561615, 0.006098069716244936, 0.5314179062843323, 0.0809376910328865, 0.012513658963143826, 0.020798491314053535, 0.013543481007218361, 0.02493852563202381, 0.03299829736351967, 0.015061801299452782, 0.00775553984567523, 0.013543481007218361, 0.024230897426605225, 0.010013023391366005, 0.008632429875433445, 0.00775553984567523, 0.017425529658794403, 0.004309109877794981], [0.036686304956674576, 0.018762623891234398, 0.018762623891234398, 0.01463560201227665, 0.07009723037481308, 0.05528907850384712, 0.026738133281469345, 0.03751569241285324, 0.04551960527896881, 0.016158320009708405, 0.07607477158308029, 0.07451894134283066, 0.06412597745656967, 0.053877487778663635, 0.0405726432800293, 0.04206384718418121, 0.044764187186956406, 0.03705092519521713, 0.018762623891234398, 0.0405726432800293, 0.054525796324014664, 0.03417986258864403, 0.019187020137906075, 0.018762623891234398, 0.02708331122994423, 0.01371215283870697], [0.04771081730723381, 0.02339227870106697, 0.02339227870106697, 0.02370031550526619, 0.05408773943781853, 0.0626743957400322, 0.04351942986249924, 0.02165575884282589, 0.07597583532333374, 0.02681134082376957, 0.04878850281238556, 0.04849458113312721, 0.020250728353857994, 0.06369948387145996, 0.032427068799734116, 0.033327363431453705, 0.05908723920583725, 0.03437390923500061, 0.02339227870106697, 0.032427068799734116, 0.09805887937545776, 0.01964780129492283, 0.021837076172232628, 0.02339227870106697, 0.025738414376974106, 0.012137261219322681], [0.0017283193301409483, 0.00175393745303154, 0.00175393745303154, 0.001885484205558896, 0.0025669068563729525, 0.0026155284140259027, 0.0031039337627589703, 0.002634638687595725, 0.005602516699582338, 0.0019074312876909971, 0.0056145028211176395, 0.004693218506872654, 0.0036809572484344244, 0.005356882698833942, 0.002924172906205058, 0.0023493533954024315, 0.004144315142184496, 0.0021647848188877106, 0.00175393745303154, 0.002924172906205058, 0.9303568601608276, 0.0027758916839957237, 0.0013234206708148122, 0.00175393745303154, 0.0017832271987572312, 0.0008477246155962348], [0.029652079567313194, 0.01935739256441593, 0.01935739256441593, 0.017202645540237427, 0.035403553396463394, 0.03804425895214081, 0.0314285084605217, 0.0533331036567688, 0.03392764925956726, 0.017082713544368744, 0.047967154532670975, 0.04079728573560715, 0.033565301448106766, 0.024503568187355995, 0.12580227851867676, 0.04057437181472778, 0.05091167986392975, 0.03683706745505333, 0.01935739256441593, 0.12580227851867676, 0.03932023048400879, 0.035923365503549576, 0.019618215039372444, 0.01935739256441593, 0.02961154095828533, 0.015261637978255749], [0.047125425189733505, 0.056139711290597916, 0.056139711290597916, 0.02611479163169861, 0.03921513259410858, 0.03608309477567673, 0.029944101348519325, 0.02699449472129345, 0.051297955214977264, 0.0271040927618742, 0.043722037225961685, 0.03675318509340286, 0.05076994746923447, 0.031238138675689697, 0.030812129378318787, 0.03498852998018265, 0.04380455240607262, 0.029470294713974, 0.056139711290597916, 0.030812129378318787, 0.04811395704746246, 0.02752269245684147, 0.028342807665467262, 0.056139711290597916, 0.030919017270207405, 0.024292713031172752], [0.03292205557227135, 0.02620995044708252, 0.02620995044708252, 0.02791919745504856, 0.04285399615764618, 0.044613130390644073, 0.03589684143662453, 0.02746657468378544, 0.044535234570503235, 0.027797285467386246, 0.08327507227659225, 0.056945569813251495, 0.02909890189766884, 0.03416335582733154, 0.03995548188686371, 0.042143698781728745, 0.07307766377925873, 0.03166980296373367, 0.02620995044708252, 0.03995548188686371, 0.04634033143520355, 0.027533872053027153, 0.023256469517946243, 0.02620995044708252, 0.06314724683761597, 0.020592857152223587], [0.03846152499318123, 0.03846152499318123, 0.03846152499318123, 0.03846152499318123, 0.03846152499318123, 0.03846152499318123, 0.03846152499318123, 0.03846152499318123, 0.03846152499318123, 0.03846152499318123, 0.03846152499318123, 0.03846152499318123, 0.03846152499318123, 0.03846152499318123, 0.03846152499318123, 0.03846152499318123, 0.03846152499318123, 0.03846152499318123, 0.03846152499318123, 0.03846152499318123, 0.03846152499318123, 0.03846152499318123, 0.03846152499318123, 0.03846152499318123, 0.03846152499318123, 0.03846152499318123]],