{"premise_tokens": ["A", "reader", "of", "manga", "ever", "since", "a", "young", "age", ",", "Kishimoto", "showed", "a", "desire", "to", "write", "his", "own", "manga", ",", "citing", "authors", "Akira", "Toriyama", "and", "Katsuhiro", "Otomo", "as", "his", "main", "inspirations", ".", "@@NULL@@"], "hypothesis_tokens": ["Since", "a", "young", "age", ",", "Masashi", "Kishimoto", "has", "read", "manga", ".", "@@NULL@@"], "label_logits": [2.387718915939331, 0.06371751427650452, -4.695588111877441], "label_probs": [0.910149872303009, 0.08908651024103165, 0.0007636100635863841], "h2p_attention": [[0.002245246432721615, 0.0013284186134114861, 0.0030201482586562634, 0.0022215500939637423, 0.005030152387917042, 0.9274932146072388, 0.002245246432721615, 0.0012743111001327634, 0.0026651164516806602, 0.0015029372880235314, 0.0012867171317338943, 0.0016543058445677161, 0.002245246432721615, 0.0018347095465287566, 0.0035725205671042204, 0.0014934978680685163, 0.004864357877522707, 0.002456224989145994, 0.0022215500939637423, 0.0015029372880235314, 0.0021786552388221025, 0.0024505595210939646, 0.0012867171317338943, 0.0012867171317338943, 0.002541369991376996, 0.0012867171317338943, 0.0012867171317338943, 0.0039058192633092403, 0.004864357877522707, 0.0028287903405725956, 0.0012867171317338943, 0.0020232845563441515, 0.0006150441477075219], [0.0994449332356453, 0.017970887944102287, 0.01971442438662052, 0.03327541798353195, 0.0370553694665432, 0.026634737849235535, 0.0994449332356453, 0.01490185409784317, 0.01291129644960165, 0.01996172033250332, 0.00998340267688036, 0.016216937452554703, 0.0994449332356453, 0.039490941911935806, 0.03497803211212158, 0.0229800958186388, 0.03659223020076752, 0.0307761300355196, 0.03327541798353195, 0.01996172033250332, 0.040621742606163025, 0.02933173067867756, 0.00998340267688036, 0.00998340267688036, 0.021588293835520744, 0.00998340267688036, 0.00998340267688036, 0.04228021949529648, 0.03659223020076752, 0.03294648602604866, 0.00998340267688036, 0.014410755597054958, 0.007296097930520773], [0.004075531382113695, 0.0047092740423977375, 0.0037097730673849583, 0.012288068421185017, 0.009616653434932232, 0.004134315997362137, 0.004075531382113695, 0.6943865418434143, 0.09047742933034897, 0.00339967361651361, 0.002459633629769087, 0.009539281949400902, 0.004075531382113695, 0.009098988026380539, 0.0040602656081318855, 0.022122634574770927, 0.02069464512169361, 0.014601977542042732, 0.012288068421185017, 0.00339967361651361, 0.0038371204864233732, 0.0087021104991436, 0.002459633629769087, 0.002459633629769087, 0.003093823790550232, 0.002459633629769087, 0.002459633629769087, 0.004155681934207678, 0.02069464512169361, 0.007835892029106617, 0.002459633629769087, 0.004173519089818001, 0.0019954207818955183], [0.0032546042930334806, 0.0027260787319391966, 0.0033301934599876404, 0.0048760948702692986, 0.008528018370270729, 0.007969459518790245, 0.0032546042930334806, 0.08339205384254456, 0.7728288173675537, 0.003322731703519821, 0.0024021314457058907, 0.007324242498725653, 0.0032546042930334806, 0.004597310908138752, 0.0030163489282131195, 0.00502399867400527, 0.015838010236620903, 0.007980925031006336, 0.0048760948702692986, 0.003322731703519821, 0.00397374527528882, 0.0035311768297106028, 0.0024021314457058907, 0.0024021314457058907, 0.002679768716916442, 0.0024021314457058907, 0.0024021314457058907, 0.0027028967160731554, 0.015838010236620903, 0.003253966337069869, 0.0024021314457058907, 0.003051680512726307, 0.0018391574267297983], [0.03571873530745506, 0.016342896968126297, 0.026839232072234154, 0.013804472051560879, 0.0353897400200367, 0.03190239891409874, 0.03571873530745506, 0.022242899984121323, 0.023586595430970192, 0.1020367443561554, 0.014507343992590904, 0.02153518982231617, 0.03571873530745506, 0.02155633270740509, 0.028523795306682587, 0.014156549237668514, 0.042259588837623596, 0.022884711623191833, 0.013804472051560879, 0.1020367443561554, 0.024146897718310356, 0.02396216243505478, 0.014507343992590904, 0.014507343992590904, 0.045623067766427994, 0.014507343992590904, 0.014507343992590904, 0.053123410791158676, 0.042259588837623596, 0.04731366038322449, 0.014507343992590904, 0.017413128167390823, 0.013055356219410896], [0.025411302223801613, 0.024852555245161057, 0.02252928540110588, 0.029889430850744247, 0.036748968064785004, 0.03885221481323242, 0.025411302223801613, 0.022891532629728317, 0.024255868047475815, 0.020636599510908127, 0.04291737079620361, 0.024049770087003708, 0.025411302223801613, 0.037061166018247604, 0.031178632751107216, 0.030633050948381424, 0.030026940628886223, 0.031162595376372337, 0.029889430850744247, 0.020636599510908127, 0.03883236646652222, 0.02417449653148651, 0.04291737079620361, 0.04291737079620361, 0.023555083200335503, 0.04291737079620361, 0.04291737079620361, 0.026463737711310387, 0.030026940628886223, 0.025706645101308823, 0.042917367070913315, 0.023636795580387115, 0.0185711570084095], [0.025411302223801613, 0.024852555245161057, 0.02252928540110588, 0.029889430850744247, 0.036748968064785004, 0.03885221481323242, 0.025411302223801613, 0.022891532629728317, 0.024255868047475815, 0.020636599510908127, 0.04291737079620361, 0.024049770087003708, 0.025411302223801613, 0.037061166018247604, 0.031178632751107216, 0.030633050948381424, 0.030026940628886223, 0.031162595376372337, 0.029889430850744247, 0.020636599510908127, 0.03883236646652222, 0.02417449653148651, 0.04291737079620361, 0.04291737079620361, 0.023555083200335503, 0.04291737079620361, 0.04291737079620361, 0.026463737711310387, 0.030026940628886223, 0.025706645101308823, 0.042917367070913315, 0.023636795580387115, 0.0185711570084095], [0.023532263934612274, 0.02198801003396511, 0.02240133471786976, 0.03391491249203682, 0.11233619600534439, 0.04542503133416176, 0.023532263934612274, 0.04089071601629257, 0.027296651154756546, 0.01476791501045227, 0.014158924110233784, 0.0197331290692091, 0.023532263934612274, 0.04562172666192055, 0.0657680332660675, 0.031838513910770416, 0.04582175239920616, 0.03844693303108215, 0.03391491249203682, 0.01476791501045227, 0.016622396185994148, 0.02195519022643566, 0.014158924110233784, 0.014158924110233784, 0.015223853290081024, 0.014158924110233784, 0.014158924110233784, 0.025541506707668304, 0.04582175239920616, 0.07497335225343704, 0.014158920384943485, 0.021320035681128502, 0.008057800121605396], [0.00644647004082799, 0.019857387989759445, 0.0045824735425412655, 0.04376542195677757, 0.011046658270061016, 0.0052445256151258945, 0.00644647004082799, 0.010888221673667431, 0.005650793667882681, 0.0035162463318556547, 0.003905483754351735, 0.014180557802319527, 0.00644647004082799, 0.015703914687037468, 0.006327921524643898, 0.6709453463554382, 0.008526143617928028, 0.008114499039947987, 0.04376542195677757, 0.0035162463318556547, 0.006075253710150719, 0.04535927623510361, 0.003905483754351735, 0.003905483754351735, 0.0054289610125124454, 0.003905483754351735, 0.003905483754351735, 0.0044725313782691956, 0.008526143617928028, 0.0045450241304934025, 0.003905483754351735, 0.0040666586719453335, 0.003122048918157816], [1.5500190784223378e-05, 3.626668330980465e-05, 5.059904196969001e-06, 0.49887439608573914, 1.265919127035886e-05, 1.2275923836568836e-05, 1.5500190784223378e-05, 2.092924296448473e-05, 9.010675967147108e-06, 3.593645715227467e-06, 5.469944426295115e-06, 2.4489188945153728e-05, 1.5500190784223378e-05, 3.385253148735501e-05, 1.035522382153431e-05, 0.0011807545088231564, 1.1740038644347806e-05, 1.6797243006294593e-05, 0.49887439608573914, 3.593645715227467e-06, 5.0328741053817794e-05, 0.0006774517823942006, 5.469944426295115e-06, 5.469944426295115e-06, 4.158132469456177e-06, 5.469944426295115e-06, 5.469944426295115e-06, 8.255675311374944e-06, 1.1740038644347806e-05, 2.843150832632091e-05, 5.469944426295115e-06, 6.654537628492108e-06, 3.398633452889044e-06], [0.030484311282634735, 0.024791302159428596, 0.02373609133064747, 0.03021995909512043, 0.040650829672813416, 0.050772786140441895, 