{"premise_tokens": ["Miguel", "Ángel", "Silvestre", "Rambla", "(", "born", "6", "April", "1982", "in", "Castelló", "de", "la", "Plana", ")", "is", "a", "Spanish", "actor", ".", "@@NULL@@"], "hypothesis_tokens": ["Miguel", "Ángel", "Silvestre", "was", "born", "in", "April", ".", "@@NULL@@"], "label_logits": [1.8968464136123657, 1.3805378675460815, -4.284963607788086], "label_probs": [0.6254745721817017, 0.37323272228240967, 0.0012926582712680101], "h2p_attention": [[0.06429693102836609, 0.06429693102836609, 0.06429693102836609, 0.06429693102836609, 0.029909325763583183, 0.044913168996572495, 0.03396392613649368, 0.041326045989990234, 0.06429693102836609, 0.046195968985557556, 0.06429693102836609, 0.03202982619404793, 0.04174476116895676, 0.06429693102836609, 0.031042372807860374, 0.05007493868470192, 0.03807010129094124, 0.061639927327632904, 0.03577711060643196, 0.035411614924669266, 0.027822494506835938], [0.06429693102836609, 0.06429693102836609, 0.06429693102836609, 0.06429693102836609, 0.029909325763583183, 0.044913168996572495, 0.03396392613649368, 0.041326045989990234, 0.06429693102836609, 0.046195968985557556, 0.06429693102836609, 0.03202982619404793, 0.04174476116895676, 0.06429693102836609, 0.031042372807860374, 0.05007493868470192, 0.03807010129094124, 0.061639927327632904, 0.03577711060643196, 0.035411614924669266, 0.027822494506835938], [0.06429693102836609, 0.06429693102836609, 0.06429693102836609, 0.06429693102836609, 0.029909325763583183, 0.044913168996572495, 0.03396392613649368, 0.041326045989990234, 0.06429693102836609, 0.046195968985557556, 0.06429693102836609, 0.03202982619404793, 0.04174476116895676, 0.06429693102836609, 0.031042372807860374, 0.05007493868470192, 0.03807010129094124, 0.061639927327632904, 0.03577711060643196, 0.035411614924669266, 0.027822494506835938], [0.03163851052522659, 0.03163851052522659, 0.03163851052522659, 0.03163851052522659, 0.025798698887228966, 0.06613461673259735, 0.03850675746798515, 0.09978482872247696, 0.03163851052522659, 0.05222378298640251, 0.03163851052522659, 0.04660164564847946, 0.061962924897670746, 0.03163851052522659, 0.026327939704060555, 0.11789332330226898, 0.058287445455789566, 0.05278632044792175, 0.059634316712617874, 0.05054663121700287, 0.022041216492652893], [0.0020138868130743504, 0.0020138868130743504, 0.0020138868130743504, 0.0020138868130743504, 0.001898288493975997, 0.861741304397583, 0.0037824572063982487, 0.015763547271490097, 0.0020138868130743504, 0.034882403910160065, 0.0020138868130743504, 0.0025142936501652002, 0.005588355474174023, 0.0020138868130743504, 0.0017837430350482464, 0.01759420707821846, 0.006377533543854952, 0.021252509206533432, 0.00888057705014944, 0.002596164820715785, 0.001247548614628613], [0.013190822675824165, 0.013190822675824165, 0.013190822675824165, 0.013190822675824165, 0.011705435812473297, 0.2221328467130661, 0.019090084359049797, 0.040649302303791046, 0.013190822675824165, 0.3177817463874817, 0.013190822675824165, 0.015173515304923058, 0.0314582996070385, 0.013190822675824165, 0.012735500000417233, 0.08199352025985718, 0.03814997896552086, 0.026615368202328682, 0.06208423152565956, 0.0201499592512846, 0.007944450713694096], [3.6154142435407266e-05, 3.6154142435407266e-05, 3.6154142435407266e-05, 3.6154142435407266e-05, 4.3541564082261175e-05, 0.00030755760963074863, 0.00010931868018815294, 0.9984002709388733, 3.6154142435407266e-05, 0.00012454309035092592, 3.6154142435407266e-05, 4.22316043113824e-05, 4.915790486847982e-05, 3.6154142435407266e-05, 4.324781912146136e-05, 0.00015455060929525644, 9.814404620556161e-05, 0.00018244949751533568, 0.00011462411930551752, 5.2732244512299076e-05, 2.4340544769074768e-05], [0.035090282559394836, 0.035090282559394836, 0.035090282559394836, 0.035090282559394836, 0.037378646433353424, 0.05737358331680298, 0.04839177429676056, 0.05972873419523239, 0.035090282559394836, 0.06992743164300919, 0.035090282559394836, 0.036362916231155396, 0.048055339604616165, 0.035090282559394836, 0.037215426564216614, 0.11148996651172638, 0.05445444583892822, 0.03613882511854172, 0.045738425105810165, 0.08454251289367676, 0.027570027858018875], [0.0476190485060215, 0.0476190485060215, 0.0476190485060215, 0.0476190485060215, 0.0476190485060215, 0.0476190485060215, 0.0476190485060215, 0.0476190485060215, 0.0476190485060215, 0.0476190485060215, 0.0476190485060215, 0.0476190485060215, 0.0476190485060215, 0.0476190485060215, 0.0476190485060215, 0.0476190485060215, 0.0476190485060215, 0.0476190485060215, 0.0476190485060215, 0.0476190485060215, 0.0476190485060215]],