{"premise_tokens": ["He", "had", "four", "children", "with", "his", "first", "wife", ",", "Kris", "Kardashian", "(", "née", "Houghton", ",", "later", "Jenner", ")", ":", "Kourtney", ",", "Kim", ",", "Khloé", ",", "and", "Rob", ",", "who", "appear", "on", "their", "family", "reality", "television", "series", ",", "Keeping", "Up", "with", "the", "Kardashians", ",", "and", "its", "spinoffs", ".", "@@NULL@@"], "hypothesis_tokens": ["Robert", "Kardashian", "'s", "first", "wife", "was", "Catholic", ".", "@@NULL@@"], "label_logits": [1.552456259727478, 1.6982057094573975, -3.952331304550171], "label_probs": [0.46275439858436584, 0.535363495349884, 0.001882139127701521], "h2p_attention": [[0.07620243728160858, 0.024536248296499252, 0.015640368685126305, 0.017616765573620796, 0.023586446419358253, 0.038204293698072433, 0.024804890155792236, 0.045128293335437775, 0.01410824153572321, 0.014953289180994034, 0.011458008550107479, 0.008543198928236961, 0.011458008550107479, 0.011458008550107479, 0.01410824153572321, 0.018427154049277306, 0.011458008550107479, 0.008821859024465084, 0.011253518983721733, 0.011458008550107479, 0.01410824153572321, 0.012327808886766434, 0.01410824153572321, 0.011458008550107479, 0.01410824153572321, 0.017996717244386673, 0.04623812437057495, 0.01410824153572321, 0.03949281945824623, 0.021455856040120125, 0.026637306436896324, 0.03140588104724884, 0.037779301404953, 0.022350875660777092, 0.01924663409590721, 0.018356863409280777, 0.01410824153572321, 0.04963177442550659, 0.031164517626166344, 0.023586446419358253, 0.014618467539548874, 0.011458008550107479, 0.01410824153572321, 0.017996717244386673, 0.015614724718034267, 0.011458008550107479, 0.013467885553836823, 0.008382545784115791], [0.02586423046886921, 0.027841398492455482, 0.013996325433254242, 0.018017729744315147, 0.01842332072556019, 0.02074345201253891, 0.01800355315208435, 0.02566920593380928, 0.014256340451538563, 0.014926435425877571, 0.029648521915078163, 0.01379175204783678, 0.029648521915078163, 0.029648521915078163, 0.014256340451538563, 0.01904306560754776, 0.029648521915078163, 0.014314222149550915, 0.013730793260037899, 0.029648521915078163, 0.014256340451538563, 0.022658957168459892, 0.014256340451538563, 0.029648521915078163, 0.014256340451538563, 0.016272513195872307, 0.017378661781549454, 0.014256340451538563, 0.016276685521006584, 0.016210950911045074, 0.02001047693192959, 0.022912750020623207, 0.031892918050289154, 0.02651047892868519, 0.01671510748565197, 0.016174742951989174, 0.014256340451538563, 0.05273247882723808, 0.02069074846804142, 0.01842332072556019, 0.01847815327346325, 0.029648521915078163, 0.014256340451538563, 0.016272513195872307, 0.02562551759183407, 0.029648521915078163, 0.01632896065711975, 0.012829476036131382], [0.09481900930404663, 0.018985565751791, 0.01121944934129715, 0.017227252945303917, 0.014778435230255127, 0.08293509483337402, 0.02458038553595543, 0.0705905631184578, 0.012649822048842907, 0.03411098197102547, 0.007017694879323244, 0.005570252425968647, 0.007017694879323244, 0.007017694879323244, 0.012649822048842907, 0.026228515431284904, 0.007017694879323244, 0.005724532995373011, 0.0069060674868524075, 0.007017694879323244, 0.012649822048842907, 0.03356959670782089, 0.012649822048842907, 0.007017694879323244, 0.012649822048842907, 0.014707437716424465, 0.00812544859945774, 0.012649822048842907, 0.016317645087838173, 0.02383672632277012, 0.0114242909476161, 0.08545031398534775, 0.018316851928830147, 0.01843344420194626, 0.008693317882716656, 0.008510513231158257, 0.012649822048842907, 0.06405366957187653, 0.014337928034365177, 0.014778435230255127, 0.017707156017422676, 0.007017694879323244, 0.012649822048842907, 0.014707437716424465, 0.0427849218249321, 0.007017694879323244, 0.00879083201289177, 0.004437697120010853], [0.04880211874842644, 0.0033192860428243876, 0.011093664914369583, 0.005738710984587669, 0.004333401098847389, 0.019754555076360703, 0.7146376967430115, 0.005818735342472792, 0.005102107767015696, 0.004215901717543602, 0.0012110820971429348, 0.0012923883041366935, 0.0012110820971429348, 0.0012110820971429348, 0.005102107767015696, 0.020418845117092133, 0.0012110820971429348, 0.0013883152278140187, 0.002288999268785119, 0.0012110820971429348, 0.005102107767015696, 0.004223956726491451, 0.005102107767015696, 0.0012110820971429348, 0.005102107767015696, 0.004640932194888592, 0.0023074725177139044, 0.005102107767015696, 0.006493697874248028, 0.015721095725893974, 0.004356749355792999, 0.02018256112933159, 0.0022171696182340384, 0.002284966642037034, 0.0031705228611826897, 0.0064256382174789906, 0.005102107767015696, 0.007019564509391785, 0.008710723370313644, 0.004333401098847389, 0.0035253053065389395, 0.0012110820971429348, 0.005102107767015696, 0.004640932194888592, 0.00330762704834342, 0.0012110820971429348, 0.001966464566066861, 0.0008630268275737762], [0.000493469531647861, 0.00011025545245502144, 5.1646376959979534e-05, 0.0022202646359801292, 3.815762829617597e-05, 0.0003454545803833753, 5.583191887126304e-05, 0.9891892671585083, 1.930191501742229e-05, 0.00017113641661126167, 1.6568446881137788e-05, 1.5137566151679493e-05, 1.6568446881137788e-05, 1.6568446881137788e-05, 1.930191501742229e-05, 6.939388549653813e-05, 1.6568446881137788e-05, 1.837130002968479e-05, 1.6341220543836243e-05, 1.6568446881137788e-05, 1.930191501742229e-05, 0.0011160454014316201, 1.930191501742229e-05, 1.6568446881137788e-05, 1.930191501742229e-05, 3.6530713259708136e-05, 5.4247411753749475e-05, 1.930191501742229e-05, 7.715488754911348e-05, 0.00010053685400635004, 3.5550445318222046e-05, 0.0008057746454142034, 0.004107003565877676, 5.860661985934712e-05, 4.113663453608751e-05, 6.653425225522369e-05, 1.930191501742229e-05, 0.0002038876264123246, 3.1135718018049374e-05, 3.815762829617597e-05, 2.778765519906301e-05, 1.6568446881137788e-05, 1.930191501742229e-05, 3.6530713259708136e-05, 3.521940016071312e-05, 1.6568446881137788e-05, 3.819152698270045e-05, 8.280910151370335e-06], [0.08708687126636505, 0.025715185329318047, 0.011099711060523987, 0.02857157774269581, 0.02086903527379036, 0.039498988538980484, 0.025020917877554893, 0.09176039695739746, 0.013891230337321758, 0.014079480431973934, 0.011840617284178734, 0.00965508446097374, 0.011840617284178734, 0.011840617284178734, 0.013891230337321758, 0.029227297753095627, 0.011840617284178734, 0.009853153489530087, 0.010503621771931648, 0.011840617284178734, 0.013891230337321758, 0.03011452406644821, 0.013891230337321758, 0.011840617284178734, 0.013891230337321758, 0.01771933026611805, 0.017724914476275444, 0.013891230337321758, 0.020440272986888885, 0.024154702201485634, 0.018185826018452644, 0.03664899989962578, 0.024034101516008377, 0.019707869738340378, 0.014428863301873207, 0.014046402648091316, 0.013891230337321758, 0.031928062438964844, 0.019376756623387337, 0.02086903527379036, 0.019352184608578682, 0.011840617284178734, 0.013891230337321758, 0.01771933026611805, 0.017586946487426758, 0.011840617284178734, 0.01891692727804184, 0.008248858153820038], [0.020778663456439972, 0.06002778559923172, 0.019125880673527718, 0.037186410278081894, 0.01837872341275215, 0.01760116219520569, 0.01566888950765133, 0.03875284269452095, 0.012103160843253136, 0.02897587977349758, 0.01667761616408825, 0.013193603605031967, 0.01667761616408825, 0.01667761616408825, 0.012103160843253136, 0.014986827038228512, 0.01667761616408825, 0.014919270761311054, 0.011359045282006264, 0.01667761616408825, 0.012103160843253136, 0.020045466721057892, 0.012103160843253136, 0.01667761616408825, 0.012103160843253136, 0.017784643918275833, 0.030541351065039635, 0.012103160843253136, 0.020818261429667473, 0.016394104808568954, 0.01747155375778675, 0.027014557272195816, 0.08409154415130615, 0.01949884183704853, 0.020441332831978798, 0.043069981038570404, 0.012103160843253136, 0.02979317121207714, 0.019606739282608032, 0.01837872341275215, 0.014704111032187939, 0.01667761616408825, 0.012103160843253136, 0.017784643918275833, 