{"premise_tokens": ["In", "2007", ",", "Trump", "Mortgage", "folded", "operations", "and", "Donald", "Trump", "licensed", "his", "name", "to", "First", "Meridian", "Mortgage", ".", "@@NULL@@"], "hypothesis_tokens": ["Chuck", "Norris", "has", "donated", "to", "John", "McCain", "and", "Donald", "Trump", ".", "@@NULL@@"], "label_logits": [-0.7482801675796509, -2.319395065307617, 0.8968579769134521], "label_probs": [0.15650582313537598, 0.032523997128009796, 0.8109701871871948], "h2p_attention": [[0.057222817093133926, 0.03892415761947632, 0.02895723097026348, 0.03540355712175369, 0.0412885919213295, 0.15108390152454376, 0.04267825186252594, 0.035239264369010925, 0.06655124574899673, 0.03540355712175369, 0.05131657049059868, 0.11664970219135284, 0.03455817699432373, 0.046384118497371674, 0.07104207575321198, 0.037339963018894196, 0.0412885919213295, 0.046069879084825516, 0.02259836532175541], [0.058369576930999756, 0.04693390801548958, 0.03907293826341629, 0.051650211215019226, 0.044465322047472, 0.043197404593229294, 0.048492420464754105, 0.06346586346626282, 0.07724162936210632, 0.051650211215019226, 0.04484888166189194, 0.06111666187644005, 0.043581217527389526, 0.06554021686315536, 0.07650665938854218, 0.04740234464406967, 0.044465322047472, 0.05766495689749718, 0.034334372729063034], [0.12342953681945801, 0.06324437260627747, 0.027049412950873375, 0.02840961329638958, 0.02593396231532097, 0.049225810915231705, 0.05474776029586792, 0.027884522452950478, 0.026436984539031982, 0.02840961329638958, 0.05375910922884941, 0.0839286670088768, 0.0666649341583252, 0.12046294659376144, 0.06759840250015259, 0.0730709582567215, 0.02593396231532097, 0.039050497114658356, 0.014758938923478127], [0.028424041345715523, 0.1065201461315155, 0.02128663845360279, 0.03372659161686897, 0.018781913444399834, 0.17009711265563965, 0.021007945761084557, 0.020418858155608177, 0.03535643219947815, 0.03372659161686897, 0.2835494875907898, 0.05347156524658203, 0.040141113102436066, 0.025510169565677643, 0.020175669342279434, 0.041097261011600494, 0.018781913444399834, 0.018081309273838997, 0.009845186956226826], [0.04456419125199318, 0.03510023280978203, 0.022513967007398605, 0.018539883196353912, 0.01730021834373474, 0.02745414525270462, 0.0324283242225647, 0.03621261939406395, 0.019142143428325653, 0.018539883196353912, 0.03971575200557709, 0.09481824934482574, 0.0725221037864685, 0.3324272334575653, 0.10406240075826645, 0.03298088163137436, 0.01730021834373474, 0.024073021486401558, 0.010304654948413372], [0.039262555539608, 0.04866558313369751, 0.03699693828821182, 0.022709563374519348, 0.01477702148258686, 0.036606594920158386, 0.03274741396307945, 0.03039739467203617, 0.03413359820842743, 0.022709563374519348, 0.014241748489439487, 0.08781890571117401, 0.04322196915745735, 0.05895504727959633, 0.37234288454055786, 0.053150925785303116, 0.01477702148258686, 0.023688578978180885, 0.01279679499566555], [0.06294024735689163, 0.06772404164075851, 0.028956877067685127, 0.04230588302016258, 0.03611705079674721, 0.11963260918855667, 0.0649121105670929, 0.029909532517194748, 0.05888185650110245, 0.04230588302016258, 0.03985603153705597, 0.05874986574053764, 0.04795776680111885, 0.054527197033166885, 0.06540405005216599, 0.08016262203454971, 0.03611705079674721, 0.038241609930992126, 0.025297699496150017], [0.04622974619269371, 0.04257989302277565, 0.07188469916582108, 0.028800727799534798, 0.026090744882822037, 0.04232091084122658, 0.039341479539871216, 0.16956183314323425, 0.04841908812522888, 0.028800727799534798, 0.0366743840277195, 0.0811060294508934, 0.039601266384124756, 0.07228817045688629, 0.11061692237854004, 0.029110660776495934, 0.026090744882822037, 0.03991173207759857, 0.020570307970046997], [0.011939364485442638, 0.00884485524147749, 0.021231381222605705, 0.010322434827685356, 0.007858727127313614, 0.01662076637148857, 0.010663489811122417, 0.016327252611517906, 0.7851940393447876, 0.010322434827685356, 0.008942179381847382, 0.014103056862950325, 0.011451322585344315, 0.012885293923318386, 0.018344853073358536, 0.010878905653953552, 0.007858727127313614, 0.009274443611502647, 0.006936450023204088], [0.032530542463064194, 0.044666338711977005, 0.02202918566763401, 0.14372606575489044, 0.029332442209124565, 0.07115842401981354, 0.04131427779793739, 0.027932263910770416, 0.029688511043787003, 0.14372606575489044, 0.09213266521692276, 0.04274951294064522, 0.07075398415327072, 0.03589359298348427, 0.033702995628118515, 0.05955591797828674, 0.029332442209124565, 0.029824715107679367, 0.019950024783611298], [0.06812995672225952, 0.0807100385427475, 0.03582744300365448, 0.040156956762075424, 0.034188300371170044, 0.05072427913546562, 0.04444700479507446, 0.05211799219250679, 0.035915225744247437, 0.040156956762075424, 0.056319043040275574, 0.09852161258459091, 0.054300881922245026, 0.06275162845849991, 0.06120539456605911, 0.04110819101333618, 0.034188300371170044, 0.082369364798069, 0.02686135470867157], [0.05263159051537514, 0.05263159051537514, 0.05263159051537514, 0.05263159051537514, 0.05263159051537514, 0.05263159051537514, 0.05263159051537514, 0.05263159051537514, 0.05263159051537514, 0.05263159051537514, 0.05263159051537514, 0.05263159051537514, 0.05263159051537514, 0.05263159051537514, 0.05263159051537514, 0.05263159051537514, 0.05263159051537514, 0.05263159051537514, 0.05263159051537514]],