{"premise_tokens": ["Musa", "balbisiana", "is", "a", "species", "of", "wild", "banana", "native", "to", "eastern", "South", "Asia", ",", "northern", "Southeast", "Asia", ",", "and", "southern", "China", ".", "@@NULL@@"], "hypothesis_tokens": ["Musa", "balbisiana", "is", "native", "to", "eastern", "South", "China", ".", "@@NULL@@"], "label_logits": [1.6817299127578735, 0.8123688697814941, -4.088883399963379], "label_probs": [0.703068196773529, 0.2947397530078888, 0.0021920576691627502], "h2p_attention": [[0.06220684573054314, 0.06220684573054314, 0.04844716936349869, 0.03683256730437279, 0.03915169835090637, 0.03265521302819252, 0.04122696816921234, 0.04312949255108833, 0.048665743321180344, 0.045192062854766846, 0.06226690113544464, 0.04895045980811119, 0.042483679950237274, 0.029911845922470093, 0.05655776709318161, 0.040816742926836014, 0.042483679950237274, 0.029911845922470093, 0.034142062067985535, 0.05074028670787811, 0.04084159806370735, 0.034260500222444534, 0.0269180778414011], [0.06220684573054314, 0.06220684573054314, 0.04844716936349869, 0.03683256730437279, 0.03915169835090637, 0.03265521302819252, 0.04122696816921234, 0.04312949255108833, 0.048665743321180344, 0.045192062854766846, 0.06226690113544464, 0.04895045980811119, 0.042483679950237274, 0.029911845922470093, 0.05655776709318161, 0.040816742926836014, 0.042483679950237274, 0.029911845922470093, 0.034142062067985535, 0.05074028670787811, 0.04084159806370735, 0.034260500222444534, 0.0269180778414011], [0.007880635559558868, 0.007880635559558868, 0.5399895906448364, 0.02429247461259365, 0.06754811853170395, 0.0153047451749444, 0.016311483457684517, 0.011700344271957874, 0.03344817832112312, 0.06511235237121582, 0.022483808919787407, 0.022785024717450142, 0.014149753376841545, 0.012294591404497623, 0.020081637427210808, 0.025169970467686653, 0.014149753376841545, 0.012294591404497623, 0.013761934824287891, 0.018920470029115677, 0.012354827485978603, 0.017706597223877907, 0.0043786149471998215], [0.00021531818492803723, 0.00021531818492803723, 0.0009097816655412316, 0.0005291379056870937, 0.007811438292264938, 0.0002346001856494695, 0.0029237731359899044, 0.0003858405107166618, 0.9214496612548828, 0.00046634022146463394, 0.008979564532637596, 0.0021095057018101215, 0.01612670347094536, 0.0002177941642003134, 0.00440369825810194, 0.002835841616615653, 0.01612670347094536, 0.0002177941642003134, 0.00018047231424134225, 0.004608863033354282, 0.008736152201890945, 0.00019658508244901896, 0.00011909713794011623], [0.016473181545734406, 0.016473181545734406, 0.14591030776500702, 0.04703965038061142, 0.035087745636701584, 0.03237774968147278, 0.020205343142151833, 0.015280975960195065, 0.03842031955718994, 0.3165355324745178, 0.03258947655558586, 0.04146923869848251, 0.018491027876734734, 0.021437685936689377, 0.023934554308652878, 0.024600842967629433, 0.018491027876734734, 0.021437685936689377, 0.0344814732670784, 0.019997738301753998, 0.026530981063842773, 0.022922208532691002, 0.009812040254473686], [0.0008945328299887478, 0.0008945328299887478, 0.0019857115112245083, 0.0017659818986430764, 0.002699685748666525, 0.0008303135982714593, 0.005885764490813017, 0.0011003613471984863, 0.029156606644392014, 0.0012844024458900094, 0.834278404712677, 0.0038096983917057514, 0.024312620982527733, 0.000616859586443752, 0.012527464888989925, 0.012178810313344002, 0.024312620982527733, 0.000616859586443752, 0.0006815064116381109, 0.03097485937178135, 0.007997485809028149, 0.0008082406129688025, 0.0003867078630719334], [0.0011788841802626848, 0.0011788841802626848, 0.003373426618054509, 0.002738958690315485, 0.0023949993774294853, 0.002212394727393985, 0.016024071723222733, 0.0010157219367101789, 0.01148253120481968, 0.002739840419963002, 0.006386545952409506, 0.8838681578636169, 0.010436056181788445, 0.001543637365102768, 0.012821159325540066, 0.004774125758558512, 0.010436056181788445, 0.001543637365102768, 0.0014689132804051042, 0.0162954218685627, 0.004140943288803101, 0.0012973706470802426, 0.0006482737953774631], [0.00015985987556632608, 0.00015985987556632608, 0.000297290418529883, 0.00038087426219135523, 0.0008881074609234929, 0.0002079738915199414, 0.000691023888066411, 0.0005771524156443775, 0.007728582713752985, 0.0002848886651918292, 0.002178970957174897, 0.0006730101886205375, 0.007105537690222263, 0.00022693297069054097, 0.001919128349982202, 0.0005956978420726955, 0.007105537690222263, 0.00022693297069054097, 0.00018755809287540615, 0.0014836550690233707, 0.9666632413864136, 0.00015280187653843313, 0.00010536127228988335], [0.02831396274268627, 0.02831396274268627, 0.0899599939584732, 0.04393867775797844, 0.048095013946294785, 0.034212104976177216, 0.04741673544049263, 0.04088505357503891, 0.03671979904174805, 0.05196945369243622, 0.04649526625871658, 0.04452015087008476, 0.04999583587050438, 0.02967146225273609, 0.04099590331315994, 0.04355030879378319, 0.04999583587050438, 0.02967146225273609, 0.04316291585564613, 0.04939127713441849, 0.03226254880428314, 0.06821640580892563, 0.022245952859520912], [0.04347826912999153, 0.04347826912999153, 0.04347826912999153, 0.04347826912999153, 0.04347826912999153, 0.04347826912999153, 0.04347826912999153, 0.04347826912999153, 0.04347826912999153, 0.04347826912999153, 0.04347826912999153, 0.04347826912999153, 0.04347826912999153, 0.04347826912999153, 0.04347826912999153, 0.04347826912999153, 0.04347826912999153, 0.04347826912999153, 0.04347826912999153, 0.04347826912999153, 0.04347826912999153, 0.04347826912999153, 0.04347826912999153]],