{"premise_tokens": ["Thunder", "Road", "Pictures", "is", "a", "film", "and", "television", "financing", "and", "production", "company", "founded", "by", "Basil", "Iwanyk", ".", "@@NULL@@"], "hypothesis_tokens": ["Thunder", "Road", "Pictures", "is", "a", "film", "production", "company", "located", "in", "Detroit", ".", "@@NULL@@"], "label_logits": [0.3320589065551758, -0.7042152285575867, -0.5180590152740479], "label_probs": [0.5611236095428467, 0.19907207787036896, 0.23980432748794556], "h2p_attention": [[0.9421445727348328, 0.003437342820689082, 0.0026692997198551893, 0.002717073541134596, 0.004402585327625275, 0.0029384009540081024, 0.00221893098205328, 0.00384565070271492, 0.0013420635368674994, 0.00221893098205328, 0.004435552284121513, 0.009320588782429695, 0.010360540822148323, 0.0011796077014878392, 0.0027285146061331034, 0.0013420635368674994, 0.001858532428741455, 0.000839845510199666], [0.01566922292113304, 0.7643811702728271, 0.006799470633268356, 0.03245411813259125, 0.009882642887532711, 0.012158558703958988, 0.0060543459840118885, 0.013977689668536186, 0.005494937766343355, 0.0060543459840118885, 0.011706909164786339, 0.00982753001153469, 0.033185023814439774, 0.049443986266851425, 0.0061389910988509655, 0.005494937766343355, 0.00744763296097517, 0.0038284589536488056], [0.0032279144506901503, 0.0018037441186606884, 0.9026926159858704, 0.002390238456428051, 0.0024095976259559393, 0.03020358830690384, 0.001844811369664967, 0.0319843553006649, 0.0014179160352796316, 0.001844811369664967, 0.003123405622318387, 0.004202682990580797, 0.00404008524492383, 0.0026929047890007496, 0.002008069772273302, 0.0014179160352796316, 0.0016797862481325865, 0.001015602727420628], [0.01631365343928337, 0.04274594783782959, 0.011867698282003403, 0.6218674778938293, 0.027975911274552345, 0.019445175305008888, 0.015848638489842415, 0.014470313675701618, 0.00907556526362896, 0.015848638489842415, 0.02643151953816414, 0.022790715098381042, 0.010799353010952473, 0.10055218636989594, 0.009457654319703579, 0.00907556526362896, 0.020391425117850304, 0.00504253851249814], [0.07798110693693161, 0.03839989751577377, 0.0352940671145916, 0.08253078907728195, 0.2027556598186493, 0.06918364763259888, 0.04401580989360809, 0.043909210711717606, 0.020354898646473885, 0.04401580989360809, 0.03611151874065399, 0.1014624610543251, 0.0479750894010067, 0.054984211921691895, 0.036413293331861496, 0.020354898646473885, 0.029381705448031425, 0.014875822700560093], [0.0016809997614473104, 0.0015258574858307838, 0.014288627542555332, 0.0018527571810409427, 0.0022344898898154497, 0.9265050888061523, 0.0007429594988934696, 0.0372704342007637, 0.0009172819554805756, 0.0007429594988934696, 0.002626722911372781, 0.0018374653300270438, 0.0033660726621747017, 0.0011061636032536626, 0.0008663606131449342, 0.0009172819554805756, 0.0010380768217146397, 0.000480458460515365], [0.0012306238058954477, 0.0007125171250663698, 0.0007166078430600464, 0.001221377868205309, 0.0005656422581523657, 0.0012739002704620361, 0.00042928807670250535, 0.0015794758219271898, 0.00045423657866194844, 0.00042928807670250535, 0.9827370047569275, 0.0029356752056628466, 0.0017102605197578669, 0.0023752700071781874, 0.0005211340612731874, 0.00045423657866194844, 0.00042056996608152986, 0.0002330113493371755], [0.02332594431936741, 0.0053953006863594055, 0.008697573095560074, 0.009499574080109596, 0.014335723593831062, 0.00803819578140974, 0.00509183295071125, 0.015001396648585796, 0.0033343222457915545, 0.00509183295071125, 0.026480508968234062, 0.8306389451026917, 0.02028491534292698, 0.00922627653926611, 0.0061094858683645725, 0.0033343222457915545, 0.004012047778815031, 0.0021018190309405327], [0.03983839228749275, 0.09829454869031906, 0.03407622128725052, 0.20592345297336578, 0.03429450839757919, 0.07565078884363174, 0.023383349180221558, 0.041021864861249924, 0.031765297055244446, 0.023383349180221558, 0.07749710232019424, 0.04566418379545212, 0.07563883811235428, 0.07532966881990433, 0.028107643127441406, 0.031765297055244446, 0.043077509850263596, 0.015287881717085838], [0.042134881019592285, 0.0990423783659935, 0.03811587765812874, 0.13614805042743683, 0.06334701180458069, 0.11798658221960068, 0.02964671328663826, 0.05988768860697746, 0.021903010085225105, 0.02964671328663826, 0.06592540442943573, 0.060426536947488785, 0.08644235879182816, 0.052560094743967056, 0.028233638033270836, 0.021903010085225105, 0.03345846012234688, 0.01319154817610979], [0.27367863059043884, 0.04554075002670288, 0.035736724734306335, 0.07155857235193253, 0.029512370005249977, 0.046739306300878525, 0.020170046016573906, 0.05104077607393265, 0.022698963060975075, 0.020170046016573906, 0.0951181948184967, 0.0970795601606369, 0.05103052034974098, 0.06214815750718117, 0.013563157059252262, 0.022698963060975075, 0.03144257515668869, 0.010072750970721245], [0.06329110264778137, 0.05563734099268913, 0.047304462641477585, 0.11565659940242767, 0.05648953467607498, 0.06179389730095863, 0.055492181330919266, 0.04519018530845642, 0.036401696503162384, 0.055492181330919266, 0.05162179470062256, 0.05459374934434891, 0.048426251858472824, 0.06225549802184105, 0.03764943778514862, 0.036401696503162384, 0.08770207315683365, 0.02860039286315441], [0.055555541068315506, 0.055555541068315506, 0.055555541068315506, 0.055555541068315506, 0.055555541068315506, 0.055555541068315506, 0.055555541068315506, 0.055555541068315506, 0.055555541068315506, 0.055555541068315506, 0.055555541068315506, 0.055555541068315506, 0.055555541068315506, 0.055555541068315506, 0.055555541068315506, 0.055555541068315506, 0.055555541068315506, 0.055555541068315506]],