{"premise_tokens": ["The", "Omotic", "languages", "are", "a", "branch", "of", "the", "Afroasiatic", "family", "spoken", "in", "southwestern", "Ethiopia", ".", "@@NULL@@"], "hypothesis_tokens": ["Agglutination", "is", "a", "feature", "of", "Omotic", "languages", ".", "@@NULL@@"], "label_logits": [0.17911192774772644, -1.5541458129882812, 0.7962733507156372], "label_probs": [0.3299930691719055, 0.05831236019730568, 0.6116945743560791], "h2p_attention": [[0.05306319519877434, 0.08514083921909332, 0.043318722397089005, 0.0527496375143528, 0.05041174590587616, 0.07090122997760773, 0.044694311916828156, 0.05306319519877434, 0.08514083921909332, 0.09158601611852646, 0.08478059619665146, 0.06117187440395355, 0.08514083921909332, 0.055103570222854614, 0.04689142480492592, 0.03684204816818237], [0.022382184863090515, 0.006960553117096424, 0.014816856011748314, 0.08987995982170105, 0.021456273272633553, 0.02927044965326786, 0.01351788081228733, 0.022382184863090515, 0.006960553117096424, 0.02796686813235283, 0.6714844703674316, 0.03991488739848137, 0.006960553117096424, 0.006539607420563698, 0.01563931256532669, 0.0038674017414450645], [0.05358149856328964, 0.02390008606016636, 0.0402224138379097, 0.05019732564687729, 0.23806937038898468, 0.05178358033299446, 0.04719597473740578, 0.05358149856328964, 0.02390008606016636, 0.07080840319395065, 0.1586780697107315, 0.08387680351734161, 0.02390008606016636, 0.028338860720396042, 0.03449908271431923, 0.017466725781559944], [0.047106195241212845, 0.029807766899466515, 0.08881685882806778, 0.11478080600500107, 0.07119107246398926, 0.06844992935657501, 0.03178039565682411, 0.047106195241212845, 0.029807766899466515, 0.13627831637859344, 0.13608738780021667, 0.07358617335557938, 0.029807766899466515, 0.03849218040704727, 0.035173628479242325, 0.021727554500102997], [0.05553964525461197, 0.029239265248179436, 0.05178515613079071, 0.06960674375295639, 0.06512556225061417, 0.07927189767360687, 0.23919755220413208, 0.05553964525461197, 0.029239265248179436, 0.05230404809117317, 0.06743509322404861, 0.05904906988143921, 0.029239265248179436, 0.056258633732795715, 0.03706694766879082, 0.02410227432847023], [0.05306319519877434, 0.08514083921909332, 0.043318722397089005, 0.0527496375143528, 0.05041174590587616, 0.07090122997760773, 0.044694311916828156, 0.05306319519877434, 0.08514083921909332, 0.09158601611852646, 0.08478059619665146, 0.06117187440395355, 0.08514083921909332, 0.055103570222854614, 0.04689142480492592, 0.03684204816818237], [0.0011012008180841804, 0.0007217954262159765, 0.9554697871208191, 0.0025388149078935385, 0.001413640915416181, 0.009050174616277218, 0.0013189538149163127, 0.0011012008180841804, 0.0007217954262159765, 0.0010961798252537847, 0.015855900943279266, 0.0053560128435492516, 0.0007217954262159765, 0.0016587319551035762, 0.0012601253110915422, 0.000613878364674747], [0.05544833838939667, 0.03448434919118881, 0.05561653524637222, 0.08166808634996414, 0.053514134138822556, 0.09943121671676636, 0.041667867451906204, 0.05544833838939667, 0.03448434919118881, 0.09285134822130203, 0.1474912166595459, 0.06871993839740753, 0.03448434919118881, 0.03451339155435562, 0.0830826386809349, 0.027093952521681786], [0.0625, 0.0625, 0.0625, 0.0625, 0.0625, 0.0625, 0.0625, 0.0625, 0.0625, 0.0625, 0.0625, 0.0625, 0.0625, 0.0625, 0.0625, 0.0625]], "p2h_attention": [[0.0684276819229126, 0.2749573588371277, 0.1457422524690628, 0.1030028760433197, 0.10947809368371964, 0.0684276819229126, 0.08522487431764603, 0.09722955524921417, 0.047509681433439255], [0.1671750843524933, 0.13019722700119019, 0.09898408502340317, 0.09924211353063583, 0.08775782585144043, 0.1671750843524933, 0.085056833922863, 0.09207189083099365, 0.07233981043100357], [0.0007469054544344544, 0.002433720277622342, 0.001462818356230855, 0.002596680074930191, 0.0013648379826918244, 0.0007469054544344544, 0.9887089729309082, 0.0013039637124165893, 0.000635234173387289], [0.03160763159394264, 0.5130501985549927, 0.06344323605298996, 0.11662044376134872, 0.06375431269407272, 0.03160763159394264, 0.09129876643419266, 0.06654204428195953, 0.022075790911912918], [0.04125048965215683, 0.16725388169288635, 0.4108971953392029, 0.09877700358629227, 0.08145816624164581, 0.04125048965215683, 0.06942212581634521, 0.059543900191783905, 0.030146796256303787], [0.047831837087869644, 0.18811233341693878, 0.07368646562099457, 0.07830135524272919, 0.08174635469913483, 0.047831837087869644, 0.3664220869541168, 0.091213159263134, 0.024854619055986404], [0.04912053421139717, 0.14152853190898895, 0.10940775275230408, 0.059224728494882584, 0.4018401801586151, 0.04912053421139717, 0.08699652552604675, 0.06227066367864609, 0.04049064218997955], [0.0684276819229126, 0.2749573588371277, 0.1457422524690628, 0.1030028760433197, 0.10947809368371964, 0.0684276819229126, 0.08522487431764603, 0.09722955524921417, 0.047509681433439255], [0.1671750843524933, 0.13019722700119019, 0.09898408502340317, 0.09924211353063583, 0.08775782585144043, 0.1671750843524933, 0.085056833922863, 0.09207189083099365, 0.07233981043100357], [0.08041875809431076, 0.23393569886684418, 0.1311430186033249, 0.20290271937847137, 0.07020196318626404, 0.08041875809431076, 0.05776587128639221, 0.11086329072713852, 0.03234982490539551], [0.010064353235065937, 0.7593637108802795, 0.03973182290792465, 0.027393033728003502, 0.01223660632967949, 0.010064353235065937, 0.11296439915895462, 0.02380821853876114, 0.004373540636152029], [0.045438073575496674, 0.2824408710002899, 0.13141418993473053, 0.09268239885568619, 0.06704508513212204, 0.045438073575496674, 0.23876526951789856, 0.06941002607345581, 0.0273660346865654], [0.1671750843524933, 0.13019722700119019, 0.09898408502340317, 0.09924211353063583, 0.08775782585144043, 0.1671750843524933, 0.085056833922863, 0.09207189083099365, 0.07233981043100357], [0.09720740467309952, 0.10989949852228165, 0.10544700175523758, 0.1151396706700325, 0.1517031341791153, 0.09720740467309952, 0.17561322450637817, 0.08279014378786087, 0.0649925172328949], [0.07134158164262772, 0.22666868567466736, 0.11071057617664337, 0.0907401368021965, 0.08620290458202362, 0.07134158164262772, 0.11506006866693497, 0.17188222706317902, 0.056052256375551224], [0.1111111119389534, 0.1111111119389534, 0.1111111119389534, 0.1111111119389534, 0.1111111119389534, 0.1111111119389534, 0.1111111119389534, 0.1111111119389534, 0.1111111119389534]], "claim": "Agglutination is a feature of Omotic languages.", "premise_source_doc_id": "Omotic_languages", "premise_source_doc_line_num": 0, "premise_source_doc_sentence": "The Omotic languages are a branch of the Afroasiatic family spoken in southwestern Ethiopia ."}
