{"premise_tokens": ["Jones", "died", "less", "than", "a", "month", "later", "by", "drowning", "in", "the", "swimming", "pool", "at", "his", "home", "on", "Cotchford", "Farm", "in", "Hartfield", ",", "East", "Sussex", ".", "@@NULL@@"], "hypothesis_tokens": ["Brian", "Jones", "died", "at", "his", "home", ".", "@@NULL@@"], "label_logits": [2.720688581466675, 1.4834328889846802, -5.813493728637695], "label_probs": [0.7749678492546082, 0.22487975656986237, 0.00015238257765304297], "h2p_attention": [[0.02021722123026848, 0.04163768142461777, 0.0208060834556818, 0.014205081388354301, 0.03228458762168884, 0.02334963157773018, 0.055763643234968185, 0.09879133105278015, 0.023503502830863, 0.03583954647183418, 0.021599041298031807, 0.08532755076885223, 0.05683699995279312, 0.04653878137469292, 0.06429564207792282, 0.06239515542984009, 0.0722486674785614, 0.013566304929554462, 0.06914340704679489, 0.03583954647183418, 0.013566304929554462, 0.013954981230199337, 0.03851398825645447, 0.013566304929554462, 0.017944712191820145, 0.008264199830591679], [0.1194939911365509, 0.047410041093826294, 0.04865168407559395, 0.03196267783641815, 0.03711467981338501, 0.042188167572021484, 0.05007397010922432, 0.051743198186159134, 0.030015133321285248, 0.051075663417577744, 0.032611552625894547, 0.030810872092843056, 0.03302751109004021, 0.03428466245532036, 0.03453805297613144, 0.03276343643665314, 0.03334896266460419, 0.01850573904812336, 0.02456800267100334, 0.051075663417577744, 0.01850573904812336, 0.032805606722831726, 0.05783923715353012, 0.01850573904812336, 0.022119827568531036, 0.014960206113755703], [1.796159040168277e-06, 0.999889612197876, 2.752126874838723e-06, 1.3910117786508636e-06, 2.8929364361829357e-06, 1.861721284512896e-05, 2.193025693486561e-06, 6.592782142433862e-07, 4.13322304666508e-05, 3.7679656088585034e-06, 1.2816483376809629e-06, 1.8416757257000427e-06, 1.900383267638972e-06, 1.918681164170266e-06, 3.853805083053885e-06, 4.658637408283539e-06, 1.8423238543618936e-06, 9.640083362683072e-07, 4.208635800750926e-06, 3.7679656088585034e-06, 9.640083362683072e-07, 1.035459604281641e-06, 3.4937268083012896e-06, 9.640083362683072e-07, 1.7315154536845512e-06, 5.66776634514099e-07], [0.00703446613624692, 0.010391063056886196, 0.013682529330253601, 0.006561093498021364, 0.00975122395902872, 0.008616256527602673, 0.010169087909162045, 0.0110505111515522, 0.008475744165480137, 0.028747696429491043, 0.014473947696387768, 0.02766658551990986, 0.023430543020367622, 0.6072582006454468, 0.011371823959052563, 0.0389881432056427, 0.015583829954266548, 0.00573377963155508, 0.06796056032180786, 0.028747696429491043, 0.00573377963155508, 0.004902012180536985, 0.015522263944149017, 0.00573377963155508, 0.009343951009213924, 0.003069508820772171], [0.009939977899193764, 0.029275406152009964, 0.048901692032814026, 0.03678388521075249, 0.021593518555164337, 0.01646486669778824, 0.06107155606150627, 0.04181404411792755, 0.011753388680517673, 0.01940920017659664, 0.01563369855284691, 0.013327240943908691, 0.009706071577966213, 0.015950940549373627, 0.45667487382888794, 0.057696059346199036, 0.021103061735630035, 0.006961411330848932, 0.02559981681406498, 0.01940920017659664, 0.006961411330848932, 0.013936751522123814, 0.012973284348845482, 0.006961411330848932, 0.015791695564985275, 0.004305514972656965], [0.005774015095084906, 0.021670710295438766, 0.010167384520173073, 0.005718932952731848, 0.010201524011790752, 0.007958544418215752, 0.018403837457299232, 0.012355911545455456, 0.012386025860905647, 0.018651990219950676, 0.011526808142662048, 0.034380994737148285, 0.0217397753149271, 0.03348803520202637, 0.03533028066158295, 0.5724442005157471, 0.02115170657634735, 0.005964614916592836, 0.0760783925652504, 0.018651990219950676, 0.005964614916592836, 0.0033683963119983673, 0.018409324809908867, 0.005964614916592836, 0.009610770270228386, 0.0026364896912127733], [0.025104708969593048, 0.051871128380298615, 0.0558224692940712, 0.046067241579294205, 0.033535685390233994, 0.029197461903095245, 0.040909089148044586, 0.036958713084459305, 0.03615380451083183, 0.043064698576927185, 0.03474779054522514, 0.03607943281531334, 0.042055580765008926, 0.05168597400188446, 0.062275148928165436, 0.061893243342638016, 0.03964836522936821, 0.02161029726266861, 0.04167920723557472, 0.043064698576927185, 0.02161029726266861, 0.022646399214863777, 0.03166380524635315, 0.02161029726266861, 0.05206538364291191, 0.01697896234691143], [0.03846152499318123, 0.03846152499318123, 0.03846152499318123, 0.03846152499318123, 0.03846152499318123, 0.03846152499318123, 0.03846152499318123, 0.03846152499318123, 0.03846152499318123, 0.03846152499318123, 0.03846152499318123, 0.03846152499318123, 0.03846152499318123, 0.03846152499318123, 0.03846152499318123, 0.03846152499318123, 0.03846152499318123, 0.03846152499318123, 0.03846152499318123, 0.03846152499318123, 0.03846152499318123, 0.03846152499318123, 0.03846152499318123, 0.03846152499318123, 0.03846152499318123, 0.03846152499318123]],