{"premise_tokens": ["Kim", "Hyo", "-", "yeon", "(", "born", "September", "22", ",", "1989", ")", ",", "better", "known", "mononymously", "as", "Hyoyeon", ",", "is", "a", "South", "Korean", "singer", "and", "television", "personality", ".", "@@NULL@@"], "hypothesis_tokens": ["Kim", "Hyo", "-", "yeon", "is", "only", "a", "dancer", ".", "@@NULL@@"], "label_logits": [-4.285698413848877, 3.4903860092163086, 0.576470673084259], "label_probs": [0.0003978942986577749, 0.9481526613235474, 0.05144947022199631], "h2p_attention": [[0.8449158072471619, 0.0007439563632942736, 0.000677488453220576, 0.0007439563632942736, 0.0006996796000748873, 0.0012297413777559996, 0.0011986808385699987, 0.0009904856560751796, 0.0006393216899596155, 0.0007439563632942736, 0.0008259507594630122, 0.0006393216899596155, 0.004473179578781128, 0.002180889481678605, 0.0007439563632942736, 0.0008269241079688072, 0.0007439563632942736, 0.0006393216899596155, 0.001873612287454307, 0.0017152560176327825, 0.005880845244973898, 0.06534958630800247, 0.007102707400918007, 0.0007726462790742517, 0.0031697924714535475, 0.04906954988837242, 0.0009879940189421177, 0.0004212272178847343], [0.03877312317490578, 0.05073339119553566, 0.02603653259575367, 0.05073339119553566, 0.023599907755851746, 0.035438667982816696, 0.03324240818619728, 0.028431281447410583, 0.024394895881414413, 0.05073339119553566, 0.024493936449289322, 0.024394895881414413, 0.04715003818273544, 0.035738542675971985, 0.05073339119553566, 0.03128325566649437, 0.05073339119553566, 0.024394895881414413, 0.039511557668447495, 0.03003915399312973, 0.039922021329402924, 0.05415606126189232, 0.044383011758327484, 0.02784488908946514, 0.02860223688185215, 0.03460702672600746, 0.027941478416323662, 0.021953297778964043], [0.029217401519417763, 0.021544650197029114, 0.2821449339389801, 0.021544650197029114, 0.022821590304374695, 0.04844412952661514, 0.05115560442209244, 0.01926303841173649, 0.028032345697283745, 0.021544650197029114, 0.022762848064303398, 0.028032345697283745, 0.03789264336228371, 0.02551223151385784, 0.021544650197029114, 0.024628158658742905, 0.021544650197029114, 0.028032345697283745, 0.027794143185019493, 0.029078124091029167, 0.018514176830649376, 0.020442400127649307, 0.0261753611266613, 0.024695364758372307, 0.02945253998041153, 0.030420707538723946, 0.01959851384162903, 0.018165867775678635], [0.03877312317490578, 0.05073339119553566, 0.02603653259575367, 0.05073339119553566, 0.023599907755851746, 0.035438667982816696, 0.03324240818619728, 0.028431281447410583, 0.024394895881414413, 0.05073339119553566, 0.024493936449289322, 0.024394895881414413, 0.04715003818273544, 0.035738542675971985, 0.05073339119553566, 0.03128325566649437, 0.05073339119553566, 0.024394895881414413, 0.039511557668447495, 0.03003915399312973, 0.039922021329402924, 0.05415606126189232, 0.044383011758327484, 0.02784488908946514, 0.02860223688185215, 0.03460702672600746, 0.027941478416323662, 0.021953297778964043], [0.01731257513165474, 0.0070052370429039, 0.00595518946647644, 0.0070052370429039, 0.005871059838682413, 0.054892197251319885, 0.026404883712530136, 0.019400322809815407, 0.010928882285952568, 0.0070052370429039, 0.005508117377758026, 0.010928882285952568, 0.09442826360464096, 0.03457780182361603, 0.0070052370429039, 0.04837179183959961, 0.0070052370429039, 0.010928882285952568, 0.4800063669681549, 0.021594015881419182, 0.020254015922546387, 0.016993237659335136, 0.01888963021337986, 0.012233229354023933, 0.011169330216944218, 0.018693294376134872, 0.01573971100151539, 0.0038922287058085203], [0.012905110605061054, 0.005121615715324879, 0.00713080819696188, 0.005121615715324879, 0.0034164751414209604, 0.04164786636829376, 0.032789066433906555, 0.022648191079497337, 0.04001142457127571, 0.005121615715324879, 0.0032751273829489946, 0.04001142457127571, 0.27561840415000916, 0.024146024137735367, 0.005121615715324879, 0.07871244102716446, 0.005121615715324879, 0.04001142457127571, 0.16729652881622314, 0.041964076459407806, 0.01593584008514881, 0.017450319603085518, 0.008592752739787102, 0.06881304085254669, 0.006067755166441202, 0.009694751352071762, 0.013200387358665466, 0.003052777610719204], [0.03766375780105591, 0.01265607587993145, 0.014805442653596401, 0.01265607587993145, 0.009872249327600002, 0.04728314280509949, 0.030506184324622154, 0.0202711783349514, 0.02530570514500141, 0.01265607587993145, 0.010899377055466175, 0.02530570514500141, 0.09821105748414993, 0.05402904003858566, 0.01265607587993145, 0.053599126636981964, 0.01265607587993145, 0.02530570514500141, 0.05131521448493004, 0.12606750428676605, 0.03907852619886398, 0.06891295313835144, 0.05905045196413994, 0.02736773155629635, 0.027301453053951263, 0.05705014988780022, 0.018268680199980736, 0.009249348193407059], [0.0285777747631073, 0.010031087324023247, 0.009391805157065392, 0.010031087324023247, 0.005349669139832258, 0.10023496299982071, 0.03939328342676163, 0.048503052443265915, 0.013466864824295044, 0.010031087324023247, 0.007558110635727644, 0.013466864824295044, 0.08011984080076218, 0.029643604531884193, 0.010031087324023247, 0.021904895082116127, 0.010031087324023247, 0.013466864824295044, 0.03230949118733406, 0.030925871804356575, 0.0560896173119545, 0.12132694572210312, 0.17139512300491333, 0.01597904972732067, 0.03463785722851753, 0.06359663605690002, 0.008342542685568333, 0.004163792356848717], [0.04434375464916229, 0.024062693119049072, 0.02039678581058979, 0.024062693119049072, 0.02563191018998623, 0.03934317082166672, 0.04376588761806488, 0.034743744879961014, 0.025216368958353996, 0.024062693119049072, 0.02551998756825924, 0.025216368958353996, 0.05213402584195137, 0.04951624572277069, 0.024062693119049072, 0.039294853806495667, 0.024062693119049072, 0.025216368958353996, 0.07645273953676224, 0.0373414047062397, 0.03783556818962097, 0.03856241703033447, 0.03596106544137001, 0.036682117730379105, 0.029872167855501175, 0.059759944677352905, 0.057973891496658325, 0.01890578120946884], [0.035714294761419296, 0.035714294761419296, 0.035714294761419296, 0.035714294761419296, 0.035714294761419296, 0.035714294761419296, 0.035714294761419296, 0.035714294761419296, 0.035714294761419296, 0.035714294761419296, 0.035714294761419296, 0.035714294761419296, 0.035714294761419296, 0.035714294761419296, 0.035714294761419296, 0.035714294761419296, 0.035714294761419296, 0.035714294761419296, 0.035714294761419296, 0.035714294761419296, 0.035714294761419296, 0.035714294761419296, 0.035714294761419296, 0.035714294761419296, 0.035714294761419296, 0.035714294761419296, 0.035714294761419296, 0.035714294761419296]],