{"premise_tokens": ["Rogers", "remained", "successful", "throughout", "the", "1940s", "and", "at", "one", "point", "was", "Hollywood", "'s", "highest", "-", "paid", "actress", ",", "but", "her", "popularity", "had", "peaked", "by", "the", "end", "of", "the", "decade", ".", "@@NULL@@"], "hypothesis_tokens": ["Ginger", "Rogers", "'s", "popularity", "had", "peaked", "at", "the", "end", "of", "the", "decade", ".", "@@NULL@@"], "label_logits": [2.985513925552368, 0.7524454593658447, -6.463614463806152], "label_probs": [0.9031157493591309, 0.09681309759616852, 7.11277752998285e-05], "h2p_attention": [[0.031692542135715485, 0.05650204047560692, 0.06220557913184166, 0.02433652989566326, 0.028694583103060722, 0.015131505206227303, 0.030174706131219864, 0.02650470659136772, 0.037767194211483, 0.02754555270075798, 0.03398172929883003, 0.0343286357820034, 0.035302191972732544, 0.02201385423541069, 0.016549529507756233, 0.04137691855430603, 0.05395468696951866, 0.029076235368847847, 0.0694253072142601, 0.047433894127607346, 0.027719145640730858, 0.036227136850357056, 0.01944131776690483, 0.03325820714235306, 0.028694583103060722, 0.027281755581498146, 0.018379252403974533, 0.028694583103060722, 0.02267438732087612, 0.021514497697353363, 0.012117240577936172], [0.29948148131370544, 0.027939002960920334, 0.03151099011301994, 0.024299263954162598, 0.01851413957774639, 0.014669897966086864, 0.015562422573566437, 0.027094367891550064, 0.020294521003961563, 0.034052569419145584, 0.019385792315006256, 0.016017653048038483, 0.0190068781375885, 0.01994050294160843, 0.020259013399481773, 0.0302753783762455, 0.029291946440935135, 0.016414612531661987, 0.040471017360687256, 0.023598644882440567, 0.025334525853395462, 0.03909994289278984, 0.022169072180986404, 0.03943924233317375, 0.01851413957774639, 0.028715871274471283, 0.017748771235346794, 0.01851413957774639, 0.01614724099636078, 0.015521572902798653, 0.010715251788496971], [0.010057840496301651, 0.02880215086042881, 0.04600338265299797, 0.016010787338018417, 0.022624943405389786, 0.008966711349785328, 0.01879211887717247, 0.016418516635894775, 0.03313218802213669, 0.021476969122886658, 0.01964672841131687, 0.0451042614877224, 0.32217082381248474, 0.022334052249789238, 0.01336219534277916, 0.023821841925382614, 0.021900735795497894, 0.016163041815161705, 0.06646563857793808, 0.047887660562992096, 0.01214049756526947, 0.02425839938223362, 0.013738175854086876, 0.023376857861876488, 0.022624943405389786, 0.014419961720705032, 0.015209678560495377, 0.022624943405389786, 0.013561475090682507, 0.011232299730181694, 0.005670173559337854], [0.00775902671739459, 0.009778945706784725, 0.031552452594041824, 0.01049015112221241, 0.005337435286492109, 0.005597442388534546, 0.00470487168058753, 0.007650555577129126, 0.0058135041035711765, 0.008829125203192234, 0.0071122548542916775, 0.016018180176615715, 0.007026462350040674, 0.01727595180273056, 0.005382946692407131, 0.008424557745456696, 0.012743356637656689, 0.004417584277689457, 0.009212205186486244, 0.008069969713687897, 0.6793425679206848, 0.026057051494717598, 0.04756959527730942, 0.007241204380989075, 0.005337435286492109, 0.007072392851114273, 0.005566580221056938, 0.005337435286492109, 0.014565063640475273, 0.005432063713669777, 0.003281683661043644], [0.006499831099063158, 0.013166006654500961, 0.040809281170368195, 0.011849953792989254, 0.004684200510382652, 0.0038655437529087067, 0.0050006466917693615, 0.007881294935941696, 0.011818155646324158, 0.011300901882350445, 0.005552954971790314, 0.009518967941403389, 0.007620688062161207, 0.023580312728881836, 0.002892267657443881, 0.0170949324965477, 0.012252246029675007, 0.004028926603496075, 0.01972202956676483, 0.02037309668958187, 0.014143502339720726, 0.6662256717681885, 0.021240489557385445, 0.025522135198116302, 0.004684200510382652, 0.007843788713216782, 0.0036745555698871613, 0.004684200510382652, 0.00590926967561245, 0.004778681788593531, 0.0017812644364312291], [0.00035486675915308297, 0.004709569737315178, 0.0014474428026005626, 0.0007542187813669443, 0.0003682653186842799, 0.0007047773688100278, 0.00027164036873728037, 0.0009662307566031814, 0.00028287505847401917, 0.0007719676359556615, 0.00048818360664881766, 0.0006365758017636836, 0.0004155783972237259, 0.0004975853371433914, 0.00020600944117177278, 0.0013278764672577381, 0.00021284117246977985, 0.00020789286645594984, 0.0008616155828349292, 0.00045267477980814874, 0.0024862971622496843, 0.0020452970638871193, 0.972813606262207, 0.000289130985038355, 0.0003682653186842799, 0.0014630216173827648, 0.0002746998507063836, 0.0003682653186842799, 0.0034544700756669044, 0.00032681322772987187, 0.00017152217333205044], [0.007323259953409433, 0.007979230023920536, 0.022208575159311295, 0.010678636841475964, 0.013656706549227238, 0.005410033743828535, 0.005873765796422958, 0.5729706287384033, 0.016543671488761902, 0.03032246045768261, 0.010179758071899414, 0.022486601024866104, 0.008386204019188881, 0.009728329256176949, 0.003584640333428979, 0.05595117807388306, 0.006876243744045496, 0.004625230096280575, 0.05233484506607056, 0.012078167870640755, 0.0067518712021410465, 0.012814363464713097, 0.016315056011080742, 0.010426566936075687, 0.013656706549227238, 0.024995168671011925, 0.004379040561616421, 0.013656706549227238, 0.006093995645642281, 0.008816364221274853, 0.002896195510402322], [0.016825536265969276, 0.033746834844350815, 0.03870397061109543, 0.019795546308159828, 0.05176910385489464, 0.014025470241904259, 0.025889182463288307, 0.045918311923742294, 0.04970717430114746, 0.0396038182079792, 0.022845670580863953, 0.03958437591791153, 0.03885606676340103, 0.020382581278681755, 0.011725330725312233, 0.03134330362081528, 0.01732003130018711, 0.020399603992700577, 0.13752481341362, 0.023462316021323204, 0.01583811640739441, 0.02560795471072197, 0.020907796919345856, 0.02510957047343254, 0.05176910385489464, 0.03871384263038635, 0.022439483553171158, 0.05176910385489464, 0.018748996779322624, 0.01992892287671566, 0.0097379544749856], [0.005791923962533474, 0.015439835377037525, 0.01740417256951332, 0.0067418715916574, 0.008592144586145878, 0.004476074129343033, 0.005449067801237106, 0.018652252852916718, 0.010615342296659946, 0.02290240116417408, 0.005410428624600172, 0.010256760753691196, 0.005496306344866753, 0.009633907116949558, 0.00244601140730083, 0.006029314361512661, 0.00636522239074111, 0.0036567160859704018, 0.05303499475121498, 0.006792160682380199, 0.004657713230699301, 0.009517011232674122, 0.018434591591358185, 0.012919653207063675, 0.008592144586145878, 0.676795244216919, 0.005336184985935688, 0.008592144586145878, 0.01923171617090702, 0.008575404062867165, 0.0021612404379993677], [0.02168097160756588, 0.02277066372334957, 0.04007168486714363, 0.025725262239575386, 0.030161844566464424, 0.015878930687904358, 0.03159341961145401, 0.019790830090641975, 0.053684916347265244, 0.04236241802573204, 0.019025512039661407, 0.028537724167108536, 0.03511045500636101, 0.03772229701280594, 0.017249085009098053, 0.021115414798259735, 0.03464353829622269, 0.026908786967396736, 0.05315655469894409, 0.028270022943615913, 0.022202640771865845, 0.027001574635505676, 0.020962882786989212, 0.02804717794060707, 0.030161844566464424, 0.03231770172715187, 0.1299007087945938, 0.030161844566464424, 0.04056410863995552, 0.020129898563027382, 0.013089190237224102], [0.016825536265969276, 0.033746834844350815, 0.03870397061109543, 0.019795546308159828, 0.05176910385489464, 0.014025470241904259, 0.025889182463288307, 0.045918311923742294, 0.04970717430114746, 0.0396038182079792, 0.022845670580863953, 0.03958437591791153, 0.03885606676340103, 0.020382581278681755, 0.011725330725312233, 0.03134330362081528, 0.01732003130018711, 0.020399603992700577, 0.13752481341362, 0.023462316021323204, 0.01583811640739441, 0.02560795471072197, 0.020907796919345856, 0.02510957047343254, 0.05176910385489464, 0.03871384263038635, 0.022439483553171158, 0.05176910385489464, 0.018748996779322624, 