{"premise_tokens": ["Last", "Action", "Hero", "is", "a", "1993", "American", "comic", "fantasy", "action", "film", "directed", "and", "produced", "by", "John", "McTiernan", ".", "@@NULL@@"], "hypothesis_tokens": ["Last", "Action", "Hero", "is", "a", "movie", ".", "@@NULL@@"], "label_logits": [3.0984127521514893, -0.3737984597682953, -3.7452285289764404], "label_probs": [0.9688847064971924, 0.030082225799560547, 0.00103303836658597], "h2p_attention": [[0.34495776891708374, 0.05387568473815918, 0.03301519155502319, 0.07175424695014954, 0.02734936773777008, 0.012171119451522827, 0.015217403881251812, 0.028516318649053574, 0.034735407680273056, 0.05387568473815918, 0.05905136838555336, 0.05134298652410507, 0.033976517617702484, 0.035425640642642975, 0.04040668159723282, 0.057624705135822296, 0.012171119451522827, 0.024622689932584763, 0.009910008870065212], [0.006143592298030853, 0.4403226375579834, 0.00550947105512023, 0.014046992175281048, 0.007385378237813711, 0.0022411716636270285, 0.007170794531702995, 0.006744749844074249, 0.006232682149857283, 0.4403226375579834, 0.004044700879603624, 0.024314768612384796, 0.002985041355714202, 0.012484652921557426, 0.01203535683453083, 0.0022393791005015373, 0.0022411716636270285, 0.002404638333246112, 0.0011300657643005252], [0.009435820393264294, 0.013808485120534897, 0.7800359129905701, 0.013190570287406445, 0.018732350319623947, 0.004633305128663778, 0.03035873733460903, 0.018339751288294792, 0.010334881022572517, 0.013808485120534897, 0.01604752615094185, 0.005494388751685619, 0.008472301997244358, 0.016643701121211052, 0.018960630521178246, 0.008408771827816963, 0.004633305128663778, 0.005828614812344313, 0.00283230422064662], [0.029355715960264206, 0.05039631947875023, 0.018881769850850105, 0.49999743700027466, 0.022493351250886917, 0.007296987809240818, 0.011773779056966305, 0.015221213921904564, 0.020500175654888153, 0.05039631947875023, 0.01563442125916481, 0.09151783585548401, 0.01274271309375763, 0.022926878184080124, 0.08084654808044434, 0.02227204106748104, 0.007296987809240818, 0.01639522984623909, 0.004054330755025148], [0.03299839049577713, 0.07814270257949829, 0.07908093184232712, 0.06633679568767548, 0.16297142207622528, 0.01636090874671936, 0.055917512625455856, 0.06016683578491211, 0.061558496206998825, 0.07814270257949829, 0.055608589202165604, 0.03107733279466629, 0.03537912666797638, 0.05575742572546005, 0.04419533908367157, 0.03437128663063049, 0.01636090874671936, 0.023616496473550797, 0.011956923641264439], [0.007152866572141647, 0.004456277471035719, 0.007280405610799789, 0.004733670502901077, 0.006231437437236309, 0.0023110222537070513, 0.002439601579681039, 0.024326980113983154, 0.01490896288305521, 0.004456277471035719, 0.8913320302963257, 0.007804778404533863, 0.002074009273201227, 0.0060065328143537045, 0.003829697612673044, 0.004213019274175167, 0.0023110222537070513, 0.002815636107698083, 0.0013157551875337958], [0.06362064927816391, 0.05448572337627411, 0.05269409716129303, 0.10354640334844589, 0.05057461932301521, 0.03259013593196869, 0.03618233650922775, 0.05116858705878258, 0.04709143564105034, 0.05448572337627411, 0.05532357469201088, 0.054483674466609955, 0.04968169704079628, 0.054220035672187805, 0.055736836045980453, 0.047399573028087616, 0.03259013593196869, 0.07851893454790115, 0.025605693459510803], [0.05263159051537514, 0.05263159051537514, 0.05263159051537514, 0.05263159051537514, 0.05263159051537514, 0.05263159051537514, 0.05263159051537514, 0.05263159051537514, 0.05263159051537514, 0.05263159051537514, 0.05263159051537514, 0.05263159051537514, 0.05263159051537514, 0.05263159051537514, 0.05263159051537514, 0.05263159051537514, 0.05263159051537514, 0.05263159051537514, 0.05263159051537514]], "p2h_attention": [[0.5569593906402588, 0.08698621392250061, 0.053305432200431824, 0.11585245281457901, 0.044157542288303375, 0.08698344230651855, 0.03975513204932213, 0.016000431030988693], [0.012778649106621742, 0.915869414806366, 0.011459678411483765, 0.029217690229415894, 0.015361558645963669, 0.00796092301607132, 0.0050016408786177635, 0.0023505324497818947], [0.010977808386087418, 0.016065048053860664, 0.9075082540512085, 0.015346153639256954, 0.021793562918901443, 0.018232926726341248, 0.006781117990612984, 0.003295155009254813], [0.04473863169550896, 0.07680488377809525, 0.028776152059435844, 0.7620049715042114, 0.03428026661276817, 0.022229628637433052, 0.02498662658035755, 0.006178871728479862], [0.06448375433683395, 0.1527024507522583, 0.15453588962554932, 0.12963193655014038, 0.3184703588485718, 0.1106598749756813, 0.046150147914886475, 0.023365603759884834], [0.10196825116872787, 0.1646568328142166, 0.13581863045692444, 0.14942827820777893, 0.11360471695661545, 0.14582686126232147, 0.10567155480384827, 0.08302491158246994], [0.05043291300535202, 0.208406463265419, 0.35203948616981506, 0.0953771322965622, 0.15359459817409515, 0.0608963742852211, 0.04640957713127136, 0.03284335881471634], [0.06311088055372238, 0.13090220093727112, 0.14201635122299194, 0.0823407918214798, 0.11036276817321777, 0.4055066406726837, 0.04382800683379173, 0.021932333707809448], [0.0946187898516655, 0.14888475835323334, 0.09850186109542847, 0.1364952027797699, 0.1389784812927246, 0.3058801591396332, 0.04964601248502731, 0.026994729414582253], [0.012778649106621742, 0.915869414806366, 0.011459678411483765, 0.029217690229415894, 0.015361558645963669, 0.00796092301607132, 0.0050016408786177635, 0.0023505324497818947], [0.00846052635461092, 0.005081876181066036, 0.008044695481657982, 0.0054752519354224205, 0.006603343412280083, 0.961846649646759, 0.0030677153263241053, 0.0014198465505614877], [0.08240871876478195, 0.3422413766384125, 0.0308564230799675, 0.35904815793037415, 0.04134189710021019, 0.09435208886861801, 0.03384511172771454, 0.015906188637018204], [0.17421522736549377, 0.1342233121395111, 0.15199974179267883, 0.15970706939697266, 0.15035192668437958, 0.08009713888168335, 0.0985918864607811, 0.05081376060843468], [0.09285136312246323, 0.28695735335350037, 0.15263518691062927, 0.14688262343406677, 0.12112335115671158, 0.11857505142688751, 0.05500065162777901, 0.025974344462156296], [0.07971954345703125, 0.20822890102863312, 0.13088765740394592, 0.38987740874290466, 0.07226745784282684, 0.05690823867917061, 0.04255900904536247, 0.019551755860447884], [0.23087045550346375, 0.07867875695228577, 0.11787629872560501, 0.21810945868492126, 0.11413268744945526, 0.1271311491727829, 0.07349733263254166, 0.03970394656062126], [0.10196825116872787, 0.1646568328142166, 0.13581863045692444, 0.14942827820777893, 0.11360471695661545, 0.14582686126232147, 0.10567155480384827, 0.08302491158246994], [0.13149085640907288, 0.1126108467578888, 0.10890795290470123, 0.21400927007198334, 0.10452740639448166, 0.11324932426214218, 0.16228261590003967, 0.05292174592614174], [0.125, 0.125, 0.125, 0.125, 0.125, 0.125, 0.125, 0.125]], "claim": "Last Action Hero is a movie.", "premise_source_doc_id": "Last_Action_Hero", "premise_source_doc_line_num": 0, "premise_source_doc_sentence": "Last Action Hero is a 1993 American comic fantasy action film directed and produced by John McTiernan ."}
{"premise_tokens": ["``", "Two", "Steps", "Behind", "''", "is", "a", "1993", "song", "by", "British", "hard", "rock", "band", "Def", "Leppard", "from", "their", "album", "Retro", "Active", "and", "Last", "Action", "Hero", "Soundtrack", ".", "@@NULL@@"], "hypothesis_tokens": ["Last", "Action", "Hero", "is", "a", "movie", ".", "@@NULL@@"], "label_logits": [-1.3458024263381958, 2.5985653400421143, -1.2421742677688599], "label_probs": [0.018603656440973282, 0.9607613682746887, 0.020634952932596207],