{"premise_tokens": ["Kahaani", "(", "English", ":", "Story", ")", "is", "a", "2012", "Indian", "mystery", "thriller", "film", "directed", "and", "co", "-", "produced", "by", "Sujoy", "Ghosh", ".", "@@NULL@@"], "hypothesis_tokens": ["Sujoy", "Ghosh", "has", "only", "ever", "directed", "one", "film", ".", "@@NULL@@"], "label_logits": [-2.1434667110443115, 2.7753705978393555, -0.865979790687561], "label_probs": [0.007070582825690508, 0.9675629138946533, 0.025366520509123802], "h2p_attention": [[0.06258721649646759, 0.0291140079498291, 0.04330972582101822, 0.02898532524704933, 0.04108629375696182, 0.030216926708817482, 0.04874340072274208, 0.0370577834546566, 0.04705202952027321, 0.04825059324502945, 0.04348641261458397, 0.07017310708761215, 0.05170570686459541, 0.0426853783428669, 0.03435082733631134, 0.034764230251312256, 0.03211994841694832, 0.05078956484794617, 0.03679449111223221, 0.06258721649646759, 0.06258721649646759, 0.03446998447179794, 0.027082666754722595], [0.06258721649646759, 0.0291140079498291, 0.04330972582101822, 0.02898532524704933, 0.04108629375696182, 0.030216926708817482, 0.04874340072274208, 0.0370577834546566, 0.04705202952027321, 0.04825059324502945, 0.04348641261458397, 0.07017310708761215, 0.05170570686459541, 0.0426853783428669, 0.03435082733631134, 0.034764230251312256, 0.03211994841694832, 0.05078956484794617, 0.03679449111223221, 0.06258721649646759, 0.06258721649646759, 0.03446998447179794, 0.027082666754722595], [0.016862114891409874, 0.012628176249563694, 0.07652284950017929, 0.017777105793356895, 0.03242360055446625, 0.0137679073959589, 0.17581114172935486, 0.028024990111589432, 0.044946324080228806, 0.03462245687842369, 0.02027297392487526, 0.057202789932489395, 0.05053574591875076, 0.1342993825674057, 0.018130356445908546, 0.017091253772377968, 0.013673486188054085, 0.04871688038110733, 0.11797963082790375, 0.016862114891409874, 0.016862114891409874, 0.02539040707051754, 0.009596177376806736], [0.010375985875725746, 0.006921504158526659, 0.05458305776119232, 0.014927427284419537, 0.023676831275224686, 0.006635147146880627, 0.3389294445514679, 0.08501588553190231, 0.012269788421690464, 0.02545522339642048, 0.028193391859531403, 0.0421564094722271, 0.021250935271382332, 0.02724343352019787, 0.13940973579883575, 0.02071112021803856, 0.014446449466049671, 0.031423456966876984, 0.04269518703222275, 0.010375985875725746, 0.010375985875725746, 0.026742933318018913, 0.006184684578329325], [0.014804398640990257, 0.008802523836493492, 0.033779919147491455, 0.013448093086481094, 0.030989641323685646, 0.010104858316481113, 0.09605423361063004, 0.03799663111567497, 0.09595482796430588, 0.020209886133670807, 0.026271050795912743, 0.07017416507005692, 0.07509095966815948, 0.24838270246982574, 0.01994091086089611, 0.01827937364578247, 0.017171399667859077, 0.03239534795284271, 0.07335396856069565, 0.014804398640990257, 0.014804398640990257, 0.019704870879650116, 0.0074814301915466785], [1.0146202839678153e-05, 6.9458451434911694e-06, 1.8685017494135536e-05, 1.5921687008813024e-05, 2.385848893027287e-05, 6.92138610247639e-06, 0.00014531222404912114, 1.673170663707424e-05, 0.00018964472110383213, 1.6583871911279857e-05, 1.3861643310519867e-05, 6.34281022939831e-05, 3.2567335438216105e-05, 0.9988507032394409, 1.0586635653453413e-05, 1.22396368169575e-05, 7.675053893763106e-06, 5.713118298444897e-05, 0.0004606525762937963, 1.0146202839678153e-05, 1.0146202839678153e-05, 1.3697629583475646e-05, 6.4374780777143314e-06], [0.015323808416724205, 0.013378926552832127, 0.0440019927918911, 0.024300504475831985, 0.03694244846701622, 0.013056888245046139, 0.14842234551906586, 0.08048702776432037, 0.031632907688617706, 0.026913927868008614, 0.03539886325597763, 0.040258005261421204, 0.030755633488297462, 0.08888933062553406, 0.09332294017076492, 0.042476169764995575, 0.03411689028143883, 0.06264480203390121, 0.06264632940292358, 0.015323808416724205, 0.015323808416724205, 0.032935500144958496, 0.011447170749306679], [0.0009465693146921694, 0.0006664639804512262, 0.001149764284491539, 0.0005887220031581819, 0.005001409910619259, 0.000813797174487263, 0.0019119128119200468, 0.002305833389982581, 0.0017142395954579115, 0.0015061424346640706, 0.0017168293707072735, 0.013190940953791142, 0.9560869336128235, 0.00250825472176075, 0.0007666809833608568, 0.0010384134948253632, 0.0005714957369491458, 0.002913854317739606, 0.001141481683589518, 0.0009465693146921694, 0.0009465693146921694, 0.001071220962330699, 0.0004957987694069743], [0.02937004715204239, 0.031285375356674194, 0.03886842355132103, 0.02792925387620926, 0.04519512876868248, 0.031148765236139297, 0.09331542253494263, 0.045577552169561386, 0.06251319497823715, 0.027904819697141647, 0.05377506464719772, 0.05073488876223564, 0.049857281148433685, 0.049100361764431, 0.044772855937480927, 0.0420868955552578, 0.024895571172237396, 0.048862796276807785, 0.050229717046022415, 0.02937004715204239, 0.02937004715204239, 0.0707608163356781, 0.023075707256793976], [0.04347826912999153, 0.04347826912999153, 0.04347826912999153, 0.04347826912999153, 0.04347826912999153, 0.04347826912999153, 0.04347826912999153, 0.04347826912999153, 0.04347826912999153, 0.04347826912999153, 0.04347826912999153, 0.04347826912999153, 0.04347826912999153, 0.04347826912999153, 0.04347826912999153, 0.04347826912999153, 0.04347826912999153, 0.04347826912999153, 0.04347826912999153, 0.04347826912999153, 0.04347826912999153, 0.04347826912999153, 0.04347826912999153]],