{"premise_tokens": ["In", "the", "United", "States", ",", "charity", "records", "reached", "their", "peak", "with", "USA", "for", "Africa", "'s", "``", "We", "Are", "the", "World", "''", "in", "1985", ",", "but", "then", "essentially", "died", "out", "afterwards", ".", "@@NULL@@"], "hypothesis_tokens": ["\"", "We", "Are", "the", "World", "\"", "was", "released", "for", "charity", ".", "@@NULL@@"], "label_logits": [0.7083564400672913, 0.9867663979530334, -2.3160736560821533], "label_probs": [0.42200982570648193, 0.5574866533279419, 0.020503561943769455], "h2p_attention": [[0.04555394873023033, 0.018190786242485046, 0.03348278999328613, 0.053086210042238235, 0.022293657064437866, 0.031247181817889214, 0.023658601567149162, 0.02112395316362381, 0.032157689332962036, 0.04299737885594368, 0.02946450561285019, 0.061495352536439896, 0.02711380273103714, 0.08058054000139236, 0.03200812265276909, 0.016512060537934303, 0.03799723461270332, 0.03405078127980232, 0.018190786242485046, 0.029387731105089188, 0.016512060537934303, 0.04555394873023033, 0.022260237485170364, 0.022293657064437866, 0.02673615887761116, 0.03175325319170952, 0.016512060537934303, 0.026679111644625664, 0.03909820690751076, 0.02789042890071869, 0.02100933901965618, 0.013108552433550358], [0.021698713302612305, 0.01549876481294632, 0.016873711720108986, 0.01905592530965805, 0.013509230688214302, 0.011987769044935703, 0.014108824543654919, 0.013346362859010696, 0.04696856066584587, 0.014457324519753456, 0.018341289833188057, 0.012980499304831028, 0.024620046839118004, 0.026691792532801628, 0.03848886862397194, 0.007262955419719219, 0.34745708107948303, 0.030667783692479134, 0.01549876481294632, 0.00918047409504652, 0.007262955419719219, 0.021698713302612305, 0.008250487968325615, 0.013509230688214302, 0.06434287875890732, 0.0667591392993927, 0.007262955419719219, 0.007837854325771332, 0.03387055918574333, 0.03599901869893074, 0.010214127600193024, 0.00429742643609643], [0.028601428493857384, 0.013471236452460289, 0.01169250812381506, 0.011379881761968136, 0.009659108705818653, 0.009557737968862057, 0.010756061412394047, 0.012210658751428127, 0.024004977196455002, 0.030794551596045494, 0.02522214502096176, 0.008128018118441105, 0.017934566363692284, 0.013600890524685383, 0.013669410720467567, 0.006522375158965588, 0.03250902518630028, 0.4062778651714325, 0.013471236452460289, 0.008592922240495682, 0.006522375158965588, 0.028601428493857384, 0.02073703706264496, 0.009659108705818653, 0.055644989013671875, 0.0624811090528965, 0.006522375158965588, 0.014364350587129593, 0.0441194586455822, 0.025004535913467407, 0.013731244951486588, 0.0045554363168776035], [0.03137335553765297, 0.05579912289977074, 0.01738857850432396, 0.015462846495211124, 0.021987630054354668, 0.017278939485549927, 0.0380081832408905, 0.03270775452256203, 0.02981361746788025, 0.019854234531521797, 0.035148244351148605, 0.014072619378566742, 0.027132505550980568, 0.019337233155965805, 0.041880857199430466, 0.015117296949028969, 0.037854116410017014, 0.031038586050271988, 0.05579912289977074, 0.017072362825274467, 0.015117296949028969, 0.03137335553765297, 0.019360702484846115, 0.021987630054354668, 0.14823056757450104, 0.04347284510731697, 0.015117296949028969, 0.023734571412205696, 0.04053691029548645, 0.03496529161930084, 0.02148030884563923, 0.010496014729142189], [0.005685002543032169, 0.0024675338063389063, 0.0050232307985424995, 0.010420681908726692, 0.001945049618370831, 0.004803922493010759, 0.020992498844861984, 0.0028112144209444523, 0.008951598778367043, 0.0032563991844654083, 0.002670047339051962, 0.004210179205983877, 0.002468761522322893, 0.016580551862716675, 0.004748534876853228, 0.0018479380523785949, 0.0032407864928245544, 0.002861571963876486, 0.0024675338063389063, 0.8194645047187805, 0.0018479380523785949, 0.005685002543032169, 0.009090939536690712, 0.001945049618370831, 0.004184185527265072, 0.0026470364537090063, 0.0018479380523785949, 0.03683384135365486, 0.002335262019187212, 0.0026518029626458883, 0.0024964252952486277, 0.0015170288970693946], [0.04555394873023033, 0.018190786242485046, 0.03348278999328613, 0.053086210042238235, 0.022293657064437866, 0.031247181817889214, 0.023658601567149162, 0.02112395316362381, 0.032157689332962036, 0.04299737885594368, 0.02946450561285019, 0.061495352536439896, 0.02711380273103714, 0.08058054000139236, 0.03200812265276909, 0.016512060537934303, 0.03799723461270332, 0.03405078127980232, 0.018190786242485046, 0.029387731105089188, 0.016512060537934303, 0.04555394873023033, 0.022260237485170364, 0.022293657064437866, 0.02673615887761116, 0.03175325319170952, 0.016512060537934303, 0.026679111644625664, 0.03909820690751076, 0.02789042890071869, 0.02100933901965618, 0.013108552433550358], [0.028128208592534065, 0.027851298451423645, 0.01594552770256996, 0.016115110367536545, 0.019991997629404068, 0.038129109889268875, 0.0376121923327446, 0.027614178135991096, 0.0527445450425148, 0.04220642149448395, 0.030034322291612625, 0.020298223942518234, 0.02581685781478882, 0.017627734690904617, 0.04113421216607094, 0.017040790989995003, 0.030657878145575523, 0.03827027603983879, 0.027851298451423645, 0.02005440928041935, 0.017040790989995003, 0.028128208592534065, 0.035847920924425125, 0.019991997629404068, 0.07063306123018265, 0.04289987310767174, 0.017040790989995003, 0.05357346683740616, 0.0399349071085453, 0.06068802997469902, 0.02722487971186638, 0.011871601454913616], [0.017817096784710884, 0.011078929528594017, 0.012604902498424053, 0.018349509686231613, 0.00993993878364563, 0.014634881168603897, 0.03269835561513901, 0.022774990648031235, 0.04891691729426384, 0.021679898723959923, 0.020977048203349113, 0.01443933043628931, 0.013634677045047283, 0.1560426950454712, 0.013211323879659176, 0.011715402826666832, 0.011897302232682705, 0.014946801587939262, 0.011078929528594017, 0.018731558695435524, 0.011715402826666832, 0.017817096784710884, 0.013371335342526436, 0.00993993878364563, 0.0222817063331604, 0.010895336046814919, 0.011715402826666832, 0.35354694724082947, 0.011877276934683323, 0.0197018813341856, 0.012589629739522934, 0.007377540227025747], [0.021865513175725937, 0.019938752055168152, 0.016198666766285896, 0.014291506260633469, 0.016235122457146645, 0.030984150245785713, 0.010612566955387592, 0.010793966241180897, 0.04297914355993271, 0.015302317216992378, 0.02030440978705883, 0.01990542560815811, 0.28512582182884216, 0.027410347014665604, 0.028360551223158836, 0.010273903608322144, 0.04418886825442314, 0.03036639466881752, 0.019938752055168152, 0.012552137486636639, 0.010273903608322144, 0.021865513175725937, 0.014761636033654213, 0.016235122457146645, 0.06668036431074142, 0.03696289658546448, 0.010273903608322144, 0.013429545797407627, 0.03997021168470383, 0.05010784789919853, 0.014097779989242554, 0.007713162340223789], [0.0003288725856691599, 0.00014000777446199208, 0.00022184742556419224, 0.0002495541993994266, 0.00011935161455767229, 0.9880368709564209, 0.0012826492311432958, 0.00026449630968272686, 0.0016172230243682861, 0.00016078507178463042, 0.00017622782615944743, 0.00027437350945547223, 0.0003416386025492102, 0.0005997122498229146, 0.00034979989868588746, 0.000157026486704126, 0.000237240907154046, 0.00017843698151409626, 0.00014000777446199208, 0.0002693159331101924, 0.000157026486704126, 0.0003288725856691599, 0.0006745727150700986, 0.00011935161455767229, 0.00019403760961722583, 0.0002662235056050122, 0.000157026486704126, 0.0019455626606941223, 0.00028971469146199524, 0.0004321433953009546, 0.0002049533650279045, 8.504714060109109e-05], [0.03535185381770134, 0.028524503111839294, 0.01826128363609314, 0.017707964405417442, 0.018590454012155533, 0.03358903527259827, 0.03375248983502388, 0.045696988701820374, 0.043845027685165405, 0.03057800978422165, 0.032786063849925995, 0.01751127652823925, 0.025475353002548218, 0.026240617036819458, 0.027610503137111664, 0.017739921808242798, 0.03312796354293823, 0.04201282560825348, 0.028524503111839294, 