{"premise_tokens": ["Parke", "-", "Davis", "developed", "pregabalin", "as", "a", "successor", "to", "gabapentin", "and", "was", "brought", "to", "market", "by", "Pfizer", "after", "the", "company", "acquired", "Warner", "-", "Lambert", ".", "@@NULL@@"], "hypothesis_tokens": ["Pregabalin", "was", "brought", "to", "market", "by", "Pfizer", "in", "2002", ".", "@@NULL@@"], "label_logits": [1.646278977394104, 0.7219813466072083, -4.171479225158691], "label_probs": [0.7143957614898682, 0.28347939252853394, 0.0021248029079288244], "h2p_attention": [[0.053389374166727066, 0.027399592101573944, 0.04054340720176697, 0.03234301507472992, 0.053389374166727066, 0.03292099013924599, 0.03161175921559334, 0.053389374166727066, 0.03878633677959442, 0.053389374166727066, 0.02930261567234993, 0.033162035048007965, 0.046648260205984116, 0.03878633677959442, 0.04408664628863335, 0.03138716146349907, 0.053389374166727066, 0.039018191397190094, 0.03327440470457077, 0.0366499088704586, 0.03551064804196358, 0.02832597680389881, 0.027399592101573944, 0.053389374166727066, 0.02940426580607891, 0.023102588951587677], [0.021816477179527283, 0.02182469144463539, 0.03321532905101776, 0.036815542727708817, 0.021816477179527283, 0.040619365870952606, 0.0401923730969429, 0.021816477179527283, 0.044736895710229874, 0.021816477179527283, 0.032648079097270966, 0.13786987960338593, 0.04449480399489403, 0.044736895710229874, 0.046182356774806976, 0.05577988922595978, 0.021816477179527283, 0.060064371675252914, 0.035656630992889404, 0.053900182247161865, 0.047628726810216904, 0.020857147872447968, 0.02182469144463539, 0.021816477179527283, 0.03485465422272682, 0.015198619104921818], [0.017351437360048294, 0.011781064793467522, 0.04592228680849075, 0.028295597061514854, 0.017351437360048294, 0.0491599477827549, 0.040110744535923004, 0.017351437360048294, 0.05207965895533562, 0.017351437360048294, 0.02475288137793541, 0.02515740878880024, 0.25451409816741943, 0.05207965895533562, 0.04073578864336014, 0.034249644726514816, 0.017351437360048294, 0.06461229920387268, 0.030197156593203545, 0.05481087416410446, 0.03240165486931801, 0.014698154293000698, 0.011781064793467522, 0.017351437360048294, 0.019958091899752617, 0.008593314327299595], [0.01197518315166235, 0.009339924901723862, 0.028805648908019066, 0.021954219788312912, 0.01197518315166235, 0.041477758437395096, 0.03419548645615578, 0.01197518315166235, 0.23010557889938354, 0.01197518315166235, 0.02506631426513195, 0.020995475351810455, 0.0432286262512207, 0.23010557889938354, 0.02324170619249344, 0.0276099294424057, 0.01197518315166235, 0.06951496750116348, 0.02809988707304001, 0.023241151124238968, 0.02426043339073658, 0.013770165853202343, 0.009339924901723862, 0.01197518315166235, 0.016663309186697006, 0.007132865022867918], [0.0034002549946308136, 0.002558681182563305, 0.003480142680928111, 0.009667769074440002, 0.0034002549946308136, 0.004505849909037352, 0.009575282223522663, 0.0034002549946308136, 0.0058058942668139935, 0.0034002549946308136, 0.0027991109527647495, 0.0054142358712852, 0.008446571417152882, 0.0058058942668139935, 0.82529217004776, 0.016800684854388237, 0.0034002549946308136, 0.01306847669184208, 0.005086349323391914, 0.03155828267335892, 0.013811936601996422, 0.007499533239752054, 0.002558681182563305, 0.0034002549946308136, 0.004080976825207472, 0.0017818253254517913], [0.0018857355462387204, 0.0025534972082823515, 0.006986397318542004, 0.0040980139747262, 0.0018857355462387204, 0.007391216699033976, 0.00513034500181675, 0.0018857355462387204, 0.005372675135731697, 0.0018857355462387204, 0.0026550372131168842, 0.005094048101454973, 0.005532034207135439, 0.005372675135731697, 0.013087334111332893, 0.8592694997787476, 0.0018857355462387204, 0.03990854695439339, 0.0035789937246590853, 0.006092851050198078, 0.006043709348887205, 0.0035558915697038174, 0.0025534972082823515, 0.0018857355462387204, 0.0030213086865842342, 0.0013879998587071896], [0.053389374166727066, 0.027399592101573944, 0.04054340720176697, 0.03234301507472992, 0.053389374166727066, 0.03292099013924599, 0.03161175921559334, 0.053389374166727066, 0.03878633677959442, 0.053389374166727066, 0.02930261567234993, 0.033162035048007965, 0.046648260205984116, 0.03878633677959442, 0.04408664628863335, 0.03138716146349907, 0.053389374166727066, 0.039018191397190094, 0.03327440470457077, 0.0366499088704586, 0.03551064804196358, 0.02832597680389881, 0.027399592101573944, 0.053389374166727066, 0.02940426580607891, 0.023102588951587677], [0.02014339342713356, 0.021149247884750366, 0.07180305570363998, 0.0532093420624733, 0.02014339342713356, 0.050938595086336136, 0.05825791880488396, 0.02014339342713356, 0.052465908229351044, 0.02014339342713356, 0.027264991775155067, 0.02874467708170414, 0.10070421546697617, 0.052465908229351044, 0.04761455953121185, 0.04833758994936943, 0.02014339342713356, 0.04942496120929718, 0.03626278415322304, 0.05557207018136978, 0.03701506182551384, 0.023857176303863525, 0.021149247884750366, 0.02014339342713356, 0.030770527198910713, 0.012131782248616219], [0.053389374166727066, 0.027399592101573944, 0.04054340720176697, 0.03234301507472992, 0.053389374166727066, 0.03292099013924599, 0.03161175921559334, 0.053389374166727066, 0.03878633677959442, 0.053389374166727066, 0.02930261567234993, 0.033162035048007965, 0.046648260205984116, 0.03878633677959442, 0.04408664628863335, 0.03138716146349907, 0.053389374166727066, 0.039018191397190094, 0.03327440470457077, 0.0366499088704586, 0.03551064804196358, 0.02832597680389881, 0.027399592101573944, 0.053389374166727066, 0.02940426580607891, 0.023102588951587677], [0.026731574907898903, 0.0226590633392334, 0.03344452753663063, 0.04433703050017357, 0.026731574907898903, 0.04365318641066551, 0.0414830707013607, 0.026731574907898903, 0.04906501993536949, 0.026731574907898903, 0.040750663727521896, 0.04816500470042229, 0.04877903312444687, 0.04906501993536949, 0.04810319468379021, 0.045717302709817886, 0.026731574907898903, 0.05473153293132782, 0.04298242926597595, 0.0400908999145031, 0.04674375429749489, 0.03177402913570404, 0.0226590633392334, 0.026731574907898903, 0.06440398097038269, 0.021002689376473427], [0.03846152499318123, 0.03846152499318123, 0.03846152499318123, 0.03846152499318123, 0.03846152499318123, 0.03846152499318123, 0.03846152499318123, 0.03846152499318123, 0.03846152499318123, 0.03846152499318123, 0.03846152499318123, 0.03846152499318123, 0.03846152499318123, 0.03846152499318123, 0.03846152499318123, 0.03846152499318123, 0.03846152499318123, 0.03846152499318123, 0.03846152499318123, 0.03846152499318123, 0.03846152499318123, 0.03846152499318123, 0.03846152499318123, 0.03846152499318123, 0.03846152499318123, 0.03846152499318123]],