{"premise_tokens": ["The", "league", "was", "established", "at", "the", "meeting", "of", "47", "Ottoman", "beys", "in", "Prizren", "in", "June", "10", ",", "1878", ".", "@@NULL@@"], "hypothesis_tokens": ["The", "League", "of", "Prizren", "was", "established", "at", "a", "meeting", "of", "47", "managers", ".", "@@NULL@@"], "label_logits": [1.7829362154006958, 1.7127745151519775, -4.802520751953125], "label_probs": [0.5171638131141663, 0.48212236166000366, 0.0007138394867070019], "h2p_attention": [[0.10328139364719391, 0.05982820689678192, 0.0455780029296875, 0.027966486290097237, 0.09160882979631424, 0.10328139364719391, 0.06547898054122925, 0.04476764798164368, 0.025732653215527534, 0.04587255418300629, 0.027981359511613846, 0.05807051807641983, 0.027981359511613846, 0.05807051807641983, 0.0518232099711895, 0.03481106460094452, 0.04069800302386284, 0.027981359511613846, 0.03975898399949074, 0.019427601248025894], [0.0009854737436398864, 0.9728448987007141, 0.0010002957424148917, 0.004362177569419146, 0.004422741010785103, 0.0009854737436398864, 0.0018564368365332484, 0.0010183962294831872, 0.0008101494167931378, 0.0010148428846150637, 0.0005928358878009021, 0.0022978042252361774, 0.0005928358878009021, 0.0022978042252361774, 0.0008312826394103467, 0.0014449791051447392, 0.0005634602857753634, 0.0005928358878009021, 0.0011652737157419324, 0.0003200060746166855], [0.044469334185123444, 0.0614149272441864, 0.02805040217936039, 0.07151488214731216, 0.02917875349521637, 0.044469334185123444, 0.03935353457927704, 0.1915200650691986, 0.049280405044555664, 0.03225142881274223, 0.023411216214299202, 0.04727925360202789, 0.023411216214299202, 0.04727925360202789, 0.08081024885177612, 0.07424464076757431, 0.03967316821217537, 0.023411216214299202, 0.029678665101528168, 0.019298143684864044], [0.04505040869116783, 0.05794626101851463, 0.04489826783537865, 0.048392098397016525, 0.05842803046107292, 0.04505040869116783, 0.051043834537267685, 0.03794526308774948, 0.038305480033159256, 0.05761635676026344, 0.07228417694568634, 0.05193463712930679, 0.07228417694568634, 0.05193463712930679, 0.04714984819293022, 0.0416051484644413, 0.03475748002529144, 0.07228417694568634, 0.039810601621866226, 0.03127872943878174], [0.04700489342212677, 0.06262923032045364, 0.18174906075000763, 0.04267524927854538, 0.07042331248521805, 0.04700489342212677, 0.04267919063568115, 0.029122617095708847, 0.03195282444357872, 0.030740495771169662, 0.028759902343153954, 0.047472238540649414, 0.028759902343153954, 0.047472238540649414, 0.09323927760124207, 0.03983068838715553, 0.033740680664777756, 0.028759902343153954, 0.04594767838716507, 0.02003581076860428], [0.0006682795938104391, 0.006328263320028782, 0.0009888001950457692, 0.9682645201683044, 0.0007758191786706448, 0.0006682795938104391, 0.0036250718403607607, 0.0017203636234626174, 0.0010200391989201307, 0.0008996158721856773, 0.000718231953214854, 0.0032787637319415808, 0.000718231953214854, 0.0032787637319415808, 0.002809205325320363, 0.001587040489539504, 0.0006778673850931227, 0.000718231953214854, 0.0007902808138169348, 0.00046423665480688214], [0.01702664978802204, 0.049905046820640564, 0.012691725976765156, 0.006034373305737972, 0.7143574953079224, 0.01702664978802204, 0.040345899760723114, 0.005459617357701063, 0.00473188329488039, 0.008761120960116386, 0.0067450194619596004, 0.03381779417395592, 0.0067450194619596004, 0.03381779417395592, 0.008211644366383553, 0.007207873277366161, 0.005766557063907385, 0.0067450194619596004, 0.010991900227963924, 0.0036108638159930706], [0.05795437842607498, 0.05520738661289215, 0.04995999485254288, 0.04936426505446434, 0.06001683324575424, 0.05795437842607498, 0.04137204587459564, 0.05104772001504898, 0.04121553897857666, 0.03942009061574936, 0.02585061453282833, 0.09072213619947433, 0.02585061453282833, 0.09072213619947433, 0.07529029995203018, 0.054306138306856155, 0.0516880564391613, 0.02585061453282833, 0.03731461986899376, 0.018892215564846992], [0.0069188084453344345, 0.01190886925905943, 0.004372782073915005, 0.016029713675379753, 0.02293701283633709, 0.0069188084453344345, 0.8513531684875488, 0.004186169244349003, 0.003184353467077017, 0.004300993401557207, 0.003349984297528863, 0.013819022104144096, 0.003349984297528863, 0.013819022104144096, 0.01357937976717949, 0.004714032635092735, 0.0042451429180800915, 0.003349984297528863, 0.005610007792711258, 0.0020528091117739677], [0.044469334185123444, 0.0614149272441864, 0.02805040217936039, 0.07151488214731216, 0.02917875349521637, 0.044469334185123444, 0.03935353457927704, 0.1915200650691986, 0.049280405044555664, 0.03225142881274223, 0.023411216214299202, 0.04727925360202789, 0.023411216214299202, 0.04727925360202789, 0.08081024885177612, 0.07424464076757431, 0.03967316821217537, 0.023411216214299202, 0.029678665101528168, 0.019298143684864044], [0.011090775951743126, 0.021198423579335213, 0.013353615999221802, 0.018398137763142586, 0.010972850024700165, 0.011090775951743126, 0.012988807633519173, 0.021382343024015427, 0.6239731311798096, 0.009897826239466667, 0.01025435607880354, 0.01563912071287632, 0.01025435607880354, 0.01563912071287632, 0.012928233481943607, 0.13137298822402954, 0.01654483936727047, 0.01025435607880354, 0.014392608776688576, 0.00837329775094986], [0.06059901416301727, 0.11110671609640121, 0.05493827536702156, 0.02944767475128174, 0.15149018168449402, 0.06059901416301727, 0.05566015839576721, 0.03511476889252663, 0.018660912290215492, 0.027932120487093925, 0.02612829953432083, 0.04645917937159538, 0.02612829953432083, 0.04645917937159538, 0.11936049163341522, 0.02555997669696808, 0.03229210898280144, 0.02612829953432083, 0.029620515182614326, 0.016314776614308357], [0.05000783130526543, 0.08897985517978668, 0.056037481874227524, 0.04159718006849289, 0.07438468933105469, 0.05000783130526543, 0.06677854061126709, 0.037579480558633804, 0.04200151190161705, 0.03311813622713089, 0.03110080026090145, 0.061977237462997437, 0.03110080026090145, 0.061977237462997437, 0.05557579547166824, 0.054716505110263824, 0.03259192034602165, 0.03110080026090145, 0.07493072003126144, 0.024435536935925484], [0.04999999329447746, 0.04999999329447746, 0.04999999329447746, 0.04999999329447746, 0.04999999329447746, 0.04999999329447746, 0.04999999329447746, 0.04999999329447746, 0.04999999329447746, 0.04999999329447746, 0.04999999329447746, 0.04999999329447746, 0.04999999329447746, 0.04999999329447746, 0.04999999329447746, 0.04999999329447746, 0.04999999329447746, 0.04999999329447746, 0.04999999329447746, 0.04999999329447746]],