{"premise_tokens": ["In", "2016", ",", "she", "was", "named", "International", "Model", "of", "the", "Year", "by", "the", "British", "Fashion", "Council", ".", "@@NULL@@"], "hypothesis_tokens": ["Gigi", "Hadid", "was", "named", "International", "Model", "of", "the", "Year", "in", "2016", ".", "@@NULL@@"], "label_logits": [2.7761619091033936, 0.38069626688957214, -5.254924774169922], "label_probs": [0.9162078499794006, 0.08349423855543137, 0.0002979458076879382], "h2p_attention": [[0.0633556917309761, 0.06824859976768494, 0.04240107163786888, 0.08732806891202927, 0.054771941155195236, 0.044893741607666016, 0.05878451466560364, 0.05630883574485779, 0.04628988727927208, 0.054957542568445206, 0.04921276867389679, 0.05184047296643257, 0.054957542568445206, 0.07207726687192917, 0.05170893669128418, 0.05614035204052925, 0.04856543615460396, 0.038157299160957336], [0.0633556917309761, 0.06824859976768494, 0.04240107163786888, 0.08732806891202927, 0.054771941155195236, 0.044893741607666016, 0.05878451466560364, 0.05630883574485779, 0.04628988727927208, 0.054957542568445206, 0.04921276867389679, 0.05184047296643257, 0.054957542568445206, 0.07207726687192917, 0.05170893669128418, 0.05614035204052925, 0.04856543615460396, 0.038157299160957336], [0.04162375628948212, 0.0582611970603466, 0.029583895578980446, 0.18978309631347656, 0.159357950091362, 0.06497063487768173, 0.03581667318940163, 0.041048482060432434, 0.025534771382808685, 0.0412139892578125, 0.030912278220057487, 0.06447360664606094, 0.0412139892578125, 0.03790435194969177, 0.05096814036369324, 0.029478728771209717, 0.04028702527284622, 0.017567439004778862], [0.019112104550004005, 0.013459418900310993, 0.011667118407785892, 0.08557917177677155, 0.018796922639012337, 0.6140404939651489, 0.02492234855890274, 0.05517259240150452, 0.009770160540938377, 0.010776380077004433, 0.008858433924615383, 0.020939597859978676, 0.010776380077004433, 0.014661313965916634, 0.04661251977086067, 0.019365230575203896, 0.01040722243487835, 0.005082509946078062], [0.016746707260608673, 0.028214339166879654, 0.004774789325892925, 0.01767454296350479, 0.007444737944751978, 0.017905380576848984, 0.7505844831466675, 0.02904793620109558, 0.009590539149940014, 0.005863874219357967, 0.012808702886104584, 0.013524557463824749, 0.005863874219357967, 0.017204035073518753, 0.023120805621147156, 0.029514163732528687, 0.006465155631303787, 0.0036515123210847378], [0.00025228061713278294, 0.002465927740558982, 8.160109427990392e-05, 0.0003751943586394191, 0.00015242387598846108, 0.0007081247749738395, 0.0005189278745092452, 0.9933549165725708, 0.00013257702812552452, 8.306979725603014e-05, 0.00021507374185603112, 0.00019946690008509904, 8.306979725603014e-05, 0.00021712698799092323, 0.0005417668144218624, 0.0004158163210377097, 0.00013752213271800429, 6.523258343804628e-05], [0.050889287143945694, 0.037350818514823914, 0.04270244017243385, 0.055864810943603516, 0.030192207545042038, 0.0399295911192894, 0.05455587059259415, 0.04221581667661667, 0.20614369213581085, 0.047864820808172226, 0.07982350140810013, 0.04450898990035057, 0.047864820808172226, 0.05144873261451721, 0.0596391037106514, 0.05628892779350281, 0.031944796442985535, 0.02077166736125946], [0.06481926143169403, 0.03540731221437454, 0.04542778059840202, 0.1315585970878601, 0.050874918699264526, 0.045979298651218414, 0.03482406586408615, 0.027615070343017578, 0.04997038468718529, 0.11528438329696655, 0.047568660229444504, 0.05591638386249542, 0.11528438329696655, 0.043839722871780396, 0.039914801716804504, 0.02964995801448822, 0.04437962919473648, 0.0216854065656662], [0.0178541112691164, 0.04164848476648331, 0.010292209684848785, 0.017161650583148003, 0.006408649496734142, 0.0063477917574346066, 0.01277545839548111, 0.012007895857095718, 0.013995982706546783, 0.007989088073372841, 0.7819587588310242, 0.008511058054864407, 0.007989088073372841, 0.011171821504831314, 0.015186118893325329, 0.01616567373275757, 0.0088939955458045, 0.0036420333199203014], [0.3605269193649292, 0.04015858843922615, 0.019830819219350815, 0.12257732450962067, 0.021355288103222847, 0.0338924415409565, 0.04133608192205429, 0.03485716134309769, 0.02208145335316658, 0.026940716430544853, 0.04418419301509857, 0.035911452025175095, 0.026940716430544853, 0.024393634870648384, 0.08422652631998062, 0.02891339734196663, 0.022860342636704445, 0.009013067930936813], [0.00034214567858725786, 0.992304265499115, 0.00014140873099677265, 0.0005908776656724513, 0.00025466899387538433, 0.00020335434237495065, 0.0005933385691605508, 0.002902826527133584, 0.00013808110088575631, 0.00012538075679913163, 0.0008781335200183094, 0.00024175725411623716, 0.00012538075679913163, 0.00011155551328556612, 0.00039099366404116154, 0.0004295357794035226, 0.00014937460946384817, 7.679011469008401e-05], [0.06443344801664352, 0.049416590481996536, 0.03388356789946556, 0.1579391211271286, 0.058258313685655594, 0.05201848968863487, 0.04497874528169632, 0.05355612188577652, 0.0390687957406044, 0.05198970064520836, 0.062037479132413864, 0.055297672748565674, 0.05198970064520836, 0.03100285865366459, 0.048941899091005325, 0.04188324138522148, 0.07790028303861618, 0.02540394850075245], [0.055555541068315506, 0.055555541068315506, 0.055555541068315506, 0.055555541068315506, 0.055555541068315506, 0.055555541068315506, 0.055555541068315506, 0.055555541068315506, 0.055555541068315506, 0.055555541068315506, 0.055555541068315506, 0.055555541068315506, 0.055555541068315506, 0.055555541068315506, 0.055555541068315506, 0.055555541068315506, 0.055555541068315506, 0.055555541068315506]],