{"premise_tokens": ["Similar", "to", "his", "idol", ",", "John", "Belushi", ",", "Farley", "died", "of", "a", "speedball", "overdose", "at", "the", "age", "of", "33", ".", "@@NULL@@"], "hypothesis_tokens": ["Chris", "Farley", "died", "of", "a", "drug", "overdose", "in", "2006", ".", "@@NULL@@"], "label_logits": [0.5686538219451904, 1.1624752283096313, -2.2463676929473877], "label_probs": [0.3483351171016693, 0.6307984590530396, 0.02086646482348442], "h2p_attention": [[0.05417151376605034, 0.045924581587314606, 0.1565553843975067, 0.04218585044145584, 0.0445321686565876, 0.07944032549858093, 0.017643548548221588, 0.0445321686565876, 0.017643548548221588, 0.022502239793539047, 0.027112817391753197, 0.03485327959060669, 0.017643548548221588, 0.017643548548221588, 0.023110227659344673, 0.024094387888908386, 0.1504872888326645, 0.027112817391753197, 0.1080290675163269, 0.03015826642513275, 0.014623312279582024], [0.04007260501384735, 0.0512411929666996, 0.04934842139482498, 0.05247480422258377, 0.03391566500067711, 0.03524412959814072, 0.07053347676992416, 0.03391566500067711, 0.07053347676992416, 0.05191224440932274, 0.037026237696409225, 0.04176275059580803, 0.07053347676992416, 0.07053347676992416, 0.05701291933655739, 0.043959300965070724, 0.03986382856965065, 0.037026237696409225, 0.04372255131602287, 0.03884640336036682, 0.030521167442202568], [1.837842546592583e-06, 2.2560986963071628e-06, 3.854056103591574e-06, 4.588509000313934e-06, 1.03552702057641e-06, 4.327474925958086e-06, 9.640710914027295e-07, 1.03552702057641e-06, 9.640710914027295e-07, 0.9999547004699707, 2.1842056412424427e-06, 2.8931247015862027e-06, 9.640710914027295e-07, 9.640710914027295e-07, 1.91880621969176e-06, 1.2817318975066883e-06, 8.497189810441341e-06, 2.1842056412424427e-06, 1.1113111213489901e-06, 1.7316281173407333e-06, 5.668135258929397e-07], [0.04550749063491821, 0.05337607488036156, 0.06189815327525139, 0.031966544687747955, 0.0332537479698658, 0.04916845262050629, 0.019623102620244026, 0.0332537479698658, 0.019623102620244026, 0.062332216650247574, 0.16053065657615662, 0.04370717331767082, 0.019623102620244026, 0.019623102620244026, 0.024457408115267754, 0.03727385774254799, 0.029289361089468002, 0.16053065657615662, 0.053910087794065475, 0.024876434355974197, 0.016175556927919388], [0.05644301697611809, 0.06798432022333145, 0.07112172245979309, 0.07188766449689865, 0.03879817947745323, 0.04076433554291725, 0.019404033198952675, 0.03879817947745323, 0.019404033198952675, 0.07238208502531052, 0.03831752762198448, 0.1932840645313263, 0.019404033198952675, 0.019404033198952675, 0.045049939304590225, 0.04350181668996811, 0.02509476989507675, 0.03831752762198448, 0.0384487546980381, 0.028009163215756416, 0.014180907979607582], [0.04125465825200081, 0.03108537197113037, 0.04332597926259041, 0.049257792532444, 0.015192843042314053, 0.019607678055763245, 0.018856093287467957, 0.015192843042314053, 0.018856093287467957, 0.37193766236305237, 0.022106381133198738, 0.06660111993551254, 0.018856093287467957, 0.018856093287467957, 0.0555729866027832, 0.027073131874203682, 0.018995556980371475, 0.022106381133198738, 0.08666907995939255, 0.027284754440188408, 0.011311295442283154], [0.04007260501384735, 0.0512411929666996, 0.04934842139482498, 0.05247480422258377, 0.03391566500067711, 0.03524412959814072, 0.07053347676992416, 0.03391566500067711, 0.07053347676992416, 0.05191224440932274, 0.037026237696409225, 0.04176275059580803, 0.07053347676992416, 0.07053347676992416, 0.05701291933655739, 0.043959300965070724, 0.03986382856965065, 0.037026237696409225, 0.04372255131602287, 0.03884640336036682, 0.030521167442202568], [0.07108477503061295, 0.06228256970643997, 0.06492268294095993, 0.07153075188398361, 0.03168706223368645, 0.04418667033314705, 0.023912331089377403, 0.03168706223368645, 0.023912331089377403, 0.09574345499277115, 0.03528327867388725, 0.06915829330682755, 0.023912331089377403, 0.023912331089377403, 0.1348801553249359, 0.04304774850606918, 0.029544590041041374, 0.03528327867388725, 0.0330987386405468, 0.036527860909700394, 0.014401705004274845], [0.04007260501384735, 0.0512411929666996, 0.04934842139482498, 0.05247480422258377, 0.03391566500067711, 0.03524412959814072, 0.07053347676992416, 0.03391566500067711, 0.07053347676992416, 0.05191224440932274, 0.037026237696409225, 0.04176275059580803, 0.07053347676992416, 0.07053347676992416, 0.05701291933655739, 0.043959300965070724, 0.03986382856965065, 0.037026237696409225, 0.04372255131602287, 0.03884640336036682, 0.030521167442202568], [0.04198439046740532, 0.058256857097148895, 0.09146471321582794, 0.045573845505714417, 0.03326119855046272, 0.046162333339452744, 0.03173946216702461, 0.03326119855046272, 0.03173946216702461, 0.07618413865566254, 0.03835118189454079, 0.04925450310111046, 0.03173946216702461, 0.03173946216702461, 0.07591218501329422, 0.051034748554229736, 0.04137806594371796, 0.03835118189454079, 0.051204849034547806, 0.07646942883729935, 0.024937331676483154], [0.0476190485060215, 0.0476190485060215, 0.0476190485060215, 0.0476190485060215, 0.0476190485060215, 0.0476190485060215, 0.0476190485060215, 0.0476190485060215, 0.0476190485060215, 0.0476190485060215, 0.0476190485060215, 0.0476190485060215, 0.0476190485060215, 0.0476190485060215, 0.0476190485060215, 0.0476190485060215, 0.0476190485060215, 0.0476190485060215, 0.0476190485060215, 0.0476190485060215, 0.0476190485060215]],