{"premise_tokens": ["Pixar", "has", "produced", "seventeen", "feature", "films", ",", "beginning", "with", "Toy", "Story", "(", "1995", ")", ",", "which", "was", "the", "first", "-", "ever", "computer", "-", "animated", "feature", "film", ",", "and", "its", "most", "recent", "being", "Finding", "Dory", "(", "2016", ")", ".", "@@NULL@@"], "hypothesis_tokens": ["Pixar", "produced", "the", "film", "Firefox", ".", "@@NULL@@"], "label_logits": [1.7542364597320557, -1.913607120513916, -1.2280079126358032], "label_probs": [0.9291863441467285, 0.02372349053621292, 0.04709019511938095], "h2p_attention": [[0.9247267842292786, 0.0036560241132974625, 0.0057651326060295105, 0.0008695950964465737, 0.001747877337038517, 0.00340204662643373, 0.0007049065898172557, 0.0017286189831793308, 0.0013283212902024388, 0.002020953455939889, 0.002500206232070923, 0.0005219245213083923, 0.0011365939863026142, 0.0005988344200886786, 0.0007049065898172557, 0.002426507882773876, 0.0010394250275567174, 0.0012991982512176037, 0.002657495439052582, 0.0007037935429252684, 0.003267553634941578, 0.0017067276639863849, 0.0007037935429252684, 0.009964419528841972, 0.001747877337038517, 0.0035614639054983854, 0.0007049065898172557, 0.0009687292040325701, 0.0015805354341864586, 0.005561591126024723, 0.0009702658280730247, 0.0029947191942483187, 0.0020274107810109854, 0.0008474018541164696, 0.0005219245213083923, 0.0011280081234872341, 0.0005988344200886786, 0.0011231433600187302, 0.00048168684588745236], [0.008363304659724236, 0.003547435160726309, 0.8644739389419556, 0.008365482091903687, 0.00757027231156826, 0.003822549246251583, 0.0017336003948003054, 0.0063134413212537766, 0.0026460783556103706, 0.004157602321356535, 0.004217491019517183, 0.0014812476001679897, 0.006814060267060995, 0.001622773241251707, 0.0017336003948003054, 0.0047965883277356625, 0.0026589236222207546, 0.0017004263354465365, 0.003793458454310894, 0.0011582724982872605, 0.0030257387552410364, 0.0012218649499118328, 0.0011582724982872605, 0.00764487637206912, 0.00757027231156826, 0.004106726497411728, 0.0017336003948003054, 0.0019508799305185676, 0.002551014069467783, 0.007785876747220755, 0.003140571527183056, 0.004688830114901066, 0.0027900913264602423, 0.0013104379177093506, 0.0014812476001679897, 0.0030680852942168713, 0.0016227724263444543, 0.0014796415343880653, 0.0006987685337662697], [0.028224030509591103, 0.035747870802879333, 0.025464361533522606, 0.013619257137179375, 0.022686924785375595, 0.02208622358739376, 0.021921098232269287, 0.028346262872219086, 0.035041894763708115, 0.015961408615112305, 0.024523600935935974, 0.012576433829963207, 0.022745128720998764, 0.012702579610049725, 0.021921098232269287, 0.04668915271759033, 0.024549605324864388, 0.055630289018154144, 0.04274455085396767, 0.01259986124932766, 0.03986089304089546, 0.021677134558558464, 0.01259986124932766, 0.018128257244825363, 0.022686924785375595, 0.024889953434467316, 0.021921098232269287, 0.027820121496915817, 0.02450602501630783, 0.07254787534475327, 0.023289399221539497, 0.03602030500769615, 0.03895459696650505, 0.01507155317813158, 0.012576433829963207, 0.017085740342736244, 0.012702579610049725, 0.02141531929373741, 0.010464257560670376], [0.00209982693195343, 0.0014956160448491573, 0.001669099205173552, 0.0017492844490334392, 0.0007455226150341332, 0.40546005964279175, 0.000360367470420897, 0.0022333620581775904, 0.0007733589154668152, 0.001892576809041202, 0.002864882117137313, 0.0003817605029325932, 0.0036662081256508827, 0.00046615517931059003, 0.000360367470420897, 0.0013404402416199446, 0.00045103259617462754, 0.0006755157373845577, 0.0011512583587318659, 0.0003273613110650331, 0.002850511809810996, 0.0007157057407312095, 0.0003273613110650331, 0.00286189210601151, 0.0007455226150341332, 0.5476608872413635, 0.000360367470420897, 0.00043916632421314716, 0.0011632615933194757, 0.0012383328285068274, 0.005836873780936003, 0.001106305862776935, 0.00138594931922853, 0.0005422090762294829, 0.0003817605029325932, 0.0008560853311792016, 0.00046615497558377683, 0.0006136117153801024, 0.0002840009401552379], [0.027534402906894684, 0.019903747364878654, 0.0163669865578413, 0.015253107994794846, 0.022100962698459625, 0.03436368331313133, 0.01947580650448799, 0.022251520305871964, 0.028598548844456673, 0.0360005684196949, 0.021026039496064186, 0.01914271153509617, 0.024432683363556862, 0.019508853554725647, 0.01947580650448799, 0.02390405535697937, 0.017469963058829308, 0.014540315605700016, 0.02292601205408573, 0.01803794503211975, 0.017629677429795265, 0.17591343820095062, 0.01803794503211975, 0.06697473675012589, 0.022100962698459625, 0.03184977173805237, 0.01947580650448799, 0.013751247897744179, 0.02283901534974575, 0.01566220633685589, 0.0204255860298872, 0.016052935272455215, 0.02020798996090889, 0.01476474478840828, 0.01914271153509617, 0.014411984011530876, 0.01950884982943535, 0.016654375940561295, 0.012282388284802437], [0.030251605436205864, 0.03432808071374893, 0.027472706511616707, 0.02273542433977127, 0.021003151312470436, 0.026101185008883476, 0.017304779961705208, 0.03139827027916908, 0.030518651008605957, 0.021165864542126656, 0.025410590693354607, 0.01758994534611702, 0.041959911584854126, 0.01751313917338848, 0.017304779961705208, 0.03547970950603485, 0.02975328080356121, 0.026551812887191772, 0.029562417417764664, 0.013997329398989677, 0.03417174518108368, 0.024759693071246147, 0.013997329398989677, 0.023990506306290627, 0.021003151312470436, 0.02803184650838375, 0.017304779961705208, 0.025173170492053032, 0.023469263687729836, 0.0448325090110302, 0.027331015095114708, 0.03896138072013855, 0.0299583338201046, 0.016513068228960037, 0.01758994534611702, 0.02523769810795784, 0.01751313917338848, 0.039784692227840424, 0.012974126264452934], [0.025641025975346565, 0.025641025975346565, 0.025641025975346565, 0.025641025975346565, 0.025641025975346565, 0.025641025975346565, 0.025641025975346565, 0.025641025975346565, 0.025641025975346565, 0.025641025975346565, 0.025641025975346565, 0.025641025975346565, 0.025641025975346565, 0.025641025975346565, 0.025641025975346565, 0.025641025975346565, 0.025641025975346565, 0.025641025975346565, 0.025641025975346565, 0.025641025975346565, 0.025641025975346565, 0.025641025975346565, 0.025641025975346565, 0.025641025975346565, 0.025641025975346565, 0.025641025975346565, 0.025641025975346565, 0.025641025975346565, 0.025641025975346565, 0.025641025975346565, 0.025641025975346565, 0.025641025975346565, 0.025641025975346565, 0.025641025975346565, 0.025641025975346565, 0.025641025975346565, 0.025641025975346565, 0.025641025975346565, 0.025641025975346565]],