{"premise_tokens": ["Montana", "-LSB-", "mɒnˈtænə", "-RSB-", "is", "a", "state", "in", "the", "Western", "region", "of", "the", "United", "States", ".", "@@NULL@@"], "hypothesis_tokens": ["Montana", "is", "located", "in", "the", "Eastern", "region", "of", "the", "United", "States", ".", "@@NULL@@"], "label_logits": [-1.028404712677002, 1.7213565111160278, -0.7678591012954712], "label_probs": [0.05575213208794594, 0.87190181016922, 0.07234606891870499], "h2p_attention": [[0.9522078037261963, 0.001010124571621418, 0.001010124571621418, 0.001010124571621418, 0.0019872181583195925, 0.0014982952270656824, 0.011950231157243252, 0.002979364711791277, 0.000938356970436871, 0.006596323102712631, 0.0025712992064654827, 0.0011153827654197812, 0.000938356970436871, 0.0037614512257277966, 0.008748535066843033, 0.0009972647530958056, 0.0006797642563469708], [0.015717802569270134, 0.009676741436123848, 0.009676741436123848, 0.009676741436123848, 0.66306072473526, 0.02982906810939312, 0.027733691036701202, 0.05549071356654167, 0.031116293743252754, 0.014908249489963055, 0.03364318609237671, 0.018792910501360893, 0.031116293743252754, 0.012018805369734764, 0.010423298925161362, 0.02174217626452446, 0.005376562010496855], [0.05370134860277176, 0.027639970183372498, 0.027639970183372498, 0.027639970183372498, 0.17918039858341217, 0.02984071522951126, 0.051324523985385895, 0.16946475207805634, 0.04487459734082222, 0.02795734442770481, 0.1803266406059265, 0.03257479891180992, 0.04487459734082222, 0.027661442756652832, 0.02451343648135662, 0.03748307749629021, 0.013302461244165897], [0.045309051871299744, 0.017164357006549835, 0.017164357006549835, 0.017164357006549835, 0.10669282078742981, 0.04964207485318184, 0.05062996223568916, 0.41350865364074707, 0.03089982643723488, 0.042771000415086746, 0.053597912192344666, 0.02532646432518959, 0.03089982643723488, 0.029315372928977013, 0.03335653990507126, 0.026219816878437996, 0.010337595827877522], [0.03128652274608612, 0.03264354541897774, 0.03264354541897774, 0.03264354541897774, 0.1311688870191574, 0.06952659785747528, 0.04766193404793739, 0.06774608045816422, 0.12048986554145813, 0.051362406462430954, 0.07012475281953812, 0.0522267185151577, 0.12048986554145813, 0.037548039108514786, 0.03338970988988876, 0.04638351872563362, 0.022664576768875122], [0.06495491415262222, 0.0137562807649374, 0.0137562807649374, 0.0137562807649374, 0.030536623671650887, 0.027157580479979515, 0.08107925951480865, 0.061168037354946136, 0.017930269241333008, 0.36860519647598267, 0.059328556060791016, 0.012768709100782871, 0.017930269241333008, 0.057424146682024, 0.1414714753627777, 0.01242926623672247, 0.005946862045675516], [0.012455306947231293, 0.006664464250206947, 0.006664464250206947, 0.006664464250206947, 0.020604051649570465, 0.008195427246391773, 0.011096419766545296, 0.01707216165959835, 0.01018788293004036, 0.008425279520452023, 0.8500455021858215, 0.005604393780231476, 0.01018788293004036, 0.00627223402261734, 0.008919064886868, 0.007648307830095291, 0.003292760578915477], [0.04165318235754967, 0.030795767903327942, 0.030795767903327942, 0.030795767903327942, 0.08873030543327332, 0.06859240680932999, 0.05214269459247589, 0.06219244748353958, 0.05849620699882507, 0.04199213534593582, 0.04320670664310455, 0.251930832862854, 0.05849620699882507, 0.038609579205513, 0.03714451938867569, 0.03904014080762863, 0.02538531832396984], [0.03128652274608612, 0.03264354541897774, 0.03264354541897774, 0.03264354541897774, 0.1311688870191574, 0.06952659785747528, 0.04766193404793739, 0.06774608045816422, 0.12048986554145813, 0.051362406462430954, 0.07012475281953812, 0.0522267185151577, 0.12048986554145813, 0.037548039108514786, 0.03338970988988876, 0.04638351872563362, 0.022664576768875122], [0.021935293450951576, 0.0058508943766355515, 0.0058508943766355515, 0.0058508943766355515, 0.008861416019499302, 0.010737673379480839, 0.014378814026713371, 0.011241449043154716, 0.006567289121448994, 0.07070079445838928, 0.0075510716997087, 0.006029190961271524, 0.006567289121448994, 0.2224123328924179, 0.5863068699836731, 0.005193687509745359, 0.0039641172625124454], [0.0028483907226473093, 0.0003961870970670134, 0.0003961870970670134, 0.0003961870970670134, 0.0004290650540497154, 0.0006629120325669646, 0.0021490980871021748, 0.0007141409441828728, 0.0003260525409132242, 0.019087187945842743, 0.0005994896637275815, 0.00032384315272793174, 0.0003260525409132242, 0.03273415192961693, 0.9381085634231567, 0.00028118316549807787, 0.0002213209809269756], [0.04587770625948906, 0.03980147838592529, 0.03980147838592529, 0.03980147838592529, 0.12645849585533142, 0.06176544725894928, 0.06264743953943253, 0.07931581139564514, 0.06399788707494736, 0.04794016480445862, 0.07263648509979248, 0.04809261113405228, 0.06399788707494736, 0.040971215814352036, 0.039729781448841095, 0.09589311480522156, 0.0312715619802475], [0.05882352963089943, 0.05882352963089943, 0.05882352963089943, 0.05882352963089943, 0.05882352963089943, 0.05882352963089943, 0.05882352963089943, 0.05882352963089943, 0.05882352963089943, 0.05882352963089943, 0.05882352963089943, 0.05882352963089943, 0.05882352963089943, 0.05882352963089943, 0.05882352963089943, 0.05882352963089943, 0.05882352963089943]],