{"premise_tokens": ["The", "Lateran", "Palace", "(", "Palatium", "Lateranense", ")", ",", "formally", "the", "Apostolic", "Palace", "of", "the", "Lateran", "(", "Palatium", "Apostolicum", "Lateranense", ")", ",", "is", "an", "ancient", "palace", "of", "the", "Roman", "Empire", "and", "later", "the", "main", "papal", "residence", "in", "southeast", "Rome", ".", "@@NULL@@"], "hypothesis_tokens": ["The", "Apostolic", "Palace", "is", "the", "Pope", "'s", "residence", ".", "@@NULL@@"], "label_logits": [2.1008803844451904, 1.501666784286499, -5.960231781005859], "label_probs": [0.6453449130058289, 0.35445141792297363, 0.0002036550868069753], "h2p_attention": [[0.05365107208490372, 0.014535339549183846, 0.02759348787367344, 0.012128988280892372, 0.014535339549183846, 0.014535339549183846, 0.012250646017491817, 0.021141191944479942, 0.015692580491304398, 0.05365107208490372, 0.014535339549183846, 0.02759348787367344, 0.023255227133631706, 0.05365107208490372, 0.014535339549183846, 0.012128988280892372, 0.014535339549183846, 0.014535339549183846, 0.014535339549183846, 0.012250646017491817, 0.021141191944479942, 0.05840616673231125, 0.03741898015141487, 0.018168870359659195, 0.02759348787367344, 0.023255227133631706, 0.05365107208490372, 0.013493450358510017, 0.01789117231965065, 0.026830337941646576, 0.028258226811885834, 0.05365107208490372, 0.03982856124639511, 0.014535339549183846, 0.023407667875289917, 0.03016560524702072, 0.0233836118131876, 0.016903609037399292, 0.02065340057015419, 0.010091959498822689], [0.021834099665284157, 0.035033199936151505, 0.024900740012526512, 0.016296569257974625, 0.035033199936151505, 0.035033199936151505, 0.01691392809152603, 0.01684553734958172, 0.027088096365332603, 0.021834099665284157, 0.035033199936151505, 0.024900740012526512, 0.01839052326977253, 0.021834099665284157, 0.035033199936151505, 0.016296569257974625, 0.035033199936151505, 0.035033199936151505, 0.035033199936151505, 0.01691392809152603, 0.01684553734958172, 0.02728412300348282, 0.022935308516025543, 0.02162744663655758, 0.024900740012526512, 0.01839052326977253, 0.021834099665284157, 0.022263050079345703, 0.03566868230700493, 0.019227879121899605, 0.022501610219478607, 0.021834099665284157, 0.020984183996915817, 0.035033199936151505, 0.040730662643909454, 0.02517060376703739, 0.022986873984336853, 0.02101275511085987, 0.019294578582048416, 0.015159526839852333], [0.0020801115315407515, 0.0012496317503973842, 0.2777229845523834, 0.0010049666743725538, 0.0012496317503973842, 0.0012496317503973842, 0.0011745906667783856, 0.0010224113939329982, 0.00257283728569746, 0.0020801115315407515, 0.0012496317503973842, 0.2777229845523834, 0.0018123917980119586, 0.0020801115315407515, 0.0012496317503973842, 0.0010049666743725538, 0.0012496317503973842, 0.0012496317503973842, 0.0012496317503973842, 0.0011745906667783856, 0.0010224113939329982, 0.004215026739984751, 0.009064769372344017, 0.028443969786167145, 0.2777229845523834, 0.0018123917980119586, 0.0020801115315407515, 0.007710790261626244, 0.00665862625464797, 0.0010684799635782838, 0.0023015481419861317, 0.0020801115315407515, 0.002668760484084487, 0.0012496317503973842, 0.03418632224202156, 0.011166692711412907, 0.0035535944625735283, 0.01899588666856289, 0.0017871747259050608, 0.0007607736624777317], [0.020017296075820923, 0.006225104909390211, 0.019163155928254128, 0.00521723460406065, 0.006225104909390211, 0.006225104909390211, 0.004894710611552, 0.009711796417832375, 0.010844487696886063, 0.020017296075820923, 0.006225104909390211, 0.019163155928254128, 0.012089590542018414, 0.020017296075820923, 0.006225104909390211, 0.00521723460406065, 0.006225104909390211, 0.006225104909390211, 0.006225104909390211, 0.004894710611552, 0.009711796417832375, 0.42655089497566223, 0.06496590375900269, 0.008724248968064785, 0.019163155928254128, 0.012089590542018414, 0.020017296075820923, 0.00545211648568511, 0.007211063057184219, 0.010870886966586113, 0.03892769291996956, 0.020017296075820923, 0.047937989234924316, 0.006225104909390211, 0.017600979655981064, 0.03569750487804413, 0.01988237164914608, 0.010459625162184238, 0.01398687157779932, 0.0034587744157761335], [0.05365107208490372, 0.014535339549183846, 0.02759348787367344, 0.012128988280892372, 0.014535339549183846, 0.014535339549183846, 0.012250646017491817, 0.021141191944479942, 0.015692580491304398, 0.05365107208490372, 0.014535339549183846, 0.02759348787367344, 0.023255227133631706, 0.05365107208490372, 0.014535339549183846, 0.012128988280892372, 0.014535339549183846, 0.014535339549183846, 0.014535339549183846, 0.012250646017491817, 0.021141191944479942, 0.05840616673231125, 0.03741898015141487, 0.018168870359659195, 0.02759348787367344, 0.023255227133631706, 0.05365107208490372, 0.013493450358510017, 0.01789117231965065, 0.026830337941646576, 0.028258226811885834, 0.05365107208490372, 0.03982856124639511, 0.014535339549183846, 0.023407667875289917, 0.03016560524702072, 0.0233836118131876, 0.016903609037399292, 0.02065340057015419, 0.010091959498822689], [0.005082988180220127, 0.005940277595072985, 0.013474731706082821, 0.00494210422039032, 0.005940277595072985, 0.005940277595072985, 0.005248933099210262, 0.005478333216160536, 0.03488098829984665, 0.005082988180220127, 0.005940277595072985, 0.013474731706082821, 0.009845816530287266, 0.005082988180220127, 0.005940277595072985, 0.00494210422039032, 0.005940277595072985, 0.005940277595072985, 0.005940277595072985, 0.005248933099210262, 0.005478333216160536, 0.008915572427213192, 0.008320506662130356, 0.06255575269460678, 0.013474731706082821, 0.009845816530287266, 0.005082988180220127, 0.1831863671541214, 0.4242662191390991, 0.006401748396456242, 0.016165073961019516, 0.005082988180220127, 0.006872734986245632, 0.005940277595072985, 0.016076941043138504, 0.01607712358236313, 0.008661282248795033, 0.027767011895775795, 0.005784923676401377, 0.0037358130794018507], [0.03715204820036888, 0.01472408790141344, 0.02486863173544407, 0.011687156744301319, 0.01472408790141344, 0.01472408790141344, 0.012010857462882996, 0.02654106728732586, 0.021225618198513985, 0.03715204820036888, 0.01472408790141344, 0.02486863173544407, 0.02497556433081627, 0.03715204820036888, 0.01472408790141344, 0.011687156744301319, 0.01472408790141344, 0.01472408790141344, 0.01472408790141344, 0.012010857462882996, 0.02654106728732586, 0.05939174443483353, 0.03674105927348137, 0.029703263193368912, 0.02486863173544407, 0.02497556433081627, 0.03715204820036888, 0.013268502429127693, 0.04622557386755943, 0.030858227983117104, 0.05503103509545326, 0.03715204820036888, 0.03519320860505104, 0.01472408790141344, 0.02692585065960884, 0.0278247632086277, 0.031007805839180946, 0.015535948798060417, 0.018444376066327095, 0.00931090023368597], [0.0005098747787997127, 0.0005906315054744482, 0.009878197684884071, 0.00036637659650295973, 0.0005906315054744482, 0.0005906315054744482, 0.00039080617716535926, 0.00028276178636588156, 0.002005253452807665, 0.0005098747787997127, 0.0005906315054744482, 0.009878197684884071, 0.00034638764918781817, 0.0005098747787997127, 0.0005906315054744482, 0.00036637659650295973, 0.0005906315054744482, 0.0005906315054744482, 0.0005906315054744482, 0.00039080617716535926, 0.00028276178636588156, 0.0011186532210558653, 0.001247292384505272, 0.015776902437210083, 0.009878197684884071, 0.00034638764918781817, 0.0005098747787997127, 0.0013321756850928068, 0.0021694409660995007, 0.0002843494003172964, 0.0010032685240730643, 0.0005098747787997127, 0.0007254405645653605, 0.0005906315054744482, 0.9218418598175049, 0.0027837809175252914, 0.0015709549188613892, 0.007114778272807598, 0.000533747544977814, 0.0002198268921347335], [0.028219135478138924, 0.01755000650882721, 0.03239211440086365, 0.018694506958127022, 0.01755000650882721, 0.01755000650882721, 0.018612876534461975, 0.018391434103250504, 0.022243816405534744, 0.028219135478138924, 0.01755000650882721, 0.03239211440086365, 0.02120588719844818, 0.028219135478138924, 0.01755000650882721, 