{"premise_tokens": ["Playboy", "is", "an", "American", "men", "'s", "lifestyle", "and", "entertainment", "magazine", ".", "@@NULL@@"], "hypothesis_tokens": ["Playboy", "is", "an", "Italian", "magazine", ".", "@@NULL@@"], "label_logits": [-3.0266225337982178, 3.3506462574005127, -1.201859712600708], "label_probs": [0.001679204753600061, 0.9879075288772583, 0.010413292795419693], "h2p_attention": [[0.9963812232017517, 3.8122787373140454e-05, 6.354843935696408e-05, 0.0001390855759382248, 7.924412057036534e-05, 0.00013995937479194254, 0.0005819979123771191, 4.554279803414829e-05, 0.00015295985213015229, 0.0023460141383111477, 1.8315149645786732e-05, 1.4092699530010577e-05], [0.015418874099850655, 0.7029275894165039, 0.10705951601266861, 0.016552314162254333, 0.018136626109480858, 0.03635770455002785, 0.024102361872792244, 0.017914501950144768, 0.018630648031830788, 0.014150692149996758, 0.023049436509609222, 0.00569983059540391], [0.05439339950680733, 0.22656822204589844, 0.37992751598358154, 0.029986120760440826, 0.037308864295482635, 0.047598764300346375, 0.06890405714511871, 0.03224525973200798, 0.038496579974889755, 0.03915237635374069, 0.03335638716816902, 0.012062455527484417], [0.011079427786171436, 0.0016116389306262136, 0.0016733129741623998, 0.9646292328834534, 0.003673352301120758, 0.0011566280154511333, 0.0029696833807975054, 0.0008718080935068429, 0.003683270886540413, 0.007443292997777462, 0.000806189957074821, 0.0004020578053314239], [0.010227981954813004, 0.00015253496530931443, 0.00019942331709899008, 0.00043037516297772527, 0.00019468815298750997, 0.00014260598982218653, 0.000608580419793725, 9.865167521638796e-05, 0.002466026460751891, 0.9853115081787109, 0.00010618710803100839, 6.144032522570342e-05], [0.05073586851358414, 0.15786920487880707, 0.10795490443706512, 0.05516441538929939, 0.10175324976444244, 0.07733415067195892, 0.06516780704259872, 0.0757458433508873, 0.08205285668373108, 0.0674709901213646, 0.11971177160739899, 0.03903902694582939], [0.0833333432674408, 0.0833333432674408, 0.0833333432674408, 0.0833333432674408, 0.0833333432674408, 0.0833333432674408, 0.0833333432674408, 0.0833333432674408, 0.0833333432674408, 0.0833333432674408, 0.0833333432674408, 0.0833333432674408]], "p2h_attention": [[0.9971293807029724, 3.815141462837346e-05, 6.35961550869979e-05, 0.0003886413178406656, 0.002347775734961033, 1.832890120567754e-05, 1.4103281500865705e-05], [0.017302149906754494, 0.7887839078903198, 0.12013586610555649, 0.025638272985816002, 0.0158790722489357, 0.025864718481898308, 0.006396014243364334], [0.06836238503456116, 0.28475406765937805, 0.4774981737136841, 0.06309507042169571, 0.04920725151896477, 0.04192277416586876, 0.015160261653363705], [0.004071664065122604, 0.001198065816424787, 0.001025577774271369, 0.9898192882537842, 0.0028898660093545914, 0.0005829669535160065, 0.00041255701216869056], [0.2021988332271576, 0.1144196093082428, 0.11121983826160431, 0.32853376865386963, 0.1139441654086113, 0.09372495114803314, 0.03595886379480362], [0.3492662310600281, 0.2243279218673706, 0.13877426087856293, 0.10117053985595703, 0.08162690699100494, 0.0696660503745079, 0.03516809642314911], [0.5800301432609558, 0.05939105525612831, 0.08022921532392502, 0.10373973101377487, 0.1391194760799408, 0.02344539389014244, 0.014045054093003273], [0.2050270289182663, 0.19940145313739777, 0.16959600150585175, 0.1375681459903717, 0.1018676906824112, 0.12309639155864716, 0.06344325840473175], [0.15569162368774414, 0.04688649624586105, 0.04577921703457832, 0.13140958547592163, 0.5757394433021545, 0.03014925867319107, 0.014344383031129837], [0.010256736539304256, 0.00015296379569917917, 0.0001999839732889086, 0.0011406419798731804, 0.9880815744400024, 0.00010648564057191834, 6.161305645946413e-05], [0.08169221132993698, 0.25419265031814575, 0.173823282122612, 0.1260414719581604, 0.1086382269859314, 0.19275356829166412, 0.06285858154296875], [0.1428571492433548, 0.1428571492433548, 0.1428571492433548, 0.1428571492433548, 0.1428571492433548, 0.1428571492433548, 0.1428571492433548]], "claim": "Playboy is an Italian magazine.", "premise_source_doc_id": "Playboy", "premise_source_doc_line_num": 0, "premise_source_doc_sentence": "Playboy is an American men 's lifestyle and entertainment magazine ."}
{"premise_tokens": ["Playboy", "Indonesia", "is", "a", "franchise", "of", "Playboy", "magazine", "in", "Indonesia", ".", "@@NULL@@"], "hypothesis_tokens": ["Playboy", "is", "an", "Italian", "magazine", ".", "@@NULL@@"], "label_logits": [0.11210102587938309, 1.1966569423675537, -2.0952799320220947], "label_probs": [0.24581415951251984, 0.7271491885185242, 0.02703668922185898], "h2p_attention": [[0.4993092119693756, 1.382568916596938e-05, 1.910419450723566e-05, 2.480231887602713e-05, 4.910114512313157e-05, 1.0571206075837836e-05, 0.4993092119693756, 0.0011756409658119082, 5.8455931139178574e-05, 1.382568916596938e-05, 9.178136679111049e-06, 7.0621713348373305e-06], [0.016632283106446266, 0.011065872386097908, 0.7582454681396484, 0.034111138433218, 0.021023781970143318, 0.02149069868028164, 0.016632283106446266, 0.015264299698174, 0.06345660239458084, 0.011065872386097908, 0.024863343685865402, 0.006148386746644974], [0.0718608871102333, 0.024110209196805954, 0.299326628446579, 0.08660503476858139, 0.0408884696662426, 0.048959217965602875, 0.0718608871102333, 0.05172547325491905, 0.2205485850572586, 0.024110209196805954, 0.04406821355223656, 0.015936100855469704], [0.22867369651794434, 0.027562834322452545, 0.03326341137290001, 0.038922399282455444, 0.12923823297023773, 0.030883176252245903, 0.22867369651794434, 0.1536257565021515, 0.07665636390447617, 0.027562834322452545, 0.0166393481194973, 0.008298266679048538], [0.010154373943805695, 9.915643749991432e-05, 0.00015143722703214735, 0.00021556807041633874, 0.0003108502132818103, 8.140812860801816e-05, 0.010154373943805695, 0.978220522403717, 0.0003467020869720727, 9.915643749991432e-05, 0.00010542291420279071, 6.099815800553188e-05], [0.056612808257341385, 0.05544319376349449, 0.17615583539009094, 0.08603885024785995, 0.08378823101520538, 0.06699268519878387, 0.056612808257341385, 0.07528643310070038, 0.11048638820648193, 0.05544319376349449, 0.13357846438884735, 0.04356107860803604], [0.0833333432674408, 0.0833333432674408, 0.0833333432674408, 0.0833333432674408, 0.0833333432674408, 0.0833333432674408, 0.0833333432674408, 0.0833333432674408, 0.0833333432674408, 0.0833333432674408, 0.0833333432674408, 0.0833333432674408]],