{"premise_tokens": ["Nadi", "(", "pronounced", "-LSB-", "ˈnandi", "-RSB-", ")", "is", "the", "third", "-", "largest", "conurbation", "in", "Fiji", ".", "@@NULL@@"], "hypothesis_tokens": ["Nadi", "is", "the", "third", "-", "largest", "conurbation", "located", "in", "Fiji", ".", "@@NULL@@"], "label_logits": [1.597838044166565, 0.3075103759765625, -3.204329013824463], "label_probs": [0.7791848182678223, 0.21441654860973358, 0.006398613564670086], "h2p_attention": [[0.08008415997028351, 0.03725315257906914, 0.04873603209853172, 0.08008415997028351, 0.08008415997028351, 0.08008415997028351, 0.038664404302835464, 0.06237015873193741, 0.049911677837371826, 0.04489395022392273, 0.041099436581134796, 0.08276382833719254, 0.08008415997028351, 0.05753875896334648, 0.05758751183748245, 0.04410644993185997, 0.0346539281308651], [0.010013822466135025, 0.008392542600631714, 0.02042677439749241, 0.010013822466135025, 0.010013822466135025, 0.010013822466135025, 0.007873725146055222, 0.6861578822135925, 0.032200202345848083, 0.06813635677099228, 0.008512803353369236, 0.017765382304787636, 0.010013822466135025, 0.05742368474602699, 0.014978091232478619, 0.02249954827129841, 0.005563850048929453], [0.03828592225909233, 0.03194762021303177, 0.04667908698320389, 0.03828592225909233, 0.03828592225909233, 0.03828592225909233, 0.032268065959215164, 0.15384119749069214, 0.14131632447242737, 0.09555113315582275, 0.032007135450839996, 0.06772185117006302, 0.03828592225909233, 0.07945586740970612, 0.046799153089523315, 0.05440082773566246, 0.026582108810544014], [0.0002034980134340003, 0.00032420665957033634, 0.00047861479106359184, 0.0002034980134340003, 0.0002034980134340003, 0.0002034980134340003, 0.00031479785684496164, 0.0019236593507230282, 0.0005646394565701485, 0.9925526976585388, 0.000225391864660196, 0.0010294412495568395, 0.0002034980134340003, 0.000558515137527138, 0.0004398823657538742, 0.00041365844663232565, 0.00015708140563219786], [0.029489589855074883, 0.031237423419952393, 0.03564969450235367, 0.029489589855074883, 0.029489589855074883, 0.029489589855074883, 0.03115701861679554, 0.038043685257434845, 0.029939375817775726, 0.03567785769701004, 0.3861904442310333, 0.13206510245800018, 0.029489589855074883, 0.04334666207432747, 0.03755418211221695, 0.026825781911611557, 0.02486482448875904], [0.00019383078324608505, 8.311813871841878e-05, 0.00017629720969125628, 0.00019383078324608505, 0.00019383078324608505, 0.00019383078324608505, 9.109522216022015e-05, 0.0002591396332718432, 0.00020676357962656766, 0.0005318774492479861, 0.00043105974327772856, 0.9965012669563293, 0.00019383078324608505, 0.0003172169963363558, 0.00019956145843025297, 0.00015226885443553329, 8.115865057334304e-05], [0.08008415997028351, 0.03725315257906914, 0.04873603209853172, 0.08008415997028351, 0.08008415997028351, 0.08008415997028351, 0.038664404302835464, 0.06237015873193741, 0.049911677837371826, 0.04489395022392273, 0.041099436581134796, 0.08276382833719254, 0.08008415997028351, 0.05753875896334648, 0.05758751183748245, 0.04410644993185997, 0.0346539281308651], [0.032810624688863754, 0.027945159003138542, 0.038213785737752914, 0.032810624688863754, 0.032810624688863754, 0.032810624688863754, 0.028444355353713036, 0.21269996464252472, 0.05326936021447182, 0.03601257875561714, 0.02768649533390999, 0.12600615620613098, 0.032810624688863754, 0.2011667788028717, 0.024216178804636, 0.044495098292827606, 0.015790972858667374], [0.019765248522162437, 0.017539530992507935, 0.030825264751911163, 0.019765248522162437, 0.019765248522162437, 0.019765248522162437, 0.019082989543676376, 0.12285983562469482, 0.035582035779953, 0.042325735092163086, 0.02075221948325634, 0.0465281717479229, 0.019765248522162437, 0.47616705298423767, 0.04741400480270386, 0.030192868784070015, 0.011904037557542324], [0.00023227250494528562, 0.00015749232261441648, 0.00028521710191853344, 0.00023227250494528562, 0.00023227250494528562, 0.00023227250494528562, 0.0001681382127571851, 0.000376273033907637, 0.0002460768446326256, 0.00039141171146184206, 0.00021110325178597122, 0.0003436875995248556, 0.00023227250494528562, 0.0005567168700508773, 0.9957805275917053, 0.00018224219093099236, 0.00013977258640807122], [0.04102174565196037, 0.04369692504405975, 0.07644066214561462, 0.04102174565196037, 0.04102174565196037, 0.04102174565196037, 0.04350611940026283, 0.13033556938171387, 0.06595999002456665, 0.08487537503242493, 0.03477215766906738, 0.06047015264630318, 0.04102174565196037, 0.08174753934144974, 0.04202341288328171, 0.09883309155702591, 0.03223031386733055], [0.05882352963089943, 0.05882352963089943, 0.05882352963089943, 0.05882352963089943, 0.05882352963089943, 0.05882352963089943, 0.05882352963089943, 0.05882352963089943, 0.05882352963089943, 0.05882352963089943, 0.05882352963089943, 0.05882352963089943, 0.05882352963089943, 0.05882352963089943, 0.05882352963089943, 0.05882352963089943, 0.05882352963089943]],