{"premise_tokens": ["The", "Secret", "Life", "of", "Bees", "(", "film", ")", ",", "a", "2008", "film", "based", "on", "the", "novel", "@@NULL@@"], "hypothesis_tokens": ["The", "Secret", "Life", "of", "Bees", "(", "film", ")", "is", "noted", "for", "Halle", "Berry", "'s", "performance", ".", "@@NULL@@"], "label_logits": [-1.1860064268112183, -1.24335777759552, 0.6751564741134644], "label_probs": [0.11939623206853867, 0.11274135112762451, 0.7678623795509338], "h2p_attention": [[0.13051539659500122, 0.03893136605620384, 0.08033327758312225, 0.0565723180770874, 0.044905513525009155, 0.029505837708711624, 0.058394841849803925, 0.029801789671182632, 0.05142955854535103, 0.07531166076660156, 0.035205282270908356, 0.058394841849803925, 0.0416986383497715, 0.07352647185325623, 0.13051539659500122, 0.04040736332535744, 0.024550415575504303], [0.032950978726148605, 0.3707827925682068, 0.0680113136768341, 0.02721371501684189, 0.03750801086425781, 0.02278997376561165, 0.05074166879057884, 0.023047342896461487, 0.02697884663939476, 0.04538053274154663, 0.0526154600083828, 0.05074166879057884, 0.03725694864988327, 0.030576907098293304, 0.032950978726148605, 0.06967373192310333, 0.020779138430953026], [0.001789551810361445, 0.0017900331877171993, 0.9239789843559265, 0.001994434976950288, 0.002211306942626834, 0.0006806713063269854, 0.012239138595759869, 0.0008190786466002464, 0.0012083427282050252, 0.008197483606636524, 0.005206942092627287, 0.012239138595759869, 0.0031016606371849775, 0.009496605023741722, 0.001789551810361445, 0.012710042297840118, 0.0005468995659612119], [0.05352170020341873, 0.030419014394283295, 0.08470266312360764, 0.23050668835639954, 0.03706955537199974, 0.02555093541741371, 0.04374104365706444, 0.027477605268359184, 0.04774920642375946, 0.06275932490825653, 0.0657816082239151, 0.04374104365706444, 0.0698203593492508, 0.06478576362133026, 0.05352170020341873, 0.035625211894512177, 0.023226555436849594], [0.027448005974292755, 0.027087340131402016, 0.06067522615194321, 0.02394983544945717, 0.5081900358200073, 0.01939672976732254, 0.05225653946399689, 0.020890604704618454, 0.01777566783130169, 0.036998648196458817, 0.028512319549918175, 0.05225653946399689, 0.027324475347995758, 0.027026450261473656, 0.027448005974292755, 0.027757491916418076, 0.015006174333393574], [0.04579552263021469, 0.04179172217845917, 0.047424618154764175, 0.04191755875945091, 0.049252983182668686, 0.1310385763645172, 0.051220670342445374, 0.11519421637058258, 0.0432564914226532, 0.04067044332623482, 0.06839537620544434, 0.051220670342445374, 0.053170591592788696, 0.05011117085814476, 0.04579552263021469, 0.08563952147960663, 0.03810429573059082], [0.0006065823836252093, 0.0006227465928532183, 0.005707125179469585, 0.00048026235890574753, 0.0008880652603693306, 0.0003428035997785628, 0.4917745888233185, 0.0004185861616861075, 0.0003235936164855957, 0.0011860326630994678, 0.0014865297125652432, 0.4917745888233185, 0.0009965302888303995, 0.0009557708981446922, 0.0006065823836252093, 0.0015745814889669418, 0.0002550199278630316], [0.04374277591705322, 0.0399683453142643, 0.053968556225299835, 0.0426301546394825, 0.05016534775495529, 0.10893804579973221, 0.05914711952209473, 0.1184677854180336, 0.04056187719106674, 0.0424632653594017, 0.06990203261375427, 0.05914711952209473, 0.049624890089035034, 0.05146340653300285, 0.04374277591705322, 0.09003172069787979, 0.03603485971689224], [0.07966843992471695, 0.024892320856451988, 0.13919435441493988, 0.048116326332092285, 0.03138025850057602, 0.020764492452144623, 0.05308425799012184, 0.01948084682226181, 0.038652755320072174, 0.07637269794940948, 0.06269096583127975, 0.05308425799012184, 0.07120274007320404, 0.11855144798755646, 0.07966843992471695, 0.06942955404520035, 0.013765851967036724], [0.05898989364504814, 0.05877893790602684, 0.0665716752409935, 0.04968627542257309, 0.05452404171228409, 0.04402896761894226, 0.0781942829489708, 0.04569690674543381, 0.0455121286213398, 0.05604229122400284, 0.05902101472020149, 0.0781942829489708, 0.06995061039924622, 0.06388171017169952, 0.05898989364504814, 0.07098014652729034, 0.04095698148012161], [0.05602693185210228, 0.0488111712038517, 0.09366219490766525, 0.05873757228255272, 0.04423285275697708, 0.024566171690821648, 0.05227318033576012, 0.028217023238539696, 0.0456199087202549, 0.10287261009216309, 0.10124456882476807, 0.05227318033576012, 0.03765580430626869, 0.053357213735580444, 0.05602693185210228, 0.12274905294179916, 0.021673614159226418], [0.05898989364504814, 0.05877893790602684, 0.0665716752409935, 0.04968627542257309, 0.05452404171228409, 0.04402896761894226, 0.0781942829489708, 0.04569690674543381, 0.0455121286213398, 0.05604229122400284, 0.05902101472020149, 0.0781942829489708, 0.06995061039924622, 0.06388171017169952, 0.05898989364504814, 0.07098014652729034, 0.04095698148012161], [0.062409982085227966, 0.07075262069702148, 0.08300438523292542, 0.03473841771483421, 0.06271649897098541, 0.04152294248342514, 0.04218866676092148, 0.040207814425230026, 0.0627102479338646, 0.09012404829263687, 0.03687803074717522, 0.04218866676092148, 0.07025320082902908, 0.057830046862363815, 0.062409982085227966, 0.11603132635354996, 0.024033142253756523], [0.08791997283697128, 0.04751841351389885, 0.09662101417779922, 0.05910443142056465, 0.06384775042533875, 0.02765754610300064, 0.04350675269961357, 0.028423581272363663, 0.06280919164419174, 0.09232217818498611, 0.03692671284079552, 0.04350675269961357, 0.08132975548505783, 0.056724149733781815, 0.08791997283697128, 0.06182774156332016, 0.02203415520489216], [0.019145002588629723, 0.008593421429395676, 0.3913637697696686, 0.021915581077337265, 0.01183727290481329, 0.007066030986607075, 0.11546401679515839, 0.007707432843744755, 0.02143741026520729, 0.06400972604751587, 0.019187668338418007, 0.11546401679515839, 0.10069289058446884, 0.040798358619213104, 0.019145002588629723, 0.0314556285738945, 0.004716778639703989], [0.06515112519264221, 0.049079541116952896, 0.09394589811563492, 0.04895923659205437, 0.051660679280757904, 0.043161068111658096, 0.0687827318906784, 0.04297260567545891, 0.04246135056018829, 0.06287845224142075, 0.07752487808465958, 0.0687827318906784, 0.05326440930366516, 0.07433956116437912, 0.06515112519264221, 0.06004958599805832, 0.031835075467824936], [0.05882352963089943, 0.05882352963089943, 0.05882352963089943, 0.05882352963089943, 0.05882352963089943, 0.05882352963089943, 0.05882352963089943, 0.05882352963089943, 0.05882352963089943, 0.05882352963089943, 0.05882352963089943, 0.05882352963089943, 0.05882352963089943, 0.05882352963089943, 0.05882352963089943, 0.05882352963089943, 0.05882352963089943]],