{"premise_tokens": ["The", "line", "was", "a", "leggings", "line", ",", "before", "being", "expanding", "to", "a", "full", "clothing", "collection", ".", "@@NULL@@"], "hypothesis_tokens": ["6126", "started", "as", "a", "full", "leggings", "line", ".", "@@NULL@@"], "label_logits": [1.4908733367919922, 0.18381430208683014, -3.29164719581604], "label_probs": [0.7818672060966492, 0.21158479154109955, 0.006548032630234957], "h2p_attention": [[0.05736285075545311, 0.06315933912992477, 0.05716912820935249, 0.05449655279517174, 0.05447116494178772, 0.06315933912992477, 0.04425683245062828, 0.05703423544764519, 0.06718248128890991, 0.09122618287801743, 0.06686505675315857, 0.05449655279517174, 0.06931543350219727, 0.06112412363290787, 0.0481623150408268, 0.05069098249077797, 0.03982732445001602], [0.008946125395596027, 0.16804112493991852, 0.00809180736541748, 0.01236166711896658, 0.0059221540577709675, 0.16804112493991852, 0.005114279687404633, 0.44839736819267273, 0.02670130506157875, 0.03489404171705246, 0.0495966412127018, 0.01236166711896658, 0.023431364446878433, 0.011688662692904472, 0.006858509965240955, 0.006856593769043684, 0.002695517847314477], [0.05152731388807297, 0.04919441044330597, 0.04041003808379173, 0.08762072771787643, 0.02538539096713066, 0.04919441044330597, 0.06152582913637161, 0.13202325999736786, 0.08631116151809692, 0.04536682739853859, 0.08792482316493988, 0.08762072771787643, 0.08154580742120743, 0.04213603958487511, 0.02566606178879738, 0.03142688423395157, 0.015120294876396656], [0.042184147983789444, 0.044571615755558014, 0.03636515513062477, 0.1874295026063919, 0.02504199929535389, 0.044571615755558014, 0.03762298449873924, 0.06788596510887146, 0.05418936535716057, 0.029120124876499176, 0.06592507660388947, 0.1874295026063919, 0.05922578647732735, 0.042539458721876144, 0.034985557198524475, 0.0271607618778944, 0.013751368969678879], [0.01992432028055191, 0.043294597417116165, 0.01552293635904789, 0.028085824102163315, 0.025053387507796288, 0.043294597417116165, 0.03596143424510956, 0.08141540735960007, 0.029848836362361908, 0.020434781908988953, 0.027643736451864243, 0.028085824102163315, 0.5162684917449951, 0.03479168936610222, 0.030520277097821236, 0.013332797214388847, 0.006521121133118868], [0.0025051587726920843, 0.010578920133411884, 0.00379982590675354, 0.0037541831843554974, 0.8994882702827454, 0.010578920133411884, 0.005037430673837662, 0.004434127360582352, 0.0040539284236729145, 0.0027278007473796606, 0.002876885700970888, 0.0037541831843554974, 0.007920208387076855, 0.028133412823081017, 0.005211193114519119, 0.003084035124629736, 0.0020615425892174244], [0.0025567312259227037, 0.4459344148635864, 0.0031996348407119513, 0.003063257783651352, 0.0048497626557946205, 0.4459344148635864, 0.001965571427717805, 0.0471615344285965, 0.008519664406776428, 0.00372671359218657, 0.007400549948215485, 0.003063257783651352, 0.006274550687521696, 0.006888503208756447, 0.006677174009382725, 0.0018391961930319667, 0.000945085717830807], [0.05857197567820549, 0.05569682642817497, 0.06563422828912735, 0.056528810411691666, 0.04281548038125038, 0.05569682642817497, 0.038173481822013855, 0.09374064207077026, 0.08594686537981033, 0.05398930609226227, 0.06686071306467056, 0.056528810411691666, 0.0585157610476017, 0.046349212527275085, 0.04856768995523453, 0.08776303380727768, 0.028620267286896706], [0.05882352963089943, 0.05882352963089943, 0.05882352963089943, 0.05882352963089943, 0.05882352963089943, 0.05882352963089943, 0.05882352963089943, 0.05882352963089943, 0.05882352963089943, 0.05882352963089943, 0.05882352963089943, 0.05882352963089943, 0.05882352963089943, 0.05882352963089943, 0.05882352963089943, 0.05882352963089943, 0.05882352963089943]], "p2h_attention": [[0.0677560344338417, 0.15613174438476562, 0.16031551361083984, 0.14431174099445343, 0.14373400807380676, 0.057166460901498795, 0.12726593017578125, 0.0962752178311348, 0.04704336076974869], [0.002847174182534218, 0.11192596703767776, 0.005841344594955444, 0.005819287151098251, 0.011919798329472542, 0.009213115088641644, 0.8471440076828003, 0.0034939309116452932, 0.001795384450815618], [0.06948904693126678, 0.14532463252544403, 0.12937933206558228, 0.1280192881822586, 0.1152358204126358, 0.0892292782664299, 0.16389478743076324, 0.11101778596639633, 0.0484100878238678], [0.03627241775393486, 0.12156914919614792, 0.1536155343055725, 0.3613104820251465, 0.1141703799366951, 0.04827381297945976, 0.08592133224010468, 0.052358195185661316, 0.02650870755314827], [0.0030068748164922, 0.0048302230425179005, 0.0036910788621753454, 0.004003620240837336, 0.008446445688605309, 0.9592524766921997, 0.011281820945441723, 0.0032889461144804955, 0.0021985163912177086], [0.002847174182534218, 0.11192596703767776, 0.005841344594955444, 0.005819287151098251, 0.011919798329472542, 0.009213115088641644, 0.8471440076828003, 0.0034939309116452932, 0.001795384450815618], [0.050088051706552505, 0.08552186191082001, 0.18341387808322906, 0.123322494328022, 0.24857056140899658, 0.11014168709516525, 0.09374594688415527, 0.060120560228824615, 0.04507492482662201], [0.005722144618630409, 0.6646993160247803, 0.03488948568701744, 0.019725972786545753, 0.04988715052604675, 0.008594492450356483, 0.19939813017845154, 0.013087556697428226, 0.003995805978775024], [0.0413411483168602, 0.24277159571647644, 0.139898881316185, 0.09657745063304901, 0.11217930167913437, 0.04819381237030029, 0.22093214094638824, 0.07359764724969864, 0.024507984519004822], [0.07239335775375366, 0.4091376066207886, 0.09482842683792114, 0.066927969455719, 0.09903942048549652, 0.041819680482149124, 0.12462783604860306, 0.05962033197283745, 0.03160533308982849], [0.035352952778339386, 0.38745173811912537, 0.12244999408721924, 0.10095138847827911, 0.08926517516374588, 0.029385823756456375, 0.1648922860622406, 0.04919316992163658, 0.02105753682553768], [0.03627241775393486, 0.12156914919614792, 0.1536155343055725, 0.3613104820251465, 0.1141703799366951, 0.04827381297945976, 0.08592133224010468, 0.052358195185661316, 0.02650870755314827], [0.015425320714712143, 0.07704435288906097, 0.04779987782239914, 0.03817247599363327, 0.7016794681549072, 0.03405098244547844, 0.058843277394771576, 0.01812109909951687, 0.008863095194101334], [0.03776262328028679, 0.10669725388288498, 0.0685683935880661, 0.07611610740423203, 0.1312755048274994, 0.33578452467918396, 0.17934291064739227, 0.039847325533628464, 0.02460540644824505], [0.048438068479299545, 0.10191737860441208, 0.06799226254224777, 0.10190685093402863, 0.1874678134918213, 0.10125240683555603, 0.282997190952301, 0.06797266751527786, 0.040055353194475174], [0.07305056601762772, 0.14599572122097015, 0.11929300427436829, 0.1133626401424408, 0.11734724789857864, 0.08586199581623077, 0.11169423162937164, 0.17599965631961823, 0.05739498510956764], [0.1111111119389534, 0.1111111119389534, 0.1111111119389534, 0.1111111119389534, 0.1111111119389534, 0.1111111119389534, 0.1111111119389534, 0.1111111119389534, 0.1111111119389534]], "claim": "6126 started as a full leggings line.", "premise_source_doc_id": "6126_-LRB-clothing_line-RRB-", "premise_source_doc_line_num": 1, "premise_source_doc_sentence": "The line was a leggings line , before being expanding to a full clothing collection ."}
