{"premise_tokens": ["Sir", "Patrick", "Stewart", "OBE", "(", "born", "13", "July", "1940", ")", "is", "an", "English", "actor", "whose", "career", "has", "included", "roles", "on", "stage", ",", "television", ",", "and", "film", "in", "a", "career", "spanning", "almost", "six", "decades", ".", "@@NULL@@"], "hypothesis_tokens": ["Patrick", "Stewart", "is", "English", ".", "@@NULL@@"], "label_logits": [2.9856350421905518, -1.5344151258468628, -2.603135824203491], "label_probs": [0.9855827689170837, 0.010731496848165989, 0.003685706527903676], "h2p_attention": [[0.02409512735903263, 0.07521840929985046, 0.03297579661011696, 0.020187782123684883, 0.017822226509451866, 0.028259024024009705, 0.029204826802015305, 0.02178078144788742, 0.021836725994944572, 0.01958213932812214, 0.031591806560754776, 0.028723493218421936, 0.057658642530441284, 0.02575823850929737, 0.02510746568441391, 0.03442002087831497, 0.045162420719861984, 0.03142937645316124, 0.036552008241415024, 0.027387676760554314, 0.043828170746564865, 0.020561538636684418, 0.021823810413479805, 0.020561538636684418, 0.02039855159819126, 0.0222670566290617, 0.02584717981517315, 0.021549513563513756, 0.03442002087831497, 0.020187782123684883, 0.024031847715377808, 0.027644844725728035, 0.026546373963356018, 0.018841009587049484, 0.01673680730164051], [0.011007707566022873, 0.01574210822582245, 0.3751666843891144, 0.01194828562438488, 0.009667429141700268, 0.02364736795425415, 0.010698731057345867, 0.014944258145987988, 0.01833200827240944, 0.010196168906986713, 0.030752619728446007, 0.01758684031665325, 0.03862856701016426, 0.029466496780514717, 0.014874459244310856, 0.036284077912569046, 0.019803917035460472, 0.030332837253808975, 0.043921977281570435, 0.013206820003688335, 0.017625709995627403, 0.009090321138501167, 0.015014883130788803, 0.009090321138501167, 0.013576523400843143, 0.016207486391067505, 0.015913628041744232, 0.018061406910419464, 0.036284077912569046, 0.01194828562438488, 0.014496201649308205, 0.01031939871609211, 0.015384640544652939, 0.012787883169949055, 0.007989879697561264], [0.008000455796718597, 0.005466740112751722, 0.011147269047796726, 0.005212561227381229, 0.004368625581264496, 0.040845002979040146, 0.01237682718783617, 0.019884061068296432, 0.009232784621417522, 0.004098562058061361, 0.3571702837944031, 0.05439888313412666, 0.031910207122564316, 0.013978835195302963, 0.015276900492608547, 0.021252466365695, 0.053060926496982574, 0.04711763188242912, 0.015229674987494946, 0.024941952899098396, 0.03181587904691696, 0.00813212525099516, 0.008311041630804539, 0.00813212525099516, 0.009102683514356613, 0.011168358847498894, 0.029891129583120346, 0.016067996621131897, 0.021252466365695, 0.005212561227381229, 0.06481298059225082, 0.009080851450562477, 0.007441304624080658, 0.011711837723851204, 0.0028961875941604376], [0.00018783107225317508, 0.0002602722670417279, 0.00036526203621178865, 0.00012081757449777797, 0.0001336286950390786, 0.011522299610078335, 0.00015240341599565, 0.0007491534925065935, 0.0011213206453248858, 0.00011878950317623094, 0.0008324130321852863, 0.0003795232914853841, 0.972847580909729, 0.0004752767563331872, 0.0004188906168565154, 0.0003590008709579706, 0.0006024608155712485, 0.0019372566603124142, 0.002550567500293255, 0.0003462879976723343, 0.0011803825618699193, 0.00015995610738173127, 0.00032811707933433354, 0.00015995610738173127, 0.0001619662216398865, 0.00017520225082989782, 0.0007327484199777246, 0.00027662565116770566, 0.0003590008709579706, 0.00012081757449777797, 0.0002261060435557738, 0.00014843889221083373, 0.00028682450647465885, 0.00012725585838779807, 7.555027696071193e-05], [0.022704465314745903, 0.016090797260403633, 0.02287728153169155, 0.01819263957440853, 0.01937904581427574, 0.029745467007160187, 0.02665098011493683, 0.030526215210556984, 0.024051589891314507, 0.01929442770779133, 0.057802215218544006, 0.039526596665382385, 0.024076202884316444, 0.023713190108537674, 0.029638145118951797, 0.036732397973537445, 0.037819646298885345, 0.02596275694668293, 0.020711418241262436, 0.0333779901266098, 0.0388934500515461, 0.019064877182245255, 0.02258490025997162, 0.019064877182245255, 0.0277335736900568, 0.030883008614182472, 0.036254025995731354, 0.028232024982571602, 0.036732397973537445, 0.01819263957440853, 0.05795048177242279, 0.024196114391088486, 0.02321905829012394, 0.04383125528693199, 0.014293746091425419], [0.02857142873108387, 0.02857142873108387, 0.02857142873108387, 0.02857142873108387, 0.02857142873108387, 0.02857142873108387, 0.02857142873108387, 0.02857142873108387, 0.02857142873108387, 0.02857142873108387, 0.02857142873108387, 0.02857142873108387, 0.02857142873108387, 0.02857142873108387, 0.02857142873108387, 0.02857142873108387, 0.02857142873108387, 0.02857142873108387, 0.02857142873108387, 0.02857142873108387, 0.02857142873108387, 0.02857142873108387, 0.02857142873108387, 0.02857142873108387, 0.02857142873108387, 0.02857142873108387, 0.02857142873108387, 0.02857142873108387, 0.02857142873108387, 0.02857142873108387, 0.02857142873108387, 0.02857142873108387, 0.02857142873108387, 0.02857142873108387, 0.02857142873108387]],