{"premise_tokens": ["The", "Bulls", "share", "rivalries", "with", "the", "Detroit", "Pistons", ",", "New", "York", "Knicks", ",", "and", "the", "Miami", "Heat", ".", "@@NULL@@"], "hypothesis_tokens": ["The", "Chicago", "Bulls", "share", "a", "stadium", "with", "the", "Miami", "Heat", ".", "@@NULL@@"], "label_logits": [2.5086612701416016, -0.9551579356193542, -4.273057460784912], "label_probs": [0.9685752987861633, 0.03032604604959488, 0.001098677865229547], "h2p_attention": [[0.1036190465092659, 0.05324529856443405, 0.04985692352056503, 0.028072837740182877, 0.06527034193277359, 0.1036190465092659, 0.05223899707198143, 0.028072837740182877, 0.040831059217453, 0.03681795299053192, 0.03869180381298065, 0.06049685925245285, 0.040831059217453, 0.05181879922747612, 0.1036190465092659, 0.03607872873544693, 0.047439299523830414, 0.03988896310329437, 0.01949111558496952], [0.00413261353969574, 0.295125275850296, 0.00848329346626997, 0.0031789466738700867, 0.00870413240045309, 0.00413261353969574, 0.4469938278198242, 0.0031789466738700867, 0.0029362512286752462, 0.02024490013718605, 0.05346593260765076, 0.07213502377271652, 0.0029362512286752462, 0.004603179637342691, 0.00413261353969574, 0.038942430168390274, 0.0187967699021101, 0.0060533941723406315, 0.0018234694143757224], [1.461093120269652e-06, 0.9998983144760132, 5.159278771316167e-06, 1.3509512655218714e-06, 3.275333256169688e-06, 1.461093120269652e-06, 9.456933184992522e-06, 1.3509512655218714e-06, 9.595535175321857e-07, 2.511110324121546e-06, 2.3598970528837526e-06, 5.124152812641114e-05, 9.595535175321857e-07, 1.442331267753616e-06, 1.461093120269652e-06, 5.597284598479746e-06, 9.160713489109185e-06, 1.6988980178211932e-06, 5.348517788661411e-07], [0.01194737758487463, 0.0450546070933342, 0.764270544052124, 0.00941726565361023, 0.01538713090121746, 0.01194737758487463, 0.02626546286046505, 0.00941726565361023, 0.007225385867059231, 0.013280954211950302, 0.007617592811584473, 0.008653372526168823, 0.007225385867059231, 0.011327650398015976, 0.01194737758487463, 0.009918533265590668, 0.014562347903847694, 0.00986368115991354, 0.0046707200817763805], [0.05629467964172363, 0.09483141452074051, 0.08588545769453049, 0.02511030249297619, 0.07025514543056488, 0.05629467964172363, 0.05376752093434334, 0.02511030249297619, 0.05020781606435776, 0.05149364471435547, 0.055986326187849045, 0.06324007362127304, 0.05020781606435776, 0.05429898202419281, 0.05629467964172363, 0.03776785731315613, 0.058356016874313354, 0.03624599426984787, 0.018351180478930473], [0.029301654547452927, 0.31856265664100647, 0.0505615659058094, 0.024702779948711395, 0.05796577036380768, 0.029301654547452927, 0.10446111112833023, 0.024702779948711395, 0.01900230348110199, 0.04780730605125427, 0.042371854186058044, 0.051515962928533554, 0.01900230348110199, 0.019038818776607513, 0.029301654547452927, 0.0530882366001606, 0.0458109974861145, 0.021696913987398148, 0.011803581379354], [0.04179668053984642, 0.0764336884021759, 0.04111842066049576, 0.017923451960086823, 0.23799273371696472, 0.04179668053984642, 0.06435581296682358, 0.017923451960086823, 0.03695187345147133, 0.05597883462905884, 0.06982497125864029, 0.06412714719772339, 0.03695187345147133, 0.0363050252199173, 0.04179668053984642, 0.028362305834889412, 0.048519399017095566, 0.02935957722365856, 0.012481381185352802], [0.1036190465092659, 0.05324529856443405, 0.04985692352056503, 0.028072837740182877, 0.06527034193277359, 0.1036190465092659, 0.05223899707198143, 0.028072837740182877, 0.040831059217453, 0.03681795299053192, 0.03869180381298065, 0.06049685925245285, 0.040831059217453, 0.05181879922747612, 0.1036190465092659, 0.03607872873544693, 0.047439299523830414, 0.03988896310329437, 0.01949111558496952], [0.020738348364830017, 0.11724749207496643, 0.023791581392288208, 0.01699322834610939, 0.025458842515945435, 0.020738348364830017, 0.15380224585533142, 0.01699322834610939, 0.012969323433935642, 0.04949887469410896, 0.06437449157238007, 0.09787233918905258, 0.012969323433935642, 0.01942618563771248, 0.020738348364830017, 0.23190900683403015, 0.06020263582468033, 0.02307256869971752, 0.011203654110431671], [0.0021478249691426754, 0.015114487148821354, 0.0027513441164046526, 0.0024856063537299633, 0.0034304424189031124, 0.0021478249691426754, 0.0038746038917452097, 0.0024856063537299633, 0.0015002795262262225, 0.014517071656882763, 0.01455626916140318, 0.008857940323650837, 0.0015002795262262225, 0.001989812823012471, 0.0021478249691426754, 0.0047419085167348385, 0.9127381443977356, 0.002130266046151519, 0.0008824648102745414], [0.050340961664915085, 0.07813391089439392, 0.051947008818387985, 0.03130798414349556, 0.05786189064383507, 0.050340961664915085, 0.07678483426570892, 0.03130798414349556, 0.03280903026461601, 0.05125890672206879, 0.05661504715681076, 0.0903487503528595, 0.03280903026461601, 0.04772711917757988, 0.050340961664915085, 0.05065726116299629, 0.05938023328781128, 0.07542985677719116, 0.024598319083452225], [0.05263159051537514, 0.05263159051537514, 0.05263159051537514, 0.05263159051537514, 0.05263159051537514, 0.05263159051537514, 0.05263159051537514, 0.05263159051537514, 0.05263159051537514, 0.05263159051537514, 0.05263159051537514, 0.05263159051537514, 0.05263159051537514, 0.05263159051537514, 0.05263159051537514, 0.05263159051537514, 0.05263159051537514, 0.05263159051537514, 0.05263159051537514]],