{"premise_tokens": ["The", "screenplay", "for", "Dolores", "Claiborne", "was", "adapted", "by", "Tony", "Gilroy", ",", "and", "the", "film", "was", "shot", "in", "Nova", "Scotia", "in", "1994", ".", "@@NULL@@"], "hypothesis_tokens": ["Dolores", "Claiborne", "was", "shot", "in", "2009", ".", "@@NULL@@"], "label_logits": [0.1939404308795929, 1.5324413776397705, -2.5043270587921143], "label_probs": [0.20489095151424408, 0.7813153862953186, 0.01379367895424366], "h2p_attention": [[0.036463845521211624, 0.058506887406110764, 0.03372219577431679, 0.058506887406110764, 0.058506887406110764, 0.03634070232510567, 0.041397567838430405, 0.03439570218324661, 0.040801454335451126, 0.058506887406110764, 0.028132738545536995, 0.03211134672164917, 0.036463845521211624, 0.048334795981645584, 0.03634070232510567, 0.04433519020676613, 0.04203594848513603, 0.058506887406110764, 0.058506887406110764, 0.04203594848513603, 0.058506887406110764, 0.03222274407744408, 0.025317033752799034], [0.036463845521211624, 0.058506887406110764, 0.03372219577431679, 0.058506887406110764, 0.058506887406110764, 0.03634070232510567, 0.041397567838430405, 0.03439570218324661, 0.040801454335451126, 0.058506887406110764, 0.028132738545536995, 0.03211134672164917, 0.036463845521211624, 0.048334795981645584, 0.03634070232510567, 0.04433519020676613, 0.04203594848513603, 0.058506887406110764, 0.058506887406110764, 0.04203594848513603, 0.058506887406110764, 0.03222274407744408, 0.025317033752799034], [0.039996933192014694, 0.024472087621688843, 0.03707529231905937, 0.024472087621688843, 0.024472087621688843, 0.15465208888053894, 0.03084453009068966, 0.06256969273090363, 0.033014435321092606, 0.024472087621688843, 0.02871028147637844, 0.03662216663360596, 0.039996933192014694, 0.027075637131929398, 0.15465208888053894, 0.04655013233423233, 0.04039460048079491, 0.024472087621688843, 0.024472087621688843, 0.04039460048079491, 0.024472087621688843, 0.039097342640161514, 0.01704866997897625], [0.001194117940030992, 0.0008785091922618449, 0.001803178689442575, 0.0008785091922618449, 0.0008785091922618449, 0.0013697486137971282, 0.002879373962059617, 0.0028898746240884066, 0.0009116369183175266, 0.0008785091922618449, 0.0012738442746922374, 0.0010545504046604037, 0.001194117940030992, 0.0018336543580517173, 0.0013697486137971282, 0.9706042408943176, 0.0020083701238036156, 0.0008785091922618449, 0.0008785091922618449, 0.0020083701238036156, 0.0008785091922618449, 0.0009539906750433147, 0.000501661270391196], [0.02147301286458969, 0.011927912943065166, 0.020364966243505478, 0.011927912943065166, 0.011927912943065166, 0.017021166160702705, 0.050884880125522614, 0.028623107820749283, 0.014560830779373646, 0.011927912943065166, 0.01580609194934368, 0.016144970431923866, 0.02147301286458969, 0.06425298005342484, 0.017021166160702705, 0.028760042041540146, 0.2873568534851074, 0.011927912943065166, 0.011927912943065166, 0.2873568534851074, 0.011927912943065166, 0.01822076551616192, 0.007183837238699198], [0.029146898537874222, 0.029205061495304108, 0.07569340616464615, 0.029205061495304108, 0.029205061495304108, 0.04545542597770691, 0.045603588223457336, 0.046610549092292786, 0.02477986365556717, 0.029205061495304108, 0.040428150445222855, 0.037072330713272095, 0.029146898537874222, 0.08335442841053009, 0.04545542597770691, 0.036542586982250214, 0.0915871262550354, 0.029205061495304108, 0.029205061495304108, 0.0915871262550354, 0.029205061495304108, 0.05429152771830559, 0.018809232860803604], [0.050097979605197906, 0.031156865879893303, 0.04474272206425667, 0.031156865879893303, 0.031156865879893303, 0.05613849684596062, 0.03614577278494835, 0.05328560248017311, 0.031941600143909454, 0.031156865879893303, 0.032650675624608994, 0.04749675467610359, 0.050097979605197906, 0.052890513092279434, 0.05613849684596062, 0.04655192419886589, 0.06208896264433861, 0.031156865879893303, 0.031156865879893303, 0.06208896264433861, 0.031156865879893303, 0.07506576925516129, 0.024479586631059647], [0.04347826912999153, 0.04347826912999153, 0.04347826912999153, 0.04347826912999153, 0.04347826912999153, 0.04347826912999153, 0.04347826912999153, 0.04347826912999153, 0.04347826912999153, 0.04347826912999153, 0.04347826912999153, 0.04347826912999153, 0.04347826912999153, 0.04347826912999153, 0.04347826912999153, 0.04347826912999153, 0.04347826912999153, 0.04347826912999153, 0.04347826912999153, 0.04347826912999153, 0.04347826912999153, 0.04347826912999153, 0.04347826912999153]],