{"premise_tokens": ["James", "Francis", "``", "Jim", "''", "Cameron", "(", "born", "August", "16", ",", "1954", ")", "is", "a", "Canadian", "filmmaker", ",", "director", ",", "producer", ",", "screenwriter", ",", "inventor", ",", "engineer", ",", "philanthropist", ",", "and", "deep", "-", "sea", "explorer", ".", "@@NULL@@"], "hypothesis_tokens": ["James", "Cameron", "is", "an", "actor", ".", "@@NULL@@"], "label_logits": [-0.9076071381568909, 0.7698022127151489, 0.03353714197874069], "label_probs": [0.11217570304870605, 0.6003277897834778, 0.28749653697013855], "h2p_attention": [[0.22445189952850342, 0.03688774257898331, 0.012959162704646587, 0.021221868693828583, 0.012959162704646587, 0.02238433063030243, 0.01238787081092596, 0.038817789405584335, 0.025899237021803856, 0.01742294430732727, 0.018968863412737846, 0.012959162704646587, 0.012616883032023907, 0.019433660432696342, 0.022321807220578194, 0.05091060325503349, 0.012959162704646587, 0.018968863412737846, 0.04460859298706055, 0.018968863412737846, 0.02154386229813099, 0.018968863412737846, 0.012959162704646587, 0.018968863412737846, 0.017779065296053886, 0.018968863412737846, 0.026076659560203552, 0.018968863412737846, 0.017346110194921494, 0.018968863412737846, 0.014698806218802929, 0.024769606068730354, 0.016254322603344917, 0.026316318660974503, 0.04450776427984238, 0.012880478985607624, 0.011915048584342003], [0.003638665657490492, 0.004507293924689293, 0.0034011516254395247, 0.009925466030836105, 0.0034011516254395247, 0.7889023423194885, 0.002111762762069702, 0.012872465886175632, 0.0026159733533859253, 0.005561788100749254, 0.0031902252230793238, 0.0034011516254395247, 0.0023144765291363, 0.018364500254392624, 0.009426530450582504, 0.01674693077802658, 0.0034011516254395247, 0.0031902252230793238, 0.010083114728331566, 0.0031902252230793238, 0.006199456751346588, 0.0031902252230793238, 0.0034011516254395247, 0.0031902252230793238, 0.004974343813955784, 0.0031902252230793238, 0.00817115232348442, 0.0031902252230793238, 0.006475518923252821, 0.0031902252230793238, 0.0037307259626686573, 0.011679118499159813, 0.002734140492975712, 0.017013076692819595, 0.0035361440386623144, 0.003950676415115595, 0.0019368407083675265], [0.006321729626506567, 0.007265310734510422, 0.006975922267884016, 0.011602125130593777, 0.006975922267884016, 0.0367504246532917, 0.0058464910835027695, 0.05466248840093613, 0.018292156979441643, 0.01726234331727028, 0.010883147828280926, 0.006975922267884016, 0.00548506760969758, 0.47799769043922424, 0.021503649652004242, 0.010760067030787468, 0.006975922267884016, 0.010883147828280926, 0.03198064863681793, 0.010883147828280926, 0.021795112639665604, 0.010883147828280926, 0.006975922267884016, 0.010883147828280926, 0.008287462405860424, 0.010883147828280926, 0.01528865471482277, 0.010883147828280926, 0.01341885793954134, 0.010883147828280926, 0.012182037346065044, 0.021892614662647247, 0.005930268671363592, 0.04360387101769447, 0.010376320220530033, 0.015673844143748283, 0.003875941038131714], [0.011072363704442978, 0.02117752656340599, 0.011340957134962082, 0.019527887925505638, 0.011340957134962082, 0.052068181335926056, 0.009194308891892433, 0.06946713477373123, 0.019563237205147743, 0.026932669803500175, 0.01982857845723629, 0.011340957134962082, 0.010332361795008183, 0.1407972127199173, 0.04073726013302803, 0.01759684458374977, 0.011340957134962082, 0.01982857845723629, 0.0539417639374733, 0.01982857845723629, 0.03983413055539131, 0.01982857845723629, 0.011340957134962082, 0.01982857845723629, 0.020193180069327354, 0.01982857845723629, 0.019263552501797676, 0.01982857845723629, 0.040535084903240204, 0.01982857845723629, 0.02003829926252365, 0.026644499972462654, 0.012223239988088608, 0.0652075707912445, 0.020093437284231186, 0.02072879858314991, 0.007496020756661892], [0.026814093813300133, 0.01671140268445015, 0.01194766815751791, 0.02100801095366478, 0.01194766815751791, 0.016729731112718582, 0.015868796035647392, 0.06613899022340775, 0.03735227510333061, 0.03979884088039398, 0.02238268405199051, 0.01194766815751791, 0.016507400199770927, 0.04484543204307556, 0.036506958305835724, 0.049894750118255615, 0.01194766815751791, 0.02238268405199051, 0.062405914068222046, 0.02238268405199051, 0.058811746537685394, 0.02238268405199051, 0.01194766815751791, 0.02238268405199051, 0.02397201582789421, 0.02238268405199051, 0.015100996941328049, 0.02238268405199051, 0.06288515776395798, 0.02238268405199051, 0.014917708933353424, 0.017769478261470795, 0.016433827579021454, 0.04356192797422409, 0.03245946392416954, 0.01541408896446228, 0.009291245602071285], [0.017814241349697113, 0.020859699696302414, 0.02097397856414318, 0.026242513209581375, 0.02097397856414318, 0.033613115549087524, 0.022341769188642502, 0.0342930369079113, 0.03320707753300667, 0.030004335567355156, 0.021979566663503647, 0.02097397856414318, 0.02224421314895153, 0.06663917750120163, 0.032548218965530396, 0.021053271368145943, 0.02097397856414318, 0.021979566663503647, 0.03030046820640564, 0.021979566663503647, 0.03708290308713913, 0.021979566663503647, 0.02097397856414318, 0.021979566663503647, 0.024225154891610146, 0.021979566663503647, 0.02723829075694084, 0.021979566663503647, 0.029096821323037148, 0.021979566663503647, 0.03197355940937996, 0.027446622028946877, 0.017778631299734116, 0.04511459916830063, 0.021164560690522194, 0.05053229629993439, 0.016479013487696648], [0.027027033269405365, 0.027027033269405365, 0.027027033269405365, 0.027027033269405365, 0.027027033269405365, 0.027027033269405365, 0.027027033269405365, 0.027027033269405365, 0.027027033269405365, 0.027027033269405365, 0.027027033269405365, 0.027027033269405365, 0.027027033269405365, 0.027027033269405365, 0.027027033269405365, 0.027027033269405365, 0.027027033269405365, 0.027027033269405365, 0.027027033269405365, 0.027027033269405365, 0.027027033269405365, 0.027027033269405365, 0.027027033269405365, 0.027027033269405365, 0.027027033269405365, 0.027027033269405365, 0.027027033269405365, 0.027027033269405365, 0.027027033269405365, 0.027027033269405365, 0.027027033269405365, 0.027027033269405365, 0.027027033269405365, 0.027027033269405365, 0.027027033269405365, 0.027027033269405365, 0.027027033269405365]],