{"premise_tokens": ["Watched", "by", "a", "crowd", "of", "100,000", ",", "the", "first", "90", "minutes", "was", "goalless", "and", "the", "final", "went", "to", "extra", "time", ".", "@@NULL@@"], "hypothesis_tokens": ["The", "2012", "Football", "League", "Cup", "Final", "went", "into", "extra", "time", ".", "@@NULL@@"], "label_logits": [0.8223831057548523, 0.09441417455673218, -1.574022889137268], "label_probs": [0.6353508830070496, 0.306803822517395, 0.057845257222652435], "h2p_attention": [[0.03996799513697624, 0.03912723436951637, 0.04654907062649727, 0.043427880853414536, 0.03496655076742172, 0.021855326369404793, 0.03178788349032402, 0.08066972345113754, 0.06198406219482422, 0.027441009879112244, 0.04557126760482788, 0.035599492490291595, 0.021855326369404793, 0.04034208506345749, 0.08066972345113754, 0.050366368144750595, 0.0659818947315216, 0.05977894738316536, 0.049767691642045975, 0.07606182247400284, 0.031054439023137093, 0.015174265019595623], [0.0941489189863205, 0.05746454373002052, 0.056182049214839935, 0.05219000205397606, 0.04631543904542923, 0.030561503022909164, 0.03154202178120613, 0.027712803333997726, 0.07328111678361893, 0.050564564764499664, 0.03703313693404198, 0.05970807373523712, 0.030561503022909164, 0.033129677176475525, 0.027712803333997726, 0.03244790807366371, 0.04171976074576378, 0.06530259549617767, 0.04067149758338928, 0.046504709869623184, 0.047654565423727036, 0.01759089156985283], [0.1320841759443283, 0.046743884682655334, 0.05389903485774994, 0.19444386661052704, 0.02250177226960659, 0.02585444226861, 0.015039848163723946, 0.03070886619389057, 0.039686352014541626, 0.04030292108654976, 0.026834584772586823, 0.03783288970589638, 0.02585444226861, 0.01619577780365944, 0.03070886619389057, 0.031006861478090286, 0.03665811941027641, 0.029535681009292603, 0.09965990483760834, 0.029924416914582253, 0.025341210886836052, 0.009182235226035118], [0.2777111828327179, 0.033755987882614136, 0.02133829891681671, 0.1913197934627533, 0.023238271474838257, 0.01352763269096613, 0.012857320718467236, 0.022487033158540726, 0.021954383701086044, 0.024815507233142853, 0.03515800088644028, 0.022825250402092934, 0.01352763269096613, 0.018472997471690178, 0.022487033158540726, 0.033018141984939575, 0.06573012471199036, 0.033519867807626724, 0.029739398509263992, 0.04862440750002861, 0.026589810848236084, 0.0073020607233047485], [0.12729854881763458, 0.03217701241374016, 0.055323276668787, 0.13260091841220856, 0.03424781933426857, 0.02391265146434307, 0.02057858183979988, 0.031587518751621246, 0.03831329941749573, 0.06186205521225929, 0.030520198866724968, 0.03734483942389488, 0.02391265146434307, 0.033699966967105865, 0.031587518751621246, 0.06510308384895325, 0.039339981973171234, 0.0386975072324276, 0.050628412514925, 0.03429046645760536, 0.04190734401345253, 0.015066348947584629], [0.0321645587682724, 0.028288206085562706, 0.022414375096559525, 0.023087188601493835, 0.02029506117105484, 0.008017287589609623, 0.027464551851153374, 0.021874913945794106, 0.11882232129573822, 0.029911693185567856, 0.058181870728731155, 0.017163820564746857, 0.008017287589609623, 0.0380728617310524, 0.021874913945794106, 0.3107217252254486, 0.05485275760293007, 0.026537444442510605, 0.05799483135342598, 0.05329020321369171, 0.014361809939146042, 0.0065904236398637295], [0.05206567794084549, 0.014746909029781818, 0.02506529726088047, 0.03273184970021248, 0.01755276322364807, 0.007650234270840883, 0.022597385570406914, 0.023091839626431465, 0.0993153378367424, 0.021950695663690567, 0.09941847622394562, 0.017652928829193115, 0.007650234270840883, 0.026288799941539764, 0.023091839626431465, 0.04420043155550957, 0.2731347978115082, 0.047585051506757736, 0.023733263835310936, 0.10148125141859055, 0.013684378936886787, 0.005310573149472475], [0.05648205801844597, 0.08007274568080902, 0.03884902969002724, 0.09321243315935135, 0.03593830764293671, 0.020609550178050995, 0.018021032214164734, 0.039030883461236954, 0.07256370037794113, 0.034300725907087326, 0.03759713098406792, 0.032021500170230865, 0.020609550178050995, 0.022386301308870316, 0.039030883461236954, 0.029757097363471985, 0.07854829728603363, 0.07877457141876221, 0.050318654626607895, 0.07422768324613571, 0.036248087882995605, 0.011399689130485058], [0.00492543401196599, 0.014649935066699982, 0.0033243128564208746, 0.0034846607595682144, 0.0028000022284686565, 0.0019417969742789865, 0.0040120272897183895, 0.0035684010945260525, 0.005954525899142027, 0.004131751134991646, 0.005317330826073885, 0.0027560428716242313, 0.0019417969742789865, 0.003681231988593936, 0.0035684010945260525, 0.00957435928285122, 0.004862392786890268, 0.005527103319764137, 0.900618314743042, 0.010374928824603558, 0.0018972893012687564, 0.0010880123591050506], [0.060974664986133575, 0.038929883390665054, 0.021898584440350533, 0.025168828666210175, 0.019544249400496483, 0.006768477149307728, 0.02016778476536274, 0.023434286937117577, 0.1541629582643509, 0.01932152733206749, 0.08583354204893112, 0.013706391677260399, 0.006768477149307728, 0.020821047946810722, 0.023434286937117577, 0.0378030426800251, 0.08933819085359573, 0.061926402151584625, 0.044580407440662384, 0.2075236290693283, 0.013218295760452747, 0.004675120115280151], [0.06665318459272385, 0.0456814207136631, 0.04145050793886185, 0.07125989347696304, 0.03227473422884941, 0.026710592210292816, 0.027991218492388725, 0.04294869303703308, 0.04781847074627876, 0.05019576847553253, 0.058401890099048615, 0.048127204179763794, 0.026710592210292816, 0.0407186783850193, 0.04294869303703308, 0.0457330085337162, 0.054077621549367905, 0.04902651533484459, 0.03659600019454956, 0.059335775673389435, 0.06435343623161316, 0.020986203104257584], [0.04545453563332558, 0.04545453563332558, 0.04545453563332558, 0.04545453563332558, 0.04545453563332558, 0.04545453563332558, 0.04545453563332558, 0.04545453563332558, 0.04545453563332558, 0.04545453563332558, 0.04545453563332558, 0.04545453563332558, 0.04545453563332558, 0.04545453563332558, 0.04545453563332558, 0.04545453563332558, 0.04545453563332558, 0.04545453563332558, 0.04545453563332558, 0.04545453563332558, 0.04545453563332558, 0.04545453563332558]],