{"premise_tokens": ["Scott", "Free", "Productions", "has", "offices", "in", "London", "and", "Los", "Angeles", ".", "@@NULL@@"], "hypothesis_tokens": ["Scott", "Free", "Productions", "has", "an", "office", "in", "Los", "Angeles", "and", "in", "Houston", ".", "@@NULL@@"], "label_logits": [1.8190975189208984, -0.02886519953608513, -3.7121174335479736], "label_probs": [0.8609415888786316, 0.13564808666706085, 0.0034103395882993937], "h2p_attention": [[0.9869363307952881, 0.0020465196575969458, 0.00032472831662744284, 0.0007295086979866028, 0.00024126534117385745, 0.0009898984571918845, 0.0012702362146228552, 0.000372995127690956, 0.004079209640622139, 0.0022398903965950012, 0.0005360470386222005, 0.0002333734300918877], [0.016962260007858276, 0.9172331094741821, 0.003476160578429699, 0.010924583300948143, 0.0030160045716911554, 0.007743820548057556, 0.011683941818773746, 0.012497815303504467, 0.005582049489021301, 0.003872342174872756, 0.005073612555861473, 0.0019342793384566903], [0.0705803632736206, 0.0911581963300705, 0.11722201108932495, 0.08913099765777588, 0.1255009025335312, 0.08422151207923889, 0.07116944342851639, 0.06433699280023575, 0.08800940960645676, 0.08338585495948792, 0.064560167491436, 0.050724178552627563], [0.034837815910577774, 0.06294447183609009, 0.019583282992243767, 0.5691612958908081, 0.028092036023736, 0.09320425242185593, 0.025472491979599, 0.021056191995739937, 0.04973548278212547, 0.05528014898300171, 0.02948784828186035, 0.011144787073135376], [0.0805891901254654, 0.11419501900672913, 0.022865798324346542, 0.1992386281490326, 0.035573117434978485, 0.2091653048992157, 0.0792553499341011, 0.04040150344371796, 0.06985187530517578, 0.09195691347122192, 0.04179369658231735, 0.015113581903278828], [0.014830880798399448, 0.03939703106880188, 0.03273212909698486, 0.041114725172519684, 0.6707702875137329, 0.052143875509500504, 0.032058779150247574, 0.029293972998857498, 0.025587638840079308, 0.02827637828886509, 0.023067621514201164, 0.010726741515100002], [0.04165402054786682, 0.03931459039449692, 0.01630517840385437, 0.08212616294622421, 0.03462747111916542, 0.3928101062774658, 0.2259354442358017, 0.022069796919822693, 0.0520625077188015, 0.058367203921079636, 0.02490735985338688, 0.009820138104259968], [0.0032349422108381987, 0.0005340923671610653, 0.000321111612720415, 0.0008259173482656479, 0.0003095617576036602, 0.0009811815107241273, 0.0011691567488014698, 0.0002931944327428937, 0.8268836736679077, 0.16493822634220123, 0.00032391573768109083, 0.00018507249478716403], [0.005831829272210598, 0.0012164212530478835, 0.0009988651145249605, 0.003013887442648411, 0.0013603297993540764, 0.0036114430986344814, 0.004347895737737417, 0.0009271787130273879, 0.5415130257606506, 0.43533626198768616, 0.001235334319062531, 0.0006076163263060153], [0.049633897840976715, 0.20065106451511383, 0.039388757199048996, 0.058672498911619186, 0.06564820557832718, 0.0697922632098198, 0.07233571261167526, 0.2559846341609955, 0.04919719323515892, 0.04738713800907135, 0.060254063457250595, 0.031054643914103508], [0.04165402054786682, 0.03931459039449692, 0.01630517840385437, 0.08212616294622421, 0.03462747111916542, 0.3928101062774658, 0.2259354442358017, 0.022069796919822693, 0.0520625077188015, 0.058367203921079636, 0.02490735985338688, 0.009820138104259968], [0.04774096980690956, 0.024381602182984352, 0.017110342159867287, 0.03355924412608147, 0.03153664618730545, 0.02596871182322502, 0.03309355303645134, 0.01826952025294304, 0.28931790590286255, 0.4450080394744873, 0.023736868053674698, 0.010276501066982746], [0.09422791004180908, 0.10760344564914703, 0.05221289396286011, 0.10854241997003555, 0.060293860733509064, 0.10404911637306213, 0.07145389914512634, 0.07959539443254471, 0.07179897278547287, 0.08340327441692352, 0.12579573690891266, 0.04102306440472603], [0.0833333432674408, 0.0833333432674408, 0.0833333432674408, 0.0833333432674408, 0.0833333432674408, 0.0833333432674408, 0.0833333432674408, 0.0833333432674408, 0.0833333432674408, 0.0833333432674408, 0.0833333432674408, 0.0833333432674408]], "p2h_attention": [[0.9848390817642212, 0.002042170846834779, 0.0003240382357034832, 0.0007279584533534944, 0.0012417580001056194, 0.000321978353895247, 0.0009877949487417936, 0.004070541355758905, 0.0022351304069161415, 0.0003722025139722973, 0.0009877949487417936, 0.0010818660957738757, 0.0005349079729057848, 0.0002328775153728202], [0.016640236601233482, 0.8998196125030518, 0.003410166362300515, 0.010717182420194149, 0.014337544329464436, 0.0069693224504590034, 0.007596805691719055, 0.005476075224578381, 0.003798826364800334, 0.012260546907782555, 0.007596805691719055, 0.004502065945416689, 0.004977291449904442, 0.0018975574057549238], [0.05864440277218819, 0.07574227452278137, 0.09739840030670166, 0.07405790686607361, 0.06376415491104126, 0.1286068558692932, 0.06997866928577423, 0.07312599569559097, 0.0692843347787857, 0.053456854075193405, 0.06997866928577423, 0.07017318159341812, 0.05364229157567024, 0.04214612767100334], [0.02752518653869629, 0.049732111394405365, 0.015472655184566975, 0.449691504240036, 0.11607994884252548, 0.03375053033232689, 0.07364021986722946, 0.03929575905203819, 0.043676573783159256, 0.01663639396429062, 0.07364021986722946, 0.0287553109228611, 0.023298203945159912, 0.008805441670119762], [0.01134934276342392, 0.017117487266659737, 0.02716182917356491, 0.027671881020069122, 0.02583935670554638, 0.6864883899688721, 0.03871065378189087, 0.018362538889050484, 0.02457774057984352, 0.02320723980665207, 0.03871065378189087, 0.0336897186934948, 0.016135120764374733, 0.010978099890053272], [0.031068725511431694, 0.029323801398277283, 0.012161638587713242, 0.06125591695308685, 0.10136926919221878, 0.03560570999979973, 0.29298755526542664, 0.0388321653008461, 0.04353468492627144, 0.0164613276720047, 0.29298755526542664, 0.0185092706233263, 0.018577806651592255, 0.007324603386223316], [0.0596918910741806, 0.06624490767717361, 0.015387243591248989, 0.025065818801522255, 0.05751000717282295, 0.03277641162276268, 0.25231847167015076, 0.06928082555532455, 0.07847510278224945, 0.0255451500415802, 0.25231847167015076, 0.035316720604896545, 0.019102055579423904, 0.010966858826577663], [0.04297901317477226, 0.17374788224697113, 0.03410753235220909, 0.050805725157260895, 0.07188441604375839, 0.07343702018260956, 0.06043455749750137, 0.04260086268186569, 0.04103349894285202, 0.22166235744953156, 0.06043455749750137, 0.047806452959775925, 0.05217524245381355, 0.02689085528254509], [0.0032156165689229965, 0.0005309017142280936, 0.0003191932919435203, 0.0008209833176806569, 0.0008502571727149189, 0.00043883579201065004, 0.0009753199410624802, 0.8219438791275024, 0.16395290195941925, 0.0002914428769145161, 0.0009753199410624802, 0.005179285071790218, 0.0003219806822016835, 0.00018396686937194318], [0.005664643831551075, 0.001181549159809947, 0.0009702299139462411, 0.0029274860862642527, 0.0035909893922507763, 0.0015557981096208096, 0.00350791122764349, 0.5259890556335449, 0.4228561520576477, 0.0009005985921248794, 0.00350791122764349, 0.025557588785886765, 0.0011999200796708465, 0.0005901973345316947], [0.07427020370960236, 0.08481275290250778, 0.04115406796336174, 0.08555285632610321, 0.08941420167684555, 0.06953414529561996, 0.08201122283935547, 0.05659176781773567, 0.0657382607460022, 0.0627368837594986, 0.08201122283935547, 0.07468636333942413, 0.09915187954902649, 0.03233427554368973], [0.0714285671710968, 0.0714285671710968, 0.0714285671710968, 0.0714285671710968, 0.0714285671710968, 0.0714285671710968, 0.0714285671710968, 0.0714285671710968, 0.0714285671710968, 0.0714285671710968, 0.0714285671710968, 0.0714285671710968, 0.0714285671710968, 0.0714285671710968]], "claim": "Scott Free Productions has an office in Los Angeles and in Houston.", "premise_source_doc_id": "Scott_Free_Productions", "premise_source_doc_line_num": 7, "premise_source_doc_sentence": "Scott Free Productions has offices in London and Los Angeles ."}
