{"premise_tokens": ["Abby", "Lee", "Miller", "(", "born", "1966", ")", ",", "American", "dance", "instructor", "and", "choreographer", "@@NULL@@"], "hypothesis_tokens": ["Abby", "Lee", "Miller", "is", "a", "performer", ".", "@@NULL@@"], "label_logits": [1.3700653314590454, -3.2248129844665527, 0.12952056527137756], "label_probs": [0.7696273922920227, 0.007775892503559589, 0.22259670495986938], "h2p_attention": [[0.0981120765209198, 0.05588262528181076, 0.09563204646110535, 0.0456392876803875, 0.06853397935628891, 0.0981120765209198, 0.047368232160806656, 0.04717669263482094, 0.08872765302658081, 0.08594997972249985, 0.07444977760314941, 0.05384854972362518, 0.0981120765209198, 0.04245494678616524], [0.006719674449414015, 0.856029212474823, 0.027772221714258194, 0.007279315032064915, 0.011569620110094547, 0.006719674449414015, 0.008216077461838722, 0.006544558331370354, 0.00911706406623125, 0.011669968254864216, 0.02948683686554432, 0.007051197346299887, 0.006719671189785004, 0.00510504562407732], [0.0005154332611709833, 0.0012448246125131845, 0.9874001145362854, 0.00037466580397449434, 0.0013713843654841185, 0.0005154332611709833, 0.000416647206293419, 0.0005731396959163249, 0.0007186047150753438, 0.002107723383232951, 0.003279167925938964, 0.0007386329234577715, 0.0005154330283403397, 0.00022882173652760684], [0.028721753507852554, 0.052663348615169525, 0.29705604910850525, 0.024071592837572098, 0.22506026923656464, 0.028721753507852554, 0.022583503276109695, 0.04480886831879616, 0.046342913061380386, 0.06793904304504395, 0.06719411909580231, 0.05015674978494644, 0.028721753507852554, 0.01595829799771309], [0.034913308918476105, 0.04405368119478226, 0.21114446222782135, 0.02723378688097, 0.1304362267255783, 0.034913308918476105, 0.030067244544625282, 0.06980882585048676, 0.11932499706745148, 0.10472417622804642, 0.05745406448841095, 0.07549718022346497, 0.034913308918476105, 0.025515438988804817], [0.013047035783529282, 0.03872641548514366, 0.3695780038833618, 0.012930498458445072, 0.13444875180721283, 0.013047035783529282, 0.014459477737545967, 0.027526579797267914, 0.04826585575938225, 0.2277706414461136, 0.05493859946727753, 0.024849683046340942, 0.013047032989561558, 0.007364281918853521], [0.05506250634789467, 0.07002823054790497, 0.14195433259010315, 0.0586533285677433, 0.09002871811389923, 0.05506250634789467, 0.058397214859724045, 0.05770246684551239, 0.061131689697504044, 0.07357584685087204, 0.09613916277885437, 0.08393947035074234, 0.05506251007318497, 0.043261975049972534], [0.0714285671710968, 0.0714285671710968, 0.0714285671710968, 0.0714285671710968, 0.0714285671710968, 0.0714285671710968, 0.0714285671710968, 0.0714285671710968, 0.0714285671710968, 0.0714285671710968, 0.0714285671710968, 0.0714285671710968, 0.0714285671710968, 0.0714285671710968]], "p2h_attention": [[0.17651283740997314, 0.10053808987140656, 0.17205104231834412, 0.13746954500675201, 0.10451295226812363, 0.1353205144405365, 0.09721466898918152, 0.07638043910264969], [0.007026034407317638, 0.8950568437576294, 0.02903839759528637, 0.01761503331363201, 0.009215966798365116, 0.02806975319981575, 0.008640291169285774, 0.005337792448699474], [0.000511455989908427, 0.0012352189514786005, 0.979780912399292, 0.004226538352668285, 0.0018789262976497412, 0.011394851841032505, 0.0007450329139828682, 0.0002270560507895425], [0.09930174052715302, 0.13171561062335968, 0.15124917030334473, 0.13933639228343964, 0.09859418123960495, 0.1621926724910736, 0.12523701786994934, 0.09237327426671982], [0.03201225772500038, 0.04494259133934975, 0.11885038763284683, 0.2796732783317566, 0.10137570649385452, 0.36204707622528076, 0.0412679985165596, 0.01983072981238365], [0.17651283740997314, 0.10053808987140656, 0.17205104231834412, 0.13746954500675201, 0.10451295226812363, 0.1353205144405365, 0.09721466898918152, 0.07638043910264969], [0.09741950035095215, 0.1405244767665863, 0.15898577868938446, 0.12356395274400711, 0.10289105027914047, 0.17143885791301727, 0.11786174029111862, 0.08731463551521301], [0.06729189306497574, 0.07763263583183289, 0.15167945623397827, 0.17003601789474487, 0.16568028926849365, 0.22635255753993988, 0.08077028393745422, 0.060556888580322266], [0.0886915773153305, 0.07578916847705841, 0.1332736760377884, 0.12323908507823944, 0.19846324622631073, 0.278138667345047, 0.05996692553162575, 0.04243768751621246], [0.03646883741021156, 0.04117888957262039, 0.1659284234046936, 0.07668974250555038, 0.07393470406532288, 0.5571495890617371, 0.030636096373200417, 0.018013764172792435], [0.04495875909924507, 0.14808389544487, 0.3674054741859436, 0.10795032978057861, 0.057729385793209076, 0.19126100838184357, 0.056973546743392944, 0.025637712329626083], [0.0693323090672493, 0.07550109922885895, 0.17644985020160675, 0.1718038022518158, 0.16174006462097168, 0.18445076048374176, 0.10605955868959427, 0.0546625591814518], [0.17651283740997314, 0.10053806751966476, 0.17205099761486053, 0.13746953010559082, 0.10451295226812363, 0.1353204846382141, 0.09721467643976212, 0.07638043910264969], [0.125, 0.125, 0.125, 0.125, 0.125, 0.125, 0.125, 0.125]], "claim": "Abby Lee Miller is a performer.", "premise_source_doc_id": "Abby_Lee", "premise_source_doc_line_num": 4, "premise_source_doc_sentence": "Abby Lee Miller  (  born 1966  )  , American dance instructor and choreographer"}
