{"premise_tokens": ["Warren", "is", "a", "leading", "figure", "in", "the", "Democratic", "Party", "and", "is", "popular", "among", "American", "progressives", ".", "@@NULL@@"], "hypothesis_tokens": ["Elizabeth", "Warren", "is", "in", "the", "U.S.", "Democratic", "Party", ".", "@@NULL@@"], "label_logits": [-1.0909473896026611, -0.44031259417533875, 0.5358079671859741], "label_probs": [0.12493599206209183, 0.23947195708751678, 0.6355920433998108], "h2p_attention": [[0.02956441417336464, 0.09635484963655472, 0.06065800413489342, 0.0576167032122612, 0.06656259298324585, 0.07427259534597397, 0.04874256253242493, 0.06563116610050201, 0.05079913139343262, 0.07440341264009476, 0.09635484963655472, 0.05149269476532936, 0.09449835866689682, 0.0396294966340065, 0.02956441417336464, 0.04383780434727669, 0.020016971975564957], [0.0828428566455841, 0.06451865285634995, 0.04905111342668533, 0.04819167032837868, 0.05255042389035225, 0.059520822018384933, 0.05163099989295006, 0.057766932994127274, 0.0788821280002594, 0.045468080788850784, 0.06451865285634995, 0.0617472343146801, 0.04407519847154617, 0.07491893321275711, 0.0828428566455841, 0.04562580958008766, 0.03584766760468483], [0.005647652316838503, 0.3869832158088684, 0.0174091886729002, 0.012500452809035778, 0.009136730805039406, 0.032386135309934616, 0.01816045306622982, 0.008837850764393806, 0.02352970279753208, 0.00986248254776001, 0.3869832158088684, 0.013262721709907055, 0.04471265524625778, 0.009112556464970112, 0.005647652316838503, 0.012689422816038132, 0.0031379316933453083], [0.015238315798342228, 0.09472063928842545, 0.044071655720472336, 0.033915452659130096, 0.040232714265584946, 0.36710816621780396, 0.027432505041360855, 0.03162718191742897, 0.03625450283288956, 0.020625749602913857, 0.09472063928842545, 0.06010034680366516, 0.04160989448428154, 0.04464878514409065, 0.015238315798342228, 0.023277647793293, 0.009177597239613533], [0.031010033562779427, 0.12460508942604065, 0.06604743003845215, 0.06471435725688934, 0.037367887794971466, 0.0643560141324997, 0.11446045339107513, 0.028935499489307404, 0.053932443261146545, 0.057240474969148636, 0.12460508942604065, 0.03448964282870293, 0.05168658867478371, 0.049946144223213196, 0.031010033562779427, 0.044062450528144836, 0.021530423313379288], [0.0007556831697002053, 0.0009606188395991921, 0.002018022583797574, 0.007556936703622341, 0.0020477736834436655, 0.0011761309579014778, 0.0007736678817309439, 0.005002406891435385, 0.003921657335013151, 0.0006992673734202981, 0.0009606188395991921, 0.0086924247443676, 0.001408125157468021, 0.962348222732544, 0.0007556831697002053, 0.0005046589067205787, 0.0004181274271104485], [1.9800678273895755e-05, 3.460707739577629e-05, 4.24648096668534e-05, 3.575226946850307e-05, 7.709679630352184e-05, 4.234413427184336e-05, 1.6513538867002353e-05, 0.9956222772598267, 0.0034486528020352125, 1.632311068533454e-05, 3.460707739577629e-05, 0.0004399020108394325, 3.590055348468013e-05, 8.00773486844264e-05, 1.9800678273895755e-05, 2.1629928596667014e-05, 1.228745259140851e-05], [4.7919114877004176e-05, 0.00016329169739037752, 0.00011442435788922012, 5.3476705943467095e-05, 7.179584645200521e-05, 8.602488378528506e-05, 5.4549229389522225e-05, 0.006111933849751949, 0.9925768375396729, 3.638544148998335e-05, 0.00016329169739037752, 0.00022054588771425188, 4.542453825706616e-05, 0.00012368918396532536, 4.7919114877004176e-05, 6.073630720493384e-05, 2.1776648281957023e-05], [0.03496022894978523, 0.1110767275094986, 0.054252613335847855, 0.039628297090530396, 0.04344884678721428, 0.0696682408452034, 0.056213509291410446, 0.048352375626564026, 0.07660938054323196, 0.05329475179314613, 0.1110767275094986, 0.04602188616991043, 0.06992553919553757, 0.03881366550922394, 0.03496022894978523, 0.08422916382551193, 0.027467848733067513], [0.05882352963089943, 0.05882352963089943, 0.05882352963089943, 0.05882352963089943, 0.05882352963089943, 0.05882352963089943, 0.05882352963089943, 0.05882352963089943, 0.05882352963089943, 0.05882352963089943, 0.05882352963089943, 0.05882352963089943, 0.05882352963089943, 0.05882352963089943, 0.05882352963089943, 0.05882352963089943, 0.05882352963089943]], "p2h_attention": [[0.08907902240753174, 0.13937944173812866, 0.10854976624250412, 0.10014114528894424, 0.08686687052249908, 0.10900229960680008, 0.09719030559062958, 0.13271568715572357, 0.07676340639591217, 0.06031211093068123], [0.029404960572719574, 0.01099435705691576, 0.7533451318740845, 0.06304650008678436, 0.03535318374633789, 0.01403419952839613, 0.017204755917191505, 0.04580556973814964, 0.024702658876776695, 0.006108651403337717], [0.08827514946460724, 0.03985993564128876, 0.1616157591342926, 0.13988754153251648, 0.08936182409524918, 0.1405937224626541, 0.10067372024059296, 0.15306513011455536, 0.057536665350198746, 0.02913055010139942], [0.07056798785924911, 0.03295860439538956, 0.0976652204990387, 0.09059959650039673, 0.07368951290845871, 0.44309303164482117, 0.07133448868989944, 0.06020483002066612, 0.03537027910351753, 0.024516455829143524], [0.10770934075117111, 0.047482848167419434, 0.0943124070763588, 0.14199459552764893, 0.05621697008609772, 0.1586335003376007, 0.2032337486743927, 0.10678983479738235, 0.05123598501086235, 0.032390788197517395], [0.051230691373348236, 0.02292492426931858, 0.14250023663043976, 0.552287220954895, 0.0412701852619648, 0.03883712366223335, 0.04758076369762421, 0.05454222857952118, 0.03501950576901436, 0.013807019218802452], [0.09115386009216309, 0.05391564220190048, 0.21664482355117798, 0.11189267039299011, 0.1990068405866623, 0.06926455348730087, 0.050308749079704285, 0.09376972168684006, 0.07660924643278122, 0.03743390366435051], [4.031178468721919e-05, 1.981245804927312e-05, 3.462766471784562e-05, 4.236932727508247e-05, 1.6523363228770904e-05, 0.00014709257811773568, 0.9962146282196045, 0.0034507045056670904, 2.16427979466971e-05, 1.229476310982136e-05], [5.529895861400291e-05, 4.794871711055748e-05, 0.0001633925858186558, 8.607803465565667e-05, 5.4582927987212315e-05, 0.00020437146304175258, 0.006115709897130728, 0.9931900501251221, 6.077382931835018e-05, 2.179010334657505e-05], [0.18003320693969727, 0.061433300375938416, 0.15223026275634766, 0.10885262489318848, 0.12876825034618378, 0.08100143820047379, 0.06434270739555359, 0.08092720806598663, 0.0939762070775032, 0.048434872180223465], [0.029404960572719574, 0.01099435705691576, 0.7533451318740845, 0.06304650008678436, 0.03535318374633789, 0.01403419952839613, 0.017204755917191505, 0.04580556973814964, 0.024702658876776695, 0.006108651403337717], [0.029889648780226707, 0.020013825967907906, 0.049109190702438354, 0.07608895003795624, 0.018612712621688843, 0.24154934287071228, 0.41597530245780945, 0.11767426133155823, 0.019467640668153763, 0.011619129218161106], [0.12087834626436234, 0.0314815454185009, 0.36484602093696594, 0.11608878523111343, 0.06146782636642456, 0.0862293690443039, 0.07481040805578232, 0.05340995267033577, 0.06518290936946869, 0.025604872032999992], [0.0008495748625136912, 0.00089683459373191, 0.0012461732840165496, 0.0020876722410321236, 0.000995476613752544, 0.9876548647880554, 0.002796594286337495, 0.0024373738560825586, 0.000606375397183001, 0.000429122825153172], [0.08907902240753174, 0.13937944173812866, 0.10854976624250412, 0.10014114528894424, 0.08686687052249908, 0.10900229960680008, 0.09719030559062958, 0.13271568715572357, 0.07676340639591217, 0.06031211093068123], [0.099945068359375, 0.05808454006910324, 0.1845480054616928, 0.1157500296831131, 0.09339571744203568, 0.055080804973840714, 0.08033487200737, 0.12728236615657806, 0.1399422287940979, 0.04563635215163231], [0.09999998658895493, 0.09999998658895493, 0.09999998658895493, 0.09999998658895493, 0.09999998658895493, 0.09999998658895493, 0.09999998658895493, 0.09999998658895493, 0.09999998658895493, 0.09999998658895493]], "claim": "Elizabeth Warren is in the U.S. Democratic Party.", "premise_source_doc_id": "Elizabeth_Warren", "premise_source_doc_line_num": 18,