{"premise_tokens": ["A", "virus", "is", "a", "small", "infectious", "agent", "that", "replicates", "only", "inside", "the", "living", "cells", "of", "other", "organisms", ".", "@@NULL@@"], "hypothesis_tokens": ["A", "Bacteriophage", "is", "a", "small", "infectious", "agent", "that", "replicates", "inside", "living", "cells", ".", "@@NULL@@"], "label_logits": [2.120112657546997, 0.00012170150876045227, -4.419242858886719], "label_probs": [0.8916803598403931, 0.10703080147504807, 0.0012888526543974876], "h2p_attention": [[0.1486455798149109, 0.020931942388415337, 0.06050552427768707, 0.1486455798149109, 0.03220546618103981, 0.01971668004989624, 0.055508602410554886, 0.04794082045555115, 0.014922717586159706, 0.14991411566734314, 0.03702476620674133, 0.03345517814159393, 0.05861841142177582, 0.019188473001122475, 0.029468189924955368, 0.054525572806596756, 0.03633585944771767, 0.021540513262152672, 0.010905862785875797], [0.047580476850271225, 0.04580596834421158, 0.06258426606655121, 0.047580476850271225, 0.054662417620420456, 0.05394194275140762, 0.04437654837965965, 0.05666687339544296, 0.08035908639431, 0.05833815783262253, 0.06576105952262878, 0.050083011388778687, 0.07101950794458389, 0.052969321608543396, 0.04218415170907974, 0.04072507843375206, 0.04633079841732979, 0.04425786808133125, 0.03477289155125618], [0.02107314206659794, 0.008509082719683647, 0.4684280455112457, 0.02107314206659794, 0.014716874808073044, 0.009062626399099827, 0.0261131152510643, 0.03272175416350365, 0.006836262531578541, 0.2081546038389206, 0.03375964239239693, 0.021982518956065178, 0.030815673992037773, 0.018038785085082054, 0.013276500627398491, 0.032038815319538116, 0.014241036027669907, 0.015360049903392792, 0.0037983437068760395], [0.1486455798149109, 0.020931942388415337, 0.06050552427768707, 0.1486455798149109, 0.03220546618103981, 0.01971668004989624, 0.055508602410554886, 0.04794082045555115, 0.014922717586159706, 0.14991411566734314, 0.03702476620674133, 0.03345517814159393, 0.05861841142177582, 0.019188473001122475, 0.029468189924955368, 0.054525572806596756, 0.03633585944771767, 0.021540513262152672, 0.010905862785875797], [0.0026525151915848255, 0.0010262534487992525, 0.003480243729427457, 0.0026525151915848255, 0.9534777402877808, 0.0010568131692707539, 0.0018379447283223271, 0.0024510298389941454, 0.0014120051637291908, 0.008018596097826958, 0.0043827835470438, 0.0015841239364817739, 0.002757791429758072, 0.0020854983013123274, 0.001843943726271391, 0.005137466359883547, 0.0019374879775568843, 0.0013070038985460997, 0.0008982315193861723], [0.01639106124639511, 0.05219680070877075, 0.021631821990013123, 0.01639106124639511, 0.010667020455002785, 0.5926292538642883, 0.04486073553562164, 0.01972213201224804, 0.014064330607652664, 0.03680678457021713, 0.018355825915932655, 0.01935427635908127, 0.05072912573814392, 0.01715947687625885, 0.012371825985610485, 0.01577586680650711, 0.017620105296373367, 0.014206231571733952, 0.009066365659236908], [0.00046060618478804827, 0.00013957115879748017, 0.0006221484509296715, 0.00046060618478804827, 0.00018517140415497124, 0.00044777794391848147, 0.9928985834121704, 0.00033218515454791486, 0.00011548939801286906, 0.0018541852477937937, 0.00024692757870070636, 0.0004921965883113444, 0.00042841234244406223, 0.0001779772574082017, 0.00015291180170606822, 0.0004971146699972451, 0.0002026587026193738, 0.0001949687721207738, 9.049603977473453e-05], [0.04974200949072838, 0.020196452736854553, 0.09748105704784393, 0.04974200949072838, 0.03087722137570381, 0.02461492270231247, 0.0415363609790802, 0.13760723173618317, 0.018440227955579758, 0.19387707114219666, 0.04644501209259033, 0.0476444847881794, 0.06250995397567749, 0.029365431517362595, 0.036729596555233, 0.053744517266750336, 0.021054310724139214, 0.02707660011947155, 0.011315607465803623], [0.047580476850271225, 0.04580596834421158, 0.06258426606655121, 0.047580476850271225, 0.054662417620420456, 0.05394194275140762, 0.04437654837965965, 0.05666687339544296, 0.08035908639431, 0.05833815783262253, 0.06576105952262878, 0.050083011388778687, 0.07101950794458389, 0.052969321608543396, 0.04218415170907974, 0.04072507843375206, 0.04633079841732979, 0.04425786808133125, 0.03477289155125618], [0.013289861381053925, 0.010751024819910526, 0.03479298576712608, 0.013289861381053925, 0.019100729376077652, 0.007925540208816528, 0.010681397281587124, 0.016067534685134888, 0.007403142284601927, 0.04775027558207512, 0.6989123821258545, 0.012584039941430092, 0.03498794510960579, 0.022183295339345932, 0.006996458861976862, 0.012287579476833344, 0.01744212955236435, 0.009639321826398373, 0.003914606291800737], [0.007811229210346937, 0.006610393058508635, 0.011790241114795208, 0.007811229210346937, 0.004461885895580053, 0.008131477050483227, 0.0068798307329416275, 0.008028170093894005, 0.0029681252781301737, 0.012751992791891098, 0.012988995760679245, 0.004357175435870886, 0.859591007232666, 0.015462598763406277, 0.004324805922806263, 0.00590010080486536, 0.01416688784956932, 0.004510573577135801, 0.0014532667119055986], [0.0036507558543235064, 0.01413660403341055, 0.009854061529040337, 0.0036507558543235064, 0.0048175230622291565, 0.003927110228687525, 0.004080725368112326, 0.005384690593928099, 0.0031607181299477816, 0.006129106041043997, 0.011758184991776943, 0.003794365096837282, 0.022076968103647232, 0.8698104023933411, 0.00493265176191926, 0.00438784621655941, 0.016549019142985344, 0.005823657847940922, 0.002074924297630787], [0.045724932104349136, 0.0450393408536911, 0.09361715614795685, 0.045724932104349136, 0.03368569537997246, 0.03627460077404976, 0.04987609386444092, 0.05539535731077194, 0.02946501038968563, 0.10010335594415665, 0.05700531229376793, 0.047377604991197586, 0.07185276597738266, 0.06497564166784286, 0.03560293838381767, 0.04880407452583313, 0.04533526301383972, 0.07098961621522903, 0.02315031923353672], [0.05263159051537514, 0.05263159051537514, 0.05263159051537514, 0.05263159051537514, 0.05263159051537514, 0.05263159051537514, 0.05263159051537514, 0.05263159051537514, 0.05263159051537514, 0.05263159051537514, 0.05263159051537514, 0.05263159051537514, 0.05263159051537514, 0.05263159051537514, 0.05263159051537514, 0.05263159051537514, 0.05263159051537514, 0.05263159051537514, 0.05263159051537514]],