{"premise_tokens": ["Bhool", "Bhulaiyaa", "(", "English", ":", "The", "Maze", ")", "is", "a", "2007", "Indian", "drama", "/", "comedy", "horror", "film", "directed", "by", "Priyadarshan", ".", "@@NULL@@"], "hypothesis_tokens": ["Bhool", "Bhulaiyaa", "is", "a", "drama", "/", "comedy", "horror", "novel", ".", "@@NULL@@"], "label_logits": [-1.5499770641326904, 3.1524739265441895, -2.0282061100006104], "label_probs": [0.008941598236560822, 0.9855157136917114, 0.005542716942727566], "h2p_attention": [[0.06589683145284653, 0.06589683145284653, 0.030653560534119606, 0.04559994861483574, 0.030518075451254845, 0.04106955602765083, 0.03018886409699917, 0.031814802438020706, 0.05132095515727997, 0.03901740163564682, 0.04271063953638077, 0.050802092999219894, 0.05064574256539345, 0.03635704517364502, 0.06305563449859619, 0.05562492832541466, 0.05443991348147392, 0.04494258388876915, 0.038740187883377075, 0.06589683145284653, 0.03629276528954506, 0.0285148024559021], [0.06589683145284653, 0.06589683145284653, 0.030653560534119606, 0.04559994861483574, 0.030518075451254845, 0.04106955602765083, 0.03018886409699917, 0.031814802438020706, 0.05132095515727997, 0.03901740163564682, 0.04271063953638077, 0.050802092999219894, 0.05064574256539345, 0.03635704517364502, 0.06305563449859619, 0.05562492832541466, 0.05443991348147392, 0.04494258388876915, 0.038740187883377075, 0.06589683145284653, 0.03629276528954506, 0.0285148024559021], [0.007695599924772978, 0.007695599924772978, 0.006449650041759014, 0.04711085185408592, 0.007459759246557951, 0.02474578469991684, 0.009067792445421219, 0.006050939671695232, 0.5273107886314392, 0.023722095414996147, 0.021730024367570877, 0.012758392840623856, 0.026898657903075218, 0.009392637759447098, 0.021458175033330917, 0.012922417372465134, 0.016488483175635338, 0.0965171828866005, 0.08526294678449631, 0.007695599924772978, 0.01729085110127926, 0.004275806248188019], [0.01968391425907612, 0.01968391425907612, 0.015354245901107788, 0.05267199128866196, 0.01924527809023857, 0.04412928223609924, 0.027984295040369034, 0.016951732337474823, 0.07981022447347641, 0.19607198238372803, 0.03582146763801575, 0.050670966506004333, 0.040145352482795715, 0.01889503374695778, 0.07199087738990784, 0.07094278186559677, 0.06690306216478348, 0.03738934174180031, 0.05317170172929764, 0.01968391425907612, 0.028413159772753716, 0.01438545249402523], [0.0008166110492311418, 0.0008166110492311418, 0.0012531982501968741, 0.0015232620062306523, 0.000647344917524606, 0.001265964237973094, 0.001914678025059402, 0.0014074790524318814, 0.0028923791833221912, 0.001283082296140492, 0.00882444716989994, 0.0026767386589199305, 0.9032042622566223, 0.002374606905505061, 0.048324089497327805, 0.007584555074572563, 0.0061957379803061485, 0.0029359515756368637, 0.0010425010696053505, 0.0008166110492311418, 0.0017401332734152675, 0.0004597721272148192], [0.01704072207212448, 0.01704072207212448, 0.017373738810420036, 0.020847298204898834, 0.014859779737889767, 0.023897744715213776, 0.018108421936631203, 0.01880856603384018, 0.0293588750064373, 0.01755472458899021, 0.056071747094392776, 0.014999175444245338, 0.06902699172496796, 0.4154036343097687, 0.026719029992818832, 0.01598891243338585, 0.04882030934095383, 0.07716690003871918, 0.023758256807923317, 0.01704072207212448, 0.026748744770884514, 0.013365027494728565], [0.0005410666344687343, 0.0005410666344687343, 0.0005649311351589859, 0.0011402169475331903, 0.00037625746335834265, 0.0006279171211645007, 0.001065550954081118, 0.0005844687693752348, 0.0012279250659048557, 0.0012244782410562038, 0.0035646569449454546, 0.0006878277636133134, 0.02571687288582325, 0.0004891566932201385, 0.9466399550437927, 0.009231478907167912, 0.0034775815438479185, 0.0006229994469322264, 0.0003061408642679453, 0.0005410666344687343, 0.0005837097996845841, 0.00024467924959026277], [0.0004398851015139371, 0.0004398851015139371, 0.00038752733962610364, 0.0006405969616025686, 0.0002949668560177088, 0.0004707595508079976, 0.0006989872781559825, 0.0004195493820589036, 0.0006815000670030713, 0.0011120515409857035, 0.0009782116394490004, 0.0006788159953430295, 0.0037198688369244337, 0.00026976712979376316, 0.008507742546498775, 0.9613313674926758, 0.016747914254665375, 0.0007651631603948772, 0.000264501926722005, 0.0004398851015139371, 0.0004856277955695987, 0.00022549668210558593], [0.013204892165958881, 0.013204892165958881, 0.017124829813838005, 0.09646780788898468, 0.016118591651320457, 0.012540867552161217, 0.05134670436382294, 0.019037004560232162, 0.03842972218990326, 0.04032670706510544, 0.0501466803252697, 0.08960611373186111, 0.1252724975347519, 0.008271172642707825, 0.15755005180835724, 0.08810259401798248, 0.04704537242650986, 0.03540733456611633, 0.04559943825006485, 0.013204892165958881, 0.014372426085174084, 0.007619490381330252], [0.028885772451758385, 0.028885772451758385, 0.03076951950788498, 0.03822753578424454, 0.027468737214803696, 0.04644622281193733, 0.03420250862836838, 0.030635163187980652, 0.0917767733335495, 0.04482603818178177, 0.06819208711385727, 0.027444707229733467, 0.08589624613523483, 0.04542217403650284, 0.05414197966456413, 0.048876237124204636, 0.049035198986530304, 0.048290759325027466, 0.04940149188041687, 0.028885772451758385, 0.06959406286478043, 0.02269521914422512], [0.04545453563332558, 0.04545453563332558, 0.04545453563332558, 0.04545453563332558, 0.04545453563332558, 0.04545453563332558, 0.04545453563332558, 0.04545453563332558, 0.04545453563332558, 0.04545453563332558, 0.04545453563332558, 0.04545453563332558, 0.04545453563332558, 0.04545453563332558, 0.04545453563332558, 0.04545453563332558, 0.04545453563332558, 0.04545453563332558, 0.04545453563332558, 0.04545453563332558, 0.04545453563332558, 0.04545453563332558]],