{"premise_tokens": ["Die", "Antwoord", "'s", "image", "is", "based", "on", "a", "counterculture", "movement", "known", "as", "Zef", "in", "South", "Africa", ",", "and", "incorporated", "elements", "of", "the", "work", "of", "photographer", "Roger", "Ballen", ".", "@@NULL@@"], "hypothesis_tokens": ["Die", "Antwoord", "uses", "elements", "of", "Roger", "Ballen", "'s", "South", "African", "photography", ".", "@@NULL@@"], "label_logits": [1.9357784986495972, -0.6497423648834229, -3.255542039871216], "label_probs": [0.9251365661621094, 0.06971535831689835, 0.005148065276443958], "h2p_attention": [[0.9993895888328552, 7.775925951136742e-06, 6.774403573217569e-06, 1.5165646800596733e-05, 2.466433033987414e-05, 1.4058472515898757e-05, 9.365390724269673e-06, 2.285609116370324e-05, 8.798242924967781e-05, 3.946746437577531e-05, 3.40823462465778e-05, 1.9411943867453374e-05, 7.775925951136742e-06, 2.36102678172756e-05, 2.2367741621565074e-05, 0.00011743162758648396, 6.182104243634967e-06, 6.367848527588649e-06, 5.4972656471363734e-06, 2.9561568226199597e-05, 7.909067790023983e-06, 7.942521733639296e-06, 1.358952431473881e-05, 7.909067790023983e-06, 4.4138319935882464e-05, 6.006467174302088e-06, 7.775925951136742e-06, 1.0943268534902018e-05, 3.8089269764896017e-06], [0.04370963200926781, 0.04947911575436592, 0.03385825455188751, 0.031454119831323624, 0.03853471577167511, 0.036567170172929764, 0.03339460864663124, 0.029296500608325005, 0.035255443304777145, 0.03769976273179054, 0.03485498204827309, 0.030509846284985542, 0.04947911575436592, 0.03554968908429146, 0.03893503174185753, 0.03904632478952408, 0.023791780695319176, 0.02715647965669632, 0.03737720847129822, 0.03843972459435463, 0.025973845273256302, 0.030837375670671463, 0.03178758546710014, 0.025973845273256302, 0.03304963558912277, 0.0298477690666914, 0.04947911575436592, 0.027250686660408974, 0.02141054905951023], [0.02560892514884472, 0.01452817115932703, 0.03309790417551994, 0.04321495443582535, 0.052822861820459366, 0.05360102653503418, 0.04270004853606224, 0.033772122114896774, 0.02982381545007229, 0.04305964708328247, 0.04191635176539421, 0.025767287239432335, 0.01452817115932703, 0.0411263033747673, 0.030317462980747223, 0.038141027092933655, 0.02190866321325302, 0.018457194790244102, 0.04271925240755081, 0.048105500638484955, 0.023558994755148888, 0.02547391504049301, 0.05598561093211174, 0.023558994755148888, 0.06478122621774673, 0.06607843935489655, 0.01452817115932703, 0.018978627398610115, 0.01183942798525095], [0.020950794219970703, 0.004846499301493168, 0.007687493227422237, 0.014393901452422142, 0.012181809172034264, 0.02072746492922306, 0.009220048785209656, 0.010252537205815315, 0.009859557263553143, 0.013049209490418434, 0.01229549665004015, 0.007888668216764927, 0.004846499301493168, 0.013268968090415001, 0.009736301377415657, 0.02211150899529457, 0.004964232910424471, 0.004742201417684555, 0.011851082555949688, 0.711484968662262, 0.007670645136386156, 0.006578904576599598, 0.012716448865830898, 0.007670645136386156, 0.01578317955136299, 0.011026148684322834, 0.004846499301493168, 0.004648736212402582, 0.0026994517538696527], [0.026448845863342285, 0.015452275052666664, 0.03416706249117851, 0.027504611760377884, 0.044521864503622055, 0.0382896363735199, 0.03552865609526634, 0.03441735357046127, 0.022326314821839333, 0.020195219665765762, 0.024650052189826965, 0.03545064479112625, 0.015452275052666664, 0.03120606765151024, 0.04346984252333641, 0.022304711863398552, 0.026185769587755203, 0.030744528397917747, 0.029201354831457138, 0.03619430959224701, 0.1264103800058365, 0.02935141883790493, 0.027483956888318062, 0.1264103800058365, 0.020020917057991028, 0.028832804411649704, 0.015452275052666664, 0.019589023664593697, 0.012737493962049484], [0.00153292843606323, 0.001355156535282731, 0.0014350666897371411, 0.0018710552249103785, 0.0032355955336242914, 0.003779226215556264, 0.002025605645030737, 0.0025200911331921816, 0.0025061937049031258, 0.00761566823348403, 0.0020561537239700556, 0.002100541489198804, 0.001355156535282731, 0.001716362894512713, 0.0012972205877304077, 0.003397138323634863, 0.00156886107288301, 0.0022008479572832584, 0.004651290830224752, 0.003970577847212553, 0.002200434682890773, 0.0015645988751202822, 0.002202460542321205, 0.002200434682890773, 0.0014126430032774806, 0.9338884353637695, 0.001355156535282731, 0.0020130304619669914, 0.0009720877278596163], [0.04370963200926781, 0.04947911575436592, 0.03385825455188751, 0.031454119831323624, 0.03853471577167511, 0.036567170172929764, 0.03339460864663124, 0.029296500608325005, 0.035255443304777145, 0.03769976273179054, 0.03485498204827309, 0.030509846284985542, 0.04947911575436592, 0.03554968908429146, 0.03893503174185753, 0.03904632478952408, 0.023791780695319176, 0.02715647965669632, 0.03737720847129822, 0.03843972459435463, 0.025973845273256302, 0.030837375670671463, 0.03178758546710014, 0.025973845273256302, 0.03304963558912277, 0.0298477690666914, 0.04947911575436592, 0.027250686660408974, 0.02141054905951023], [0.011624610982835293, 0.010335859842598438, 0.37136387825012207, 0.04122263193130493, 0.041691191494464874, 0.0241247545927763, 0.016826020553708076, 0.027385424822568893, 0.01864202320575714, 0.013309202156960964, 0.04805484786629677, 0.024612542241811752, 0.010335859842598438, 0.019532131031155586, 0.03439633548259735, 0.02016868256032467, 0.018631016835570335, 0.021661534905433655, 0.010852205567061901, 0.018613111227750778, 0.01753208227455616, 0.026079602539539337, 0.07337616384029388, 0.01753208227455616, 0.022628197446465492, 0.009648868814110756, 0.010335859842598438, 0.012947387993335724, 0.006535966414958239], [0.003509119851514697, 0.0010866542579606175, 0.0031447133515030146, 0.0023894074838608503, 0.003109507029876113, 0.001879913848824799, 0.002189761959016323, 0.002524676499888301, 0.0015382227720692754, 0.00196548062376678, 0.0034073644783347845, 0.0014093545032665133, 0.0010866542579606175, 0.004362079314887524, 0.8147188425064087, 0.1295347511768341, 0.0014228710206225514, 0.0013539929641410708, 0.0013660304248332977, 0.0021552476100623608, 0.0020393081940710545, 0.0015252794837579131, 0.002344453940168023, 0.0020393081940710545, 0.004219665192067623, 0.0007974199834279716, 0.0010866542579606175, 0.0011958710383623838, 0.0005975561216473579], [0.0009993150597438216, 6.685589323751628e-05, 8.243201591540128e-05, 0.00016963949019555002, 8.590125071350485e-05, 0.00034018533187918365, 0.00018553307745605707, 0.00013817290891893208, 0.00021241835202090442, 0.00022788748901803046, 0.00029034423641860485, 7.486826507374644e-05, 6.685589323751628e-05, 0.00038287919596768916, 0.0052411798387765884, 0.9894192218780518, 4.763279503094964e-05, 5.143908128957264e-05, 0.00014032205217517912, 0.0007268196204677224, 7.291005022125319e-05, 6.092449257266708e-05, 6.78501310176216e-05, 7.291005022125319e-05, 0.0005511714844033122, 7.201747939689085e-05, 6.685589323751628e-05, 5.2690415031975135e-05, 3.284158083260991e-05], [0.010885164141654968, 0.00296588521450758, 0.004190513864159584, 0.014033584855496883, 0.00675330450758338, 0.011199507862329483, 0.012978591956198215, 0.005813415162265301, 0.006115233991295099, 0.00646491814404726, 0.004313761368393898, 0.0031694192439317703, 0.00296588521450758, 0.011787180788815022, 0.006883585825562477, 0.028145043179392815, 0.004239629488438368, 0.0035290406085550785, 0.008013562299311161, 0.007211779709905386, 0.0032204724848270416, 0.0039539760909974575, 0.023911310359835625, 0.0032204724848270416, 0.790740966796875, 0.0048674619756639, 0.00296588521450758, 0.0032779674511402845, 0.002182571915909648], [0.049871645867824554, 0.022093217819929123, 0.03438599780201912, 0.027460524812340736, 0.0701952576637268, 0.029042944312095642, 0.040534377098083496, 0.03428509458899498, 0.02586560882627964, 0.034975603222846985, 0.04546345770359039, 0.03607865795493126, 0.022093217819929123, 0.044027045369148254, 0.03473881259560585, 0.03267994523048401, 0.023152466863393784, 