{"premise_tokens": ["``", "Longfellow", "Serenade", "''", "is", "the", "title", "of", "a", "1974", "song", "by", "the", "American", "singer", "-", "songwriter", "Neil", "Diamond", ".", "@@NULL@@"], "hypothesis_tokens": ["Longfellow", "Serenade", "'s", "title", "is", "a", "reference", ".", "@@NULL@@"], "label_logits": [-0.32080715894699097, 0.5075494647026062, -0.7475643157958984], "label_probs": [0.25366705656051636, 0.5807842016220093, 0.16554869711399078], "h2p_attention": [[0.06548085063695908, 0.06548085063695908, 0.04475090652704239, 0.06548085063695908, 0.05099698528647423, 0.04081030189990997, 0.0401420034468174, 0.03437388688325882, 0.03877110034227371, 0.06548085063695908, 0.05232252553105354, 0.038495637476444244, 0.04081030189990997, 0.059217605739831924, 0.057284507900476456, 0.033604975789785385, 0.05720237269997597, 0.038311928510665894, 0.046582985669374466, 0.03606366366147995, 0.02833480015397072], [0.012424438260495663, 0.012424438260495663, 0.6188564300537109, 0.012424438260495663, 0.016265200451016426, 0.01701243408024311, 0.015360573306679726, 0.01350904069840908, 0.0187436081469059, 0.012424438260495663, 0.05226064845919609, 0.011423759162425995, 0.01701243408024311, 0.020753374323248863, 0.03524809330701828, 0.01558833010494709, 0.025970641523599625, 0.012669150717556477, 0.037534959614276886, 0.014226751402020454, 0.007866746746003628], [0.025821125134825706, 0.025821125134825706, 0.03270259499549866, 0.025821125134825706, 0.10415325313806534, 0.06515226513147354, 0.04899178072810173, 0.0437987856566906, 0.06841447949409485, 0.025821125134825706, 0.039795972406864166, 0.06731752306222916, 0.06515226513147354, 0.053341031074523926, 0.07303247600793839, 0.03847865015268326, 0.07231378555297852, 0.037846535444259644, 0.037550512701272964, 0.03234526887536049, 0.016328204423189163], [0.0027739601209759712, 0.0027739601209759712, 0.0038232579827308655, 0.0027739601209759712, 0.016649197787046432, 0.006323914043605328, 0.8600596785545349, 0.005669765640050173, 0.0116746099665761, 0.0027739601209759712, 0.016404060646891594, 0.007155460771173239, 0.006323914043605328, 0.015576772391796112, 0.009750418365001678, 0.0032411988358944654, 0.010052104480564594, 0.006497496739029884, 0.0032917645294219255, 0.004452608525753021, 0.0019580391235649586], [0.008384179323911667, 0.008384179323911667, 0.009631641209125519, 0.008384179323911667, 0.5744929909706116, 0.026959963142871857, 0.03961029276251793, 0.016282664611935616, 0.025844678282737732, 0.008384179323911667, 0.017009533941745758, 0.09289202094078064, 0.026959963142871857, 0.013527976348996162, 0.022607948631048203, 0.00712743541225791, 0.017618538811802864, 0.03616165369749069, 0.016239551827311516, 0.01883799396455288, 0.004658392630517483], [0.017267679795622826, 0.017267679795622826, 0.030067965388298035, 0.017267679795622826, 0.0700133815407753, 0.038712337613105774, 0.07524316757917404, 0.034098830074071884, 0.17200380563735962, 0.017267679795622826, 0.09368256479501724, 0.04664478078484535, 0.038712337613105774, 0.0590166337788105, 0.08056717365980148, 0.020200230181217194, 0.07084707170724869, 0.03966682404279709, 0.02390710450708866, 0.02492539957165718, 0.012619612738490105], [0.028381017968058586, 0.028381017968058586, 0.049762092530727386, 0.028381017968058586, 0.08397360146045685, 0.05211096256971359, 0.054835546761751175, 0.04986726492643356, 0.0709981620311737, 0.028381017968058586, 0.03264371678233147, 0.0857502892613411, 0.05211096256971359, 0.04260125756263733, 0.053953614085912704, 0.04208177700638771, 0.0595133937895298, 0.05389107018709183, 0.04454171657562256, 0.03472517058253288, 0.023115327581763268], [0.032633449882268906, 0.032633449882268906, 0.046368591487407684, 0.032633449882268906, 0.10368403047323227, 0.05247221887111664, 0.05830509215593338, 0.03943140059709549, 0.05064183473587036, 0.032633449882268906, 0.050429411232471466, 0.05581090599298477, 0.05247221887111664, 0.03623041883111, 0.04876982048153877, 0.027661794796586037, 0.04434302821755409, 0.05288408324122429, 0.04569822549819946, 0.07862329483032227, 0.025639720261096954], [0.0476190485060215, 0.0476190485060215, 0.0476190485060215, 0.0476190485060215, 0.0476190485060215, 0.0476190485060215, 0.0476190485060215, 0.0476190485060215, 0.0476190485060215, 0.0476190485060215, 0.0476190485060215, 0.0476190485060215, 0.0476190485060215, 0.0476190485060215, 0.0476190485060215, 0.0476190485060215, 0.0476190485060215, 0.0476190485060215, 0.0476190485060215, 0.0476190485060215, 0.0476190485060215]],